{
  "model": "deepseek",
  "game": "kettle",
  "level": 9,
  "run": 3,
  "win": false,
  "action_sequence": [
    2,
    2,
    2,
    3,
    2,
    2,
    4,
    0,
    2,
    3,
    2,
    3,
    3,
    0,
    3,
    2,
    2,
    3,
    3,
    2,
    3,
    3,
    3,
    3,
    0,
    0,
    2,
    0,
    2,
    2,
    2,
    2,
    0,
    2,
    2,
    2,
    2,
    2,
    3,
    3,
    4,
    4,
    2,
    3,
    2,
    4,
    2,
    4,
    3,
    0,
    2,
    2,
    0,
    4,
    4,
    3,
    0,
    0,
    2,
    2,
    1,
    0,
    2,
    2,
    2,
    0,
    0,
    4,
    4,
    2,
    3,
    4,
    2,
    4,
    2,
    4,
    1,
    3,
    0,
    0,
    2,
    0,
    2,
    0,
    4,
    2,
    2,
    0,
    0,
    4,
    0,
    4,
    2,
    0,
    0,
    0,
    2,
    0,
    2,
    4
  ],
  "reward_sequence": [
    5.989999771118164,
    4.989999771118164,
    -0.009999999776482582,
    4.989999771118164,
    -2.009999990463257,
    -6.010000228881836,
    -0.009999999776482582,
    4.989999771118164,
    -3.009999990463257,
    3.990000009536743,
    -1.0099999904632568,
    0.9900000095367432,
    -0.009999999776482582,
    -0.009999999776482582,
    -0.009999999776482582,
    -0.009999999776482582,
    -0.009999999776482582,
    -0.009999999776482582,
    -0.009999999776482582,
    -0.009999999776482582,
    -0.009999999776482582,
    -0.009999999776482582,
    -0.009999999776482582,
    -0.009999999776482582,
    -0.009999999776482582,
    -0.009999999776482582,
    -0.009999999776482582,
    -0.009999999776482582,
    -0.009999999776482582,
    -0.009999999776482582,
    -0.009999999776482582,
    -0.009999999776482582,
    -0.009999999776482582,
    -0.009999999776482582,
    -0.009999999776482582,
    -0.009999999776482582,
    -0.009999999776482582,
    -0.009999999776482582,
    -0.009999999776482582,
    -0.009999999776482582,
    -0.009999999776482582,
    -0.009999999776482582,
    -0.009999999776482582,
    -0.009999999776482582,
    -0.009999999776482582,
    -0.009999999776482582,
    -0.009999999776482582,
    -0.009999999776482582,
    -0.009999999776482582,
    -0.009999999776482582,
    -0.009999999776482582,
    -0.009999999776482582,
    -0.009999999776482582,
    -0.009999999776482582,
    -0.009999999776482582,
    -0.009999999776482582,
    -0.009999999776482582,
    -0.009999999776482582,
    -0.009999999776482582,
    -0.009999999776482582,
    0.9900000095367432,
    -0.009999999776482582,
    -0.009999999776482582,
    -0.009999999776482582,
    -0.009999999776482582,
    -0.009999999776482582,
    -0.009999999776482582,
    -0.009999999776482582,
    -0.009999999776482582,
    -0.009999999776482582,
    -0.009999999776482582,
    -0.009999999776482582,
    -0.009999999776482582,
    -0.009999999776482582,
    -0.009999999776482582,
    -0.009999999776482582,
    -0.009999999776482582,
    -0.009999999776482582,
    -0.009999999776482582,
    -0.009999999776482582,
    -0.009999999776482582,
    -0.009999999776482582,
    -0.009999999776482582,
    -0.009999999776482582,
    -0.009999999776482582,
    -0.009999999776482582,
    -0.009999999776482582,
    -0.009999999776482582,
    -0.009999999776482582,
    -0.009999999776482582,
    -0.009999999776482582,
    -0.009999999776482582,
    -0.009999999776482582,
    -0.009999999776482582,
    -0.009999999776482582,
    -0.009999999776482582,
    -0.009999999776482582,
    -0.009999999776482582,
    -0.009999999776482582,
    -0.009999999776482582
  ],
  "initial_ascii": [
    "LEGEND:",
    "#: wall",
    ".: background",
    "k: dpolice",
    "l: rpolice",
    "c: crate",
    "j: lpolice",
    "@: target, crate",
    "t: target",
    "i: upolice",
    "",
    "MAP:",
    "###############",
    "#.kkkkkkkkkk..#",
    "#.lccc.c...cj.#",
    "#.lc........j.#",
    "#.lc@t@tt...j.#",
    "#.lct@@@t...j.#",
    "#.l.@ttt@..cj.#",
    "#.lctt@@t..cj.#",
    "#.l.ttttt...j.#",
    "#.l.........j.#",
    "#.l........cj.#",
    "#.l...c.c.ccj.#",
    "#.iiiiiiiiii..#",
    "###############"
  ],
  "state_data": {
    "score": 6,
    "win": false,
    "step": 100
  },
  "heuristics": [
    -47.0,
    -42.0,
    -42.0,
    -37.0,
    -39.0,
    -45.0,
    -45.0,
    -40.0,
    -43.0,
    -39.0,
    -40.0,
    -39.0,
    -39.0,
    -39.0,
    -39.0,
    -39.0,
    -39.0,
    -39.0,
    -39.0,
    -39.0,
    -39.0,
    -39.0,
    -39.0,
    -39.0,
    -39.0,
    -39.0,
    -39.0,
    -39.0,
    -39.0,
    -39.0,
    -39.0,
    -39.0,
    -39.0,
    -39.0,
    -39.0,
    -39.0,
    -39.0,
    -39.0,
    -39.0,
    -39.0,
    -39.0,
    -39.0,
    -39.0,
    -39.0,
    -39.0,
    -39.0,
    -39.0,
    -39.0,
    -39.0,
    -39.0,
    -39.0,
    -39.0,
    -39.0,
    -39.0,
    -39.0,
    -39.0,
    -39.0,
    -39.0,
    -39.0,
    -39.0,
    -38.0,
    -38.0,
    -38.0,
    -38.0,
    -38.0,
    -38.0,
    -38.0,
    -38.0,
    -38.0,
    -38.0,
    -38.0,
    -38.0,
    -38.0,
    -38.0,
    -38.0,
    -38.0,
    -38.0,
    -38.0,
    -38.0,
    -38.0,
    -38.0,
    -38.0,
    -38.0,
    -38.0,
    -38.0,
    -38.0,
    -38.0,
    -38.0,
    -38.0,
    -38.0,
    -38.0,
    -38.0,
    -38.0,
    -38.0,
    -38.0,
    -38.0,
    -38.0,
    -38.0,
    -38.0,
    -38.0
  ],
  "final_ascii": [
    "LEGEND:",
    "#: wall",
    ".: background",
    "k: dpolice",
    "i: upolice",
    "l: rpolice",
    "c: crate",
    "j: lpolice",
    "t: target",
    "\u1cef: target, rpolice",
    "@: target, crate",
    "",
    "MAP:",
    "###############",
    "#.kkkkk.kkkk..#",
    "#.iiiilkccccj.#",
    "#......clccj..#",
    "#...ttt\u1cef@ccj..#",
    "#...tt\u1cef@@ccj..#",
    "#...ttt\u1cef@ccj..#",
    "#...tt\u1cef@@ccj..#",
    "#...tttt\u1cefccj..#",
    "#......lciij..#",
    "#.....lcij.i..#",
    "#....liij.....#",
    "#.............#",
    "###############"
  ]
}