{
  "model": "deepseek",
  "game": "kettle",
  "level": 6,
  "run": 6,
  "win": false,
  "action_sequence": [
    3,
    2,
    1,
    2,
    3,
    3,
    2,
    3,
    1,
    1,
    2,
    2,
    3,
    1,
    2,
    1,
    2,
    3,
    2,
    3,
    2,
    2,
    2,
    2,
    2,
    2,
    2,
    3,
    2,
    2,
    3,
    2,
    2,
    2,
    3,
    1,
    4,
    2,
    3,
    3,
    2,
    2,
    3,
    3,
    2,
    2,
    2,
    3,
    2,
    3,
    2,
    3,
    3,
    2,
    3,
    3,
    3,
    3,
    2,
    2,
    2,
    2,
    2,
    3,
    1,
    2,
    3,
    2,
    3,
    2,
    3,
    2,
    3,
    2,
    2,
    3,
    3,
    1,
    2,
    3,
    2,
    3,
    2,
    3,
    2,
    2,
    2,
    2,
    2,
    4,
    1,
    2,
    1,
    3,
    3,
    3,
    3,
    3,
    1,
    3
  ],
  "reward_sequence": [
    5.989999771118164,
    3.990000009536743,
    2.990000009536743,
    -0.009999999776482582,
    2.990000009536743,
    -0.009999999776482582,
    -3.009999990463257,
    -0.009999999776482582,
    -0.009999999776482582,
    -0.009999999776482582,
    -0.009999999776482582,
    -0.009999999776482582,
    -0.009999999776482582,
    -0.009999999776482582,
    -0.009999999776482582,
    -0.009999999776482582,
    -0.009999999776482582,
    -0.009999999776482582,
    -0.009999999776482582,
    -0.009999999776482582,
    -0.009999999776482582,
    -0.009999999776482582,
    -0.009999999776482582,
    -0.009999999776482582,
    -0.009999999776482582,
    -0.009999999776482582,
    -0.009999999776482582,
    -0.009999999776482582,
    -0.009999999776482582,
    -0.009999999776482582,
    -0.009999999776482582,
    -0.009999999776482582,
    -0.009999999776482582,
    -0.009999999776482582,
    -0.009999999776482582,
    -0.009999999776482582,
    -0.009999999776482582,
    -0.009999999776482582,
    -0.009999999776482582,
    -0.009999999776482582,
    -0.009999999776482582,
    -0.009999999776482582,
    -0.009999999776482582,
    -0.009999999776482582,
    -0.009999999776482582,
    -0.009999999776482582,
    -0.009999999776482582,
    -0.009999999776482582,
    -0.009999999776482582,
    -0.009999999776482582,
    -0.009999999776482582,
    -0.009999999776482582,
    -0.009999999776482582,
    -0.009999999776482582,
    -0.009999999776482582,
    -0.009999999776482582,
    -0.009999999776482582,
    -0.009999999776482582,
    -0.009999999776482582,
    -0.009999999776482582,
    -0.009999999776482582,
    -0.009999999776482582,
    -0.009999999776482582,
    -0.009999999776482582,
    -0.009999999776482582,
    -0.009999999776482582,
    -0.009999999776482582,
    -0.009999999776482582,
    -0.009999999776482582,
    -0.009999999776482582,
    -0.009999999776482582,
    -0.009999999776482582,
    -0.009999999776482582,
    -0.009999999776482582,
    -0.009999999776482582,
    -0.009999999776482582,
    -0.009999999776482582,
    -0.009999999776482582,
    -0.009999999776482582,
    -0.009999999776482582,
    -0.009999999776482582,
    -0.009999999776482582,
    -0.009999999776482582,
    -0.009999999776482582,
    -0.009999999776482582,
    -0.009999999776482582,
    -0.009999999776482582,
    -0.009999999776482582,
    -0.009999999776482582,
    -0.009999999776482582,
    -0.009999999776482582,
    -0.009999999776482582,
    -0.009999999776482582,
    -0.009999999776482582,
    -0.009999999776482582,
    -0.009999999776482582,
    -0.009999999776482582,
    -0.009999999776482582,
    -0.009999999776482582,
    -0.009999999776482582
  ],
  "initial_ascii": [
    "LEGEND:",
    "#: wall",
    ".: background",
    "k: dpolice",
    "l: rpolice",
    "c: crate",
    "j: lpolice",
    "t: target",
    "@: target, crate",
    "i: upolice",
    "",
    "MAP:",
    "###############",
    "#.............#",
    "#...kkkkkkk...#",
    "#..l..cc..cj..#",
    "#..l.tttt..j..#",
    "#..lc@t@t..j..#",
    "#..lctttt.cj..#",
    "#..lc@@tt.cj..#",
    "#..lcc.c..cj..#",
    "#..liiiiiiij..#",
    "#.............#",
    "#.............#",
    "###############"
  ],
  "state_data": {
    "score": 8,
    "win": false,
    "step": 100
  },
  "heuristics": [
    -19.0,
    -15.0,
    -12.0,
    -12.0,
    -9.0,
    -9.0,
    -12.0,
    -12.0,
    -12.0,
    -12.0,
    -12.0,
    -12.0,
    -12.0,
    -12.0,
    -12.0,
    -12.0,
    -12.0,
    -12.0,
    -12.0,
    -12.0,
    -12.0,
    -12.0,
    -12.0,
    -12.0,
    -12.0,
    -12.0,
    -12.0,
    -12.0,
    -12.0,
    -12.0,
    -12.0,
    -12.0,
    -12.0,
    -12.0,
    -12.0,
    -12.0,
    -12.0,
    -12.0,
    -12.0,
    -12.0,
    -12.0,
    -12.0,
    -12.0,
    -12.0,
    -12.0,
    -12.0,
    -12.0,
    -12.0,
    -12.0,
    -12.0,
    -12.0,
    -12.0,
    -12.0,
    -12.0,
    -12.0,
    -12.0,
    -12.0,
    -12.0,
    -12.0,
    -12.0,
    -12.0,
    -12.0,
    -12.0,
    -12.0,
    -12.0,
    -12.0,
    -12.0,
    -12.0,
    -12.0,
    -12.0,
    -12.0,
    -12.0,
    -12.0,
    -12.0,
    -12.0,
    -12.0,
    -12.0,
    -12.0,
    -12.0,
    -12.0,
    -12.0,
    -12.0,
    -12.0,
    -12.0,
    -12.0,
    -12.0,
    -12.0,
    -12.0,
    -12.0,
    -12.0,
    -12.0,
    -12.0,
    -12.0,
    -12.0,
    -12.0,
    -12.0,
    -12.0,
    -12.0,
    -12.0,
    -12.0
  ],
  "final_ascii": [
    "LEGEND:",
    "#: wall",
    ".: background",
    "l: rpolice",
    "k: dpolice",
    "j: lpolice",
    "t: target",
    "\u167a: target, rpolice",
    "@: target, crate",
    "c: crate",
    "i: upolice",
    "\u2646: target, dpolice",
    "\u046c: target, upolice",
    "",
    "MAP:",
    "###############",
    "#.............#",
    "#.............#",
    "#....lkkkkkj..#",
    "#...kt\u167a@@ccj..#",
    "#...it\u167a@@ccj..#",
    "#....\u2646\u167a@@ccj..#",
    "#....\u167a@@\u046cicj..#",
    "#....lci..ij..#",
    "#...lii....j..#",
    "#.............#",
    "#.............#",
    "###############"
  ]
}