{
  "model": "deepseek",
  "game": "kettle",
  "level": 6,
  "run": 3,
  "win": false,
  "action_sequence": [
    3,
    3,
    3,
    3,
    2,
    4,
    2,
    3,
    3,
    2,
    3,
    2,
    2,
    3,
    2,
    1,
    3,
    3,
    1,
    3,
    2,
    2,
    3,
    1,
    4,
    2,
    2,
    3,
    3,
    1,
    1,
    3,
    3,
    3,
    3,
    3,
    3,
    2,
    2,
    3,
    3,
    3,
    3,
    3,
    3,
    2,
    2,
    2,
    2,
    2,
    3,
    1,
    3,
    2,
    2,
    3,
    3,
    2,
    2,
    2,
    3,
    2,
    2,
    3,
    3,
    2,
    2,
    2,
    2,
    3,
    4,
    2,
    3,
    2,
    2,
    1,
    2,
    2,
    2,
    3,
    3,
    3,
    3,
    3,
    3,
    3,
    2,
    2,
    3,
    1,
    3,
    3,
    3,
    3,
    2,
    2,
    2,
    3,
    3,
    3
  ],
  "reward_sequence": [
    5.989999771118164,
    3.990000009536743,
    -1.0099999904632568,
    -1.0099999904632568,
    2.990000009536743,
    -0.009999999776482582,
    -2.009999990463257,
    -0.009999999776482582,
    -0.009999999776482582,
    -0.009999999776482582,
    -1.0099999904632568,
    -0.009999999776482582,
    -0.009999999776482582,
    -0.009999999776482582,
    -0.009999999776482582,
    -0.009999999776482582,
    -0.009999999776482582,
    -0.009999999776482582,
    -0.009999999776482582,
    -0.009999999776482582,
    -0.009999999776482582,
    -0.009999999776482582,
    -0.009999999776482582,
    -0.009999999776482582,
    -0.009999999776482582,
    -0.009999999776482582,
    -0.009999999776482582,
    -0.009999999776482582,
    -0.009999999776482582,
    -0.009999999776482582,
    -0.009999999776482582,
    -0.009999999776482582,
    -0.009999999776482582,
    -0.009999999776482582,
    -0.009999999776482582,
    -0.009999999776482582,
    -0.009999999776482582,
    -0.009999999776482582,
    -0.009999999776482582,
    -0.009999999776482582,
    -0.009999999776482582,
    -0.009999999776482582,
    -0.009999999776482582,
    -0.009999999776482582,
    -0.009999999776482582,
    -0.009999999776482582,
    -0.009999999776482582,
    -0.009999999776482582,
    -0.009999999776482582,
    -0.009999999776482582,
    -0.009999999776482582,
    -0.009999999776482582,
    -0.009999999776482582,
    -0.009999999776482582,
    -0.009999999776482582,
    -0.009999999776482582,
    -0.009999999776482582,
    -0.009999999776482582,
    -0.009999999776482582,
    -0.009999999776482582,
    -0.009999999776482582,
    -0.009999999776482582,
    -0.009999999776482582,
    -0.009999999776482582,
    -0.009999999776482582,
    -0.009999999776482582,
    -0.009999999776482582,
    -0.009999999776482582,
    -0.009999999776482582,
    -0.009999999776482582,
    -0.009999999776482582,
    -0.009999999776482582,
    -0.009999999776482582,
    -0.009999999776482582,
    -0.009999999776482582,
    -0.009999999776482582,
    -0.009999999776482582,
    -0.009999999776482582,
    -0.009999999776482582,
    -0.009999999776482582,
    -0.009999999776482582,
    -0.009999999776482582,
    -0.009999999776482582,
    -0.009999999776482582,
    -0.009999999776482582,
    -0.009999999776482582,
    -0.009999999776482582,
    -0.009999999776482582,
    -0.009999999776482582,
    -0.009999999776482582,
    -0.009999999776482582,
    -0.009999999776482582,
    -0.009999999776482582,
    -0.009999999776482582,
    -0.009999999776482582,
    -0.009999999776482582,
    -0.009999999776482582,
    -0.009999999776482582,
    -0.009999999776482582,
    -0.009999999776482582
  ],
  "initial_ascii": [
    "LEGEND:",
    "#: wall",
    ".: background",
    "k: dpolice",
    "l: rpolice",
    "c: crate",
    "j: lpolice",
    "t: target",
    "@: target, crate",
    "i: upolice",
    "",
    "MAP:",
    "###############",
    "#.............#",
    "#...kkkkkkk...#",
    "#..l..cc..cj..#",
    "#..l.tttt..j..#",
    "#..lc@t@t..j..#",
    "#..lctttt.cj..#",
    "#..lc@@tt.cj..#",
    "#..lcc.c..cj..#",
    "#..liiiiiiij..#",
    "#.............#",
    "#.............#",
    "###############"
  ],
  "state_data": {
    "score": 6,
    "win": false,
    "step": 100
  },
  "heuristics": [
    -19.0,
    -15.0,
    -16.0,
    -17.0,
    -14.0,
    -14.0,
    -16.0,
    -16.0,
    -16.0,
    -16.0,
    -17.0,
    -17.0,
    -17.0,
    -17.0,
    -17.0,
    -17.0,
    -17.0,
    -17.0,
    -17.0,
    -17.0,
    -17.0,
    -17.0,
    -17.0,
    -17.0,
    -17.0,
    -17.0,
    -17.0,
    -17.0,
    -17.0,
    -17.0,
    -17.0,
    -17.0,
    -17.0,
    -17.0,
    -17.0,
    -17.0,
    -17.0,
    -17.0,
    -17.0,
    -17.0,
    -17.0,
    -17.0,
    -17.0,
    -17.0,
    -17.0,
    -17.0,
    -17.0,
    -17.0,
    -17.0,
    -17.0,
    -17.0,
    -17.0,
    -17.0,
    -17.0,
    -17.0,
    -17.0,
    -17.0,
    -17.0,
    -17.0,
    -17.0,
    -17.0,
    -17.0,
    -17.0,
    -17.0,
    -17.0,
    -17.0,
    -17.0,
    -17.0,
    -17.0,
    -17.0,
    -17.0,
    -17.0,
    -17.0,
    -17.0,
    -17.0,
    -17.0,
    -17.0,
    -17.0,
    -17.0,
    -17.0,
    -17.0,
    -17.0,
    -17.0,
    -17.0,
    -17.0,
    -17.0,
    -17.0,
    -17.0,
    -17.0,
    -17.0,
    -17.0,
    -17.0,
    -17.0,
    -17.0,
    -17.0,
    -17.0,
    -17.0,
    -17.0,
    -17.0,
    -17.0
  ],
  "final_ascii": [
    "LEGEND:",
    "#: wall",
    ".: background",
    "k: dpolice",
    "c: crate",
    "l: rpolice",
    "j: lpolice",
    "i: upolice",
    "\u21aa: target, rpolice",
    "@: target, crate",
    "\u291f: target, upolice",
    "t: target",
    "",
    "MAP:",
    "###############",
    "#.............#",
    "#...kkkkkkk...#",
    "#...clcccccj..#",
    "#...i\u21aa@@@ccj..#",
    "#....\u21aa@@@icj..#",
    "#...l\u291f\u291f\u291f\u291f.cj..#",
    "#....ttttlij..#",
    "#.........lj..#",
    "#.........lj..#",
    "#.............#",
    "#.............#",
    "###############"
  ]
}