{
  "model": "deepseek",
  "game": "atlas shrank",
  "level": 8,
  "run": 5,
  "win": false,
  "action_sequence": [
    2,
    2,
    2,
    2,
    2,
    2,
    2,
    2,
    2,
    2,
    2,
    2,
    2,
    2,
    2,
    2,
    2,
    2,
    2,
    2,
    2,
    2,
    2,
    2,
    2,
    2,
    2,
    2,
    2,
    2,
    2,
    2,
    2,
    2,
    2,
    2,
    2,
    2,
    2,
    2,
    2,
    2,
    2,
    2,
    2,
    2,
    2,
    2,
    2,
    2,
    2,
    2,
    2,
    2,
    3,
    2,
    2,
    3,
    2,
    2,
    2,
    2,
    3,
    2,
    2,
    2,
    2,
    2,
    2,
    2,
    3,
    2,
    2,
    2,
    2,
    2,
    3,
    2,
    2,
    2,
    2,
    2,
    2,
    2,
    2,
    2,
    2,
    2,
    2,
    2,
    2,
    2,
    2,
    2,
    2,
    2,
    2,
    2,
    2,
    2
  ],
  "reward_sequence": [
    0.9900000095367432,
    0.9900000095367432,
    -0.009999999776482582,
    0.9900000095367432,
    -1.0099999904632568,
    -1.0099999904632568,
    -0.009999999776482582,
    -0.009999999776482582,
    -0.009999999776482582,
    -0.009999999776482582,
    -0.009999999776482582,
    -0.009999999776482582,
    -0.009999999776482582,
    -0.009999999776482582,
    -0.009999999776482582,
    -0.009999999776482582,
    -0.009999999776482582,
    -0.009999999776482582,
    -0.009999999776482582,
    -0.009999999776482582,
    -0.009999999776482582,
    -0.009999999776482582,
    -0.009999999776482582,
    -0.009999999776482582,
    -0.009999999776482582,
    -0.009999999776482582,
    -0.009999999776482582,
    -0.009999999776482582,
    -0.009999999776482582,
    -0.009999999776482582,
    -0.009999999776482582,
    -0.009999999776482582,
    -0.009999999776482582,
    -0.009999999776482582,
    -0.009999999776482582,
    -0.009999999776482582,
    -0.009999999776482582,
    -0.009999999776482582,
    -0.009999999776482582,
    -0.009999999776482582,
    -0.009999999776482582,
    -0.009999999776482582,
    -0.009999999776482582,
    -0.009999999776482582,
    -0.009999999776482582,
    -0.009999999776482582,
    -0.009999999776482582,
    -0.009999999776482582,
    -0.009999999776482582,
    -0.009999999776482582,
    -0.009999999776482582,
    -0.009999999776482582,
    -0.009999999776482582,
    -0.009999999776482582,
    -0.009999999776482582,
    -0.009999999776482582,
    -0.009999999776482582,
    -0.009999999776482582,
    -0.009999999776482582,
    -0.009999999776482582,
    -0.009999999776482582,
    -0.009999999776482582,
    -0.009999999776482582,
    -0.009999999776482582,
    -0.009999999776482582,
    -0.009999999776482582,
    -0.009999999776482582,
    -0.009999999776482582,
    -0.009999999776482582,
    -0.009999999776482582,
    -0.009999999776482582,
    -0.009999999776482582,
    -0.009999999776482582,
    -0.009999999776482582,
    -0.009999999776482582,
    -0.009999999776482582,
    -0.009999999776482582,
    -0.009999999776482582,
    -0.009999999776482582,
    -0.009999999776482582,
    -0.009999999776482582,
    -0.009999999776482582,
    -0.009999999776482582,
    -0.009999999776482582,
    -0.009999999776482582,
    -0.009999999776482582,
    -0.009999999776482582,
    -0.009999999776482582,
    -0.009999999776482582,
    -0.009999999776482582,
    -0.009999999776482582,
    -0.009999999776482582,
    -0.009999999776482582,
    -0.009999999776482582,
    -0.009999999776482582,
    -0.009999999776482582,
    -0.009999999776482582,
    -0.009999999776482582,
    -0.009999999776482582,
    -0.009999999776482582
  ],
  "initial_ascii": [
    "LEGEND:",
    "#: wallsolo",
    ".: background",
    "\u1252: wallud",
    "t: switch",
    "*: crate, massive",
    "\u296d: wallrl",
    "\u0471: walll",
    "\u04b0: wallu",
    "\u23a1: wallr",
    "\u1c6f: playerr",
    "x: door",
    "\u01e7: wallm",
    "\u0572: walld",
    "o: exit",
    "",
    "MAP:",
    "#.................",
    "\u1252..#.#.#.#.......#",
    "\u1252..\u1252.\u1252.#.#.......\u1252",
    "\u1252..\u1252.\u1252.t*........\u1252",
    "\u1252..#.#*#\u296d#.......\u1252",
    "#...*.*...*......\u1252",
    "*..#\u296d\u296d\u296d#.#\u296d#.....\u1252",
    "#.*.........#...*\u1252",
    "\u0471\u04b0\u296d#.......*....#\u23a1",
    "\u0471\u23a1t*..\u1c6f....#.##.\u0471\u23a1",
    "\u0471\u23a1t#\u04b0#t#x#\u04b0\u01e7\u04b0\u01e7\u01e7\u04b0\u01e7\u23a1",
    "\u0471\u23a1t\u0471\u01e7\u0572\u296d#x#\u0572\u0572\u01e7\u01e7\u01e7\u01e7\u01e7\u23a1",
    "\u0471\u23a1t\u0471#.......#\u01e7\u01e7\u01e7\u01e7\u23a1",
    "\u0471\u01e7\u04b0#.........#\u01e7\u01e7\u01e7\u23a1",
    "\u0471\u01e7#...........#\u01e7\u01e7\u23a1",
    "\u0471#......o......#\u01e7\u23a1",
    "#......#\u296d#......#\u23a1",
    ".................#",
    ".................."
  ],
  "state_data": {
    "score": 0,
    "win": false,
    "step": 100
  },
  "heuristics": [
    -8.0,
    -7.0,
    -7.0,
    -6.0,
    -7.0,
    -8.0,
    -8.0,
    -8.0,
    -8.0,
    -8.0,
    -8.0,
    -8.0,
    -8.0,
    -8.0,
    -8.0,
    -8.0,
    -8.0,
    -8.0,
    -8.0,
    -8.0,
    -8.0,
    -8.0,
    -8.0,
    -8.0,
    -8.0,
    -8.0,
    -8.0,
    -8.0,
    -8.0,
    -8.0,
    -8.0,
    -8.0,
    -8.0,
    -8.0,
    -8.0,
    -8.0,
    -8.0,
    -8.0,
    -8.0,
    -8.0,
    -8.0,
    -8.0,
    -8.0,
    -8.0,
    -8.0,
    -8.0,
    -8.0,
    -8.0,
    -8.0,
    -8.0,
    -8.0,
    -8.0,
    -8.0,
    -8.0,
    -8.0,
    -8.0,
    -8.0,
    -8.0,
    -8.0,
    -8.0,
    -8.0,
    -8.0,
    -8.0,
    -8.0,
    -8.0,
    -8.0,
    -8.0,
    -8.0,
    -8.0,
    -8.0,
    -8.0,
    -8.0,
    -8.0,
    -8.0,
    -8.0,
    -8.0,
    -8.0,
    -8.0,
    -8.0,
    -8.0,
    -8.0,
    -8.0,
    -8.0,
    -8.0,
    -8.0,
    -8.0,
    -8.0,
    -8.0,
    -8.0,
    -8.0,
    -8.0,
    -8.0,
    -8.0,
    -8.0,
    -8.0,
    -8.0,
    -8.0,
    -8.0,
    -8.0,
    -8.0
  ],
  "final_ascii": [
    "LEGEND:",
    "#: wallsolo",
    ".: background",
    "\u1252: wallud",
    "t: switch",
    "*: crate, massive",
    "\u296d: wallrl",
    "\u0471: walll",
    "\u04b0: wallu",
    "\u23a1: wallr",
    "\u1c6f: playerr",
    "x: door",
    "\u01e7: wallm",
    "\u0572: walld",
    "o: exit",
    "",
    "MAP:",
    "#.................",
    "\u1252..#.#.#.#.......#",
    "\u1252..\u1252.\u1252.#.#.......\u1252",
    "\u1252..\u1252.\u1252.t*........\u1252",
    "\u1252..#.#*#\u296d#.......\u1252",
    "#...*.*...*......\u1252",
    "*..#\u296d\u296d\u296d#.#\u296d#.....\u1252",
    "#.*.........#...*\u1252",
    "\u0471\u04b0\u296d#.......*....#\u23a1",
    "\u0471\u23a1t*......\u1c6f#.##.\u0471\u23a1",
    "\u0471\u23a1t#\u04b0#t#x#\u04b0\u01e7\u04b0\u01e7\u01e7\u04b0\u01e7\u23a1",
    "\u0471\u23a1t\u0471\u01e7\u0572\u296d#x#\u0572\u0572\u01e7\u01e7\u01e7\u01e7\u01e7\u23a1",
    "\u0471\u23a1t\u0471#.......#\u01e7\u01e7\u01e7\u01e7\u23a1",
    "\u0471\u01e7\u04b0#.........#\u01e7\u01e7\u01e7\u23a1",
    "\u0471\u01e7#...........#\u01e7\u01e7\u23a1",
    "\u0471#......o......#\u01e7\u23a1",
    "#......#\u296d#......#\u23a1",
    ".................#",
    ".................."
  ]
}