{
  "model": "deepseek",
  "game": "atlas shrank",
  "level": 10,
  "run": 6,
  "win": false,
  "action_sequence": [
    2,
    2,
    2,
    2,
    2,
    2,
    2,
    2,
    2,
    2,
    2,
    2,
    2,
    2,
    2,
    2,
    2,
    2,
    2,
    2,
    2,
    2,
    2,
    2,
    2,
    2,
    2,
    2,
    2,
    2,
    2,
    2,
    2,
    2,
    2,
    2,
    2,
    2,
    2,
    2,
    2,
    2,
    2,
    2,
    2,
    2,
    2,
    4,
    2,
    2,
    2,
    2,
    2,
    2,
    3,
    2,
    4,
    2,
    2,
    2,
    2,
    2,
    2,
    2,
    2,
    2,
    2,
    2,
    2,
    2,
    2,
    2,
    2,
    2,
    2,
    2,
    2,
    2,
    2,
    2,
    2,
    2,
    2,
    2,
    2,
    2,
    2,
    2,
    2,
    2,
    2,
    2,
    2,
    2,
    2,
    2,
    2,
    4,
    2,
    4
  ],
  "reward_sequence": [
    -1.0099999904632568,
    -1.0099999904632568,
    -1.0099999904632568,
    -1.0099999904632568,
    -1.0099999904632568,
    -2.009999990463257,
    -1.0099999904632568,
    -1.0099999904632568,
    0.9900000095367432,
    -1.0099999904632568,
    -1.0099999904632568,
    -2.009999990463257,
    -0.009999999776482582,
    -0.009999999776482582,
    -0.009999999776482582,
    -0.009999999776482582,
    -0.009999999776482582,
    -0.009999999776482582,
    -0.009999999776482582,
    -0.009999999776482582,
    -0.009999999776482582,
    -0.009999999776482582,
    -0.009999999776482582,
    -0.009999999776482582,
    -0.009999999776482582,
    -0.009999999776482582,
    -0.009999999776482582,
    -0.009999999776482582,
    -0.009999999776482582,
    -0.009999999776482582,
    -0.009999999776482582,
    -0.009999999776482582,
    -0.009999999776482582,
    -0.009999999776482582,
    -0.009999999776482582,
    -0.009999999776482582,
    -0.009999999776482582,
    -0.009999999776482582,
    -0.009999999776482582,
    -0.009999999776482582,
    -0.009999999776482582,
    -0.009999999776482582,
    -0.009999999776482582,
    -0.009999999776482582,
    -0.009999999776482582,
    -0.009999999776482582,
    -0.009999999776482582,
    -0.009999999776482582,
    -0.009999999776482582,
    -0.009999999776482582,
    -0.009999999776482582,
    -0.009999999776482582,
    -0.009999999776482582,
    -0.009999999776482582,
    -0.009999999776482582,
    -0.009999999776482582,
    -0.009999999776482582,
    -0.009999999776482582,
    -0.009999999776482582,
    -0.009999999776482582,
    -0.009999999776482582,
    -0.009999999776482582,
    -0.009999999776482582,
    -0.009999999776482582,
    -0.009999999776482582,
    -0.009999999776482582,
    -0.009999999776482582,
    -0.009999999776482582,
    -0.009999999776482582,
    -0.009999999776482582,
    -0.009999999776482582,
    -0.009999999776482582,
    -0.009999999776482582,
    -0.009999999776482582,
    -0.009999999776482582,
    -0.009999999776482582,
    -0.009999999776482582,
    -0.009999999776482582,
    -0.009999999776482582,
    -0.009999999776482582,
    -0.009999999776482582,
    -0.009999999776482582,
    -0.009999999776482582,
    -0.009999999776482582,
    -0.009999999776482582,
    -0.009999999776482582,
    -0.009999999776482582,
    -0.009999999776482582,
    -0.009999999776482582,
    -0.009999999776482582,
    -0.009999999776482582,
    -0.009999999776482582,
    -0.009999999776482582,
    -0.009999999776482582,
    -0.009999999776482582,
    -0.009999999776482582,
    -0.009999999776482582,
    -0.009999999776482582,
    -0.009999999776482582,
    -0.009999999776482582
  ],
  "initial_ascii": [
    "LEGEND:",
    "*: crate, massive",
    "#: wallsolo",
    ".: background",
    "\u0d0f: wallrl",
    "\u0719: wallu",
    "\u2746: wallud",
    "\u26c0: walll",
    "\u0a8d: wallr",
    "\u2a9b: wallm",
    "\u01d5: walld",
    "\u0186: dooro",
    "o: exit",
    "\u2444: playerr",
    "@: crate, switch, massive",
    "",
    "MAP:",
    "*#***#*.#...##....#...........#\u0d0f\u0719\u0d0f\u0719\u0d0f\u0719#...............*#................#",
    "*\u2746***\u2746*.....\u2746.....*...........#.#.#.#................*\u2746................\u2746",
    "*\u2746***\u26c0#.....\u2746.....**...#.#....*.*.*..................#\u0a8d................\u2746",
    "*\u2746***#......\u2746.....##...\u2746.\u2746....#\u0719\u0d0f\u0d0f\u0d0f\u0719\u0719#...............\u26c0#................\u2746",
    "*\u2746***......*#.....#\u0a8d*..\u2746.\u2746....\u26c0\u0a8d***#\u2a9b\u0a8d...............\u2746*................\u2746",
    "*\u2746**#......#......*#\u0d0f\u0719\u0719#.#\u0719\u0719\u0719\u0d0f\u01d5\u01d5\u0d0f#**#\u0a8d...............\u26c0#................\u2746",
    "*\u2746**.......\u2746......***##...#\u2a9b#....##**\u26c0\u0719\u0d0f#............##..........*.....\u2746",
    "*\u2746**.......\u2746......***......#......\u26c0#*##*\u2746............\u0186\u0186..........##....\u2746",
    "#\u0a8d*#\u0719\u0719\u0719\u0719\u0719\u0719\u0719\u2a9b\u0719\u0719\u0719\u0719\u0719#****............\u26c0\u0a8d****\u2746............\u0186\u0186............#...\u2746",
    "\u26c0\u0a8d*\u26c0\u2a9b\u2a9b\u2a9b\u2a9b\u2a9b\u2a9b\u2a9b\u2a9b\u2a9b\u2a9b\u2a9b\u2a9b\u2a9b\u2a9b#****.....#..o..\u26c0\u0a8d*#**\u2746.\u2444...@.@.@..\u0186\u0186....@.@.@...**..\u2746",
    "#\u01d5\u0d0f\u01d5\u01d5\u01d5\u01d5\u01d5\u01d5\u01d5\u01d5\u01d5\u01d5\u01d5\u01d5\u01d5\u01d5\u01d5\u01d5\u0d0f\u0d0f\u0d0f\u0d0f\u0d0f\u0d0f\u0d0f\u0d0f\u0d0f\u01d5\u0d0f\u0d0f\u0d0f\u0d0f\u0d0f\u01d5#*##*#\u0d0f\u0d0f\u0d0f\u0d0f\u0d0f\u0d0f\u0d0f\u0d0f\u0d0f\u0d0f\u0d0f\u0d0f\u0d0f\u0d0f\u0d0f\u0d0f\u0d0f\u0d0f\u0d0f\u0d0f\u0d0f\u0d0f\u0d0f\u0d0f\u0d0f\u0d0f\u0d0f\u0d0f\u0d0f\u0d0f#"
  ],
  "state_data": {
    "score": 0,
    "win": false,
    "step": 100
  },
  "heuristics": [
    -11.0,
    -12.0,
    -13.0,
    -14.0,
    -15.0,
    -17.0,
    -18.0,
    -19.0,
    -18.0,
    -19.0,
    -20.0,
    -22.0,
    -22.0,
    -22.0,
    -22.0,
    -22.0,
    -22.0,
    -22.0,
    -22.0,
    -22.0,
    -22.0,
    -22.0,
    -22.0,
    -22.0,
    -22.0,
    -22.0,
    -22.0,
    -22.0,
    -22.0,
    -22.0,
    -22.0,
    -22.0,
    -22.0,
    -22.0,
    -22.0,
    -22.0,
    -22.0,
    -22.0,
    -22.0,
    -22.0,
    -22.0,
    -22.0,
    -22.0,
    -22.0,
    -22.0,
    -22.0,
    -22.0,
    -22.0,
    -22.0,
    -22.0,
    -22.0,
    -22.0,
    -22.0,
    -22.0,
    -22.0,
    -22.0,
    -22.0,
    -22.0,
    -22.0,
    -22.0,
    -22.0,
    -22.0,
    -22.0,
    -22.0,
    -22.0,
    -22.0,
    -22.0,
    -22.0,
    -22.0,
    -22.0,
    -22.0,
    -22.0,
    -22.0,
    -22.0,
    -22.0,
    -22.0,
    -22.0,
    -22.0,
    -22.0,
    -22.0,
    -22.0,
    -22.0,
    -22.0,
    -22.0,
    -22.0,
    -22.0,
    -22.0,
    -22.0,
    -22.0,
    -22.0,
    -22.0,
    -22.0,
    -22.0,
    -22.0,
    -22.0,
    -22.0,
    -22.0,
    -22.0,
    -22.0,
    -22.0
  ],