{
  "model": "deepseek",
  "game": "Take_Heart_Lass",
  "level": 11,
  "run": 2,
  "win": false,
  "action_sequence": [
    2,
    1,
    1,
    3,
    2,
    2,
    2,
    2,
    2,
    2,
    2,
    2,
    2,
    1,
    3,
    2,
    3,
    2,
    3,
    2,
    1,
    2,
    3,
    2,
    2,
    3,
    3,
    2,
    2,
    3,
    2,
    4,
    2,
    1,
    2,
    4,
    2,
    3,
    1,
    2,
    4,
    3,
    3,
    2,
    2,
    2,
    2,
    2,
    1,
    3,
    2,
    2,
    2,
    2,
    2,
    2,
    2,
    1,
    3,
    2,
    2,
    2,
    2,
    2,
    2,
    2,
    2,
    3,
    2,
    2,
    2,
    0,
    0,
    1,
    3,
    2,
    2,
    2,
    2,
    2,
    2,
    2,
    0,
    2,
    2,
    2,
    2,
    2,
    2,
    2,
    0,
    3,
    2,
    2,
    2,
    2,
    2,
    2,
    2,
    2
  ],
  "reward_sequence": [
    -1.0099999904632568,
    -1.0099999904632568,
    -1.0099999904632568,
    0.9900000095367432,
    -0.009999999776482582,
    -0.009999999776482582,
    -0.009999999776482582,
    -0.009999999776482582,
    -0.009999999776482582,
    -0.009999999776482582,
    -0.009999999776482582,
    -0.009999999776482582,
    -0.009999999776482582,
    -1.0099999904632568,
    -0.009999999776482582,
    -1.0099999904632568,
    -0.009999999776482582,
    -1.0099999904632568,
    -0.009999999776482582,
    -0.009999999776482582,
    -1.0099999904632568,
    -1.0099999904632568,
    -0.009999999776482582,
    -1.0099999904632568,
    -0.009999999776482582,
    0.9900000095367432,
    0.9900000095367432,
    -1.0099999904632568,
    -0.009999999776482582,
    0.9900000095367432,
    -1.0099999904632568,
    -0.009999999776482582,
    -0.009999999776482582,
    -0.009999999776482582,
    -0.009999999776482582,
    -0.009999999776482582,
    -0.009999999776482582,
    -0.009999999776482582,
    -0.009999999776482582,
    -0.009999999776482582,
    -0.009999999776482582,
    -0.009999999776482582,
    -0.009999999776482582,
    -0.009999999776482582,
    -0.009999999776482582,
    -0.009999999776482582,
    -0.009999999776482582,
    -0.009999999776482582,
    -0.009999999776482582,
    -0.009999999776482582,
    -0.009999999776482582,
    -0.009999999776482582,
    -0.009999999776482582,
    -0.009999999776482582,
    -0.009999999776482582,
    -0.009999999776482582,
    -0.009999999776482582,
    -0.009999999776482582,
    -0.009999999776482582,
    -0.009999999776482582,
    -0.009999999776482582,
    -0.009999999776482582,
    -0.009999999776482582,
    -0.009999999776482582,
    -0.009999999776482582,
    -0.009999999776482582,
    -0.009999999776482582,
    -0.009999999776482582,
    -0.009999999776482582,
    -0.009999999776482582,
    -0.009999999776482582,
    0.9900000095367432,
    -0.009999999776482582,
    -1.0099999904632568,
    0.9900000095367432,
    -1.0099999904632568,
    -0.009999999776482582,
    -0.009999999776482582,
    -0.009999999776482582,
    -0.009999999776482582,
    -0.009999999776482582,
    -0.009999999776482582,
    0.9900000095367432,
    -1.0099999904632568,
    -0.009999999776482582,
    -0.009999999776482582,
    -0.009999999776482582,
    -0.009999999776482582,
    -0.009999999776482582,
    -0.009999999776482582,
    0.9900000095367432,
    0.9900000095367432,
    -0.009999999776482582,
    -0.009999999776482582,
    -0.009999999776482582,
    -0.009999999776482582,
    -0.009999999776482582,
    -0.009999999776482582,
    -0.009999999776482582,
    -0.009999999776482582
  ],
  "initial_ascii": [
    "LEGEND:",
    "#: wall",
    ".: background",
    "*: crate",
    "h: oldhope",
    "o: target",
    "\u00da: newhope",
    "\u1a53: newdespair",
    "p: player",
    "z: altolddespair",
    "x: olddespair",
    "\u1962: newdespairwall",
    "",
    "MAP:",
    "##################",
    "#..*.#h#o........#",
    "#...*.\u00da#######.#.#",
    "#.##.#########.#*#",
    "#\u00da#.....*...\u1a53#.#.#",
    "#h#...#..p.#z.*h*#",
    "###...#.#*##\u1a53..#.#",
    "#...##z\u1a53....#*.xz#",
    "#.*...\u1a53...*...xzx\u1962",
    "\u1962x...#.*....\u1962xzxz#",
    "#\u1962###########\u1962#\u1962##"
  ],
  "state_data": {
    "score": 0,
    "win": false,
    "step": 100
  },
  "heuristics": [
    -5.0,
    -6.0,
    -7.0,
    -6.0,
    -6.0,
    -6.0,
    -6.0,
    -6.0,
    -6.0,
    -6.0,
    -6.0,
    -6.0,
    -6.0,
    -7.0,
    -7.0,
    -8.0,
    -8.0,
    -9.0,
    -9.0,
    -9.0,
    -10.0,
    -11.0,
    -11.0,
    -12.0,
    -12.0,
    -11.0,
    -10.0,
    -11.0,
    -11.0,
    -10.0,
    -11.0,
    -11.0,
    -11.0,
    -11.0,
    -11.0,
    -11.0,
    -11.0,
    -11.0,
    -11.0,
    -11.0,
    -11.0,
    -11.0,
    -11.0,
    -11.0,
    -11.0,
    -11.0,
    -11.0,
    -11.0,
    -11.0,
    -11.0,
    -11.0,
    -11.0,
    -11.0,
    -11.0,
    -11.0,
    -11.0,
    -11.0,
    -11.0,
    -11.0,
    -11.0,
    -11.0,
    -11.0,
    -11.0,
    -11.0,
    -11.0,
    -11.0,
    -11.0,
    -11.0,
    -11.0,
    -11.0,
    -11.0,
    -10.0,
    -10.0,
    -11.0,
    -10.0,
    -11.0,
    -11.0,
    -11.0,
    -11.0,
    -11.0,
    -11.0,
    -11.0,
    -10.0,
    -11.0,
    -11.0,
    -11.0,
    -11.0,
    -11.0,
    -11.0,
    -11.0,
    -10.0,
    -9.0,
    -9.0,
    -9.0,
    -9.0,
    -9.0,
    -9.0,
    -9.0,
    -9.0,
    -9.0
  ],
  "final_ascii": [
    "LEGEND:",
    "#: wall",
    "\u1cef: despairwall",
    "h: oldhope",
    "*: crate",
    ".: background",
    "o: target",
    "\u0675: oldhope, player",
    "",
    "MAP:",
    "#######\u1cef\u1cef\u1cef\u1cef\u1cef\u1cef\u1cef\u1cef\u1cef\u1cef\u1cef",
    "#hh*.#h#o........\u1cef",
    "#hhh*hh#\u1cef\u1cef\u1cef\u1cef\u1cef\u1cef.#.\u1cef",
    "#h##h###\u1cef####\u1cef*#*\u1cef",
    "#h#hhhhh*hhhh#\u0675#.\u1cef",
    "#h#hhh#hhhh#h*hh*\u1cef",
    "\u1cef##hhh#h#h##hhh#h#",
    "#hhh##hhhhhh#hhhh#",
    "#h*hhhhhh**hhhhhh#",
    "#hhhh#h*hhhh#hhhh#",
    "\u1cef####\u1cef#\u1cef####\u1cef####\u1cef"
  ]
}