{
  "model": "deepseek",
  "game": "Zen_Puzzle_Garden",
  "level": 2,
  "run": 8,
  "win": false,
  "action_sequence": [
    1,
    2,
    2,
    2,
    2,
    2,
    3,
    2,
    2,
    2,
    2,
    1,
    2,
    2,
    2,
    2,
    2,
    2,
    2,
    2,
    2,
    2,
    2,
    2,
    2,
    2,
    2,
    2,
    2,
    2,
    2,
    2,
    2,
    2,
    2,
    2,
    2,
    2,
    2,
    2,
    2,
    2,
    2,
    2,
    2,
    2,
    2,
    2,
    2,
    2,
    2,
    2,
    2,
    2,
    2,
    2,
    2,
    2,
    2,
    2,
    2,
    2,
    2,
    2,
    2,
    2,
    2,
    2,
    2,
    2,
    2,
    2,
    2,
    2,
    2,
    2,
    2,
    2,
    3,
    2,
    1,
    2,
    2,
    2,
    2,
    2,
    2,
    3,
    2,
    3,
    2,
    2,
    2,
    2,
    2,
    2,
    2,
    2,
    2,
    2
  ],
  "reward_sequence": [
    -0.009999999776482582,
    -0.009999999776482582,
    -0.009999999776482582,
    0.9900000095367432,
    0.9900000095367432,
    0.9900000095367432,
    0.9900000095367432,
    0.9900000095367432,
    0.9900000095367432,
    0.9900000095367432,
    -0.009999999776482582,
    -0.009999999776482582,
    -0.009999999776482582,
    -0.009999999776482582,
    -0.009999999776482582,
    -0.009999999776482582,
    -0.009999999776482582,
    -0.009999999776482582,
    -0.009999999776482582,
    -0.009999999776482582,
    -0.009999999776482582,
    -0.009999999776482582,
    -0.009999999776482582,
    -0.009999999776482582,
    -0.009999999776482582,
    -0.009999999776482582,
    -0.009999999776482582,
    -0.009999999776482582,
    -0.009999999776482582,
    -0.009999999776482582,
    -0.009999999776482582,
    -0.009999999776482582,
    -0.009999999776482582,
    -0.009999999776482582,
    -0.009999999776482582,
    -0.009999999776482582,
    -0.009999999776482582,
    -0.009999999776482582,
    -0.009999999776482582,
    -0.009999999776482582,
    -0.009999999776482582,
    -0.009999999776482582,
    -0.009999999776482582,
    -0.009999999776482582,
    -0.009999999776482582,
    -0.009999999776482582,
    -0.009999999776482582,
    -0.009999999776482582,
    -0.009999999776482582,
    -0.009999999776482582,
    -0.009999999776482582,
    -0.009999999776482582,
    -0.009999999776482582,
    -0.009999999776482582,
    -0.009999999776482582,
    -0.009999999776482582,
    -0.009999999776482582,
    -0.009999999776482582,
    -0.009999999776482582,
    -0.009999999776482582,
    -0.009999999776482582,
    -0.009999999776482582,
    -0.009999999776482582,
    -0.009999999776482582,
    -0.009999999776482582,
    -0.009999999776482582,
    -0.009999999776482582,
    -0.009999999776482582,
    -0.009999999776482582,
    -0.009999999776482582,
    -0.009999999776482582,
    -0.009999999776482582,
    -0.009999999776482582,
    -0.009999999776482582,
    -0.009999999776482582,
    -0.009999999776482582,
    -0.009999999776482582,
    -0.009999999776482582,
    -0.009999999776482582,
    -0.009999999776482582,
    -0.009999999776482582,
    -0.009999999776482582,
    -0.009999999776482582,
    -0.009999999776482582,
    -0.009999999776482582,
    -0.009999999776482582,
    -0.009999999776482582,
    -0.009999999776482582,
    -0.009999999776482582,
    -0.009999999776482582,
    -0.009999999776482582,
    -0.009999999776482582,
    -0.009999999776482582,
    -0.009999999776482582,
    -0.009999999776482582,
    -0.009999999776482582,
    -0.009999999776482582,
    -0.009999999776482582,
    -0.009999999776482582,
    -0.009999999776482582
  ],
  "initial_ascii": [
    "LEGEND:",
    ";: background",
    ".: unbrushedsand",
    "o: rock",
    "p: player",
    "",
    "MAP:",
    ";;;;;;;;;;;;",
    ";;;;;;;;;;;;",
    ";;;;;;;;;;;;",
    ";;;......;;;",
    ";;;...o..;;;",
    ";;;......;;;",
    ";;;.o....;;;",
    ";p;....o.;;;",
    ";;;......;;;",
    ";;;;;;;;;;;;",
    ";;;;;;;;;;;;",
    ";;;;;;;;;;;;"
  ],
  "state_data": {
    "score": -26,
    "win": false,
    "step": 100
  },
  "heuristics": [
    -33.0,
    -33.0,
    -33.0,
    -32.0,
    -31.0,
    -30.0,
    -29.0,
    -28.0,
    -27.0,
    -26.0,
    -26.0,
    -26.0,
    -26.0,
    -26.0,
    -26.0,
    -26.0,
    -26.0,
    -26.0,
    -26.0,
    -26.0,
    -26.0,
    -26.0,
    -26.0,
    -26.0,
    -26.0,
    -26.0,
    -26.0,
    -26.0,
    -26.0,
    -26.0,
    -26.0,
    -26.0,
    -26.0,
    -26.0,
    -26.0,
    -26.0,
    -26.0,
    -26.0,
    -26.0,
    -26.0,
    -26.0,
    -26.0,
    -26.0,
    -26.0,
    -26.0,
    -26.0,
    -26.0,
    -26.0,
    -26.0,
    -26.0,
    -26.0,
    -26.0,
    -26.0,
    -26.0,
    -26.0,
    -26.0,
    -26.0,
    -26.0,
    -26.0,
    -26.0,
    -26.0,
    -26.0,
    -26.0,
    -26.0,
    -26.0,
    -26.0,
    -26.0,
    -26.0,
    -26.0,
    -26.0,
    -26.0,
    -26.0,
    -26.0,
    -26.0,
    -26.0,
    -26.0,
    -26.0,
    -26.0,
    -26.0,
    -26.0,
    -26.0,
    -26.0,
    -26.0,
    -26.0,
    -26.0,
    -26.0,
    -26.0,
    -26.0,
    -26.0,
    -26.0,
    -26.0,
    -26.0,
    -26.0,
    -26.0,
    -26.0,
    -26.0,
    -26.0,
    -26.0,
    -26.0,
    -26.0
  ],
  "final_ascii": [
    "LEGEND:",
    ";: background",
    ".: unbrushedsand",
    "o: rock",
    "p: player",
    "\u1fed: hbrushedsand",
    "\u274c: vbrushedsand",
    "",
    "MAP:",
    ";;;;;;;;;;;;",
    ";;;;;;;;;;;;",
    ";;;;;;;;;;;;",
    ";;;......;;;",
    ";;;...o..;;;",
    ";;;......;;p",
    ";;;.o.\u1fed\u1fed\u1fed;;;",
    ";;;\u1fed\u1fed\u1fed\u274co.;;;",
    ";;;......;;;",
    ";;;;;;;;;;;;",
    ";;;;;;;;;;;;",
    ";;;;;;;;;;;;"
  ]
}