{
  "model": "deepseek",
  "game": "slidings",
  "level": 5,
  "run": 2,
  "win": true,
  "action_sequence": [
    3,
    2,
    1,
    3,
    1,
    1,
    1,
    1,
    1,
    3,
    1,
    2,
    2,
    4,
    1
  ],
  "reward_sequence": [
    -0.009999999776482582,
    0.9900000095367432,
    -0.009999999776482582,
    -0.009999999776482582,
    -0.009999999776482582,
    -0.009999999776482582,
    -0.009999999776482582,
    -0.009999999776482582,
    -0.009999999776482582,
    -0.009999999776482582,
    -0.009999999776482582,
    -3.009999990463257,
    -0.009999999776482582,
    3.990000009536743,
    3.990000009536743
  ],
  "initial_ascii": [
    "LEGEND:",
    "#: wall",
    "m: count",
    "n: countend",
    "p: player",
    ".: background",
    "a: balla",
    "o: target",
    "b: ballb",
    "e: ballc, overwall",
    "",
    "MAP:",
    "#mmmmmmmn",
    "#p.a....#",
    "#.......#",
    "#.......#",
    "#..o#...#",
    "#.......#",
    "#.......#",
    "#b......#",
    "########e"
  ],
  "state_data": {
    "score": 0,
    "win": true,
    "step": 15
  },
  "heuristics": [
    -5.0,
    -4.0,
    -4.0,
    -4.0,
    -4.0,
    -4.0,
    -4.0,
    -4.0,
    -4.0,
    -4.0,
    -4.0,
    -7.0,
    -7.0,
    -3.0,
    0.0
  ],
  "final_ascii": [
    "LEGEND:",
    "#: wall",
    ".: background",
    "o: target",
    "a: balla",
    "\u234d: deadplayer",
    "c: ballc",
    "d: ballb, overwall",
    "",
    "MAP:",
    "#########",
    "#.......#",
    "#.......#",
    "#.......#",
    "#..o#...#",
    "#.......#",
    "#.......#",
    "#a.\u234d...c#",
    "########d"
  ]
}