{
  "model": "deepseek",
  "game": "slidings",
  "level": 3,
  "run": 6,
  "win": true,
  "action_sequence": [
    3,
    1,
    4,
    4,
    3,
    4,
    4,
    1,
    4,
    4,
    1,
    4,
    1,
    1,
    2,
    4,
    1,
    2,
    4,
    4,
    1,
    2,
    1,
    1,
    1,
    1,
    1,
    1,
    4,
    1,
    4,
    1,
    3,
    4,
    2,
    2,
    1,
    3
  ],
  "reward_sequence": [
    -0.009999999776482582,
    -0.009999999776482582,
    0.9900000095367432,
    -1.0099999904632568,
    -0.009999999776482582,
    0.9900000095367432,
    -1.0099999904632568,
    -0.009999999776482582,
    0.9900000095367432,
    -1.0099999904632568,
    -0.009999999776482582,
    0.9900000095367432,
    -0.009999999776482582,
    -0.009999999776482582,
    -0.009999999776482582,
    -1.0099999904632568,
    -0.009999999776482582,
    -0.009999999776482582,
    0.9900000095367432,
    -1.0099999904632568,
    -0.009999999776482582,
    -0.009999999776482582,
    -0.009999999776482582,
    -0.009999999776482582,
    -0.009999999776482582,
    -0.009999999776482582,
    -0.009999999776482582,
    -0.009999999776482582,
    0.9900000095367432,
    -0.009999999776482582,
    -1.0099999904632568,
    -0.009999999776482582,
    -0.009999999776482582,
    0.9900000095367432,
    -0.009999999776482582,
    -0.009999999776482582,
    -0.009999999776482582,
    2.990000009536743
  ],
  "initial_ascii": [
    "LEGEND:",
    "#: wall",
    "m: count",
    "n: countend",
    "p: player",
    ".: background",
    "o: target",
    "a: balla",
    "d: ballb, overwall",
    "e: ballc, overwall",
    "",
    "MAP:",
    "#mmmmn#",
    "#p....#",
    "#..o..#",
    "#.a####",
    "d#####e"
  ],
  "state_data": {
    "score": 0,
    "win": true,
    "step": 38
  },
  "heuristics": [
    -3.0,
    -3.0,
    -2.0,
    -3.0,
    -3.0,
    -2.0,
    -3.0,
    -3.0,
    -2.0,
    -3.0,
    -3.0,
    -2.0,
    -2.0,
    -2.0,
    -2.0,
    -3.0,
    -3.0,
    -3.0,
    -2.0,
    -3.0,
    -3.0,
    -3.0,
    -3.0,
    -3.0,
    -3.0,
    -3.0,
    -3.0,
    -3.0,
    -2.0,
    -2.0,
    -3.0,
    -3.0,
    -3.0,
    -2.0,
    -2.0,
    -2.0,
    -2.0,
    0.0
  ],
  "final_ascii": [
    "LEGEND:",
    "#: wall",
    "c: ballc",
    "\u1504: deadplayer",
    ".: background",
    "o: target",
    "t: balla, overwall",
    "d: ballb, overwall",
    "",
    "MAP:",
    "#######",
    "#c\u1504...#",
    "#..o..#",
    "#..####",
    "t#####d"
  ]
}