{
  "model": "qwen",
  "game": "kettle",
  "level": 2,
  "run": 9,
  "win": false,
  "action_sequence": [
    1,
    3,
    0,
    4,
    3,
    3,
    3,
    3,
    3,
    2,
    4,
    1,
    1,
    2,
    1,
    2,
    3,
    1,
    3,
    3,
    3,
    3,
    2,
    3,
    3,
    4,
    1,
    3,
    1,
    0,
    2,
    3,
    2,
    1,
    3,
    2,
    4,
    4,
    1,
    3,
    1,
    2,
    3,
    3,
    3,
    3,
    3,
    1,
    1,
    4,
    3,
    3,
    1,
    4,
    0,
    4,
    2,
    4,
    3,
    3,
    0,
    3,
    4,
    1,
    2,
    1,
    3,
    4,
    4,
    3,
    4,
    3,
    3,
    3,
    1,
    0,
    3,
    3,
    4,
    3,
    0,
    3,
    3,
    3,
    1,
    3,
    4,
    4,
    3,
    1,
    4,
    1,
    4,
    1,
    1,
    1,
    1,
    1,
    1,
    3
  ],
  "reward_sequence": [
    -0.009999999776482582,
    1.9900000095367432,
    0.9900000095367432,
    -0.009999999776482582,
    -0.009999999776482582,
    -0.009999999776482582,
    -0.009999999776482582,
    -0.009999999776482582,
    -0.009999999776482582,
    -0.009999999776482582,
    -0.009999999776482582,
    -0.009999999776482582,
    -0.009999999776482582,
    -0.009999999776482582,
    -0.009999999776482582,
    -0.009999999776482582,
    -0.009999999776482582,
    -0.009999999776482582,
    -0.009999999776482582,
    -0.009999999776482582,
    -0.009999999776482582,
    -0.009999999776482582,
    -0.009999999776482582,
    -0.009999999776482582,
    -0.009999999776482582,
    -0.009999999776482582,
    -0.009999999776482582,
    -0.009999999776482582,
    -0.009999999776482582,
    -0.009999999776482582,
    -0.009999999776482582,
    -0.009999999776482582,
    -0.009999999776482582,
    -0.009999999776482582,
    -0.009999999776482582,
    -0.009999999776482582,
    -0.009999999776482582,
    -0.009999999776482582,
    -0.009999999776482582,
    -0.009999999776482582,
    -0.009999999776482582,
    -0.009999999776482582,
    -0.009999999776482582,
    -0.009999999776482582,
    -0.009999999776482582,
    -0.009999999776482582,
    -0.009999999776482582,
    -0.009999999776482582,
    -0.009999999776482582,
    -0.009999999776482582,
    -0.009999999776482582,
    -0.009999999776482582,
    -0.009999999776482582,
    -0.009999999776482582,
    -0.009999999776482582,
    -0.009999999776482582,
    -0.009999999776482582,
    -0.009999999776482582,
    -0.009999999776482582,
    -0.009999999776482582,
    -0.009999999776482582,
    -0.009999999776482582,
    -0.009999999776482582,
    -0.009999999776482582,
    -0.009999999776482582,
    -0.009999999776482582,
    -0.009999999776482582,
    -0.009999999776482582,
    -0.009999999776482582,
    -0.009999999776482582,
    -0.009999999776482582,
    -0.009999999776482582,
    -0.009999999776482582,
    -0.009999999776482582,
    -0.009999999776482582,
    -0.009999999776482582,
    -0.009999999776482582,
    -0.009999999776482582,
    -0.009999999776482582,
    -0.009999999776482582,
    -0.009999999776482582,
    -0.009999999776482582,
    -0.009999999776482582,
    -0.009999999776482582,
    -0.009999999776482582,
    -0.009999999776482582,
    -0.009999999776482582,
    -0.009999999776482582,
    -0.009999999776482582,
    -0.009999999776482582,
    -0.009999999776482582,
    -0.009999999776482582,
    -0.009999999776482582,
    -0.009999999776482582,
    -0.009999999776482582,
    -0.009999999776482582,
    -0.009999999776482582,
    -0.009999999776482582,
    -0.009999999776482582,
    -0.009999999776482582
  ],
  "initial_ascii": [
    "LEGEND:",
    "#: wall",
    ".: background",
    "l: rpolice",
    "\u1206: target, dpolice",
    "k: dpolice",
    "j: lpolice",
    "@: target, crate",
    "c: crate",
    "t: target",
    "i: upolice",
    "",
    "MAP:",
    "###############",
    "#.............#",
    "#.............#",
    "#.............#",
    "#...l\u1206\u1206\u1206\u1206kj...#",
    "#...l@@@@cj...#",
    "#...l@t@tcj...#",
    "#...lt@@@cj...#",
    "#...l.ccccj...#",
    "#....iiiii....#",
    "#.............#",
    "#.............#",
    "###############"
  ],
  "state_data": {
    "score": 12,
    "win": false,
    "step": 100
  },
  "heuristics": [
    -8.0,
    -6.0,
    -5.0,
    -5.0,
    -5.0,
    -5.0,
    -5.0,
    -5.0,
    -5.0,
    -5.0,
    -5.0,
    -5.0,
    -5.0,
    -5.0,
    -5.0,
    -5.0,
    -5.0,
    -5.0,
    -5.0,
    -5.0,
    -5.0,
    -5.0,
    -5.0,
    -5.0,
    -5.0,
    -5.0,
    -5.0,
    -5.0,
    -5.0,
    -5.0,
    -5.0,
    -5.0,
    -5.0,
    -5.0,
    -5.0,
    -5.0,
    -5.0,
    -5.0,
    -5.0,
    -5.0,
    -5.0,
    -5.0,
    -5.0,
    -5.0,
    -5.0,
    -5.0,
    -5.0,
    -5.0,
    -5.0,
    -5.0,
    -5.0,
    -5.0,
    -5.0,
    -5.0,
    -5.0,
    -5.0,
    -5.0,
    -5.0,
    -5.0,
    -5.0,
    -5.0,
    -5.0,
    -5.0,
    -5.0,
    -5.0,
    -5.0,
    -5.0,
    -5.0,
    -5.0,
    -5.0,
    -5.0,
    -5.0,
    -5.0,
    -5.0,
    -5.0,
    -5.0,
    -5.0,
    -5.0,
    -5.0,
    -5.0,
    -5.0,
    -5.0,
    -5.0,
    -5.0,
    -5.0,
    -5.0,
    -5.0,
    -5.0,
    -5.0,
    -5.0,
    -5.0,
    -5.0,
    -5.0,
    -5.0,
    -5.0,
    -5.0,
    -5.0,
    -5.0,
    -5.0,
    -5.0
  ],
  "final_ascii": [
    "LEGEND:",
    "#: wall",
    ".: background",
    "l: rpolice",
    "\u1206: target, dpolice",
    "k: dpolice",
    "j: lpolice",
    "@: target, crate",
    "c: crate",
    "i: upolice",
    "",
    "MAP:",
    "###############",
    "#.............#",
    "#.............#",
    "#.............#",
    "#...l\u1206\u1206\u1206\u1206kj...#",
    "#...l@@@@cj...#",
    "#...l@@@@cj...#",
    "#...l@@@@j....#",
    "#...liicicj...#",
    "#......i.i....#",
    "#.............#",
    "#.............#",
    "###############"
  ]
}