{
  "model": "qwen",
  "game": "atlas shrank",
  "level": 5,
  "run": 6,
  "win": false,
  "action_sequence": [
    2,
    2,
    2,
    3,
    2,
    3,
    3,
    2,
    2,
    2,
    3,
    2,
    2,
    2,
    2,
    2,
    2,
    2,
    2,
    2,
    2,
    2,
    2,
    2,
    2,
    2,
    3,
    2,
    2,
    3,
    2,
    2,
    2,
    3,
    2,
    2,
    2,
    2,
    3,
    2,
    2,
    2,
    2,
    3,
    2,
    2,
    2,
    2,
    2,
    2,
    2,
    2,
    2,
    3,
    3,
    2,
    2,
    2,
    2,
    3,
    2,
    2,
    2,
    2,
    2,
    2,
    2,
    2,
    2,
    2,
    2,
    3,
    2,
    2,
    2,
    2,
    2,
    2,
    2,
    3,
    3,
    2,
    2,
    2,
    2,
    2,
    2,
    2,
    3,
    2,
    2,
    3,
    3,
    2,
    3,
    2,
    2,
    2,
    2,
    2
  ],
  "reward_sequence": [
    0.9900000095367432,
    0.9900000095367432,
    0.9900000095367432,
    -0.009999999776482582,
    0.9900000095367432,
    -0.009999999776482582,
    -0.009999999776482582,
    1.9900000095367432,
    1.9900000095367432,
    -0.009999999776482582,
    -0.009999999776482582,
    -0.009999999776482582,
    -0.009999999776482582,
    -0.009999999776482582,
    -0.009999999776482582,
    -0.009999999776482582,
    -0.009999999776482582,
    -0.009999999776482582,
    -0.009999999776482582,
    -0.009999999776482582,
    -0.009999999776482582,
    -0.009999999776482582,
    -0.009999999776482582,
    -0.009999999776482582,
    -0.009999999776482582,
    -0.009999999776482582,
    -0.009999999776482582,
    -0.009999999776482582,
    -0.009999999776482582,
    -0.009999999776482582,
    -0.009999999776482582,
    -0.009999999776482582,
    -0.009999999776482582,
    -0.009999999776482582,
    -0.009999999776482582,
    -0.009999999776482582,
    -0.009999999776482582,
    -0.009999999776482582,
    -0.009999999776482582,
    -0.009999999776482582,
    -0.009999999776482582,
    -0.009999999776482582,
    -0.009999999776482582,
    -0.009999999776482582,
    -0.009999999776482582,
    -0.009999999776482582,
    -0.009999999776482582,
    -0.009999999776482582,
    -0.009999999776482582,
    -0.009999999776482582,
    -0.009999999776482582,
    -0.009999999776482582,
    -0.009999999776482582,
    -0.009999999776482582,
    -0.009999999776482582,
    -0.009999999776482582,
    -0.009999999776482582,
    -0.009999999776482582,
    -0.009999999776482582,
    -0.009999999776482582,
    -0.009999999776482582,
    -0.009999999776482582,
    -0.009999999776482582,
    -0.009999999776482582,
    -0.009999999776482582,
    -0.009999999776482582,
    -0.009999999776482582,
    -0.009999999776482582,
    -0.009999999776482582,
    -0.009999999776482582,
    -0.009999999776482582,
    -0.009999999776482582,
    -0.009999999776482582,
    -0.009999999776482582,
    -0.009999999776482582,
    -0.009999999776482582,
    -0.009999999776482582,
    -0.009999999776482582,
    -0.009999999776482582,
    -0.009999999776482582,
    -0.009999999776482582,
    -0.009999999776482582,
    -0.009999999776482582,
    -0.009999999776482582,
    -0.009999999776482582,
    -0.009999999776482582,
    -0.009999999776482582,
    -0.009999999776482582,
    -0.009999999776482582,
    -0.009999999776482582,
    -0.009999999776482582,
    -0.009999999776482582,
    -0.009999999776482582,
    -0.009999999776482582,
    -0.009999999776482582,
    -0.009999999776482582,
    -0.009999999776482582,
    -0.009999999776482582,
    -0.009999999776482582,
    -0.009999999776482582
  ],
  "initial_ascii": [
    "LEGEND:",
    "#: wallsolo",
    "\u1c3c: wallu",
    "\u01aa: wallrl",
    "\u0fcc: dooro",
    "\u0416: walll",
    "\u01fc: wallr",
    "*: crate, massive",
    ".: background",
    "\u2035: wallud",
    "\u176e: walld",
    "o: exit",
    "\u04d3: playerr",
    "@: crate, switch, massive",
    "\u1ebe: wallm",
    "",
    "MAP:",
    "#\u1c3c\u01aa\u1c3c\u01aa#\u0fcc#\u01aa\u01aa\u01aa\u01aa\u01aa\u01aa\u1c3c\u01aa\u01aa#",
    "\u0416\u01fc*#..\u0fcc.......#..\u2035",
    "\u0416\u176e#...\u0fcc*......\u0fcc.o\u2035",
    "\u2035.....##.....*\u0fcc.#\u01fc",
    "\u2035....#\u0fcc.\u04d3.@..#\u0fcc..\u2035",
    "\u2035...##\u0fcc#\u01aa\u01aa\u01aa\u01aa\u1c3c\u1ebe\u1c3c\u1c3c\u1c3c\u01fc",
    "\u2035*..*.\u0fcc.....\u0416\u176e\u176e\u176e\u176e\u01fc",
    "\u0416\u1c3c\u1c3c\u1c3c\u1c3c#\u0fcc.....#....\u2035",
    "\u0416\u1ebe\u1ebe\u1ebe\u1ebe\u01fc\u0fcc......*...\u2035",
    "\u0416\u1ebe\u1ebe\u1ebe\u1ebe\u01fc.#*....##..\u2035",
    "#\u176e\u176e\u176e\u176e#.#\u01aa\u01aa\u01aa\u01aa\u01aa\u176e\u176e\u01aa\u01aa#"
  ],
  "state_data": {
    "score": 0,
    "win": false,
    "step": 100
  },
  "heuristics": [
    -10.0,
    -9.0,
    -8.0,
    -8.0,
    -7.0,
    -7.0,
    -7.0,
    -5.0,
    -3.0,
    -3.0,
    -3.0,
    -3.0,
    -3.0,
    -3.0,
    -3.0,
    -3.0,
    -3.0,
    -3.0,
    -3.0,
    -3.0,
    -3.0,
    -3.0,
    -3.0,
    -3.0,
    -3.0,
    -3.0,
    -3.0,
    -3.0,
    -3.0,
    -3.0,
    -3.0,
    -3.0,
    -3.0,
    -3.0,
    -3.0,
    -3.0,
    -3.0,
    -3.0,
    -3.0,
    -3.0,
    -3.0,
    -3.0,
    -3.0,
    -3.0,
    -3.0,
    -3.0,
    -3.0,
    -3.0,
    -3.0,
    -3.0,
    -3.0,
    -3.0,
    -3.0,
    -3.0,
    -3.0,
    -3.0,
    -3.0,
    -3.0,
    -3.0,
    -3.0,
    -3.0,
    -3.0,
    -3.0,
    -3.0,
    -3.0,
    -3.0,
    -3.0,
    -3.0,
    -3.0,
    -3.0,
    -3.0,
    -3.0,
    -3.0,
    -3.0,
    -3.0,
    -3.0,
    -3.0,
    -3.0,
    -3.0,
    -3.0,
    -3.0,
    -3.0,
    -3.0,
    -3.0,
    -3.0,
    -3.0,
    -3.0,
    -3.0,
    -3.0,
    -3.0,
    -3.0,
    -3.0,
    -3.0,
    -3.0,
    -3.0,
    -3.0,
    -3.0,
    -3.0,
    -3.0,
    -3.0
  ],
  "final_ascii": [
    "LEGEND:",
    "#: wallsolo",
    "\u1c3c: wallu",
    "\u01aa: wallrl",
    "x: door",
    "\u0416: walll",
    "\u01fc: wallr",
    "*: crate, massive",
    ".: background",
    "\u2035: wallud",
    "\u176e: walld",
    "\u04d3: playerr",
    "o: exit",
    "t: switch",
    "\u1ebe: wallm",
    "",
    "MAP:",
    "#\u1c3c\u01aa\u1c3c\u01aa#x#\u01aa\u01aa\u01aa\u01aa\u01aa\u01aa\u1c3c\u01aa\u01aa#",
    "\u0416\u01fc*#..x.......#..\u2035",
    "\u0416\u176e#...x*.....\u04d3x.o\u2035",
    "\u2035.....##.....*x.#\u01fc",
    "\u2035....#x...t.*#x..\u2035",
    "\u2035...##x#\u01aa\u01aa\u01aa\u01aa\u1c3c\u1ebe\u1c3c\u1c3c\u1c3c\u01fc",
    "\u2035*..*.x.....\u0416\u176e\u176e\u176e\u176e\u01fc",
    "\u0416\u1c3c\u1c3c\u1c3c\u1c3c#x.....#....\u2035",
    "\u0416\u1ebe\u1ebe\u1ebe\u1ebe\u01fcx......*...\u2035",
    "\u0416\u1ebe\u1ebe\u1ebe\u1ebe\u01fc.#*....##..\u2035",
    "#\u176e\u176e\u176e\u176e#.#\u01aa\u01aa\u01aa\u01aa\u01aa\u176e\u176e\u01aa\u01aa#"
  ]
}