{
  "model": "qwen",
  "game": "atlas shrank",
  "level": 2,
  "run": 6,
  "win": false,
  "action_sequence": [
    2,
    2,
    2,
    2,
    2,
    2,
    2,
    2,
    2,
    2,
    2,
    2,
    2,
    2,
    2,
    2,
    2,
    2,
    2,
    2,
    2,
    2,
    2,
    2,
    2,
    2,
    2,
    2,
    2,
    2,
    2,
    2,
    2,
    2,
    2,
    2,
    2,
    2,
    2,
    2,
    2,
    2,
    2,
    2,
    2,
    2,
    2,
    2,
    2,
    2,
    2,
    2,
    2,
    2,
    2,
    2,
    2,
    2,
    2,
    2,
    2,
    2,
    2,
    2,
    2,
    2,
    2,
    2,
    2,
    2,
    2,
    2,
    2,
    2,
    2,
    2,
    2,
    2,
    2,
    2,
    2,
    2,
    2,
    2,
    2,
    2,
    2,
    2,
    2,
    2,
    2,
    2,
    2,
    2,
    2,
    2,
    2,
    2,
    2,
    2
  ],
  "reward_sequence": [
    -0.009999999776482582,
    -0.009999999776482582,
    -0.009999999776482582,
    -0.009999999776482582,
    -0.009999999776482582,
    -0.009999999776482582,
    -0.009999999776482582,
    -0.009999999776482582,
    -0.009999999776482582,
    -0.009999999776482582,
    -0.009999999776482582,
    -0.009999999776482582,
    -0.009999999776482582,
    -0.009999999776482582,
    -0.009999999776482582,
    -0.009999999776482582,
    -0.009999999776482582,
    -0.009999999776482582,
    -0.009999999776482582,
    -0.009999999776482582,
    -0.009999999776482582,
    -0.009999999776482582,
    -0.009999999776482582,
    -0.009999999776482582,
    -0.009999999776482582,
    -0.009999999776482582,
    -0.009999999776482582,
    -0.009999999776482582,
    -0.009999999776482582,
    -0.009999999776482582,
    -0.009999999776482582,
    -0.009999999776482582,
    -0.009999999776482582,
    -0.009999999776482582,
    -0.009999999776482582,
    -0.009999999776482582,
    -0.009999999776482582,
    -0.009999999776482582,
    -0.009999999776482582,
    -0.009999999776482582,
    -0.009999999776482582,
    -0.009999999776482582,
    -0.009999999776482582,
    -0.009999999776482582,
    -0.009999999776482582,
    -0.009999999776482582,
    -0.009999999776482582,
    -0.009999999776482582,
    -0.009999999776482582,
    -0.009999999776482582,
    -0.009999999776482582,
    -0.009999999776482582,
    -0.009999999776482582,
    -0.009999999776482582,
    -0.009999999776482582,
    -0.009999999776482582,
    -0.009999999776482582,
    -0.009999999776482582,
    -0.009999999776482582,
    -0.009999999776482582,
    -0.009999999776482582,
    -0.009999999776482582,
    -0.009999999776482582,
    -0.009999999776482582,
    -0.009999999776482582,
    -0.009999999776482582,
    -0.009999999776482582,
    -0.009999999776482582,
    -0.009999999776482582,
    -0.009999999776482582,
    -0.009999999776482582,
    -0.009999999776482582,
    -0.009999999776482582,
    -0.009999999776482582,
    -0.009999999776482582,
    -0.009999999776482582,
    -0.009999999776482582,
    -0.009999999776482582,
    -0.009999999776482582,
    -0.009999999776482582,
    -0.009999999776482582,
    -0.009999999776482582,
    -0.009999999776482582,
    -0.009999999776482582,
    -0.009999999776482582,
    -0.009999999776482582,
    -0.009999999776482582,
    -0.009999999776482582,
    -0.009999999776482582,
    -0.009999999776482582,
    -0.009999999776482582,
    -0.009999999776482582,
    -0.009999999776482582,
    -0.009999999776482582,
    -0.009999999776482582,
    -0.009999999776482582,
    -0.009999999776482582,
    -0.009999999776482582,
    -0.009999999776482582,
    -0.009999999776482582
  ],
  "initial_ascii": [
    "LEGEND:",
    "#: wallsolo",
    "\u1c3c: wallu",
    "\u01aa: wallrl",
    "\u0416: walll",
    "\u1ebe: wallm",
    "\u176e: walld",
    "\u01fc: wallr",
    ".: background",
    "\u2035: wallud",
    "*: crate, massive",
    "o: exit",
    "\u04d3: playerr",
    "",
    "MAP:",
    "#\u1c3c\u1c3c\u1c3c\u1c3c\u1c3c\u1c3c\u1c3c\u1c3c\u1c3c\u1c3c\u1c3c\u01aa\u01aa\u01aa\u01aa\u01aa#",
    "\u0416\u1ebe\u1ebe\u1ebe\u1ebe\u1ebe\u1ebe\u1ebe\u1ebe\u176e\u1ebe\u01fc.....\u2035",
    "\u0416\u1ebe\u1ebe\u1ebe\u1ebe\u1ebe\u1ebe\u1ebe\u01fc*\u0416\u01fc.....\u2035",
    "\u0416\u1ebe\u1ebe\u1ebe\u176e\u176e\u176e\u176e#*##.....\u2035",
    "\u0416\u1ebe\u1ebe\u01fc.....*....o..\u2035",
    "\u0416\u1ebe\u1ebe\u01fc.....*.#\u1c3c\u1c3c\u1c3c\u1c3c\u1c3c\u01fc",
    "\u0416\u1ebe\u1ebe\u01fc.....*.\u0416\u1ebe\u1ebe\u1ebe\u1ebe\u1ebe\u01fc",
    "\u0416\u1ebe\u1ebe\u01fc.....*#\u1ebe\u1ebe\u1ebe\u1ebe\u1ebe\u1ebe\u01fc",
    "\u0416\u1ebe\u1ebe\u1ebe#....*\u0416\u1ebe\u1ebe\u1ebe\u1ebe\u1ebe\u1ebe\u01fc",
    "\u0416\u1ebe\u1ebe\u1ebe\u1ebe#..\u04d3*\u0416\u1ebe\u1ebe\u1ebe\u1ebe\u1ebe\u1ebe\u01fc",
    "#\u176e\u176e\u176e\u176e\u176e\u01aa\u01aa\u01aa\u01aa\u176e\u176e\u176e\u176e\u176e\u176e\u176e#"
  ],
  "state_data": {
    "score": 0,
    "win": false,
    "step": 100
  },
  "heuristics": [
    -11.0,
    -11.0,
    -11.0,
    -11.0,
    -11.0,
    -11.0,
    -11.0,
    -11.0,
    -11.0,
    -11.0,
    -11.0,
    -11.0,
    -11.0,
    -11.0,
    -11.0,
    -11.0,
    -11.0,
    -11.0,
    -11.0,
    -11.0,
    -11.0,
    -11.0,
    -11.0,
    -11.0,
    -11.0,
    -11.0,
    -11.0,
    -11.0,
    -11.0,
    -11.0,
    -11.0,
    -11.0,
    -11.0,
    -11.0,
    -11.0,
    -11.0,
    -11.0,
    -11.0,
    -11.0,
    -11.0,
    -11.0,
    -11.0,
    -11.0,
    -11.0,
    -11.0,
    -11.0,
    -11.0,
    -11.0,
    -11.0,
    -11.0,
    -11.0,
    -11.0,
    -11.0,
    -11.0,
    -11.0,
    -11.0,
    -11.0,
    -11.0,
    -11.0,
    -11.0,
    -11.0,
    -11.0,
    -11.0,
    -11.0,
    -11.0,
    -11.0,
    -11.0,
    -11.0,
    -11.0,
    -11.0,
    -11.0,
    -11.0,
    -11.0,
    -11.0,
    -11.0,
    -11.0,
    -11.0,
    -11.0,
    -11.0,
    -11.0,
    -11.0,
    -11.0,
    -11.0,
    -11.0,
    -11.0,
    -11.0,
    -11.0,
    -11.0,
    -11.0,
    -11.0,
    -11.0,
    -11.0,
    -11.0,
    -11.0,
    -11.0,
    -11.0,
    -11.0,
    -11.0,
    -11.0,
    -11.0
  ],
  "final_ascii": [
    "LEGEND:",
    "#: wallsolo",
    "\u1c3c: wallu",
    "\u01aa: wallrl",
    "\u0416: walll",
    "\u1ebe: wallm",
    "\u176e: walld",
    "\u01fc: wallr",
    ".: background",
    "\u2035: wallud",
    "*: crate, massive",
    "o: exit",
    "\u04d3: playerr",
    "",
    "MAP:",
    "#\u1c3c\u1c3c\u1c3c\u1c3c\u1c3c\u1c3c\u1c3c\u1c3c\u1c3c\u1c3c\u1c3c\u01aa\u01aa\u01aa\u01aa\u01aa#",
    "\u0416\u1ebe\u1ebe\u1ebe\u1ebe\u1ebe\u1ebe\u1ebe\u1ebe\u176e\u1ebe\u01fc.....\u2035",
    "\u0416\u1ebe\u1ebe\u1ebe\u1ebe\u1ebe\u1ebe\u1ebe\u01fc*\u0416\u01fc.....\u2035",
    "\u0416\u1ebe\u1ebe\u1ebe\u176e\u176e\u176e\u176e#*##.....\u2035",
    "\u0416\u1ebe\u1ebe\u01fc.....*....o..\u2035",
    "\u0416\u1ebe\u1ebe\u01fc.....*.#\u1c3c\u1c3c\u1c3c\u1c3c\u1c3c\u01fc",
    "\u0416\u1ebe\u1ebe\u01fc.....*.\u0416\u1ebe\u1ebe\u1ebe\u1ebe\u1ebe\u01fc",
    "\u0416\u1ebe\u1ebe\u01fc.....*#\u1ebe\u1ebe\u1ebe\u1ebe\u1ebe\u1ebe\u01fc",
    "\u0416\u1ebe\u1ebe\u1ebe#....*\u0416\u1ebe\u1ebe\u1ebe\u1ebe\u1ebe\u1ebe\u01fc",
    "\u0416\u1ebe\u1ebe\u1ebe\u1ebe#..\u04d3*\u0416\u1ebe\u1ebe\u1ebe\u1ebe\u1ebe\u1ebe\u01fc",
    "#\u176e\u176e\u176e\u176e\u176e\u01aa\u01aa\u01aa\u01aa\u176e\u176e\u176e\u176e\u176e\u176e\u176e#"
  ]
}