{
  "model": "qwen",
  "game": "Travelling_salesman",
  "level": 11,
  "run": 10,
  "win": false,
  "action_sequence": [
    3,
    2,
    2,
    2,
    2,
    2,
    2,
    2,
    2,
    2,
    2,
    2,
    2,
    2,
    2,
    2,
    2,
    2,
    2,
    2,
    2,
    2,
    2,
    2,
    2,
    2,
    2,
    2,
    2,
    2,
    2,
    2,
    2,
    2,
    2,
    2,
    2,
    2,
    2,
    2,
    2,
    2,
    2,
    2,
    2,
    2,
    2,
    2,
    2,
    2,
    2,
    2,
    2,
    2,
    2,
    2,
    2,
    2,
    2,
    2,
    2,
    2,
    2,
    2,
    2,
    2,
    2,
    2,
    2,
    2,
    2,
    2,
    2,
    2,
    2,
    2,
    2,
    2,
    2,
    2,
    2,
    2,
    2,
    2,
    2,
    2,
    2,
    2,
    2,
    2,
    2,
    2,
    2,
    2,
    2,
    2,
    2,
    2,
    2,
    2
  ],
  "reward_sequence": [
    1.9900000095367432,
    0.9900000095367432,
    -0.009999999776482582,
    -0.009999999776482582,
    -0.009999999776482582,
    -0.009999999776482582,
    -0.009999999776482582,
    -0.009999999776482582,
    -0.009999999776482582,
    -0.009999999776482582,
    -0.009999999776482582,
    -0.009999999776482582,
    -0.009999999776482582,
    -0.009999999776482582,
    -0.009999999776482582,
    -0.009999999776482582,
    -0.009999999776482582,
    -0.009999999776482582,
    -0.009999999776482582,
    -0.009999999776482582,
    -0.009999999776482582,
    -0.009999999776482582,
    -0.009999999776482582,
    -0.009999999776482582,
    -0.009999999776482582,
    -0.009999999776482582,
    -0.009999999776482582,
    -0.009999999776482582,
    -0.009999999776482582,
    -0.009999999776482582,
    -0.009999999776482582,
    -0.009999999776482582,
    -0.009999999776482582,
    -0.009999999776482582,
    -0.009999999776482582,
    -0.009999999776482582,
    -0.009999999776482582,
    -0.009999999776482582,
    -0.009999999776482582,
    -0.009999999776482582,
    -0.009999999776482582,
    -0.009999999776482582,
    -0.009999999776482582,
    -0.009999999776482582,
    -0.009999999776482582,
    -0.009999999776482582,
    -0.009999999776482582,
    -0.009999999776482582,
    -0.009999999776482582,
    -0.009999999776482582,
    -0.009999999776482582,
    -0.009999999776482582,
    -0.009999999776482582,
    -0.009999999776482582,
    -0.009999999776482582,
    -0.009999999776482582,
    -0.009999999776482582,
    -0.009999999776482582,
    -0.009999999776482582,
    -0.009999999776482582,
    -0.009999999776482582,
    -0.009999999776482582,
    -0.009999999776482582,
    -0.009999999776482582,
    -0.009999999776482582,
    -0.009999999776482582,
    -0.009999999776482582,
    -0.009999999776482582,
    -0.009999999776482582,
    -0.009999999776482582,
    -0.009999999776482582,
    -0.009999999776482582,
    -0.009999999776482582,
    -0.009999999776482582,
    -0.009999999776482582,
    -0.009999999776482582,
    -0.009999999776482582,
    -0.009999999776482582,
    -0.009999999776482582,
    -0.009999999776482582,
    -0.009999999776482582,
    -0.009999999776482582,
    -0.009999999776482582,
    -0.009999999776482582,
    -0.009999999776482582,
    -0.009999999776482582,
    -0.009999999776482582,
    -0.009999999776482582,
    -0.009999999776482582,
    -0.009999999776482582,
    -0.009999999776482582,
    -0.009999999776482582,
    -0.009999999776482582,
    -0.009999999776482582,
    -0.009999999776482582,
    -0.009999999776482582,
    -0.009999999776482582,
    -0.009999999776482582,
    -0.009999999776482582,
    -0.009999999776482582
  ],
  "initial_ascii": [
    "LEGEND:",
    "o: node",
    "-: hlink",
    ".: background",
    "|: vlink",
    "\u0da6: nodeseen, player",
    "\u20b2: vlinkseen",
    "\u2677: nodeseen",
    "",
    "MAP:",
    "o-o.o-o.....o-o-o-o.",
    "|.|.|.|.....|...|.|.",
    "o.o-o.o-o-o-o.\u0da6-o.o.",
    "|.|.|.|...|.|.\u20b2.|.|.",
    "o.o-o-o-o-o-o-\u2677.o.o.",
    "|.|...|.....|.|.|.|.",
    "o-o.o-o.....o-o.o-o.",
    "..|.|.........|.|...",
    "..o.o.........o-o...",
    "..|.|...........|...",
    "..o-o.........o-o...",
    "..|.|.........|.|...",
    "o-o.o-o.....o-o-o-o.",
    "|.....|.....|...|.|.",
    "o-o-o-o-o-o-o-o-o.o.",
    "|...|.|...|.....|.|.",
    "o-o-o.o-o-o-o.o-o.o.",
    "|.....|.....|.|.|.|.",
    "o-o-o-o.....o-o-o-o."
  ],
  "state_data": {
    "score": -77,
    "win": false,
    "step": 100
  },
  "heuristics": [
    -78.0,
    -77.0,
    -77.0,
    -77.0,
    -77.0,
    -77.0,
    -77.0,
    -77.0,
    -77.0,
    -77.0,
    -77.0,
    -77.0,
    -77.0,
    -77.0,
    -77.0,
    -77.0,
    -77.0,
    -77.0,
    -77.0,
    -77.0,
    -77.0,
    -77.0,
    -77.0,
    -77.0,
    -77.0,
    -77.0,
    -77.0,
    -77.0,
    -77.0,
    -77.0,
    -77.0,
    -77.0,
    -77.0,
    -77.0,
    -77.0,
    -77.0,
    -77.0,
    -77.0,
    -77.0,
    -77.0,
    -77.0,
    -77.0,
    -77.0,
    -77.0,
    -77.0,
    -77.0,
    -77.0,
    -77.0,
    -77.0,
    -77.0,
    -77.0,
    -77.0,
    -77.0,
    -77.0,
    -77.0,
    -77.0,
    -77.0,
    -77.0,
    -77.0,
    -77.0,
    -77.0,
    -77.0,
    -77.0,
    -77.0,
    -77.0,
    -77.0,
    -77.0,
    -77.0,
    -77.0,
    -77.0,
    -77.0,
    -77.0,
    -77.0,
    -77.0,
    -77.0,
    -77.0,
    -77.0,
    -77.0,
    -77.0,
    -77.0,
    -77.0,
    -77.0,
    -77.0,
    -77.0,
    -77.0,
    -77.0,
    -77.0,
    -77.0,
    -77.0,
    -77.0,
    -77.0,
    -77.0,
    -77.0,
    -77.0,
    -77.0,
    -77.0,
    -77.0,
    -77.0,
    -77.0,
    -77.0
  ],
  "final_ascii": [
    "LEGEND:",
    "o: node",
    "-: hlink",
    ".: background",
    "|: vlink",
    "\u2677: nodeseen",
    "\u2926: hlinkseen",
    "\u0da6: nodeseen, player",
    "\u20b2: vlinkseen",
    "",
    "MAP:",
    "o-o.o-o.....o-o-o-o.",
    "|.|.|.|.....|...|.|.",
    "o.o-o.o-o-o-o.\u2677\u2926\u0da6.o.",
    "|.|.|.|...|.|.\u20b2.|.|.",
    "o.o-o-o-o-o-o-\u2677.o.o.",
    "|.|...|.....|.|.|.|.",
    "o-o.o-o.....o-o.o-o.",
    "..|.|.........|.|...",
    "..o.o.........o-o...",
    "..|.|...........|...",
    "..o-o.........o-o...",
    "..|.|.........|.|...",
    "o-o.o-o.....o-o-o-o.",
    "|.....|.....|...|.|.",
    "o-o-o-o-o-o-o-o-o.o.",
    "|...|.|...|.....|.|.",
    "o-o-o.o-o-o-o.o-o.o.",
    "|.....|.....|.|.|.|.",
    "o-o-o-o.....o-o-o-o."
  ]
}