{
  "model": "qwen",
  "game": "atlas shrank",
  "level": 10,
  "run": 4,
  "win": false,
  "action_sequence": [
    2,
    2,
    2,
    2,
    2,
    2,
    2,
    2,
    2,
    2,
    2,
    2,
    2,
    2,
    2,
    2,
    2,
    2,
    2,
    2,
    2,
    2,
    2,
    2,
    2,
    2,
    2,
    2,
    2,
    2,
    2,
    2,
    2,
    2,
    2,
    2,
    2,
    2,
    2,
    2,
    2,
    2,
    2,
    2,
    2,
    2,
    2,
    2,
    2,
    2,
    2,
    2,
    2,
    2,
    2,
    2,
    2,
    2,
    2,
    2,
    2,
    2,
    2,
    2,
    2,
    2,
    2,
    2,
    2,
    2,
    2,
    2,
    2,
    2,
    2,
    2,
    2,
    2,
    2,
    2,
    2,
    2,
    2,
    2,
    2,
    2,
    2,
    2,
    2,
    2,
    2,
    2,
    2,
    2,
    2,
    2,
    2,
    2,
    2,
    2
  ],
  "reward_sequence": [
    -1.0099999904632568,
    -1.0099999904632568,
    -1.0099999904632568,
    -1.0099999904632568,
    -1.0099999904632568,
    -2.009999990463257,
    -1.0099999904632568,
    -1.0099999904632568,
    0.9900000095367432,
    -1.0099999904632568,
    -1.0099999904632568,
    -2.009999990463257,
    -0.009999999776482582,
    -0.009999999776482582,
    -0.009999999776482582,
    -0.009999999776482582,
    -0.009999999776482582,
    -0.009999999776482582,
    -0.009999999776482582,
    -0.009999999776482582,
    -0.009999999776482582,
    -0.009999999776482582,
    -0.009999999776482582,
    -0.009999999776482582,
    -0.009999999776482582,
    -0.009999999776482582,
    -0.009999999776482582,
    -0.009999999776482582,
    -0.009999999776482582,
    -0.009999999776482582,
    -0.009999999776482582,
    -0.009999999776482582,
    -0.009999999776482582,
    -0.009999999776482582,
    -0.009999999776482582,
    -0.009999999776482582,
    -0.009999999776482582,
    -0.009999999776482582,
    -0.009999999776482582,
    -0.009999999776482582,
    -0.009999999776482582,
    -0.009999999776482582,
    -0.009999999776482582,
    -0.009999999776482582,
    -0.009999999776482582,
    -0.009999999776482582,
    -0.009999999776482582,
    -0.009999999776482582,
    -0.009999999776482582,
    -0.009999999776482582,
    -0.009999999776482582,
    -0.009999999776482582,
    -0.009999999776482582,
    -0.009999999776482582,
    -0.009999999776482582,
    -0.009999999776482582,
    -0.009999999776482582,
    -0.009999999776482582,
    -0.009999999776482582,
    -0.009999999776482582,
    -0.009999999776482582,
    -0.009999999776482582,
    -0.009999999776482582,
    -0.009999999776482582,
    -0.009999999776482582,
    -0.009999999776482582,
    -0.009999999776482582,
    -0.009999999776482582,
    -0.009999999776482582,
    -0.009999999776482582,
    -0.009999999776482582,
    -0.009999999776482582,
    -0.009999999776482582,
    -0.009999999776482582,
    -0.009999999776482582,
    -0.009999999776482582,
    -0.009999999776482582,
    -0.009999999776482582,
    -0.009999999776482582,
    -0.009999999776482582,
    -0.009999999776482582,
    -0.009999999776482582,
    -0.009999999776482582,
    -0.009999999776482582,
    -0.009999999776482582,
    -0.009999999776482582,
    -0.009999999776482582,
    -0.009999999776482582,
    -0.009999999776482582,
    -0.009999999776482582,
    -0.009999999776482582,
    -0.009999999776482582,
    -0.009999999776482582,
    -0.009999999776482582,
    -0.009999999776482582,
    -0.009999999776482582,
    -0.009999999776482582,
    -0.009999999776482582,
    -0.009999999776482582,
    -0.009999999776482582
  ],
  "initial_ascii": [
    "LEGEND:",
    "*: crate, massive",
    "#: wallsolo",
    ".: background",
    "\u12ff: wallrl",
    "\u04aa: wallu",
    "\u239d: wallud",
    "\u196b: walll",
    "\u0c80: wallr",
    "\u2537: wallm",
    "\u26dd: walld",
    "\u104f: dooro",
    "o: exit",
    "\u12d5: playerr",
    "@: crate, switch, massive",
    "",
    "MAP:",
    "*#***#*.#...##....#...........#\u12ff\u04aa\u12ff\u04aa\u12ff\u04aa#...............*#................#",
    "*\u239d***\u239d*.....\u239d.....*...........#.#.#.#................*\u239d................\u239d",
    "*\u239d***\u196b#.....\u239d.....**...#.#....*.*.*..................#\u0c80................\u239d",
    "*\u239d***#......\u239d.....##...\u239d.\u239d....#\u04aa\u12ff\u12ff\u12ff\u04aa\u04aa#...............\u196b#................\u239d",
    "*\u239d***......*#.....#\u0c80*..\u239d.\u239d....\u196b\u0c80***#\u2537\u0c80...............\u239d*................\u239d",
    "*\u239d**#......#......*#\u12ff\u04aa\u04aa#.#\u04aa\u04aa\u04aa\u12ff\u26dd\u26dd\u12ff#**#\u0c80...............\u196b#................\u239d",
    "*\u239d**.......\u239d......***##...#\u2537#....##**\u196b\u04aa\u12ff#............##..........*.....\u239d",
    "*\u239d**.......\u239d......***......#......\u196b#*##*\u239d............\u104f\u104f..........##....\u239d",
    "#\u0c80*#\u04aa\u04aa\u04aa\u04aa\u04aa\u04aa\u04aa\u2537\u04aa\u04aa\u04aa\u04aa\u04aa#****............\u196b\u0c80****\u239d............\u104f\u104f............#...\u239d",
    "\u196b\u0c80*\u196b\u2537\u2537\u2537\u2537\u2537\u2537\u2537\u2537\u2537\u2537\u2537\u2537\u2537\u2537#****.....#..o..\u196b\u0c80*#**\u239d.\u12d5...@.@.@..\u104f\u104f....@.@.@...**..\u239d",
    "#\u26dd\u12ff\u26dd\u26dd\u26dd\u26dd\u26dd\u26dd\u26dd\u26dd\u26dd\u26dd\u26dd\u26dd\u26dd\u26dd\u26dd\u26dd\u12ff\u12ff\u12ff\u12ff\u12ff\u12ff\u12ff\u12ff\u12ff\u26dd\u12ff\u12ff\u12ff\u12ff\u12ff\u26dd#*##*#\u12ff\u12ff\u12ff\u12ff\u12ff\u12ff\u12ff\u12ff\u12ff\u12ff\u12ff\u12ff\u12ff\u12ff\u12ff\u12ff\u12ff\u12ff\u12ff\u12ff\u12ff\u12ff\u12ff\u12ff\u12ff\u12ff\u12ff\u12ff\u12ff\u12ff#"
  ],
  "state_data": {
    "score": 0,
    "win": false,
    "step": 100
  },
  "heuristics": [
    -11.0,
    -12.0,
    -13.0,
    -14.0,
    -15.0,
    -17.0,
    -18.0,
    -19.0,
    -18.0,
    -19.0,
    -20.0,
    -22.0,
    -22.0,
    -22.0,
    -22.0,
    -22.0,
    -22.0,
    -22.0,
    -22.0,
    -22.0,
    -22.0,
    -22.0,
    -22.0,
    -22.0,
    -22.0,
    -22.0,
    -22.0,
    -22.0,
    -22.0,
    -22.0,
    -22.0,
    -22.0,
    -22.0,
    -22.0,
    -22.0,
    -22.0,
    -22.0,
    -22.0,
    -22.0,
    -22.0,
    -22.0,
    -22.0,
    -22.0,
    -22.0,
    -22.0,
    -22.0,
    -22.0,
    -22.0,
    -22.0,
    -22.0,
    -22.0,
    -22.0,
    -22.0,
    -22.0,
    -22.0,
    -22.0,
    -22.0,
    -22.0,
    -22.0,
    -22.0,
    -22.0,
    -22.0,
    -22.0,
    -22.0,
    -22.0,
    -22.0,
    -22.0,
    -22.0,
    -22.0,
    -22.0,
    -22.0,
    -22.0,
    -22.0,
    -22.0,
    -22.0,
    -22.0,
    -22.0,
    -22.0,
    -22.0,
    -22.0,
    -22.0,
    -22.0,
    -22.0,
    -22.0,
    -22.0,
    -22.0,
    -22.0,
    -22.0,
    -22.0,
    -22.0,
    -22.0,
    -22.0,
    -22.0,
    -22.0,
    -22.0,
    -22.0,
    -22.0,
    -22.0,
    -22.0,
    -22.0
  ],