{
  "model": "qwen",
  "game": "atlas shrank",
  "level": 9,
  "run": 3,
  "win": false,
  "action_sequence": [
    3,
    2,
    2,
    2,
    2,
    2,
    2,
    3,
    3,
    2,
    3,
    2,
    2,
    2,
    2,
    2,
    2,
    2,
    3,
    3,
    3,
    3,
    2,
    3,
    3,
    2,
    3,
    2,
    3,
    3,
    3,
    2,
    2,
    2,
    2,
    2,
    2,
    2,
    2,
    2,
    2,
    3,
    2,
    3,
    3,
    3,
    2,
    3,
    2,
    3,
    2,
    2,
    2,
    2,
    2,
    2,
    2,
    2,
    3,
    2,
    2,
    2,
    2,
    2,
    3,
    3,
    3,
    2,
    2,
    3,
    2,
    2,
    3,
    3,
    2,
    2,
    2,
    2,
    2,
    3,
    3,
    2,
    2,
    2,
    3,
    3,
    3,
    2,
    3,
    2,
    2,
    2,
    2,
    3,
    3,
    3,
    2,
    3,
    3,
    2
  ],
  "reward_sequence": [
    -0.009999999776482582,
    -0.009999999776482582,
    -1.0099999904632568,
    -1.0099999904632568,
    -1.0099999904632568,
    -1.0099999904632568,
    -1.0099999904632568,
    -0.009999999776482582,
    -0.009999999776482582,
    -1.0099999904632568,
    -0.009999999776482582,
    -1.0099999904632568,
    -1.0099999904632568,
    -1.0099999904632568,
    -1.0099999904632568,
    -1.0099999904632568,
    -1.0099999904632568,
    -1.0099999904632568,
    -0.009999999776482582,
    -0.009999999776482582,
    -0.009999999776482582,
    -0.009999999776482582,
    -0.009999999776482582,
    -0.009999999776482582,
    -0.009999999776482582,
    -1.0099999904632568,
    -0.009999999776482582,
    -1.0099999904632568,
    -0.009999999776482582,
    -0.009999999776482582,
    -0.009999999776482582,
    -0.009999999776482582,
    -1.0099999904632568,
    -0.009999999776482582,
    -0.009999999776482582,
    -0.009999999776482582,
    -0.009999999776482582,
    -0.009999999776482582,
    -0.009999999776482582,
    -0.009999999776482582,
    -0.009999999776482582,
    -0.009999999776482582,
    -0.009999999776482582,
    -0.009999999776482582,
    -0.009999999776482582,
    -0.009999999776482582,
    -0.009999999776482582,
    -0.009999999776482582,
    -0.009999999776482582,
    -0.009999999776482582,
    -0.009999999776482582,
    -0.009999999776482582,
    -0.009999999776482582,
    -0.009999999776482582,
    -0.009999999776482582,
    -0.009999999776482582,
    -0.009999999776482582,
    -0.009999999776482582,
    -0.009999999776482582,
    -0.009999999776482582,
    -0.009999999776482582,
    -0.009999999776482582,
    -0.009999999776482582,
    -0.009999999776482582,
    -0.009999999776482582,
    -0.009999999776482582,
    -0.009999999776482582,
    -0.009999999776482582,
    -0.009999999776482582,
    -0.009999999776482582,
    -0.009999999776482582,
    -0.009999999776482582,
    -0.009999999776482582,
    -0.009999999776482582,
    -0.009999999776482582,
    -0.009999999776482582,
    -0.009999999776482582,
    -0.009999999776482582,
    -0.009999999776482582,
    -0.009999999776482582,
    -0.009999999776482582,
    -0.009999999776482582,
    -0.009999999776482582,
    -0.009999999776482582,
    -0.009999999776482582,
    -0.009999999776482582,
    -0.009999999776482582,
    -0.009999999776482582,
    -0.009999999776482582,
    -0.009999999776482582,
    -0.009999999776482582,
    -0.009999999776482582,
    -0.009999999776482582,
    -0.009999999776482582,
    -0.009999999776482582,
    -0.009999999776482582,
    -0.009999999776482582,
    -0.009999999776482582,
    -0.009999999776482582,
    -0.009999999776482582
  ],
  "initial_ascii": [
    "LEGEND:",
    ".: background",
    "#: wallsolo",
    "*: crate, massive",
    "o: exit",
    "\u199b: wallu",
    "\u2853: wallm",
    "\u0535: walld",
    "\u1253: wallud",
    "x: door",
    "\u20b1: wallrl",
    "\u27a8: walll",
    "\u124d: wallr",
    "p: players",
    "t: switch",
    "",
    "MAP:",
    ".....................##*#*****....*...................",
    "..o....##.#.#\u199b\u199b\u199b\u199b#....##******...**.........#.........",
    "..#.#\u199b\u199b\u2853\u2853\u199b\u2853\u199b\u2853\u2853\u2853\u2853\u0535\u2853#....#\u199b\u199b#*********........\u1253........*",
    "#\u199b\u2853\u199b\u2853\u0535\u0535\u0535\u0535\u0535\u0535\u0535\u0535\u0535\u0535#.\u1253.##..x#\u0535\u0535\u20b1\u20b1\u20b1\u20b1\u20b1\u20b1\u20b1\u20b1#........\u1253........#",
    "\u27a8\u2853\u2853\u0535\u124d............\u1253..\u1253..x....................\u1253.........",
    "\u27a8\u0535#.\u1253............#..#.*x....................\u1253.........",
    "\u1253.*.\u1253................#\u20b1\u20b1\u20b1#..................#.........",
    "\u1253***\u1253............#*....*..p**.........t.*..#.........*",
    "\u27a8\u20b1\u20b1\u20b1#...........#\u2853\u199b\u199b\u199b\u199b\u199b\u199b\u199b\u199b\u199b\u199b\u199b\u199b\u199b\u199b\u199b\u199b\u199b\u199b\u199b#.#\u20b1\u20b1\u20b1\u124d.........#",
    "\u1253..............#\u2853\u2853\u2853\u2853\u2853\u2853\u2853\u0535\u2853\u0535\u2853\u0535\u2853\u0535\u0535\u0535\u0535\u0535\u0535\u0535\u0535\u0535\u20b1#...##.........",
    "\u1253.............#\u2853\u2853\u2853\u2853\u2853\u2853\u2853#.\u1253.\u1253.\u1253...............\u1253**.......",
    "\u1253............#\u2853\u2853\u2853\u2853\u2853\u2853\u2853#..#.#.#...............\u27a8\u20b1\u199b#......",
    "\u1253............\u27a8\u2853\u2853\u2853\u2853\u2853\u2853\u124d..#*#*#*#..............\u1253.\u27a8\u0535\u20b1\u20b1\u20b1\u199b\u199b#",
    "\u1253............\u27a8\u2853\u2853\u2853\u2853\u0535\u0535#..#*#*#*#..............\u1253.\u1253....#\u0535\u124d",
    "\u1253*...........\u27a8\u2853\u2853\u0535#......#.#.#...............\u1253.\u1253......\u1253",
    "\u1253*.......#\u199b\u199b\u199b\u2853\u0535#........#...................\u1253.\u1253......\u1253",
    "\u1253*......#\u0535\u2853\u2853\u0535#..............................\u1253.\u1253......\u1253",
    "\u1253*.....#..##............*...................\u1253.\u1253......\u1253",
    "\u1253**...**......*.......#.#.#.#..........t....\u1253.\u1253.....#\u124d",
    "#\u20b1\u20b1\u20b1#*#\u20b1\u20b1\u20b1\u20b1\u20b1#**#\u20b1\u20b1\u20b1\u20b1\u20b1\u20b1\u0535\u20b1\u0535\u20b1\u0535\u20b1\u0535\u20b1\u20b1\u20b1\u20b1\u20b1\u20b1\u20b1\u20b1\u20b1\u20b1\u20b1\u20b1#*#\u0535\u20b1\u0535\u20b1#*#\u20b1\u0535#"
  ],
  "state_data": {
    "score": 0,
    "win": false,
    "step": 100
  },
  "heuristics": [
    -30.0,
    -30.0,
    -31.0,
    -32.0,
    -33.0,
    -34.0,
    -35.0,
    -35.0,
    -35.0,
    -36.0,
    -36.0,
    -37.0,
    -38.0,
    -39.0,
    -40.0,
    -41.0,
    -42.0,
    -43.0,
    -43.0,
    -43.0,
    -43.0,
    -43.0,
    -43.0,
    -43.0,
    -43.0,
    -44.0,
    -44.0,
    -45.0,
    -45.0,
    -45.0,
    -45.0,
    -45.0,
    -46.0,
    -46.0,
    -46.0,
    -46.0,
    -46.0,
    -46.0,
    -46.0,
    -46.0,
    -46.0,
    -46.0,
    -46.0,
    -46.0,
    -46.0,
    -46.0,
    -46.0,
    -46.0,
    -46.0,
    -46.0,
    -46.0,
    -46.0,
    -46.0,
    -46.0,
    -46.0,
    -46.0,
    -46.0,
    -46.0,
    -46.0,
    -46.0,
    -46.0,
    -46.0,
    -46.0,
    -46.0,
    -46.0,
    -46.0,
    -46.0,
    -46.0,
    -46.0,
    -46.0,
    -46.0,
    -46.0,
    -46.0,
    -46.0,
    -46.0,
    -46.0,
    -46.0,
    -46.0,
    -46.0,
    -46.0,
    -46.0,
    -46.0,
    -46.0,
    -46.0,
    -46.0,
    -46.0,
    -46.0,
    -46.0,
    -46.0,
    -46.0,
    -46.0,
    -46.0,
    -46.0,
    -46.0,
    -46.0,
    -46.0,
    -46.0,
    -46.0,
    -46.0,
    -46.0
  ],