{
  "model": "qwen",
  "game": "Travelling_salesman",
  "level": 3,
  "run": 7,
  "win": false,
  "action_sequence": [
    2,
    2,
    2,
    2,
    2,
    2,
    2,
    2,
    2,
    2,
    2,
    2,
    2,
    2,
    2,
    2,
    2,
    2,
    2,
    2,
    2,
    2,
    2,
    2,
    2,
    2,
    2,
    2,
    2,
    2,
    2,
    2,
    2,
    2,
    2,
    2,
    2,
    2,
    2,
    2,
    2,
    2,
    2,
    2,
    2,
    2,
    2,
    2,
    2,
    2,
    2,
    2,
    2,
    2,
    2,
    2,
    2,
    2,
    2,
    2,
    2,
    2,
    2,
    2,
    2,
    2,
    2,
    2,
    2,
    2,
    2,
    2,
    2,
    2,
    2,
    2,
    2,
    2,
    2,
    2,
    2,
    2,
    2,
    2,
    2,
    2,
    2,
    2,
    2,
    2,
    2,
    2,
    2,
    2,
    2,
    2,
    2,
    2,
    2,
    2
  ],
  "reward_sequence": [
    1.9900000095367432,
    0.9900000095367432,
    0.9900000095367432,
    -0.009999999776482582,
    -0.009999999776482582,
    -0.009999999776482582,
    -0.009999999776482582,
    -0.009999999776482582,
    -0.009999999776482582,
    -0.009999999776482582,
    -0.009999999776482582,
    -0.009999999776482582,
    -0.009999999776482582,
    -0.009999999776482582,
    -0.009999999776482582,
    -0.009999999776482582,
    -0.009999999776482582,
    -0.009999999776482582,
    -0.009999999776482582,
    -0.009999999776482582,
    -0.009999999776482582,
    -0.009999999776482582,
    -0.009999999776482582,
    -0.009999999776482582,
    -0.009999999776482582,
    -0.009999999776482582,
    -0.009999999776482582,
    -0.009999999776482582,
    -0.009999999776482582,
    -0.009999999776482582,
    -0.009999999776482582,
    -0.009999999776482582,
    -0.009999999776482582,
    -0.009999999776482582,
    -0.009999999776482582,
    -0.009999999776482582,
    -0.009999999776482582,
    -0.009999999776482582,
    -0.009999999776482582,
    -0.009999999776482582,
    -0.009999999776482582,
    -0.009999999776482582,
    -0.009999999776482582,
    -0.009999999776482582,
    -0.009999999776482582,
    -0.009999999776482582,
    -0.009999999776482582,
    -0.009999999776482582,
    -0.009999999776482582,
    -0.009999999776482582,
    -0.009999999776482582,
    -0.009999999776482582,
    -0.009999999776482582,
    -0.009999999776482582,
    -0.009999999776482582,
    -0.009999999776482582,
    -0.009999999776482582,
    -0.009999999776482582,
    -0.009999999776482582,
    -0.009999999776482582,
    -0.009999999776482582,
    -0.009999999776482582,
    -0.009999999776482582,
    -0.009999999776482582,
    -0.009999999776482582,
    -0.009999999776482582,
    -0.009999999776482582,
    -0.009999999776482582,
    -0.009999999776482582,
    -0.009999999776482582,
    -0.009999999776482582,
    -0.009999999776482582,
    -0.009999999776482582,
    -0.009999999776482582,
    -0.009999999776482582,
    -0.009999999776482582,
    -0.009999999776482582,
    -0.009999999776482582,
    -0.009999999776482582,
    -0.009999999776482582,
    -0.009999999776482582,
    -0.009999999776482582,
    -0.009999999776482582,
    -0.009999999776482582,
    -0.009999999776482582,
    -0.009999999776482582,
    -0.009999999776482582,
    -0.009999999776482582,
    -0.009999999776482582,
    -0.009999999776482582,
    -0.009999999776482582,
    -0.009999999776482582,
    -0.009999999776482582,
    -0.009999999776482582,
    -0.009999999776482582,
    -0.009999999776482582,
    -0.009999999776482582,
    -0.009999999776482582,
    -0.009999999776482582,
    -0.009999999776482582
  ],
  "initial_ascii": [
    "LEGEND:",
    "\u2796: nodeseen",
    "\u1765: hlinkseen",
    "\u1688: nodeseen, player",
    "-: hlink",
    "o: node",
    "|: vlink",
    ".: background",
    "",
    "MAP:",
    "\u2796\u1765\u1688-o-o",
    "|.|.|.|",
    "o-o.o.o",
    "|...|.|",
    "o-o-o-o",
    "|.|...|",
    "o-o-o-o"
  ],
  "state_data": {
    "score": -12,
    "win": false,
    "step": 100
  },
  "heuristics": [
    -14.0,
    -13.0,
    -12.0,
    -12.0,
    -12.0,
    -12.0,
    -12.0,
    -12.0,
    -12.0,
    -12.0,
    -12.0,
    -12.0,
    -12.0,
    -12.0,
    -12.0,
    -12.0,
    -12.0,
    -12.0,
    -12.0,
    -12.0,
    -12.0,
    -12.0,
    -12.0,
    -12.0,
    -12.0,
    -12.0,
    -12.0,
    -12.0,
    -12.0,
    -12.0,
    -12.0,
    -12.0,
    -12.0,
    -12.0,
    -12.0,
    -12.0,
    -12.0,
    -12.0,
    -12.0,
    -12.0,
    -12.0,
    -12.0,
    -12.0,
    -12.0,
    -12.0,
    -12.0,
    -12.0,
    -12.0,
    -12.0,
    -12.0,
    -12.0,
    -12.0,
    -12.0,
    -12.0,
    -12.0,
    -12.0,
    -12.0,
    -12.0,
    -12.0,
    -12.0,
    -12.0,
    -12.0,
    -12.0,
    -12.0,
    -12.0,
    -12.0,
    -12.0,
    -12.0,
    -12.0,
    -12.0,
    -12.0,
    -12.0,
    -12.0,
    -12.0,
    -12.0,
    -12.0,
    -12.0,
    -12.0,
    -12.0,
    -12.0,
    -12.0,
    -12.0,
    -12.0,
    -12.0,
    -12.0,
    -12.0,
    -12.0,
    -12.0,
    -12.0,
    -12.0,
    -12.0,
    -12.0,
    -12.0,
    -12.0,
    -12.0,
    -12.0,
    -12.0,
    -12.0,
    -12.0,
    -12.0
  ],
  "final_ascii": [
    "LEGEND:",
    "\u2796: nodeseen",
    "\u1765: hlinkseen",
    "\u1688: nodeseen, player",
    "|: vlink",
    ".: background",
    "o: node",
    "-: hlink",
    "",
    "MAP:",
    "\u2796\u1765\u2796\u1765\u2796\u1765\u1688",
    "|.|.|.|",
    "o-o.o.o",
    "|...|.|",
    "o-o-o-o",
    "|.|...|",
    "o-o-o-o"
  ]
}