{
  "model": "qwen",
  "game": "atlas shrank",
  "level": 3,
  "run": 10,
  "win": false,
  "action_sequence": [
    2,
    2,
    2,
    2,
    2,
    2,
    2,
    2,
    2,
    2,
    3,
    2,
    2,
    2,
    2,
    2,
    2,
    2,
    2,
    2,
    2,
    2,
    2,
    2,
    2,
    2,
    2,
    2,
    2,
    2,
    2,
    2,
    2,
    2,
    2,
    2,
    2,
    3,
    3,
    3,
    2,
    2,
    2,
    2,
    2,
    2,
    2,
    2,
    2,
    2,
    3,
    2,
    2,
    2,
    3,
    2,
    2,
    3,
    2,
    2,
    2,
    2,
    2,
    2,
    2,
    2,
    2,
    2,
    2,
    2,
    2,
    2,
    2,
    2,
    2,
    2,
    2,
    2,
    2,
    2,
    2,
    2,
    2,
    2,
    2,
    2,
    2,
    2,
    2,
    2,
    2,
    2,
    2,
    2,
    3,
    2,
    2,
    2,
    2,
    2
  ],
  "reward_sequence": [
    -1.0099999904632568,
    -0.009999999776482582,
    -0.009999999776482582,
    -0.009999999776482582,
    -0.009999999776482582,
    -0.009999999776482582,
    -0.009999999776482582,
    -0.009999999776482582,
    -0.009999999776482582,
    -0.009999999776482582,
    -0.009999999776482582,
    -0.009999999776482582,
    -0.009999999776482582,
    -0.009999999776482582,
    -0.009999999776482582,
    -0.009999999776482582,
    -0.009999999776482582,
    -0.009999999776482582,
    -0.009999999776482582,
    -0.009999999776482582,
    -0.009999999776482582,
    -0.009999999776482582,
    -0.009999999776482582,
    -0.009999999776482582,
    -0.009999999776482582,
    -0.009999999776482582,
    -0.009999999776482582,
    -0.009999999776482582,
    -0.009999999776482582,
    -0.009999999776482582,
    -0.009999999776482582,
    -0.009999999776482582,
    -0.009999999776482582,
    -0.009999999776482582,
    -0.009999999776482582,
    -0.009999999776482582,
    -0.009999999776482582,
    -0.009999999776482582,
    -0.009999999776482582,
    -0.009999999776482582,
    -0.009999999776482582,
    -0.009999999776482582,
    -0.009999999776482582,
    -0.009999999776482582,
    -0.009999999776482582,
    -0.009999999776482582,
    -0.009999999776482582,
    -0.009999999776482582,
    -0.009999999776482582,
    -0.009999999776482582,
    -0.009999999776482582,
    -0.009999999776482582,
    -0.009999999776482582,
    -0.009999999776482582,
    -0.009999999776482582,
    -0.009999999776482582,
    -0.009999999776482582,
    -0.009999999776482582,
    -0.009999999776482582,
    -0.009999999776482582,
    -0.009999999776482582,
    -0.009999999776482582,
    -0.009999999776482582,
    -0.009999999776482582,
    -0.009999999776482582,
    -0.009999999776482582,
    -0.009999999776482582,
    -0.009999999776482582,
    -0.009999999776482582,
    -0.009999999776482582,
    -0.009999999776482582,
    -0.009999999776482582,
    -0.009999999776482582,
    -0.009999999776482582,
    -0.009999999776482582,
    -0.009999999776482582,
    -0.009999999776482582,
    -0.009999999776482582,
    -0.009999999776482582,
    -0.009999999776482582,
    -0.009999999776482582,
    -0.009999999776482582,
    -0.009999999776482582,
    -0.009999999776482582,
    -0.009999999776482582,
    -0.009999999776482582,
    -0.009999999776482582,
    -0.009999999776482582,
    -0.009999999776482582,
    -0.009999999776482582,
    -0.009999999776482582,
    -0.009999999776482582,
    -0.009999999776482582,
    -0.009999999776482582,
    -0.009999999776482582,
    -0.009999999776482582,
    -0.009999999776482582,
    -0.009999999776482582,
    -0.009999999776482582,
    -0.009999999776482582
  ],
  "initial_ascii": [
    "LEGEND:",
    "#: wallsolo",
    "\u18b0: wallrl",
    "\u026e: wallu",
    "\u00ed: wallud",
    ".: background",
    "*: crate, massive",
    "\u1c75: walld",
    "\u26e4: playerr",
    "\u2ac8: wallr",
    "x: door",
    "o: exit",
    "t: switch",
    "",
    "MAP:",
    "#\u18b0\u18b0\u18b0\u026e\u026e\u026e\u18b0\u18b0\u18b0\u18b0\u026e\u18b0\u18b0#",
    "\u00ed..*#\u1c75#....#..\u00ed",
    "\u00ed..*..........\u00ed",
    "\u00ed..#\u18b0\u18b0#.......\u00ed",
    "\u00ed.**......**.\u26e4\u00ed",
    "\u00ed.#\u18b0\u18b0\u18b0\u18b0\u18b0\u18b0\u026e\u18b0\u18b0\u18b0\u18b0\u2ac8",
    "\u00ed......*.#....\u00ed",
    "\u00ed...*..#.x..o.\u00ed",
    "\u00ed...##.\u00edt#\u026e\u026e\u026e\u026e\u2ac8",
    "#\u18b0\u18b0\u18b0\u1c75\u1c75\u18b0\u1c75\u18b0\u1c75\u1c75\u1c75\u1c75\u1c75#"
  ],
  "state_data": {
    "score": 0,
    "win": false,
    "step": 100
  },
  "heuristics": [
    -4.0,
    -4.0,
    -4.0,
    -4.0,
    -4.0,
    -4.0,
    -4.0,
    -4.0,
    -4.0,
    -4.0,
    -4.0,
    -4.0,
    -4.0,
    -4.0,
    -4.0,
    -4.0,
    -4.0,
    -4.0,
    -4.0,
    -4.0,
    -4.0,
    -4.0,
    -4.0,
    -4.0,
    -4.0,
    -4.0,
    -4.0,
    -4.0,
    -4.0,
    -4.0,
    -4.0,
    -4.0,
    -4.0,
    -4.0,
    -4.0,
    -4.0,
    -4.0,
    -4.0,
    -4.0,
    -4.0,
    -4.0,
    -4.0,
    -4.0,
    -4.0,
    -4.0,
    -4.0,
    -4.0,
    -4.0,
    -4.0,
    -4.0,
    -4.0,
    -4.0,
    -4.0,
    -4.0,
    -4.0,
    -4.0,
    -4.0,
    -4.0,
    -4.0,
    -4.0,
    -4.0,
    -4.0,
    -4.0,
    -4.0,
    -4.0,
    -4.0,
    -4.0,
    -4.0,
    -4.0,
    -4.0,
    -4.0,
    -4.0,
    -4.0,
    -4.0,
    -4.0,
    -4.0,
    -4.0,
    -4.0,
    -4.0,
    -4.0,
    -4.0,
    -4.0,
    -4.0,
    -4.0,
    -4.0,
    -4.0,
    -4.0,
    -4.0,
    -4.0,
    -4.0,
    -4.0,
    -4.0,
    -4.0,
    -4.0,
    -4.0,
    -4.0,
    -4.0,
    -4.0,
    -4.0,
    -4.0
  ],
  "final_ascii": [
    "LEGEND:",
    "#: wallsolo",
    "\u18b0: wallrl",
    "\u026e: wallu",
    "\u00ed: wallud",
    ".: background",
    "*: crate, massive",
    "\u1c75: walld",
    "\u26e4: playerr",
    "\u2ac8: wallr",
    "x: door",
    "o: exit",
    "t: switch",
    "",
    "MAP:",
    "#\u18b0\u18b0\u18b0\u026e\u026e\u026e\u18b0\u18b0\u18b0\u18b0\u026e\u18b0\u18b0#",
    "\u00ed..*#\u1c75#....#..\u00ed",
    "\u00ed..*..........\u00ed",
    "\u00ed..#\u18b0\u18b0#.......\u00ed",
    "\u00ed.**......**.\u26e4\u00ed",
    "\u00ed.#\u18b0\u18b0\u18b0\u18b0\u18b0\u18b0\u026e\u18b0\u18b0\u18b0\u18b0\u2ac8",
    "\u00ed......*.#....\u00ed",
    "\u00ed...*..#.x..o.\u00ed",
    "\u00ed...##.\u00edt#\u026e\u026e\u026e\u026e\u2ac8",
    "#\u18b0\u18b0\u18b0\u1c75\u1c75\u18b0\u1c75\u18b0\u1c75\u1c75\u1c75\u1c75\u1c75#"
  ]
}