{
  "model": "qwen",
  "game": "atlas shrank",
  "level": 10,
  "run": 10,
  "win": false,
  "action_sequence": [
    2,
    2,
    2,
    2,
    2,
    2,
    2,
    2,
    2,
    2,
    2,
    2,
    2,
    2,
    2,
    2,
    2,
    2,
    2,
    2,
    2,
    2,
    2,
    2,
    2,
    2,
    2,
    2,
    2,
    2,
    2,
    2,
    2,
    2,
    2,
    2,
    2,
    2,
    2,
    2,
    2,
    2,
    3,
    2,
    2,
    2,
    2,
    2,
    2,
    2,
    2,
    2,
    2,
    2,
    2,
    2,
    2,
    2,
    2,
    2,
    2,
    2,
    2,
    2,
    2,
    2,
    2,
    2,
    2,
    2,
    2,
    2,
    2,
    2,
    2,
    2,
    2,
    2,
    2,
    2,
    2,
    2,
    2,
    2,
    2,
    2,
    2,
    2,
    3,
    2,
    2,
    2,
    2,
    2,
    2,
    2,
    2,
    2,
    2,
    2
  ],
  "reward_sequence": [
    -1.0099999904632568,
    -1.0099999904632568,
    -1.0099999904632568,
    -1.0099999904632568,
    -1.0099999904632568,
    -2.009999990463257,
    -1.0099999904632568,
    -1.0099999904632568,
    0.9900000095367432,
    -1.0099999904632568,
    -1.0099999904632568,
    -2.009999990463257,
    -0.009999999776482582,
    -0.009999999776482582,
    -0.009999999776482582,
    -0.009999999776482582,
    -0.009999999776482582,
    -0.009999999776482582,
    -0.009999999776482582,
    -0.009999999776482582,
    -0.009999999776482582,
    -0.009999999776482582,
    -0.009999999776482582,
    -0.009999999776482582,
    -0.009999999776482582,
    -0.009999999776482582,
    -0.009999999776482582,
    -0.009999999776482582,
    -0.009999999776482582,
    -0.009999999776482582,
    -0.009999999776482582,
    -0.009999999776482582,
    -0.009999999776482582,
    -0.009999999776482582,
    -0.009999999776482582,
    -0.009999999776482582,
    -0.009999999776482582,
    -0.009999999776482582,
    -0.009999999776482582,
    -0.009999999776482582,
    -0.009999999776482582,
    -0.009999999776482582,
    -0.009999999776482582,
    -0.009999999776482582,
    -0.009999999776482582,
    -0.009999999776482582,
    -0.009999999776482582,
    -0.009999999776482582,
    -0.009999999776482582,
    -0.009999999776482582,
    -0.009999999776482582,
    -0.009999999776482582,
    -0.009999999776482582,
    -0.009999999776482582,
    -0.009999999776482582,
    -0.009999999776482582,
    -0.009999999776482582,
    -0.009999999776482582,
    -0.009999999776482582,
    -0.009999999776482582,
    -0.009999999776482582,
    -0.009999999776482582,
    -0.009999999776482582,
    -0.009999999776482582,
    -0.009999999776482582,
    -0.009999999776482582,
    -0.009999999776482582,
    -0.009999999776482582,
    -0.009999999776482582,
    -0.009999999776482582,
    -0.009999999776482582,
    -0.009999999776482582,
    -0.009999999776482582,
    -0.009999999776482582,
    -0.009999999776482582,
    -0.009999999776482582,
    -0.009999999776482582,
    -0.009999999776482582,
    -0.009999999776482582,
    -0.009999999776482582,
    -0.009999999776482582,
    -0.009999999776482582,
    -0.009999999776482582,
    -0.009999999776482582,
    -0.009999999776482582,
    -0.009999999776482582,
    -0.009999999776482582,
    -0.009999999776482582,
    -0.009999999776482582,
    -0.009999999776482582,
    -0.009999999776482582,
    -0.009999999776482582,
    -0.009999999776482582,
    -0.009999999776482582,
    -0.009999999776482582,
    -0.009999999776482582,
    -0.009999999776482582,
    -0.009999999776482582,
    -0.009999999776482582,
    -0.009999999776482582
  ],
  "initial_ascii": [
    "LEGEND:",
    "*: crate, massive",
    "#: wallsolo",
    ".: background",
    "\u18b0: wallrl",
    "\u026e: wallu",
    "\u00ed: wallud",
    "\u17a3: walll",
    "\u2ac8: wallr",
    "\u00dd: wallm",
    "\u1c75: walld",
    "\u25fa: dooro",
    "o: exit",
    "\u26e4: playerr",
    "@: crate, switch, massive",
    "",
    "MAP:",
    "*#***#*.#...##....#...........#\u18b0\u026e\u18b0\u026e\u18b0\u026e#...............*#................#",
    "*\u00ed***\u00ed*.....\u00ed.....*...........#.#.#.#................*\u00ed................\u00ed",
    "*\u00ed***\u17a3#.....\u00ed.....**...#.#....*.*.*..................#\u2ac8................\u00ed",
    "*\u00ed***#......\u00ed.....##...\u00ed.\u00ed....#\u026e\u18b0\u18b0\u18b0\u026e\u026e#...............\u17a3#................\u00ed",
    "*\u00ed***......*#.....#\u2ac8*..\u00ed.\u00ed....\u17a3\u2ac8***#\u00dd\u2ac8...............\u00ed*................\u00ed",
    "*\u00ed**#......#......*#\u18b0\u026e\u026e#.#\u026e\u026e\u026e\u18b0\u1c75\u1c75\u18b0#**#\u2ac8...............\u17a3#................\u00ed",
    "*\u00ed**.......\u00ed......***##...#\u00dd#....##**\u17a3\u026e\u18b0#............##..........*.....\u00ed",
    "*\u00ed**.......\u00ed......***......#......\u17a3#*##*\u00ed............\u25fa\u25fa..........##....\u00ed",
    "#\u2ac8*#\u026e\u026e\u026e\u026e\u026e\u026e\u026e\u00dd\u026e\u026e\u026e\u026e\u026e#****............\u17a3\u2ac8****\u00ed............\u25fa\u25fa............#...\u00ed",
    "\u17a3\u2ac8*\u17a3\u00dd\u00dd\u00dd\u00dd\u00dd\u00dd\u00dd\u00dd\u00dd\u00dd\u00dd\u00dd\u00dd\u00dd#****.....#..o..\u17a3\u2ac8*#**\u00ed.\u26e4...@.@.@..\u25fa\u25fa....@.@.@...**..\u00ed",
    "#\u1c75\u18b0\u1c75\u1c75\u1c75\u1c75\u1c75\u1c75\u1c75\u1c75\u1c75\u1c75\u1c75\u1c75\u1c75\u1c75\u1c75\u1c75\u18b0\u18b0\u18b0\u18b0\u18b0\u18b0\u18b0\u18b0\u18b0\u1c75\u18b0\u18b0\u18b0\u18b0\u18b0\u1c75#*##*#\u18b0\u18b0\u18b0\u18b0\u18b0\u18b0\u18b0\u18b0\u18b0\u18b0\u18b0\u18b0\u18b0\u18b0\u18b0\u18b0\u18b0\u18b0\u18b0\u18b0\u18b0\u18b0\u18b0\u18b0\u18b0\u18b0\u18b0\u18b0\u18b0\u18b0#"
  ],
  "state_data": {
    "score": 0,
    "win": false,
    "step": 100
  },
  "heuristics": [
    -11.0,
    -12.0,
    -13.0,
    -14.0,
    -15.0,
    -17.0,
    -18.0,
    -19.0,
    -18.0,
    -19.0,
    -20.0,
    -22.0,
    -22.0,
    -22.0,
    -22.0,
    -22.0,
    -22.0,
    -22.0,
    -22.0,
    -22.0,
    -22.0,
    -22.0,
    -22.0,
    -22.0,
    -22.0,
    -22.0,
    -22.0,
    -22.0,
    -22.0,
    -22.0,
    -22.0,
    -22.0,
    -22.0,
    -22.0,
    -22.0,
    -22.0,
    -22.0,
    -22.0,
    -22.0,
    -22.0,
    -22.0,
    -22.0,
    -22.0,
    -22.0,
    -22.0,
    -22.0,
    -22.0,
    -22.0,
    -22.0,
    -22.0,
    -22.0,
    -22.0,
    -22.0,
    -22.0,
    -22.0,
    -22.0,
    -22.0,
    -22.0,
    -22.0,
    -22.0,
    -22.0,
    -22.0,
    -22.0,
    -22.0,
    -22.0,
    -22.0,
    -22.0,
    -22.0,
    -22.0,
    -22.0,
    -22.0,
    -22.0,
    -22.0,
    -22.0,
    -22.0,
    -22.0,
    -22.0,
    -22.0,
    -22.0,
    -22.0,
    -22.0,
    -22.0,
    -22.0,
    -22.0,
    -22.0,
    -22.0,
    -22.0,
    -22.0,
    -22.0,
    -22.0,
    -22.0,
    -22.0,
    -22.0,
    -22.0,
    -22.0,
    -22.0,
    -22.0,
    -22.0,
    -22.0,
    -22.0
  ],