{
  "model": "qwen",
  "game": "kettle",
  "level": 9,
  "run": 5,
  "win": false,
  "action_sequence": [
    1,
    1,
    2,
    1,
    0,
    1,
    1,
    1,
    0,
    2,
    0,
    0,
    0,
    1,
    3,
    1,
    2,
    2,
    0,
    2,
    2,
    1,
    1,
    1,
    2,
    2,
    1,
    1,
    1,
    2,
    3,
    2,
    2,
    2,
    1,
    3,
    1,
    2,
    1,
    1,
    2,
    2,
    1,
    2,
    2,
    2,
    2,
    2,
    2,
    0,
    2,
    2,
    1,
    1,
    1,
    2,
    2,
    1,
    1,
    0,
    2,
    2,
    2,
    2,
    1,
    0,
    2,
    2,
    2,
    2,
    2,
    0,
    0,
    1,
    0,
    0,
    1,
    1,
    1,
    1,
    1,
    2,
    0,
    0,
    2,
    2,
    1,
    2,
    2,
    0,
    2,
    2,
    2,
    2,
    2,
    2,
    2,
    1,
    2,
    1
  ],
  "reward_sequence": [
    5.989999771118164,
    4.989999771118164,
    5.989999771118164,
    -1.0099999904632568,
    5.989999771118164,
    -2.009999990463257,
    -7.010000228881836,
    -7.010000228881836,
    4.989999771118164,
    2.990000009536743,
    1.9900000095367432,
    -0.009999999776482582,
    -0.009999999776482582,
    -0.009999999776482582,
    -0.009999999776482582,
    -0.009999999776482582,
    -0.009999999776482582,
    -0.009999999776482582,
    -0.009999999776482582,
    -0.009999999776482582,
    -0.009999999776482582,
    -0.009999999776482582,
    -0.009999999776482582,
    -0.009999999776482582,
    -0.009999999776482582,
    -0.009999999776482582,
    -0.009999999776482582,
    -0.009999999776482582,
    -0.009999999776482582,
    -0.009999999776482582,
    -0.009999999776482582,
    -0.009999999776482582,
    -0.009999999776482582,
    -0.009999999776482582,
    -0.009999999776482582,
    -0.009999999776482582,
    -0.009999999776482582,
    -0.009999999776482582,
    -0.009999999776482582,
    -0.009999999776482582,
    -0.009999999776482582,
    -0.009999999776482582,
    -0.009999999776482582,
    -0.009999999776482582,
    -0.009999999776482582,
    -0.009999999776482582,
    -0.009999999776482582,
    -0.009999999776482582,
    -0.009999999776482582,
    -0.009999999776482582,
    -0.009999999776482582,
    -0.009999999776482582,
    -0.009999999776482582,
    -0.009999999776482582,
    -0.009999999776482582,
    -0.009999999776482582,
    -0.009999999776482582,
    -0.009999999776482582,
    -0.009999999776482582,
    -0.009999999776482582,
    -0.009999999776482582,
    -0.009999999776482582,
    -0.009999999776482582,
    -0.009999999776482582,
    -0.009999999776482582,
    -0.009999999776482582,
    -0.009999999776482582,
    -0.009999999776482582,
    -0.009999999776482582,
    -0.009999999776482582,
    -0.009999999776482582,
    -0.009999999776482582,
    -0.009999999776482582,
    -0.009999999776482582,
    -0.009999999776482582,
    -0.009999999776482582,
    -0.009999999776482582,
    -0.009999999776482582,
    -0.009999999776482582,
    -0.009999999776482582,
    -0.009999999776482582,
    -0.009999999776482582,
    -0.009999999776482582,
    -0.009999999776482582,
    -0.009999999776482582,
    -0.009999999776482582,
    -0.009999999776482582,
    -0.009999999776482582,
    -0.009999999776482582,
    -0.009999999776482582,
    -0.009999999776482582,
    -0.009999999776482582,
    -0.009999999776482582,
    -0.009999999776482582,
    -0.009999999776482582,
    -0.009999999776482582,
    -0.009999999776482582,
    -0.009999999776482582,
    -0.009999999776482582,
    -0.009999999776482582
  ],
  "initial_ascii": [
    "LEGEND:",
    "#: wall",
    ".: background",
    "l: rpolice",
    "k: dpolice",
    "j: lpolice",
    "c: crate",
    "@: target, crate",
    "t: target",
    "i: upolice",
    "",
    "MAP:",
    "###############",
    "#.............#",
    "#lkkkkkkkkkkj.#",
    "#lccc..c...cj.#",
    "#lc.@t@tt...j.#",
    "#lc.t@@@t...j.#",
    "#lc.@ttt@..cj.#",
    "#lc.tt@@t..cj.#",
    "#l..ttttt...j.#",
    "#l..........j.#",
    "#l.........cj.#",
    "#l....c.c.ccj.#",
    "#.iiiiiiiiii..#",
    "###############"
  ],
  "state_data": {
    "score": 5,
    "win": false,
    "step": 100
  },
  "heuristics": [
    -47.0,
    -42.0,
    -36.0,
    -37.0,
    -31.0,
    -33.0,
    -40.0,
    -47.0,
    -42.0,
    -39.0,
    -37.0,
    -37.0,
    -37.0,
    -37.0,
    -37.0,
    -37.0,
    -37.0,
    -37.0,
    -37.0,
    -37.0,
    -37.0,
    -37.0,
    -37.0,
    -37.0,
    -37.0,
    -37.0,
    -37.0,
    -37.0,
    -37.0,
    -37.0,
    -37.0,
    -37.0,
    -37.0,
    -37.0,
    -37.0,
    -37.0,
    -37.0,
    -37.0,
    -37.0,
    -37.0,
    -37.0,
    -37.0,
    -37.0,
    -37.0,
    -37.0,
    -37.0,
    -37.0,
    -37.0,
    -37.0,
    -37.0,
    -37.0,
    -37.0,
    -37.0,
    -37.0,
    -37.0,
    -37.0,
    -37.0,
    -37.0,
    -37.0,
    -37.0,
    -37.0,
    -37.0,
    -37.0,
    -37.0,
    -37.0,
    -37.0,
    -37.0,
    -37.0,
    -37.0,
    -37.0,
    -37.0,
    -37.0,
    -37.0,
    -37.0,
    -37.0,
    -37.0,
    -37.0,
    -37.0,
    -37.0,
    -37.0,
    -37.0,
    -37.0,
    -37.0,
    -37.0,
    -37.0,
    -37.0,
    -37.0,
    -37.0,
    -37.0,
    -37.0,
    -37.0,
    -37.0,
    -37.0,
    -37.0,
    -37.0,
    -37.0,
    -37.0,
    -37.0,
    -37.0,
    -37.0
  ],
  "final_ascii": [
    "LEGEND:",
    "#: wall",
    ".: background",
    "l: rpolice",
    "j: lpolice",
    "t: target",
    "k: dpolice",
    "\u26c7: target, rpolice",
    "\u253d: target, lpolice",
    "c: crate",
    "\u1c61: target, dpolice",
    "@: target, crate",
    "i: upolice",
    "",
    "MAP:",
    "###############",
    "#.............#",
    "#....lj.......#",
    "#....lj.......#",
    "#...ttttt.lj..#",
    "#.k.t\u26c7\u253dtt..k..#",
    "#.lkttttt.kj..#",
    "#.lc\u1c61\u1c61\u1c61\u1c61\u1c61kcj..#",
    "#.lc@@@@@cj...#",
    "#.ilccccccji..#",
    "#..lcccccji...#",
    "#..lcccccj....#",
    "#..iiiiiii....#",
    "###############"
  ]
}