{
  "model": "qwen",
  "game": "atlas shrank",
  "level": 8,
  "run": 10,
  "win": false,
  "action_sequence": [
    3,
    3,
    3,
    2,
    2,
    3,
    3,
    2,
    2,
    2,
    2,
    2,
    2,
    2,
    2,
    3,
    2,
    3,
    2,
    2,
    3,
    3,
    3,
    2,
    3,
    2,
    2,
    3,
    3,
    3,
    3,
    2,
    2,
    2,
    3,
    3,
    3,
    3,
    2,
    3,
    2,
    2,
    3,
    2,
    3,
    2,
    3,
    2,
    3,
    3,
    3,
    3,
    3,
    3,
    3,
    2,
    3,
    3,
    2,
    3,
    2,
    2,
    2,
    2,
    3,
    3,
    3,
    3,
    3,
    3,
    3,
    3,
    3,
    3,
    3,
    2,
    2,
    3,
    3,
    3,
    2,
    3,
    3,
    3,
    2,
    2,
    2,
    3,
    2,
    3,
    3,
    3,
    2,
    3,
    2,
    2,
    3,
    3,
    3,
    3
  ],
  "reward_sequence": [
    -0.009999999776482582,
    -0.009999999776482582,
    -0.009999999776482582,
    0.9900000095367432,
    0.9900000095367432,
    -0.009999999776482582,
    -0.009999999776482582,
    -0.009999999776482582,
    0.9900000095367432,
    -1.0099999904632568,
    -1.0099999904632568,
    -0.009999999776482582,
    -0.009999999776482582,
    -0.009999999776482582,
    -0.009999999776482582,
    -0.009999999776482582,
    -0.009999999776482582,
    -0.009999999776482582,
    -0.009999999776482582,
    -0.009999999776482582,
    -0.009999999776482582,
    -0.009999999776482582,
    -0.009999999776482582,
    -0.009999999776482582,
    -0.009999999776482582,
    -0.009999999776482582,
    -0.009999999776482582,
    -0.009999999776482582,
    -0.009999999776482582,
    -0.009999999776482582,
    -0.009999999776482582,
    -0.009999999776482582,
    -0.009999999776482582,
    -0.009999999776482582,
    -0.009999999776482582,
    -0.009999999776482582,
    -0.009999999776482582,
    -0.009999999776482582,
    -0.009999999776482582,
    -0.009999999776482582,
    -0.009999999776482582,
    -0.009999999776482582,
    -0.009999999776482582,
    -0.009999999776482582,
    -0.009999999776482582,
    -0.009999999776482582,
    -0.009999999776482582,
    -0.009999999776482582,
    -0.009999999776482582,
    -0.009999999776482582,
    -0.009999999776482582,
    -0.009999999776482582,
    -0.009999999776482582,
    -0.009999999776482582,
    -0.009999999776482582,
    -0.009999999776482582,
    -0.009999999776482582,
    -0.009999999776482582,
    -0.009999999776482582,
    -0.009999999776482582,
    -0.009999999776482582,
    -0.009999999776482582,
    -0.009999999776482582,
    -0.009999999776482582,
    -0.009999999776482582,
    -0.009999999776482582,
    -0.009999999776482582,
    -0.009999999776482582,
    -0.009999999776482582,
    -0.009999999776482582,
    -0.009999999776482582,
    -0.009999999776482582,
    -0.009999999776482582,
    -0.009999999776482582,
    -0.009999999776482582,
    -0.009999999776482582,
    -0.009999999776482582,
    -0.009999999776482582,
    -0.009999999776482582,
    -0.009999999776482582,
    -0.009999999776482582,
    -0.009999999776482582,
    -0.009999999776482582,
    -0.009999999776482582,
    -0.009999999776482582,
    -0.009999999776482582,
    -0.009999999776482582,
    -0.009999999776482582,
    -0.009999999776482582,
    -0.009999999776482582,
    -0.009999999776482582,
    -0.009999999776482582,
    -0.009999999776482582,
    -0.009999999776482582,
    -0.009999999776482582,
    -0.009999999776482582,
    -0.009999999776482582,
    -0.009999999776482582,
    -0.009999999776482582,
    -0.009999999776482582
  ],
  "initial_ascii": [
    "LEGEND:",
    "#: wallsolo",
    ".: background",
    "\u1027: wallud",
    "t: switch",
    "*: crate, massive",
    "\u0b07: wallrl",
    "\u0415: walll",
    "\u26be: wallu",
    "\u2aac: wallr",
    "p: players",
    "x: door",
    "\u1169: wallm",
    "\u13b5: walld",
    "o: exit",
    "",
    "MAP:",
    "#.................",
    "\u1027..#.#.#.#.......#",
    "\u1027..\u1027.\u1027.#.#.......\u1027",
    "\u1027..\u1027.\u1027.t*........\u1027",
    "\u1027..#.#*#\u0b07#.......\u1027",
    "#...*.*...*......\u1027",
    "*..#\u0b07\u0b07\u0b07#.#\u0b07#.....\u1027",
    "#.*.........#...*\u1027",
    "\u0415\u26be\u0b07#.......*....#\u2aac",
    "\u0415\u2aact*.p.....#.##.\u0415\u2aac",
    "\u0415\u2aact#\u26be#t#x#\u26be\u1169\u26be\u1169\u1169\u26be\u1169\u2aac",
    "\u0415\u2aact\u0415\u1169\u13b5\u0b07#x#\u13b5\u13b5\u1169\u1169\u1169\u1169\u1169\u2aac",
    "\u0415\u2aact\u0415#.......#\u1169\u1169\u1169\u1169\u2aac",
    "\u0415\u1169\u26be#.........#\u1169\u1169\u1169\u2aac",
    "\u0415\u1169#...........#\u1169\u1169\u2aac",
    "\u0415#......o......#\u1169\u2aac",
    "#......#\u0b07#......#\u2aac",
    ".................#",
    ".................."
  ],
  "state_data": {
    "score": 0,
    "win": false,
    "step": 100
  },
  "heuristics": [
    -9.0,
    -9.0,
    -9.0,
    -8.0,
    -7.0,
    -7.0,
    -7.0,
    -7.0,
    -6.0,
    -7.0,
    -8.0,
    -8.0,
    -8.0,
    -8.0,
    -8.0,
    -8.0,
    -8.0,
    -8.0,
    -8.0,
    -8.0,
    -8.0,
    -8.0,
    -8.0,
    -8.0,
    -8.0,
    -8.0,
    -8.0,
    -8.0,
    -8.0,
    -8.0,
    -8.0,
    -8.0,
    -8.0,
    -8.0,
    -8.0,
    -8.0,
    -8.0,
    -8.0,
    -8.0,
    -8.0,
    -8.0,
    -8.0,
    -8.0,
    -8.0,
    -8.0,
    -8.0,
    -8.0,
    -8.0,
    -8.0,
    -8.0,
    -8.0,
    -8.0,
    -8.0,
    -8.0,
    -8.0,
    -8.0,
    -8.0,
    -8.0,
    -8.0,
    -8.0,
    -8.0,
    -8.0,
    -8.0,
    -8.0,
    -8.0,
    -8.0,
    -8.0,
    -8.0,
    -8.0,
    -8.0,
    -8.0,
    -8.0,
    -8.0,
    -8.0,
    -8.0,
    -8.0,
    -8.0,
    -8.0,
    -8.0,
    -8.0,
    -8.0,
    -8.0,
    -8.0,
    -8.0,
    -8.0,
    -8.0,
    -8.0,
    -8.0,
    -8.0,
    -8.0,
    -8.0,
    -8.0,
    -8.0,
    -8.0,
    -8.0,
    -8.0,
    -8.0,
    -8.0,
    -8.0,
    -8.0
  ],
  "final_ascii": [
    "LEGEND:",
    "#: wallsolo",
    ".: background",
    "\u1027: wallud",
    "t: switch",
    "*: crate, massive",
    "\u0b07: wallrl",
    "\u0415: walll",
    "\u26be: wallu",
    "\u2aac: wallr",
    "\u2923: playerr",
    "x: door",
    "\u1169: wallm",
    "\u13b5: walld",
    "o: exit",
    "",
    "MAP:",
    "#.................",
    "\u1027..#.#.#.#.......#",
    "\u1027..\u1027.\u1027.#.#.......\u1027",
    "\u1027..\u1027.\u1027.t*........\u1027",
    "\u1027..#.#*#\u0b07#.......\u1027",
    "#...*.*...*......\u1027",
    "*..#\u0b07\u0b07\u0b07#.#\u0b07#.....\u1027",
    "#.*.........#...*\u1027",
    "\u0415\u26be\u0b07#.......*....#\u2aac",
    "\u0415\u2aact*......\u2923#.##.\u0415\u2aac",
    "\u0415\u2aact#\u26be#t#x#\u26be\u1169\u26be\u1169\u1169\u26be\u1169\u2aac",
    "\u0415\u2aact\u0415\u1169\u13b5\u0b07#x#\u13b5\u13b5\u1169\u1169\u1169\u1169\u1169\u2aac",
    "\u0415\u2aact\u0415#.......#\u1169\u1169\u1169\u1169\u2aac",
    "\u0415\u1169\u26be#.........#\u1169\u1169\u1169\u2aac",
    "\u0415\u1169#...........#\u1169\u1169\u2aac",
    "\u0415#......o......#\u1169\u2aac",
    "#......#\u0b07#......#\u2aac",
    ".................#",
    ".................."
  ]
}