{
  "model": "qwen",
  "game": "atlas shrank",
  "level": 10,
  "run": 1,
  "win": false,
  "action_sequence": [
    2,
    2,
    2,
    2,
    2,
    2,
    2,
    3,
    2,
    2,
    2,
    2,
    2,
    2,
    2,
    2,
    2,
    2,
    2,
    2,
    2,
    2,
    2,
    2,
    2,
    2,
    2,
    2,
    2,
    2,
    2,
    2,
    2,
    2,
    2,
    2,
    2,
    2,
    2,
    2,
    2,
    2,
    2,
    2,
    2,
    2,
    2,
    2,
    2,
    3,
    2,
    3,
    2,
    2,
    2,
    2,
    2,
    3,
    2,
    3,
    2,
    3,
    2,
    2,
    3,
    2,
    2,
    2,
    2,
    2,
    2,
    2,
    2,
    2,
    2,
    2,
    2,
    2,
    2,
    3,
    2,
    2,
    3,
    2,
    3,
    2,
    2,
    2,
    2,
    2,
    2,
    2,
    2,
    2,
    2,
    2,
    2,
    2,
    2,
    2
  ],
  "reward_sequence": [
    -1.0099999904632568,
    -1.0099999904632568,
    -1.0099999904632568,
    -1.0099999904632568,
    -1.0099999904632568,
    -2.009999990463257,
    -1.0099999904632568,
    -0.009999999776482582,
    -1.0099999904632568,
    0.9900000095367432,
    -1.0099999904632568,
    -1.0099999904632568,
    -2.009999990463257,
    -0.009999999776482582,
    -0.009999999776482582,
    -0.009999999776482582,
    -0.009999999776482582,
    -0.009999999776482582,
    -0.009999999776482582,
    -0.009999999776482582,
    -0.009999999776482582,
    -0.009999999776482582,
    -0.009999999776482582,
    -0.009999999776482582,
    -0.009999999776482582,
    -0.009999999776482582,
    -0.009999999776482582,
    -0.009999999776482582,
    -0.009999999776482582,
    -0.009999999776482582,
    -0.009999999776482582,
    -0.009999999776482582,
    -0.009999999776482582,
    -0.009999999776482582,
    -0.009999999776482582,
    -0.009999999776482582,
    -0.009999999776482582,
    -0.009999999776482582,
    -0.009999999776482582,
    -0.009999999776482582,
    -0.009999999776482582,
    -0.009999999776482582,
    -0.009999999776482582,
    -0.009999999776482582,
    -0.009999999776482582,
    -0.009999999776482582,
    -0.009999999776482582,
    -0.009999999776482582,
    -0.009999999776482582,
    -0.009999999776482582,
    -0.009999999776482582,
    -0.009999999776482582,
    -0.009999999776482582,
    -0.009999999776482582,
    -0.009999999776482582,
    -0.009999999776482582,
    -0.009999999776482582,
    -0.009999999776482582,
    -0.009999999776482582,
    -0.009999999776482582,
    -0.009999999776482582,
    -0.009999999776482582,
    -0.009999999776482582,
    -0.009999999776482582,
    -0.009999999776482582,
    -0.009999999776482582,
    -0.009999999776482582,
    -0.009999999776482582,
    -0.009999999776482582,
    -0.009999999776482582,
    -0.009999999776482582,
    -0.009999999776482582,
    -0.009999999776482582,
    -0.009999999776482582,
    -0.009999999776482582,
    -0.009999999776482582,
    -0.009999999776482582,
    -0.009999999776482582,
    -0.009999999776482582,
    -0.009999999776482582,
    -0.009999999776482582,
    -0.009999999776482582,
    -0.009999999776482582,
    -0.009999999776482582,
    -0.009999999776482582,
    -0.009999999776482582,
    -0.009999999776482582,
    -0.009999999776482582,
    -0.009999999776482582,
    -0.009999999776482582,
    -0.009999999776482582,
    -0.009999999776482582,
    -0.009999999776482582,
    -0.009999999776482582,
    -0.009999999776482582,
    -0.009999999776482582,
    -0.009999999776482582,
    -0.009999999776482582,
    -0.009999999776482582,
    -0.009999999776482582
  ],
  "initial_ascii": [
    "LEGEND:",
    "*: crate, massive",
    "#: wallsolo",
    ".: background",
    "\u1fee: wallrl",
    "\u19a0: wallu",
    "\u16f5: wallud",
    "\u1d61: walll",
    "\u15cc: wallr",
    "\u13a5: wallm",
    "\u1daf: walld",
    "\u16de: dooro",
    "o: exit",
    "\u00b5: playerr",
    "@: crate, switch, massive",
    "",
    "MAP:",
    "*#***#*.#...##....#...........#\u1fee\u19a0\u1fee\u19a0\u1fee\u19a0#...............*#................#",
    "*\u16f5***\u16f5*.....\u16f5.....*...........#.#.#.#................*\u16f5................\u16f5",
    "*\u16f5***\u1d61#.....\u16f5.....**...#.#....*.*.*..................#\u15cc................\u16f5",
    "*\u16f5***#......\u16f5.....##...\u16f5.\u16f5....#\u19a0\u1fee\u1fee\u1fee\u19a0\u19a0#...............\u1d61#................\u16f5",
    "*\u16f5***......*#.....#\u15cc*..\u16f5.\u16f5....\u1d61\u15cc***#\u13a5\u15cc...............\u16f5*................\u16f5",
    "*\u16f5**#......#......*#\u1fee\u19a0\u19a0#.#\u19a0\u19a0\u19a0\u1fee\u1daf\u1daf\u1fee#**#\u15cc...............\u1d61#................\u16f5",
    "*\u16f5**.......\u16f5......***##...#\u13a5#....##**\u1d61\u19a0\u1fee#............##..........*.....\u16f5",
    "*\u16f5**.......\u16f5......***......#......\u1d61#*##*\u16f5............\u16de\u16de..........##....\u16f5",
    "#\u15cc*#\u19a0\u19a0\u19a0\u19a0\u19a0\u19a0\u19a0\u13a5\u19a0\u19a0\u19a0\u19a0\u19a0#****............\u1d61\u15cc****\u16f5............\u16de\u16de............#...\u16f5",
    "\u1d61\u15cc*\u1d61\u13a5\u13a5\u13a5\u13a5\u13a5\u13a5\u13a5\u13a5\u13a5\u13a5\u13a5\u13a5\u13a5\u13a5#****.....#..o..\u1d61\u15cc*#**\u16f5.\u00b5...@.@.@..\u16de\u16de....@.@.@...**..\u16f5",
    "#\u1daf\u1fee\u1daf\u1daf\u1daf\u1daf\u1daf\u1daf\u1daf\u1daf\u1daf\u1daf\u1daf\u1daf\u1daf\u1daf\u1daf\u1daf\u1fee\u1fee\u1fee\u1fee\u1fee\u1fee\u1fee\u1fee\u1fee\u1daf\u1fee\u1fee\u1fee\u1fee\u1fee\u1daf#*##*#\u1fee\u1fee\u1fee\u1fee\u1fee\u1fee\u1fee\u1fee\u1fee\u1fee\u1fee\u1fee\u1fee\u1fee\u1fee\u1fee\u1fee\u1fee\u1fee\u1fee\u1fee\u1fee\u1fee\u1fee\u1fee\u1fee\u1fee\u1fee\u1fee\u1fee#"
  ],
  "state_data": {
    "score": 0,
    "win": false,
    "step": 100
  },
  "heuristics": [
    -11.0,
    -12.0,
    -13.0,
    -14.0,
    -15.0,
    -17.0,
    -18.0,
    -18.0,
    -19.0,
    -18.0,
    -19.0,
    -20.0,
    -22.0,
    -22.0,
    -22.0,
    -22.0,
    -22.0,
    -22.0,
    -22.0,
    -22.0,
    -22.0,
    -22.0,
    -22.0,
    -22.0,
    -22.0,
    -22.0,
    -22.0,
    -22.0,
    -22.0,
    -22.0,
    -22.0,
    -22.0,
    -22.0,
    -22.0,
    -22.0,
    -22.0,
    -22.0,
    -22.0,
    -22.0,
    -22.0,
    -22.0,
    -22.0,
    -22.0,
    -22.0,
    -22.0,
    -22.0,
    -22.0,
    -22.0,
    -22.0,
    -22.0,
    -22.0,
    -22.0,
    -22.0,
    -22.0,
    -22.0,
    -22.0,
    -22.0,
    -22.0,
    -22.0,
    -22.0,
    -22.0,
    -22.0,
    -22.0,
    -22.0,
    -22.0,
    -22.0,
    -22.0,
    -22.0,
    -22.0,
    -22.0,
    -22.0,
    -22.0,
    -22.0,
    -22.0,
    -22.0,
    -22.0,
    -22.0,
    -22.0,
    -22.0,
    -22.0,
    -22.0,
    -22.0,
    -22.0,
    -22.0,
    -22.0,
    -22.0,
    -22.0,
    -22.0,
    -22.0,
    -22.0,
    -22.0,
    -22.0,
    -22.0,
    -22.0,
    -22.0,
    -22.0,
    -22.0,
    -22.0,
    -22.0,
    -22.0
  ],