{
  "model": "qwen",
  "game": "Travelling_salesman",
  "level": 1,
  "run": 9,
  "win": false,
  "action_sequence": [
    2,
    2,
    2,
    3,
    2,
    2,
    2,
    2,
    2,
    2,
    2,
    2,
    2,
    2,
    2,
    2,
    2,
    2,
    2,
    2,
    2,
    2,
    2,
    2,
    2,
    2,
    2,
    2,
    2,
    2,
    2,
    2,
    2,
    2,
    2,
    2,
    2,
    2,
    2,
    2,
    2,
    2,
    2,
    2,
    2,
    2,
    2,
    2,
    2,
    2,
    2,
    2,
    2,
    2,
    2,
    2,
    2,
    2,
    2,
    2,
    2,
    2,
    2,
    2,
    2,
    2,
    2,
    2,
    2,
    2,
    2,
    2,
    2,
    2,
    2,
    2,
    2,
    2,
    2,
    2,
    2,
    2,
    2,
    2,
    2,
    2,
    2,
    2,
    2,
    2,
    2,
    2,
    2,
    2,
    2,
    2,
    2,
    2,
    2,
    2
  ],
  "reward_sequence": [
    1.9900000095367432,
    0.9900000095367432,
    -0.009999999776482582,
    0.9900000095367432,
    -0.009999999776482582,
    -0.009999999776482582,
    -0.009999999776482582,
    -0.009999999776482582,
    -0.009999999776482582,
    -0.009999999776482582,
    -0.009999999776482582,
    -0.009999999776482582,
    -0.009999999776482582,
    -0.009999999776482582,
    -0.009999999776482582,
    -0.009999999776482582,
    -0.009999999776482582,
    -0.009999999776482582,
    -0.009999999776482582,
    -0.009999999776482582,
    -0.009999999776482582,
    -0.009999999776482582,
    -0.009999999776482582,
    -0.009999999776482582,
    -0.009999999776482582,
    -0.009999999776482582,
    -0.009999999776482582,
    -0.009999999776482582,
    -0.009999999776482582,
    -0.009999999776482582,
    -0.009999999776482582,
    -0.009999999776482582,
    -0.009999999776482582,
    -0.009999999776482582,
    -0.009999999776482582,
    -0.009999999776482582,
    -0.009999999776482582,
    -0.009999999776482582,
    -0.009999999776482582,
    -0.009999999776482582,
    -0.009999999776482582,
    -0.009999999776482582,
    -0.009999999776482582,
    -0.009999999776482582,
    -0.009999999776482582,
    -0.009999999776482582,
    -0.009999999776482582,
    -0.009999999776482582,
    -0.009999999776482582,
    -0.009999999776482582,
    -0.009999999776482582,
    -0.009999999776482582,
    -0.009999999776482582,
    -0.009999999776482582,
    -0.009999999776482582,
    -0.009999999776482582,
    -0.009999999776482582,
    -0.009999999776482582,
    -0.009999999776482582,
    -0.009999999776482582,
    -0.009999999776482582,
    -0.009999999776482582,
    -0.009999999776482582,
    -0.009999999776482582,
    -0.009999999776482582,
    -0.009999999776482582,
    -0.009999999776482582,
    -0.009999999776482582,
    -0.009999999776482582,
    -0.009999999776482582,
    -0.009999999776482582,
    -0.009999999776482582,
    -0.009999999776482582,
    -0.009999999776482582,
    -0.009999999776482582,
    -0.009999999776482582,
    -0.009999999776482582,
    -0.009999999776482582,
    -0.009999999776482582,
    -0.009999999776482582,
    -0.009999999776482582,
    -0.009999999776482582,
    -0.009999999776482582,
    -0.009999999776482582,
    -0.009999999776482582,
    -0.009999999776482582,
    -0.009999999776482582,
    -0.009999999776482582,
    -0.009999999776482582,
    -0.009999999776482582,
    -0.009999999776482582,
    -0.009999999776482582,
    -0.009999999776482582,
    -0.009999999776482582,
    -0.009999999776482582,
    -0.009999999776482582,
    -0.009999999776482582,
    -0.009999999776482582,
    -0.009999999776482582,
    -0.009999999776482582
  ],
  "initial_ascii": [
    "LEGEND:",
    "o: node",
    "-: hlink",
    "|: vlink",
    ".: background",
    "\u1864: nodeseen",
    "\u0514: hlinkseen",
    "\u27d2: nodeseen, player",
    "",
    "MAP:",
    "o-o-o-o",
    "|.|...|",
    "o.\u1864\u0514\u27d2-o",
    "|.|...|",
    "o-o-o-o",
    "|...|.|",
    "o-o-o-o"
  ],
  "state_data": {
    "score": -12,
    "win": false,
    "step": 100
  },
  "heuristics": [
    -14.0,
    -13.0,
    -13.0,
    -12.0,
    -12.0,
    -12.0,
    -12.0,
    -12.0,
    -12.0,
    -12.0,
    -12.0,
    -12.0,
    -12.0,
    -12.0,
    -12.0,
    -12.0,
    -12.0,
    -12.0,
    -12.0,
    -12.0,
    -12.0,
    -12.0,
    -12.0,
    -12.0,
    -12.0,
    -12.0,
    -12.0,
    -12.0,
    -12.0,
    -12.0,
    -12.0,
    -12.0,
    -12.0,
    -12.0,
    -12.0,
    -12.0,
    -12.0,
    -12.0,
    -12.0,
    -12.0,
    -12.0,
    -12.0,
    -12.0,
    -12.0,
    -12.0,
    -12.0,
    -12.0,
    -12.0,
    -12.0,
    -12.0,
    -12.0,
    -12.0,
    -12.0,
    -12.0,
    -12.0,
    -12.0,
    -12.0,
    -12.0,
    -12.0,
    -12.0,
    -12.0,
    -12.0,
    -12.0,
    -12.0,
    -12.0,
    -12.0,
    -12.0,
    -12.0,
    -12.0,
    -12.0,
    -12.0,
    -12.0,
    -12.0,
    -12.0,
    -12.0,
    -12.0,
    -12.0,
    -12.0,
    -12.0,
    -12.0,
    -12.0,
    -12.0,
    -12.0,
    -12.0,
    -12.0,
    -12.0,
    -12.0,
    -12.0,
    -12.0,
    -12.0,
    -12.0,
    -12.0,
    -12.0,
    -12.0,
    -12.0,
    -12.0,
    -12.0,
    -12.0,
    -12.0,
    -12.0
  ],
  "final_ascii": [
    "LEGEND:",
    "o: node",
    "-: hlink",
    "\u27d2: nodeseen, player",
    "|: vlink",
    ".: background",
    "\u0f10: vlinkseen",
    "\u1864: nodeseen",
    "\u0514: hlinkseen",
    "",
    "MAP:",
    "o-o-o-\u27d2",
    "|.|...\u0f10",
    "o.\u1864\u0514\u1864\u0514\u1864",
    "|.|...|",
    "o-o-o-o",
    "|...|.|",
    "o-o-o-o"
  ]
}