{
  "model": "qwen",
  "game": "atlas shrank",
  "level": 11,
  "run": 8,
  "win": false,
  "action_sequence": [
    3,
    3,
    3,
    3,
    3,
    3,
    3,
    3,
    2,
    3,
    3,
    3,
    3,
    3,
    2,
    3,
    3,
    3,
    3,
    3,
    3,
    3,
    3,
    3,
    2,
    2,
    3,
    3,
    2,
    3,
    3,
    3,
    2,
    3,
    3,
    2,
    3,
    3,
    3,
    3,
    2,
    2,
    2,
    3,
    3,
    3,
    3,
    3,
    3,
    3,
    3,
    3,
    3,
    3,
    2,
    2,
    3,
    3,
    2,
    3,
    3,
    3,
    3,
    3,
    3,
    2,
    3,
    3,
    2,
    3,
    3,
    3,
    2,
    3,
    3,
    3,
    3,
    3,
    3,
    3,
    2,
    3,
    3,
    2,
    3,
    3,
    3,
    3,
    2,
    3,
    3,
    3,
    3,
    3,
    3,
    3,
    3,
    3,
    3,
    3
  ],
  "reward_sequence": [
    -0.009999999776482582,
    -0.009999999776482582,
    -0.009999999776482582,
    -0.009999999776482582,
    -0.009999999776482582,
    -0.009999999776482582,
    -0.009999999776482582,
    -0.009999999776482582,
    0.9900000095367432,
    -0.009999999776482582,
    -0.009999999776482582,
    -0.009999999776482582,
    -0.009999999776482582,
    -0.009999999776482582,
    0.9900000095367432,
    -0.009999999776482582,
    -0.009999999776482582,
    -0.009999999776482582,
    -0.009999999776482582,
    -0.009999999776482582,
    -0.009999999776482582,
    -0.009999999776482582,
    -0.009999999776482582,
    -0.009999999776482582,
    1.9900000095367432,
    0.9900000095367432,
    -0.009999999776482582,
    -0.009999999776482582,
    0.9900000095367432,
    -1.0099999904632568,
    -0.009999999776482582,
    -0.009999999776482582,
    0.9900000095367432,
    -0.009999999776482582,
    -0.009999999776482582,
    0.9900000095367432,
    -0.009999999776482582,
    -0.009999999776482582,
    -0.009999999776482582,
    -0.009999999776482582,
    0.9900000095367432,
    0.9900000095367432,
    0.9900000095367432,
    -0.009999999776482582,
    -0.009999999776482582,
    -0.009999999776482582,
    -0.009999999776482582,
    -0.009999999776482582,
    -0.009999999776482582,
    -0.009999999776482582,
    -0.009999999776482582,
    -0.009999999776482582,
    -0.009999999776482582,
    -0.009999999776482582,
    0.9900000095367432,
    0.9900000095367432,
    -0.009999999776482582,
    -0.009999999776482582,
    0.9900000095367432,
    -0.009999999776482582,
    -0.009999999776482582,
    -0.009999999776482582,
    -0.009999999776482582,
    -0.009999999776482582,
    -0.009999999776482582,
    0.9900000095367432,
    -0.009999999776482582,
    -0.009999999776482582,
    0.9900000095367432,
    -0.009999999776482582,
    -0.009999999776482582,
    -0.009999999776482582,
    0.9900000095367432,
    -0.009999999776482582,
    -0.009999999776482582,
    -0.009999999776482582,
    -0.009999999776482582,
    -0.009999999776482582,
    -0.009999999776482582,
    -0.009999999776482582,
    0.9900000095367432,
    -0.009999999776482582,
    -0.009999999776482582,
    0.9900000095367432,
    -0.009999999776482582,
    -0.009999999776482582,
    -0.009999999776482582,
    -0.009999999776482582,
    0.9900000095367432,
    -0.009999999776482582,
    -0.009999999776482582,
    -0.009999999776482582,
    -0.009999999776482582,
    -0.009999999776482582,
    -0.009999999776482582,
    -0.009999999776482582,
    -0.009999999776482582,
    -0.009999999776482582,
    -0.009999999776482582,
    -0.009999999776482582
  ],
  "initial_ascii": [
    "LEGEND:",
    ".: background",
    "#: wallsolo",
    "\u0795: wallrl",
    "*: crate, massive",
    "\u212f: wallud",
    "t: switch",
    "\u10dc: wallr",
    "o: exit",
    "\u21d5: walld",
    "x: door",
    "\u169c: wallm",
    "\u18c7: walll",
    "p: players",
    "",
    "MAP:",
    ".................#\u0795\u0795\u0795\u0795\u0795\u0795\u0795\u0795\u0795\u0795#*#.#.##",
    ".................\u212f..*........*.....\u212f",
    ".................\u212f.t#\u0795#....*#\u0795\u0795\u0795\u0795\u0795\u0795\u10dc",
    "#................#.....*...#o......\u212f",
    "\u212f.....................#\u0795\u0795\u0795\u0795\u21d5\u0795\u0795\u0795#...\u212f",
    "\u212f....................#.....**.....*\u212f",
    "\u212f................##.#....#\u0795#x#\u0795\u0795\u0795\u0795\u0795\u10dc",
    "\u212f...............#\u169c\u10dc.\u212f*.......*.....\u212f",
    "\u212f.........*..#\u0795\u0795\u21d5\u21d5\u21d5\u0795\u21d5\u0795\u0795\u0795\u0795\u0795\u0795#x#\u0795#...\u212f",
    "\u18c7#....p..**................*......*\u212f",
    "#\u21d5\u0795\u0795\u0795\u0795\u0795\u0795\u0795\u0795\u0795\u0795\u0795\u0795\u0795\u0795\u0795\u0795\u0795\u0795\u0795\u0795\u0795\u0795\u0795\u0795\u0795#x#\u0795\u0795\u0795\u0795\u0795#",
    "...................................."
  ],
  "state_data": {
    "score": 0,
    "win": false,
    "step": 100
  },
  "heuristics": [
    -28.0,
    -28.0,
    -28.0,
    -28.0,
    -28.0,
    -28.0,
    -28.0,
    -28.0,
    -27.0,
    -27.0,
    -27.0,
    -27.0,
    -27.0,
    -27.0,
    -26.0,
    -26.0,
    -26.0,
    -26.0,
    -26.0,
    -26.0,
    -26.0,
    -26.0,
    -26.0,
    -26.0,
    -24.0,
    -23.0,
    -23.0,
    -23.0,
    -22.0,
    -23.0,
    -23.0,
    -23.0,
    -22.0,
    -22.0,
    -22.0,
    -21.0,
    -21.0,
    -21.0,
    -21.0,
    -21.0,
    -20.0,
    -19.0,
    -18.0,
    -18.0,
    -18.0,
    -18.0,
    -18.0,
    -18.0,
    -18.0,
    -18.0,
    -18.0,
    -18.0,
    -18.0,
    -18.0,
    -17.0,
    -16.0,
    -16.0,
    -16.0,
    -15.0,
    -15.0,
    -15.0,
    -15.0,
    -15.0,
    -15.0,
    -15.0,
    -14.0,
    -14.0,
    -14.0,
    -13.0,
    -13.0,
    -13.0,
    -13.0,
    -12.0,
    -12.0,
    -12.0,
    -12.0,
    -12.0,
    -12.0,
    -12.0,
    -12.0,
    -11.0,
    -11.0,
    -11.0,
    -10.0,
    -10.0,
    -10.0,
    -10.0,
    -10.0,
    -9.0,
    -9.0,
    -9.0,
    -9.0,
    -9.0,
    -9.0,
    -9.0,
    -9.0,
    -9.0,
    -9.0,
    -9.0,
    -9.0
  ],
  "final_ascii": [
    "LEGEND:",
    ".: background",
    "#: wallsolo",
    "\u0795: wallrl",
    "*: crate, massive",
    "\u212f: wallud",
    "t: switch",
    "\u10dc: wallr",
    "o: exit",
    "\u21d5: walld",
    "x: door",
    "\u169c: wallm",
    "\u18c7: walll",
    "\u04a7: playerr",
    "",
    "MAP:",
    ".................#\u0795\u0795\u0795\u0795\u0795\u0795\u0795\u0795\u0795\u0795#*#.#.##",
    ".................\u212f..*........*.....\u212f",
    ".................\u212f.t#\u0795#....*#\u0795\u0795\u0795\u0795\u0795\u0795\u10dc",
    "#................#.....*...#o......\u212f",
    "\u212f.....................#\u0795\u0795\u0795\u0795\u21d5\u0795\u0795\u0795#...\u212f",
    "\u212f....................#.....**.....*\u212f",
    "\u212f................##.#....#\u0795#x#\u0795\u0795\u0795\u0795\u0795\u10dc",
    "\u212f...............#\u169c\u10dc.\u212f*.......*.....\u212f",
    "\u212f............#\u0795\u0795\u21d5\u21d5\u21d5\u0795\u21d5\u0795\u0795\u0795\u0795\u0795\u0795#x#\u0795#...\u212f",
    "\u18c7#.......**..............\u04a7**......*\u212f",
    "#\u21d5\u0795\u0795\u0795\u0795\u0795\u0795\u0795\u0795\u0795\u0795\u0795\u0795\u0795\u0795\u0795\u0795\u0795\u0795\u0795\u0795\u0795\u0795\u0795\u0795\u0795#x#\u0795\u0795\u0795\u0795\u0795#",
    "...................................."
  ]
}