{
  "model": "qwen",
  "game": "Take_Heart_Lass",
  "level": 11,
  "run": 10,
  "win": false,
  "action_sequence": [
    2,
    2,
    3,
    3,
    3,
    3,
    3,
    3,
    2,
    2,
    2,
    3,
    2,
    3,
    2,
    2,
    2,
    3,
    3,
    3,
    3,
    3,
    2,
    2,
    3,
    2,
    2,
    2,
    3,
    2,
    3,
    2,
    3,
    3,
    2,
    3,
    2,
    3,
    3,
    3,
    3,
    3,
    2,
    3,
    2,
    2,
    3,
    2,
    3,
    2,
    3,
    2,
    2,
    3,
    3,
    3,
    2,
    2,
    2,
    3,
    2,
    3,
    2,
    3,
    2,
    2,
    2,
    3,
    3,
    3,
    2,
    3,
    2,
    2,
    3,
    2,
    2,
    3,
    3,
    2,
    3,
    2,
    2,
    2,
    3,
    2,
    3,
    3,
    2,
    3,
    2,
    2,
    3,
    2,
    3,
    3,
    3,
    2,
    3,
    3
  ],
  "reward_sequence": [
    -1.0099999904632568,
    -1.0099999904632568,
    0.9900000095367432,
    -0.009999999776482582,
    -0.009999999776482582,
    -0.009999999776482582,
    -0.009999999776482582,
    -0.009999999776482582,
    -0.009999999776482582,
    -0.009999999776482582,
    -0.009999999776482582,
    -0.009999999776482582,
    -0.009999999776482582,
    -0.009999999776482582,
    -0.009999999776482582,
    -0.009999999776482582,
    -0.009999999776482582,
    -0.009999999776482582,
    -0.009999999776482582,
    -0.009999999776482582,
    -0.009999999776482582,
    -0.009999999776482582,
    -0.009999999776482582,
    -0.009999999776482582,
    -0.009999999776482582,
    -0.009999999776482582,
    -0.009999999776482582,
    -0.009999999776482582,
    -0.009999999776482582,
    -0.009999999776482582,
    -0.009999999776482582,
    -0.009999999776482582,
    -0.009999999776482582,
    -0.009999999776482582,
    -0.009999999776482582,
    -0.009999999776482582,
    -0.009999999776482582,
    -0.009999999776482582,
    -0.009999999776482582,
    -0.009999999776482582,
    -0.009999999776482582,
    -0.009999999776482582,
    -0.009999999776482582,
    -0.009999999776482582,
    -0.009999999776482582,
    -0.009999999776482582,
    -0.009999999776482582,
    -0.009999999776482582,
    -0.009999999776482582,
    -0.009999999776482582,
    -0.009999999776482582,
    -0.009999999776482582,
    -0.009999999776482582,
    -0.009999999776482582,
    -0.009999999776482582,
    -0.009999999776482582,
    -0.009999999776482582,
    -0.009999999776482582,
    -0.009999999776482582,
    -0.009999999776482582,
    -0.009999999776482582,
    -0.009999999776482582,
    -0.009999999776482582,
    -0.009999999776482582,
    -0.009999999776482582,
    -0.009999999776482582,
    -0.009999999776482582,
    -0.009999999776482582,
    -0.009999999776482582,
    -0.009999999776482582,
    -0.009999999776482582,
    -0.009999999776482582,
    -0.009999999776482582,
    -0.009999999776482582,
    -0.009999999776482582,
    -0.009999999776482582,
    -0.009999999776482582,
    -0.009999999776482582,
    -0.009999999776482582,
    -0.009999999776482582,
    -0.009999999776482582,
    -0.009999999776482582,
    -0.009999999776482582,
    -0.009999999776482582,
    -0.009999999776482582,
    -0.009999999776482582,
    -0.009999999776482582,
    -0.009999999776482582,
    -0.009999999776482582,
    -0.009999999776482582,
    -0.009999999776482582,
    -0.009999999776482582,
    -0.009999999776482582,
    -0.009999999776482582,
    -0.009999999776482582,
    -0.009999999776482582,
    -0.009999999776482582,
    -0.009999999776482582,
    -0.009999999776482582,
    -0.009999999776482582
  ],
  "initial_ascii": [
    "LEGEND:",
    "#: wall",
    ".: background",
    "*: crate",
    "h: oldhope",
    "o: target",
    "\u2566: newhope",
    "\u08c0: newdespair",
    "p: player",
    "z: altolddespair",
    "x: olddespair",
    "\u15d0: newdespairwall",
    "",
    "MAP:",
    "##################",
    "#..*.#h#o........#",
    "#...*.\u2566#######.#.#",
    "#.##.#########.#*#",
    "#\u2566#.....*...\u08c0#.#.#",
    "#h#...#..p.#z.*h*#",
    "###...#.#*##\u08c0..#.#",
    "#...##z\u08c0....#*.xz#",
    "#.*...\u08c0...*...xzx\u15d0",
    "\u15d0x...#.*....\u15d0xzxz#",
    "#\u15d0###########\u15d0#\u15d0##"
  ],
  "state_data": {
    "score": 0,
    "win": false,
    "step": 100
  },
  "heuristics": [
    -5.0,
    -6.0,
    -5.0,
    -5.0,
    -5.0,
    -5.0,
    -5.0,
    -5.0,
    -5.0,
    -5.0,
    -5.0,
    -5.0,
    -5.0,
    -5.0,
    -5.0,
    -5.0,
    -5.0,
    -5.0,
    -5.0,
    -5.0,
    -5.0,
    -5.0,
    -5.0,
    -5.0,
    -5.0,
    -5.0,
    -5.0,
    -5.0,
    -5.0,
    -5.0,
    -5.0,
    -5.0,
    -5.0,
    -5.0,
    -5.0,
    -5.0,
    -5.0,
    -5.0,
    -5.0,
    -5.0,
    -5.0,
    -5.0,
    -5.0,
    -5.0,
    -5.0,
    -5.0,
    -5.0,
    -5.0,
    -5.0,
    -5.0,
    -5.0,
    -5.0,
    -5.0,
    -5.0,
    -5.0,
    -5.0,
    -5.0,
    -5.0,
    -5.0,
    -5.0,
    -5.0,
    -5.0,
    -5.0,
    -5.0,
    -5.0,
    -5.0,
    -5.0,
    -5.0,
    -5.0,
    -5.0,
    -5.0,
    -5.0,
    -5.0,
    -5.0,
    -5.0,
    -5.0,
    -5.0,
    -5.0,
    -5.0,
    -5.0,
    -5.0,
    -5.0,
    -5.0,
    -5.0,
    -5.0,
    -5.0,
    -5.0,
    -5.0,
    -5.0,
    -5.0,
    -5.0,
    -5.0,
    -5.0,
    -5.0,
    -5.0,
    -5.0,
    -5.0,
    -5.0,
    -5.0,
    -5.0
  ],
  "final_ascii": [
    "LEGEND:",
    "#: wall",
    "\u0792: despairwall",
    "h: oldhope",
    "*: crate",
    ".: background",
    "o: target",
    "p: player",
    "z: altolddespair",
    "x: olddespair",
    "",
    "MAP:",
    "#######\u0792\u0792\u0792\u0792\u0792\u0792\u0792\u0792\u0792\u0792\u0792",
    "#hh*.#h#o........\u0792",
    "#hhh*hh#\u0792\u0792\u0792\u0792\u0792\u0792.#.\u0792",
    "#h##.##\u0792\u0792\u0792\u0792\u0792\u0792\u0792.#*\u0792",
    "#h#.....*.pzx\u0792.#.\u0792",
    "#h#...\u0792x...\u0792z.*h*\u0792",
    "\u0792##...\u0792z#*\u0792\u0792x..#.\u0792",
    "\u0792...\u0792\u0792zxz...\u0792*.xz\u0792",
    "\u0792.*.xzx.x.*...xzx\u0792",
    "\u0792x.xz\u0792.*....\u0792xzxz\u0792",
    "\u0792\u0792\u0792\u0792\u0792\u0792\u0792\u0792\u0792\u0792\u0792\u0792\u0792\u0792\u0792\u0792\u0792\u0792"
  ]
}