{
  "model": "qwen",
  "game": "kettle",
  "level": 8,
  "run": 10,
  "win": false,
  "action_sequence": [
    0,
    3,
    2,
    3,
    2,
    1,
    0,
    1,
    1,
    3,
    3,
    3,
    0,
    2,
    3,
    3,
    2,
    3,
    1,
    3,
    3,
    1,
    2,
    3,
    3,
    3,
    1,
    2,
    3,
    1,
    3,
    2,
    3,
    3,
    3,
    1,
    2,
    1,
    3,
    3,
    2,
    1,
    1,
    3,
    3,
    2,
    2,
    2,
    3,
    1,
    2,
    3,
    2,
    3,
    3,
    2,
    3,
    3,
    2,
    2,
    2,
    3,
    2,
    3,
    2,
    3,
    1,
    1,
    3,
    3,
    3,
    1,
    3,
    1,
    1,
    3,
    1,
    1,
    2,
    3,
    3,
    2,
    3,
    2,
    3,
    1,
    3,
    3,
    3,
    1,
    3,
    2,
    3,
    2,
    3,
    3,
    2,
    1,
    3,
    2
  ],
  "reward_sequence": [
    3.990000009536743,
    4.989999771118164,
    5.989999771118164,
    4.989999771118164,
    3.990000009536743,
    4.989999771118164,
    2.990000009536743,
    3.990000009536743,
    -0.009999999776482582,
    -0.009999999776482582,
    -0.009999999776482582,
    -0.009999999776482582,
    -0.009999999776482582,
    -0.009999999776482582,
    -0.009999999776482582,
    -0.009999999776482582,
    -0.009999999776482582,
    -1.0099999904632568,
    -0.009999999776482582,
    -0.009999999776482582,
    -0.009999999776482582,
    -0.009999999776482582,
    -0.009999999776482582,
    -0.009999999776482582,
    -0.009999999776482582,
    -0.009999999776482582,
    -0.009999999776482582,
    -0.009999999776482582,
    -0.009999999776482582,
    -0.009999999776482582,
    -0.009999999776482582,
    -0.009999999776482582,
    -0.009999999776482582,
    -0.009999999776482582,
    -0.009999999776482582,
    -0.009999999776482582,
    -0.009999999776482582,
    -0.009999999776482582,
    -0.009999999776482582,
    -0.009999999776482582,
    -0.009999999776482582,
    -0.009999999776482582,
    -0.009999999776482582,
    -0.009999999776482582,
    -0.009999999776482582,
    -0.009999999776482582,
    -0.009999999776482582,
    -0.009999999776482582,
    -0.009999999776482582,
    -0.009999999776482582,
    -0.009999999776482582,
    -0.009999999776482582,
    -0.009999999776482582,
    -0.009999999776482582,
    -0.009999999776482582,
    -0.009999999776482582,
    -0.009999999776482582,
    -0.009999999776482582,
    -0.009999999776482582,
    -0.009999999776482582,
    -0.009999999776482582,
    -0.009999999776482582,
    -0.009999999776482582,
    -0.009999999776482582,
    -0.009999999776482582,
    -0.009999999776482582,
    -0.009999999776482582,
    -0.009999999776482582,
    -0.009999999776482582,
    -0.009999999776482582,
    -0.009999999776482582,
    -0.009999999776482582,
    -0.009999999776482582,
    -0.009999999776482582,
    -0.009999999776482582,
    -0.009999999776482582,
    -0.009999999776482582,
    -0.009999999776482582,
    -0.009999999776482582,
    -0.009999999776482582,
    -0.009999999776482582,
    -0.009999999776482582,
    -0.009999999776482582,
    -0.009999999776482582,
    -0.009999999776482582,
    -0.009999999776482582,
    -0.009999999776482582,
    -0.009999999776482582,
    -0.009999999776482582,
    -0.009999999776482582,
    -0.009999999776482582,
    -0.009999999776482582,
    -0.009999999776482582,
    -0.009999999776482582,
    -0.009999999776482582,
    -0.009999999776482582,
    -0.009999999776482582,
    -0.009999999776482582,
    -0.009999999776482582,
    -0.009999999776482582
  ],
  "initial_ascii": [
    "LEGEND:",
    "#: wall",
    ".: background",
    "k: dpolice",
    "l: rpolice",
    "c: crate",
    "j: lpolice",
    "t: target",
    "@: target, crate",
    "i: upolice",
    "",
    "MAP:",
    "###############",
    "#.............#",
    "#..kkkkkkkkk..#",
    "#.lc.cccc..j..#",
    "#.l........j..#",
    "#.lccttttt.j..#",
    "#.lc.tt@ttcj..#",
    "#.lc.tt@@tcj..#",
    "#.l..@@tt@cj..#",
    "#.l..t@t@t.j..#",
    "#.l........j..#",
    "#.lc.c.c.ccj..#",
    "#..iiiiiiiii..#",
    "###############"
  ],
  "state_data": {
    "score": 21,
    "win": false,
    "step": 100
  },
  "heuristics": [
    -35.0,
    -30.0,
    -24.0,
    -19.0,
    -15.0,
    -10.0,
    -7.0,
    -3.0,
    -3.0,
    -3.0,
    -3.0,
    -3.0,
    -3.0,
    -3.0,
    -3.0,
    -3.0,
    -3.0,
    -4.0,
    -4.0,
    -4.0,
    -4.0,
    -4.0,
    -4.0,
    -4.0,
    -4.0,
    -4.0,
    -4.0,
    -4.0,
    -4.0,
    -4.0,
    -4.0,
    -4.0,
    -4.0,
    -4.0,
    -4.0,
    -4.0,
    -4.0,
    -4.0,
    -4.0,
    -4.0,
    -4.0,
    -4.0,
    -4.0,
    -4.0,
    -4.0,
    -4.0,
    -4.0,
    -4.0,
    -4.0,
    -4.0,
    -4.0,
    -4.0,
    -4.0,
    -4.0,
    -4.0,
    -4.0,
    -4.0,
    -4.0,
    -4.0,
    -4.0,
    -4.0,
    -4.0,
    -4.0,
    -4.0,
    -4.0,
    -4.0,
    -4.0,
    -4.0,
    -4.0,
    -4.0,
    -4.0,
    -4.0,
    -4.0,
    -4.0,
    -4.0,
    -4.0,
    -4.0,
    -4.0,
    -4.0,
    -4.0,
    -4.0,
    -4.0,
    -4.0,
    -4.0,
    -4.0,
    -4.0,
    -4.0,
    -4.0,
    -4.0,
    -4.0,
    -4.0,
    -4.0,
    -4.0,
    -4.0,
    -4.0,
    -4.0,
    -4.0,
    -4.0,
    -4.0,
    -4.0
  ],
  "final_ascii": [
    "LEGEND:",
    "#: wall",
    ".: background",
    "k: dpolice",
    "l: rpolice",
    "j: lpolice",
    "c: crate",
    "@: target, crate",
    "\u1769: target, dpolice",
    "\u1f8f: target, upolice",
    "i: upolice",
    "",
    "MAP:",
    "###############",
    "#.............#",
    "#...k......k..#",
    "#...lk....kj..#",
    "#....c.lckj...#",
    "#...l@\u1769\u1769\u1769@j...#",
    "#...l@@@@@j...#",
    "#...l@@@@@j...#",
    "#..kl@@@@@j...#",
    "#..lc\u1f8f@@@@cj..#",
    "#..li.iiiiij..#",
    "#.li.....j.i..#",
    "#.............#",
    "###############"
  ]
}