{
  "model": "qwen",
  "game": "kettle",
  "level": 10,
  "run": 1,
  "win": false,
  "action_sequence": [
    2,
    2,
    0,
    2,
    2,
    2,
    1,
    1,
    3,
    3,
    1,
    1,
    1,
    0,
    1,
    0,
    1,
    3,
    1,
    2,
    3,
    1,
    3,
    3,
    0,
    2,
    2,
    0,
    2,
    3,
    1,
    1,
    2,
    1,
    3,
    3,
    3,
    1,
    1,
    0,
    0,
    3,
    3,
    3,
    1,
    3,
    2,
    3,
    1,
    1,
    3,
    3,
    3,
    2,
    1,
    1,
    2,
    1,
    3,
    1,
    3,
    1,
    0,
    3,
    3,
    1,
    1,
    2,
    3,
    1,
    1,
    3,
    3,
    3,
    3,
    3,
    1,
    1,
    1,
    1,
    1,
    1,
    1,
    3,
    3,
    3,
    1,
    1,
    3,
    1,
    1,
    1,
    3,
    1,
    1,
    1,
    3,
    1,
    1,
    3
  ],
  "reward_sequence": [
    7.989999771118164,
    5.989999771118164,
    4.989999771118164,
    -0.009999999776482582,
    -2.009999990463257,
    -2.009999990463257,
    3.990000009536743,
    2.990000009536743,
    2.990000009536743,
    2.990000009536743,
    -0.009999999776482582,
    -0.009999999776482582,
    -0.009999999776482582,
    -0.009999999776482582,
    -0.009999999776482582,
    -0.009999999776482582,
    -0.009999999776482582,
    -0.009999999776482582,
    -0.009999999776482582,
    -0.009999999776482582,
    -0.009999999776482582,
    0.9900000095367432,
    -0.009999999776482582,
    -0.009999999776482582,
    -0.009999999776482582,
    -1.0099999904632568,
    -0.009999999776482582,
    -0.009999999776482582,
    -0.009999999776482582,
    2.990000009536743,
    0.9900000095367432,
    -0.009999999776482582,
    -0.009999999776482582,
    -0.009999999776482582,
    -0.009999999776482582,
    -0.009999999776482582,
    -0.009999999776482582,
    -0.009999999776482582,
    -0.009999999776482582,
    -0.009999999776482582,
    -0.009999999776482582,
    -0.009999999776482582,
    -0.009999999776482582,
    -0.009999999776482582,
    -0.009999999776482582,
    -0.009999999776482582,
    -0.009999999776482582,
    -0.009999999776482582,
    -0.009999999776482582,
    -0.009999999776482582,
    -0.009999999776482582,
    -0.009999999776482582,
    -0.009999999776482582,
    -0.009999999776482582,
    -0.009999999776482582,
    -0.009999999776482582,
    -0.009999999776482582,
    -0.009999999776482582,
    -0.009999999776482582,
    -0.009999999776482582,
    -0.009999999776482582,
    -0.009999999776482582,
    -0.009999999776482582,
    -0.009999999776482582,
    -0.009999999776482582,
    -0.009999999776482582,
    -0.009999999776482582,
    -0.009999999776482582,
    -0.009999999776482582,
    -0.009999999776482582,
    -0.009999999776482582,
    -0.009999999776482582,
    -0.009999999776482582,
    -0.009999999776482582,
    -0.009999999776482582,
    -0.009999999776482582,
    -0.009999999776482582,
    -0.009999999776482582,
    -0.009999999776482582,
    -0.009999999776482582,
    -0.009999999776482582,
    -0.009999999776482582,
    -0.009999999776482582,
    -0.009999999776482582,
    -0.009999999776482582,
    -0.009999999776482582,
    -0.009999999776482582,
    -0.009999999776482582,
    -0.009999999776482582,
    -0.009999999776482582,
    -0.009999999776482582,
    -0.009999999776482582,
    -0.009999999776482582,
    -0.009999999776482582,
    -0.009999999776482582,
    -0.009999999776482582,
    -0.009999999776482582,
    -0.009999999776482582,
    -0.009999999776482582,
    -0.009999999776482582
  ],
  "initial_ascii": [
    "LEGEND:",
    "#: wall",
    ".: background",
    "k: dpolice",
    "l: rpolice",
    "c: crate",
    "j: lpolice",
    "@: target, crate",
    "t: target",
    "i: upolice",
    "",
    "MAP:",
    "###############",
    "#.kkkkkkkkkkk.#",
    "#.lcccc.c...cj#",
    "#.l...c......j#",
    "#.lc@ttttt...j#",
    "#.l.@ttt@t...j#",
    "#.l.t@@ttt..cj#",
    "#.lc@tt@@t..cj#",
    "#.l.@@t@@t...j#",
    "#.l.t@t@tt..cj#",
    "#.lc.c.......j#",
    "#.lc...c.....j#",
    "#.lccc.c.c..cj#",
    "#.iiiiiiiiiii.#",
    "###############"
  ],
  "state_data": {
    "score": 16,
    "win": false,
    "step": 100
  },
  "heuristics": [
    -58.0,
    -52.0,
    -47.0,
    -47.0,
    -49.0,
    -51.0,
    -47.0,
    -44.0,
    -41.0,
    -38.0,
    -38.0,
    -38.0,
    -38.0,
    -38.0,
    -38.0,
    -38.0,
    -38.0,
    -38.0,
    -38.0,
    -38.0,
    -38.0,
    -37.0,
    -37.0,
    -37.0,
    -37.0,
    -38.0,
    -38.0,
    -38.0,
    -38.0,
    -35.0,
    -34.0,
    -34.0,
    -34.0,
    -34.0,
    -34.0,
    -34.0,
    -34.0,
    -34.0,
    -34.0,
    -34.0,
    -34.0,
    -34.0,
    -34.0,
    -34.0,
    -34.0,
    -34.0,
    -34.0,
    -34.0,
    -34.0,
    -34.0,
    -34.0,
    -34.0,
    -34.0,
    -34.0,
    -34.0,
    -34.0,
    -34.0,
    -34.0,
    -34.0,
    -34.0,
    -34.0,
    -34.0,
    -34.0,
    -34.0,
    -34.0,
    -34.0,
    -34.0,
    -34.0,
    -34.0,
    -34.0,
    -34.0,
    -34.0,
    -34.0,
    -34.0,
    -34.0,
    -34.0,
    -34.0,
    -34.0,
    -34.0,
    -34.0,
    -34.0,
    -34.0,
    -34.0,
    -34.0,
    -34.0,
    -34.0,
    -34.0,
    -34.0,
    -34.0,
    -34.0,
    -34.0,
    -34.0,
    -34.0,
    -34.0,
    -34.0,
    -34.0,
    -34.0,
    -34.0,
    -34.0,
    -34.0
  ],
  "final_ascii": [
    "LEGEND:",
    "#: wall",
    ".: background",
    "k: dpolice",
    "l: rpolice",
    "c: crate",
    "j: lpolice",
    "t: target",
    "\u188c: target, dpolice",
    "\u0f5f: target, rpolice",
    "@: target, crate",
    "\u1f6a: target, upolice",
    "i: upolice",
    "",
    "MAP:",
    "###############",
    "#......k......#",
    "#.....lckj....#",
    "#......lccj...#",
    "#...t\u188c\u188c\u0f5f@@j.k.#",
    "#...t\u1f6a@@\u0f5f@ckj.#",
    "#...tt\u0f5f@@\u188ckcj.#",
    "#...tt\u0f5f@@@ccj.#",
    "#...tt\u0f5f@@@ccj.#",
    "#.kk\u188ct\u0f5f@@@ccj.#",
    "#.iii.lcccccj.#",
    "#.....lcciiij.#",
    "#.....liccj.i.#",
    "#.....i.i.....#",
    "###############"
  ]
}