{
  "model": "qwen",
  "game": "kettle",
  "level": 8,
  "run": 3,
  "win": false,
  "action_sequence": [
    2,
    3,
    3,
    3,
    2,
    3,
    2,
    1,
    3,
    1,
    1,
    1,
    1,
    1,
    0,
    1,
    1,
    1,
    1,
    1,
    1,
    1,
    1,
    1,
    1,
    1,
    1,
    1,
    1,
    1,
    1,
    1,
    1,
    1,
    1,
    1,
    1,
    1,
    1,
    1,
    1,
    1,
    1,
    1,
    1,
    1,
    1,
    1,
    1,
    1,
    1,
    1,
    1,
    1,
    1,
    1,
    1,
    1,
    3,
    1,
    1,
    1,
    1,
    1,
    1,
    1,
    1,
    1,
    1,
    1,
    1,
    1,
    1,
    3,
    1,
    1,
    1,
    1,
    1,
    1,
    1,
    1,
    1,
    1,
    1,
    1,
    1,
    1,
    1,
    1,
    1,
    1,
    1,
    1,
    1,
    1,
    1,
    1,
    1,
    1
  ],
  "reward_sequence": [
    5.989999771118164,
    4.989999771118164,
    4.989999771118164,
    -0.009999999776482582,
    2.990000009536743,
    -2.009999990463257,
    -1.0099999904632568,
    3.990000009536743,
    -0.009999999776482582,
    -0.009999999776482582,
    -0.009999999776482582,
    -0.009999999776482582,
    -0.009999999776482582,
    -0.009999999776482582,
    -0.009999999776482582,
    -0.009999999776482582,
    -0.009999999776482582,
    -0.009999999776482582,
    -0.009999999776482582,
    -0.009999999776482582,
    -0.009999999776482582,
    -0.009999999776482582,
    -0.009999999776482582,
    -0.009999999776482582,
    -0.009999999776482582,
    -0.009999999776482582,
    -0.009999999776482582,
    -0.009999999776482582,
    -0.009999999776482582,
    -0.009999999776482582,
    -0.009999999776482582,
    -0.009999999776482582,
    -0.009999999776482582,
    -0.009999999776482582,
    -0.009999999776482582,
    -0.009999999776482582,
    -0.009999999776482582,
    -0.009999999776482582,
    -0.009999999776482582,
    -0.009999999776482582,
    -0.009999999776482582,
    -0.009999999776482582,
    -0.009999999776482582,
    -0.009999999776482582,
    -0.009999999776482582,
    -0.009999999776482582,
    -0.009999999776482582,
    -0.009999999776482582,
    -0.009999999776482582,
    -0.009999999776482582,
    -0.009999999776482582,
    -0.009999999776482582,
    -0.009999999776482582,
    -0.009999999776482582,
    -0.009999999776482582,
    -0.009999999776482582,
    -0.009999999776482582,
    -0.009999999776482582,
    -0.009999999776482582,
    -0.009999999776482582,
    -0.009999999776482582,
    -0.009999999776482582,
    -0.009999999776482582,
    -0.009999999776482582,
    -0.009999999776482582,
    -0.009999999776482582,
    -0.009999999776482582,
    -0.009999999776482582,
    -0.009999999776482582,
    -0.009999999776482582,
    -0.009999999776482582,
    -0.009999999776482582,
    -0.009999999776482582,
    -0.009999999776482582,
    -0.009999999776482582,
    -0.009999999776482582,
    -0.009999999776482582,
    -0.009999999776482582,
    -0.009999999776482582,
    -0.009999999776482582,
    -0.009999999776482582,
    -0.009999999776482582,
    -0.009999999776482582,
    -0.009999999776482582,
    -0.009999999776482582,
    -0.009999999776482582,
    -0.009999999776482582,
    -0.009999999776482582,
    -0.009999999776482582,
    -0.009999999776482582,
    -0.009999999776482582,
    -0.009999999776482582,
    -0.009999999776482582,
    -0.009999999776482582,
    -0.009999999776482582,
    -0.009999999776482582,
    -0.009999999776482582,
    -0.009999999776482582,
    -0.009999999776482582,
    -0.009999999776482582
  ],
  "initial_ascii": [
    "LEGEND:",
    "#: wall",
    ".: background",
    "k: dpolice",
    "l: rpolice",
    "c: crate",
    "j: lpolice",
    "@: target, crate",
    "t: target",
    "i: upolice",
    "",
    "MAP:",
    "###############",
    "#.............#",
    "#..kkkkkkkkk..#",
    "#..lccccc...j.#",
    "#..l........j.#",
    "#..lc@tttt..j.#",
    "#..lctt@tt.cj.#",
    "#..lctt@@t.cj.#",
    "#..l.@@tt@.cj.#",
    "#..l.t@t@t..j.#",
    "#..l........j.#",
    "#..lcc.c.c.cj.#",
    "#..iiiiiiiii..#",
    "###############"
  ],
  "state_data": {
    "score": 13,
    "win": false,
    "step": 100
  },
  "heuristics": [
    -33.0,
    -28.0,
    -23.0,
    -23.0,
    -20.0,
    -22.0,
    -23.0,
    -19.0,
    -19.0,
    -19.0,
    -19.0,
    -19.0,
    -19.0,
    -19.0,
    -19.0,
    -19.0,
    -19.0,
    -19.0,
    -19.0,
    -19.0,
    -19.0,
    -19.0,
    -19.0,
    -19.0,
    -19.0,
    -19.0,
    -19.0,
    -19.0,
    -19.0,
    -19.0,
    -19.0,
    -19.0,
    -19.0,
    -19.0,
    -19.0,
    -19.0,
    -19.0,
    -19.0,
    -19.0,
    -19.0,
    -19.0,
    -19.0,
    -19.0,
    -19.0,
    -19.0,
    -19.0,
    -19.0,
    -19.0,
    -19.0,
    -19.0,
    -19.0,
    -19.0,
    -19.0,
    -19.0,
    -19.0,
    -19.0,
    -19.0,
    -19.0,
    -19.0,
    -19.0,
    -19.0,
    -19.0,
    -19.0,
    -19.0,
    -19.0,
    -19.0,
    -19.0,
    -19.0,
    -19.0,
    -19.0,
    -19.0,
    -19.0,
    -19.0,
    -19.0,
    -19.0,
    -19.0,
    -19.0,
    -19.0,
    -19.0,
    -19.0,
    -19.0,
    -19.0,
    -19.0,
    -19.0,
    -19.0,
    -19.0,
    -19.0,
    -19.0,
    -19.0,
    -19.0,
    -19.0,
    -19.0,
    -19.0,
    -19.0,
    -19.0,
    -19.0,
    -19.0,
    -19.0,
    -19.0,
    -19.0
  ],
  "final_ascii": [
    "LEGEND:",
    "#: wall",
    ".: background",
    "k: dpolice",
    "l: rpolice",
    "c: crate",
    "j: lpolice",
    "\u0864: target, rpolice",
    "@: target, crate",
    "\u23c6: target, upolice",
    "i: upolice",
    "t: target",
    "",
    "MAP:",
    "###############",
    "#.............#",
    "#....kk.......#",
    "#....lckkkkkj.#",
    "#....lccccccj.#",
    "#...k\u0864@@@@ccj.#",
    "#...l@@@@@ccj.#",
    "#...l@@@@\u23c6icj.#",
    "#..kl\u23c6\u23c6\u23c6\u23c6t.ij.#",
    "#..littttt.j..#",
    "#..i.l.....j..#",
    "#....l.....j..#",
    "#.............#",
    "###############"
  ]
}