{
  "model": "qwen",
  "game": "atlas shrank",
  "level": 8,
  "run": 4,
  "win": false,
  "action_sequence": [
    2,
    3,
    3,
    3,
    3,
    3,
    3,
    3,
    3,
    3,
    3,
    3,
    3,
    3,
    3,
    2,
    2,
    3,
    3,
    3,
    3,
    3,
    3,
    3,
    3,
    3,
    3,
    3,
    2,
    3,
    3,
    2,
    3,
    3,
    3,
    3,
    3,
    2,
    3,
    2,
    2,
    2,
    2,
    3,
    2,
    3,
    3,
    2,
    2,
    2,
    3,
    3,
    3,
    2,
    3,
    3,
    3,
    3,
    2,
    2,
    2,
    2,
    3,
    3,
    2,
    3,
    3,
    3,
    3,
    3,
    3,
    2,
    3,
    3,
    2,
    2,
    3,
    3,
    2,
    3,
    3,
    2,
    2,
    2,
    3,
    3,
    2,
    3,
    2,
    2,
    3,
    3,
    3,
    2,
    2,
    3,
    2,
    3,
    3,
    3
  ],
  "reward_sequence": [
    0.9900000095367432,
    0.9900000095367432,
    -0.009999999776482582,
    -0.009999999776482582,
    -0.009999999776482582,
    -0.009999999776482582,
    -0.009999999776482582,
    -0.009999999776482582,
    -0.009999999776482582,
    -0.009999999776482582,
    -0.009999999776482582,
    -0.009999999776482582,
    -0.009999999776482582,
    -0.009999999776482582,
    -0.009999999776482582,
    -0.009999999776482582,
    0.9900000095367432,
    -0.009999999776482582,
    -0.009999999776482582,
    -0.009999999776482582,
    -0.009999999776482582,
    -0.009999999776482582,
    -0.009999999776482582,
    -0.009999999776482582,
    -0.009999999776482582,
    -0.009999999776482582,
    -0.009999999776482582,
    -0.009999999776482582,
    -1.0099999904632568,
    -0.009999999776482582,
    -0.009999999776482582,
    -1.0099999904632568,
    -0.009999999776482582,
    -0.009999999776482582,
    -0.009999999776482582,
    -0.009999999776482582,
    -0.009999999776482582,
    -0.009999999776482582,
    -0.009999999776482582,
    -0.009999999776482582,
    -0.009999999776482582,
    -0.009999999776482582,
    -0.009999999776482582,
    -0.009999999776482582,
    -0.009999999776482582,
    -0.009999999776482582,
    -0.009999999776482582,
    -0.009999999776482582,
    -0.009999999776482582,
    -0.009999999776482582,
    -0.009999999776482582,
    -0.009999999776482582,
    -0.009999999776482582,
    -0.009999999776482582,
    -0.009999999776482582,
    -0.009999999776482582,
    -0.009999999776482582,
    -0.009999999776482582,
    -0.009999999776482582,
    -0.009999999776482582,
    -0.009999999776482582,
    -0.009999999776482582,
    -0.009999999776482582,
    -0.009999999776482582,
    -0.009999999776482582,
    -0.009999999776482582,
    -0.009999999776482582,
    -0.009999999776482582,
    -0.009999999776482582,
    -0.009999999776482582,
    -0.009999999776482582,
    -0.009999999776482582,
    -0.009999999776482582,
    -0.009999999776482582,
    -0.009999999776482582,
    -0.009999999776482582,
    -0.009999999776482582,
    -0.009999999776482582,
    -0.009999999776482582,
    -0.009999999776482582,
    -0.009999999776482582,
    -0.009999999776482582,
    -0.009999999776482582,
    -0.009999999776482582,
    -0.009999999776482582,
    -0.009999999776482582,
    -0.009999999776482582,
    -0.009999999776482582,
    -0.009999999776482582,
    -0.009999999776482582,
    -0.009999999776482582,
    -0.009999999776482582,
    -0.009999999776482582,
    -0.009999999776482582,
    -0.009999999776482582,
    -0.009999999776482582,
    -0.009999999776482582,
    -0.009999999776482582,
    -0.009999999776482582,
    -0.009999999776482582
  ],
  "initial_ascii": [
    "LEGEND:",
    "#: wallsolo",
    ".: background",
    "\u1065: wallud",
    "t: switch",
    "*: crate, massive",
    "\u00bf: wallrl",
    "\u026c: walll",
    "\u1340: wallu",
    "\u040b: wallr",
    "\u13eb: playerr",
    "x: door",
    "\u2ac8: wallm",
    "\u048b: walld",
    "o: exit",
    "",
    "MAP:",
    "#.................",
    "\u1065..#.#.#.#.......#",
    "\u1065..\u1065.\u1065.#.#.......\u1065",
    "\u1065..\u1065.\u1065.t*........\u1065",
    "\u1065..#.#*#\u00bf#.......\u1065",
    "#...*.*...*......\u1065",
    "*..#\u00bf\u00bf\u00bf#.#\u00bf#.....\u1065",
    "#.*.........#...*\u1065",
    "\u026c\u1340\u00bf#.......*....#\u040b",
    "\u026c\u040bt*..\u13eb....#.##.\u026c\u040b",
    "\u026c\u040bt#\u1340#t#x#\u1340\u2ac8\u1340\u2ac8\u2ac8\u1340\u2ac8\u040b",
    "\u026c\u040bt\u026c\u2ac8\u048b\u00bf#x#\u048b\u048b\u2ac8\u2ac8\u2ac8\u2ac8\u2ac8\u040b",
    "\u026c\u040bt\u026c#.......#\u2ac8\u2ac8\u2ac8\u2ac8\u040b",
    "\u026c\u2ac8\u1340#.........#\u2ac8\u2ac8\u2ac8\u040b",
    "\u026c\u2ac8#...........#\u2ac8\u2ac8\u040b",
    "\u026c#......o......#\u2ac8\u040b",
    "#......#\u00bf#......#\u040b",
    ".................#",
    ".................."
  ],
  "state_data": {
    "score": 0,
    "win": false,
    "step": 100
  },
  "heuristics": [
    -8.0,
    -7.0,
    -7.0,
    -7.0,
    -7.0,
    -7.0,
    -7.0,
    -7.0,
    -7.0,
    -7.0,
    -7.0,
    -7.0,
    -7.0,
    -7.0,
    -7.0,
    -7.0,
    -6.0,
    -6.0,
    -6.0,
    -6.0,
    -6.0,
    -6.0,
    -6.0,
    -6.0,
    -6.0,
    -6.0,
    -6.0,
    -6.0,
    -7.0,
    -7.0,
    -7.0,
    -8.0,
    -8.0,
    -8.0,
    -8.0,
    -8.0,
    -8.0,
    -8.0,
    -8.0,
    -8.0,
    -8.0,
    -8.0,
    -8.0,
    -8.0,
    -8.0,
    -8.0,
    -8.0,
    -8.0,
    -8.0,
    -8.0,
    -8.0,
    -8.0,
    -8.0,
    -8.0,
    -8.0,
    -8.0,
    -8.0,
    -8.0,
    -8.0,
    -8.0,
    -8.0,
    -8.0,
    -8.0,
    -8.0,
    -8.0,
    -8.0,
    -8.0,
    -8.0,
    -8.0,
    -8.0,
    -8.0,
    -8.0,
    -8.0,
    -8.0,
    -8.0,
    -8.0,
    -8.0,
    -8.0,
    -8.0,
    -8.0,
    -8.0,
    -8.0,
    -8.0,
    -8.0,
    -8.0,
    -8.0,
    -8.0,
    -8.0,
    -8.0,
    -8.0,
    -8.0,
    -8.0,
    -8.0,
    -8.0,
    -8.0,
    -8.0,
    -8.0,
    -8.0,
    -8.0,
    -8.0
  ],
  "final_ascii": [
    "LEGEND:",
    "#: wallsolo",
    ".: background",
    "\u1065: wallud",
    "t: switch",
    "*: crate, massive",
    "\u00bf: wallrl",
    "\u026c: walll",
    "\u1340: wallu",
    "\u040b: wallr",
    "\u13eb: playerr",
    "x: door",
    "\u2ac8: wallm",
    "\u048b: walld",
    "o: exit",
    "",
    "MAP:",
    "#.................",
    "\u1065..#.#.#.#.......#",
    "\u1065..\u1065.\u1065.#.#.......\u1065",
    "\u1065..\u1065.\u1065.t*........\u1065",
    "\u1065..#.#*#\u00bf#.......\u1065",
    "#...*.*...*......\u1065",
    "*..#\u00bf\u00bf\u00bf#.#\u00bf#.....\u1065",
    "#.*.........#...*\u1065",
    "\u026c\u1340\u00bf#.......*....#\u040b",
    "\u026c\u040bt*......\u13eb#.##.\u026c\u040b",
    "\u026c\u040bt#\u1340#t#x#\u1340\u2ac8\u1340\u2ac8\u2ac8\u1340\u2ac8\u040b",
    "\u026c\u040bt\u026c\u2ac8\u048b\u00bf#x#\u048b\u048b\u2ac8\u2ac8\u2ac8\u2ac8\u2ac8\u040b",
    "\u026c\u040bt\u026c#.......#\u2ac8\u2ac8\u2ac8\u2ac8\u040b",
    "\u026c\u2ac8\u1340#.........#\u2ac8\u2ac8\u2ac8\u040b",
    "\u026c\u2ac8#...........#\u2ac8\u2ac8\u040b",
    "\u026c#......o......#\u2ac8\u040b",
    "#......#\u00bf#......#\u040b",
    ".................#",
    ".................."
  ]
}