{
  "model": "4o-mini",
  "game": "Travelling_salesman",
  "level": 11,
  "run": 7,
  "win": false,
  "action_sequence": [
    2,
    1,
    2,
    2,
    2,
    2,
    2,
    2,
    2,
    2,
    2,
    2,
    2,
    2,
    2,
    2,
    2,
    2,
    2,
    2,
    1,
    2,
    2,
    2,
    2,
    2,
    4,
    2,
    2,
    2,
    2,
    2,
    2,
    2,
    2,
    2,
    2,
    2,
    2,
    2,
    2,
    2,
    4,
    2,
    2,
    2,
    2,
    2,
    3,
    2,
    2,
    2,
    2,
    2,
    2,
    2,
    2,
    2,
    2,
    2,
    2,
    2,
    2,
    2,
    2,
    3,
    2,
    2,
    2,
    2,
    2,
    2,
    2,
    3,
    3,
    2,
    2,
    2,
    2,
    0,
    2,
    2,
    2,
    2,
    2,
    2,
    2,
    2,
    2,
    2,
    2,
    2,
    2,
    2,
    2,
    2,
    2,
    2,
    2,
    2
  ],
  "reward_sequence": [
    -0.009999999776482582,
    1.9900000095367432,
    -0.009999999776482582,
    -0.009999999776482582,
    -0.009999999776482582,
    -0.009999999776482582,
    -0.009999999776482582,
    -0.009999999776482582,
    -0.009999999776482582,
    -0.009999999776482582,
    -0.009999999776482582,
    -0.009999999776482582,
    -0.009999999776482582,
    -0.009999999776482582,
    -0.009999999776482582,
    -0.009999999776482582,
    -0.009999999776482582,
    -0.009999999776482582,
    -0.009999999776482582,
    -0.009999999776482582,
    0.9900000095367432,
    0.9900000095367432,
    -0.009999999776482582,
    -0.009999999776482582,
    -0.009999999776482582,
    -0.009999999776482582,
    -0.009999999776482582,
    -0.009999999776482582,
    -0.009999999776482582,
    -0.009999999776482582,
    -0.009999999776482582,
    -0.009999999776482582,
    -0.009999999776482582,
    -0.009999999776482582,
    -0.009999999776482582,
    -0.009999999776482582,
    -0.009999999776482582,
    -0.009999999776482582,
    -0.009999999776482582,
    -0.009999999776482582,
    -0.009999999776482582,
    -0.009999999776482582,
    -0.009999999776482582,
    -0.009999999776482582,
    -0.009999999776482582,
    -0.009999999776482582,
    -0.009999999776482582,
    -0.009999999776482582,
    0.9900000095367432,
    0.9900000095367432,
    -0.009999999776482582,
    -0.009999999776482582,
    -0.009999999776482582,
    -0.009999999776482582,
    -0.009999999776482582,
    -0.009999999776482582,
    -0.009999999776482582,
    -0.009999999776482582,
    -0.009999999776482582,
    -0.009999999776482582,
    -0.009999999776482582,
    -0.009999999776482582,
    -0.009999999776482582,
    -0.009999999776482582,
    -0.009999999776482582,
    0.9900000095367432,
    -0.009999999776482582,
    -0.009999999776482582,
    -0.009999999776482582,
    -0.009999999776482582,
    -0.009999999776482582,
    -0.009999999776482582,
    -0.009999999776482582,
    0.9900000095367432,
    0.9900000095367432,
    -0.009999999776482582,
    -0.009999999776482582,
    -0.009999999776482582,
    -0.009999999776482582,
    0.9900000095367432,
    -0.009999999776482582,
    -0.009999999776482582,
    -0.009999999776482582,
    -0.009999999776482582,
    -0.009999999776482582,
    -0.009999999776482582,
    -0.009999999776482582,
    -0.009999999776482582,
    -0.009999999776482582,
    -0.009999999776482582,
    -0.009999999776482582,
    -0.009999999776482582,
    -0.009999999776482582,
    -0.009999999776482582,
    -0.009999999776482582,
    -0.009999999776482582,
    -0.009999999776482582,
    -0.009999999776482582,
    -0.009999999776482582,
    -0.009999999776482582
  ],
  "initial_ascii": [
    "LEGEND:",
    "o: node",
    "-: hlink",
    ".: background",
    "|: vlink",
    "p: node, player",
    "",
    "MAP:",
    "o-o.o-o.....o-o-o-o.",
    "|.|.|.|.....|...|.|.",
    "o.o-o.o-o-o-o.o-o.o.",
    "|.|.|.|...|.|.|.|.|.",
    "o.o-o-o-o-o-o-p.o.o.",
    "|.|...|.....|.|.|.|.",
    "o-o.o-o.....o-o.o-o.",
    "..|.|.........|.|...",
    "..o.o.........o-o...",
    "..|.|...........|...",
    "..o-o.........o-o...",
    "..|.|.........|.|...",
    "o-o.o-o.....o-o-o-o.",
    "|.....|.....|...|.|.",
    "o-o-o-o-o-o-o-o-o.o.",
    "|...|.|...|.....|.|.",
    "o-o-o.o-o-o-o.o-o.o.",
    "|.....|.....|.|.|.|.",
    "o-o-o-o.....o-o-o-o."
  ],
  "state_data": {
    "score": -70,
    "win": false,
    "step": 100
  },
  "heuristics": [
    -80.0,
    -78.0,
    -78.0,
    -78.0,
    -78.0,
    -78.0,
    -78.0,
    -78.0,
    -78.0,
    -78.0,
    -78.0,
    -78.0,
    -78.0,
    -78.0,
    -78.0,
    -78.0,
    -78.0,
    -78.0,
    -78.0,
    -78.0,
    -77.0,
    -76.0,
    -76.0,
    -76.0,
    -76.0,
    -76.0,
    -76.0,
    -76.0,
    -76.0,
    -76.0,
    -76.0,
    -76.0,
    -76.0,
    -76.0,
    -76.0,
    -76.0,
    -76.0,
    -76.0,
    -76.0,
    -76.0,
    -76.0,
    -76.0,
    -76.0,
    -76.0,
    -76.0,
    -76.0,
    -76.0,
    -76.0,
    -75.0,
    -74.0,
    -74.0,
    -74.0,
    -74.0,
    -74.0,
    -74.0,
    -74.0,
    -74.0,
    -74.0,
    -74.0,
    -74.0,
    -74.0,
    -74.0,
    -74.0,
    -74.0,
    -74.0,
    -73.0,
    -73.0,
    -73.0,
    -73.0,
    -73.0,
    -73.0,
    -73.0,
    -73.0,
    -72.0,
    -71.0,
    -71.0,
    -71.0,
    -71.0,
    -71.0,
    -70.0,
    -70.0,
    -70.0,
    -70.0,
    -70.0,
    -70.0,
    -70.0,
    -70.0,
    -70.0,
    -70.0,
    -70.0,
    -70.0,
    -70.0,
    -70.0,
    -70.0,
    -70.0,
    -70.0,
    -70.0,
    -70.0,
    -70.0,
    -70.0
  ],
  "final_ascii": [
    "LEGEND:",
    "o: node",
    "-: hlink",
    ".: background",
    "\u227a: nodeseen, player",
    "\u14a2: hlinkseen",
    "\u29b1: nodeseen",
    "|: vlink",
    "\u1fe0: vlinkseen",
    "",
    "MAP:",
    "o-o.o-o.....o-o-\u227a\u14a2\u29b1.",
    "|.|.|.|.....|...|.\u1fe0.",
    "o.o-o.o-o-o-o.o-o.\u29b1.",
    "|.|.|.|...|.|.|.|.\u1fe0.",
    "o.o-o-o-o-o-o-\u29b1.o.\u29b1.",
    "|.|...|.....|.\u1fe0.|.\u1fe0.",
    "o-o.o-o.....o-\u29b1.\u29b1\u14a2\u29b1.",
    "..|.|.........\u1fe0.\u1fe0...",
    "..o.o.........\u29b1\u14a2\u29b1...",
    "..|.|...........|...",
    "..o-o.........o-o...",
    "..|.|.........|.|...",
    "o-o.o-o.....o-o-o-o.",
    "|.....|.....|...|.|.",
    "o-o-o-o-o-o-o-o-o.o.",
    "|...|.|...|.....|.|.",
    "o-o-o.o-o-o-o.o-o.o.",
    "|.....|.....|.|.|.|.",
    "o-o-o-o.....o-o-o-o."
  ]
}