{
  "model": "4o-mini",
  "game": "kettle",
  "level": 9,
  "run": 5,
  "win": false,
  "action_sequence": [
    4,
    3,
    1,
    4,
    3,
    4,
    4,
    2,
    4,
    2,
    4,
    3,
    2,
    0,
    4,
    2,
    2,
    0,
    0,
    3,
    3,
    4,
    1,
    1,
    1,
    1,
    3,
    0,
    0,
    1,
    3,
    1,
    2,
    1,
    2,
    2,
    2,
    2,
    2,
    4,
    1,
    3,
    2,
    4,
    4,
    2,
    4,
    1,
    4,
    0,
    2,
    1,
    2,
    1,
    3,
    2,
    0,
    1,
    3,
    2,
    2,
    1,
    2,
    1,
    4,
    4,
    1,
    1,
    4,
    4,
    3,
    4,
    3,
    1,
    2,
    0,
    2,
    2,
    4,
    2,
    1,
    2,
    1,
    1,
    1,
    0,
    2,
    2,
    1,
    1,
    2,
    3,
    1,
    2,
    1,
    2,
    2,
    2,
    1,
    4
  ],
  "reward_sequence": [
    -0.009999999776482582,
    4.989999771118164,
    5.989999771118164,
    -0.009999999776482582,
    4.989999771118164,
    -0.009999999776482582,
    -0.009999999776482582,
    5.989999771118164,
    -0.009999999776482582,
    4.989999771118164,
    -0.009999999776482582,
    3.990000009536743,
    -0.009999999776482582,
    5.989999771118164,
    -0.009999999776482582,
    -2.009999990463257,
    -3.009999990463257,
    -0.009999999776482582,
    -0.009999999776482582,
    -0.009999999776482582,
    -0.009999999776482582,
    -0.009999999776482582,
    -0.009999999776482582,
    -0.009999999776482582,
    -0.009999999776482582,
    -0.009999999776482582,
    -0.009999999776482582,
    -0.009999999776482582,
    -0.009999999776482582,
    -0.009999999776482582,
    -0.009999999776482582,
    -0.009999999776482582,
    -0.009999999776482582,
    -0.009999999776482582,
    -0.009999999776482582,
    -0.009999999776482582,
    -0.009999999776482582,
    -0.009999999776482582,
    -0.009999999776482582,
    -0.009999999776482582,
    -0.009999999776482582,
    -0.009999999776482582,
    -0.009999999776482582,
    -0.009999999776482582,
    -0.009999999776482582,
    -0.009999999776482582,
    -0.009999999776482582,
    -0.009999999776482582,
    -0.009999999776482582,
    -0.009999999776482582,
    -0.009999999776482582,
    -0.009999999776482582,
    -0.009999999776482582,
    -0.009999999776482582,
    -0.009999999776482582,
    -0.009999999776482582,
    -0.009999999776482582,
    -0.009999999776482582,
    -0.009999999776482582,
    -0.009999999776482582,
    -0.009999999776482582,
    -0.009999999776482582,
    -0.009999999776482582,
    -0.009999999776482582,
    -0.009999999776482582,
    -0.009999999776482582,
    -0.009999999776482582,
    -0.009999999776482582,
    -0.009999999776482582,
    -0.009999999776482582,
    -0.009999999776482582,
    -0.009999999776482582,
    -0.009999999776482582,
    -0.009999999776482582,
    -0.009999999776482582,
    -0.009999999776482582,
    -0.009999999776482582,
    -0.009999999776482582,
    -0.009999999776482582,
    -0.009999999776482582,
    -0.009999999776482582,
    -0.009999999776482582,
    -0.009999999776482582,
    -0.009999999776482582,
    -0.009999999776482582,
    -0.009999999776482582,
    -0.009999999776482582,
    -0.009999999776482582,
    -0.009999999776482582,
    -0.009999999776482582,
    -0.009999999776482582,
    -0.009999999776482582,
    -0.009999999776482582,
    -0.009999999776482582,
    -0.009999999776482582,
    -0.009999999776482582,
    -0.009999999776482582,
    -0.009999999776482582,
    -0.009999999776482582,
    -0.009999999776482582
  ],
  "initial_ascii": [
    "LEGEND:",
    "#: wall",
    ".: background",
    "k: dpolice",
    "l: rpolice",
    "c: crate",
    "j: lpolice",
    "@: target, crate",
    "t: target",
    "i: upolice",
    "",
    "MAP:",
    "###############",
    "#.kkkkkkkkkk..#",
    "#lccc..c...cj.#",
    "#lc.........j.#",
    "#lc.@t@tt...j.#",
    "#lc.t@@@t...j.#",
    "#l..@ttt@..cj.#",
    "#lc.tt@@t..cj.#",
    "#l..ttttt...j.#",
    "#l..........j.#",
    "#l.........cj.#",
    "#l....c.c.ccj.#",
    "#.iiiiiiiiii..#",
    "###############"
  ],
  "state_data": {
    "score": 11,
    "win": false,
    "step": 100
  },
  "heuristics": [
    -53.0,
    -48.0,
    -42.0,
    -42.0,
    -37.0,
    -37.0,
    -37.0,
    -31.0,
    -31.0,
    -26.0,
    -26.0,
    -22.0,
    -22.0,
    -16.0,
    -16.0,
    -18.0,
    -21.0,
    -21.0,
    -21.0,
    -21.0,
    -21.0,
    -21.0,
    -21.0,
    -21.0,
    -21.0,
    -21.0,
    -21.0,
    -21.0,
    -21.0,
    -21.0,
    -21.0,
    -21.0,
    -21.0,
    -21.0,
    -21.0,
    -21.0,
    -21.0,
    -21.0,
    -21.0,
    -21.0,
    -21.0,
    -21.0,
    -21.0,
    -21.0,
    -21.0,
    -21.0,
    -21.0,
    -21.0,
    -21.0,
    -21.0,
    -21.0,
    -21.0,
    -21.0,
    -21.0,
    -21.0,
    -21.0,
    -21.0,
    -21.0,
    -21.0,
    -21.0,
    -21.0,
    -21.0,
    -21.0,
    -21.0,
    -21.0,
    -21.0,
    -21.0,
    -21.0,
    -21.0,
    -21.0,
    -21.0,
    -21.0,
    -21.0,
    -21.0,
    -21.0,
    -21.0,
    -21.0,
    -21.0,
    -21.0,
    -21.0,
    -21.0,
    -21.0,
    -21.0,
    -21.0,
    -21.0,
    -21.0,
    -21.0,
    -21.0,
    -21.0,
    -21.0,
    -21.0,
    -21.0,
    -21.0,
    -21.0,
    -21.0,
    -21.0,
    -21.0,
    -21.0,
    -21.0,
    -21.0
  ],
  "final_ascii": [
    "LEGEND:",
    "#: wall",
    ".: background",
    "l: rpolice",
    "k: dpolice",
    "j: lpolice",
    "c: crate",
    "t: target",
    "\u04be: target, rpolice",
    "@: target, crate",
    "\u00ee: target, dpolice",
    "\u25f4: target, upolice",
    "i: upolice",
    "",
    "MAP:",
    "###############",
    "#.............#",
    "#...lkkkkkkkj.#",
    "#....lcccccj..#",
    "#...tt\u04be@@cj...#",
    "#...t\u04be@@@ccj..#",
    "#.k.\u00ee\u25f4\u04be@@ccj..#",
    "#.i.\u25f4t\u04be@@ccj..#",
    "#...tt\u04be@@ccj..#",
    "#..k.liiiiiij.#",
    "#.lij.........#",
    "#.....lj......#",
    "#.............#",
    "###############"
  ]
}