{
  "model": "4o-mini",
  "game": "Zen_Puzzle_Garden",
  "level": 3,
  "run": 5,
  "win": false,
  "action_sequence": [
    1,
    1,
    4,
    1,
    2,
    1,
    1,
    2,
    1,
    1,
    1,
    1,
    1,
    1,
    1,
    1,
    2,
    1,
    3,
    1,
    1,
    1,
    1,
    2,
    1,
    1,
    4,
    1,
    4,
    1,
    1,
    1,
    1,
    3,
    1,
    1,
    1,
    0,
    1,
    1,
    1,
    1,
    1,
    1,
    1,
    1,
    1,
    1,
    1,
    3,
    1,
    1,
    1,
    3,
    2,
    1,
    1,
    2,
    1,
    1,
    2,
    1,
    1,
    1,
    1,
    1,
    1,
    1,
    1,
    1,
    1,
    3,
    1,
    1,
    3,
    4,
    1,
    1,
    1,
    3,
    2,
    1,
    1,
    1,
    2,
    2,
    1,
    1,
    1,
    1,
    3,
    1,
    1,
    1,
    1,
    3,
    1,
    1,
    1,
    1
  ],
  "reward_sequence": [
    -0.009999999776482582,
    -0.009999999776482582,
    -0.009999999776482582,
    -0.009999999776482582,
    -0.009999999776482582,
    -0.009999999776482582,
    -0.009999999776482582,
    -0.009999999776482582,
    -0.009999999776482582,
    -0.009999999776482582,
    -0.009999999776482582,
    -0.009999999776482582,
    -0.009999999776482582,
    -0.009999999776482582,
    -0.009999999776482582,
    -0.009999999776482582,
    -0.009999999776482582,
    -0.009999999776482582,
    -0.009999999776482582,
    -0.009999999776482582,
    -0.009999999776482582,
    -0.009999999776482582,
    -0.009999999776482582,
    -0.009999999776482582,
    -0.009999999776482582,
    -0.009999999776482582,
    -0.009999999776482582,
    -0.009999999776482582,
    -0.009999999776482582,
    -0.009999999776482582,
    -0.009999999776482582,
    -0.009999999776482582,
    -0.009999999776482582,
    -0.009999999776482582,
    -0.009999999776482582,
    -0.009999999776482582,
    -0.009999999776482582,
    -0.009999999776482582,
    -0.009999999776482582,
    -0.009999999776482582,
    -0.009999999776482582,
    -0.009999999776482582,
    -0.009999999776482582,
    -0.009999999776482582,
    -0.009999999776482582,
    -0.009999999776482582,
    -0.009999999776482582,
    -0.009999999776482582,
    -0.009999999776482582,
    -0.009999999776482582,
    -0.009999999776482582,
    -0.009999999776482582,
    -0.009999999776482582,
    -0.009999999776482582,
    -0.009999999776482582,
    -0.009999999776482582,
    -0.009999999776482582,
    -0.009999999776482582,
    -0.009999999776482582,
    -0.009999999776482582,
    -0.009999999776482582,
    -0.009999999776482582,
    -0.009999999776482582,
    -0.009999999776482582,
    -0.009999999776482582,
    -0.009999999776482582,
    -0.009999999776482582,
    -0.009999999776482582,
    -0.009999999776482582,
    -0.009999999776482582,
    -0.009999999776482582,
    -0.009999999776482582,
    -0.009999999776482582,
    -0.009999999776482582,
    -0.009999999776482582,
    -0.009999999776482582,
    -0.009999999776482582,
    -0.009999999776482582,
    -0.009999999776482582,
    -0.009999999776482582,
    -0.009999999776482582,
    -0.009999999776482582,
    -0.009999999776482582,
    -0.009999999776482582,
    -0.009999999776482582,
    -0.009999999776482582,
    -0.009999999776482582,
    -0.009999999776482582,
    -0.009999999776482582,
    -0.009999999776482582,
    -0.009999999776482582,
    -0.009999999776482582,
    -0.009999999776482582,
    -0.009999999776482582,
    -0.009999999776482582,
    -0.009999999776482582,
    -0.009999999776482582,
    -0.009999999776482582,
    -0.009999999776482582,
    -0.009999999776482582
  ],
  "initial_ascii": [
    "LEGEND:",
    ";: background",
    ".: unbrushedsand",
    "o: rock",
    "p: player",
    "",
    "MAP:",
    ";;;;;;;;;;;;",
    ";;;;;;;;;;;;",
    ";;;;;;;;;;;;",
    ";;;..oo..;;;",
    ";;;o....o;;;",
    ";;;..oo..;;;",
    ";p;o....o;;;",
    ";;;..oo..;;;",
    ";;;;;;;;;;;;",
    ";;;;;;;;;;;;",
    ";;;;;;;;;;;;"
  ],
  "state_data": {
    "score": -20,
    "win": false,
    "step": 100
  },
  "heuristics": [
    -20.0,
    -20.0,
    -20.0,
    -20.0,
    -20.0,
    -20.0,
    -20.0,
    -20.0,
    -20.0,
    -20.0,
    -20.0,
    -20.0,
    -20.0,
    -20.0,
    -20.0,
    -20.0,
    -20.0,
    -20.0,
    -20.0,
    -20.0,
    -20.0,
    -20.0,
    -20.0,
    -20.0,
    -20.0,
    -20.0,
    -20.0,
    -20.0,
    -20.0,
    -20.0,
    -20.0,
    -20.0,
    -20.0,
    -20.0,
    -20.0,
    -20.0,
    -20.0,
    -20.0,
    -20.0,
    -20.0,
    -20.0,
    -20.0,
    -20.0,
    -20.0,
    -20.0,
    -20.0,
    -20.0,
    -20.0,
    -20.0,
    -20.0,
    -20.0,
    -20.0,
    -20.0,
    -20.0,
    -20.0,
    -20.0,
    -20.0,
    -20.0,
    -20.0,
    -20.0,
    -20.0,
    -20.0,
    -20.0,
    -20.0,
    -20.0,
    -20.0,
    -20.0,
    -20.0,
    -20.0,
    -20.0,
    -20.0,
    -20.0,
    -20.0,
    -20.0,
    -20.0,
    -20.0,
    -20.0,
    -20.0,
    -20.0,
    -20.0,
    -20.0,
    -20.0,
    -20.0,
    -20.0,
    -20.0,
    -20.0,
    -20.0,
    -20.0,
    -20.0,
    -20.0,
    -20.0,
    -20.0,
    -20.0,
    -20.0,
    -20.0,
    -20.0,
    -20.0,
    -20.0,
    -20.0,
    -20.0
  ],
  "final_ascii": [
    "LEGEND:",
    ";: background",
    ".: unbrushedsand",
    "o: rock",
    "p: player",
    "",
    "MAP:",
    ";;;;;;;;;;;;",
    ";;;;;;;;;;;;",
    ";;;;;;;;;;;;",
    ";;;..oo..;;;",
    ";;;o....o;;;",
    ";;;..oo..;;;",
    ";;;o....o;;;",
    ";;;..oo..;;;",
    ";;;;;;;;;;;;",
    ";;;;;;;;;;;;",
    ";;;;;;;;;;p;"
  ]
}