{
  "model": "4o-mini",
  "game": "castlemouse",
  "win": false,
  "action_sequence": [
    2,
    2,
    2,
    2,
    1,
    2,
    1,
    2,
    1,
    1
  ],
  "reward_sequence": [
    -0.009999999776482582,
    -0.009999999776482582,
    -0.009999999776482582,
    -0.009999999776482582,
    -0.009999999776482582,
    -0.009999999776482582,
    -0.009999999776482582,
    -0.009999999776482582,
    -0.009999999776482582,
    -0.009999999776482582
  ],
  "initial_ascii": [
    "####?#",
    "#..qx?",
    "#.ffq#",
    "#.ff.#",
    "#o..p#",
    "######"
  ],
  "final_ascii": [
    "EEEEEE",
    "EzxzxE",
    "Ex3yzE",
    "E.y3xE",
    "Eo.xpE",
    "EEEEEE"
  ],
  "state_data": {
    "score": 0,
    "win": false,
    "step": 10
  },
  "heuristics": [
    -3.0,
    -3.0,
    -3.0,
    -3.0,
    -3.0,
    -3.0,
    -3.0,
    -3.0,
    -3.0,
    -3.0
  ]
}