{
  "model": "4o-mini",
  "game": "atlas shrank",
  "level": 7,
  "run": 1,
  "win": false,
  "action_sequence": [
    1,
    2,
    2,
    4,
    4,
    2,
    2,
    2,
    2,
    4,
    2,
    4,
    2,
    2,
    2,
    2,
    2,
    2,
    2,
    2,
    2,
    4,
    2,
    1,
    0,
    4,
    2,
    2,
    2,
    1,
    2,
    2,
    2,
    2,
    2,
    4,
    2,
    0,
    4,
    2,
    4,
    1,
    2,
    3,
    2,
    2,
    2,
    2,
    2,
    4,
    0,
    2,
    2,
    2,
    2,
    4,
    4,
    2,
    2,
    2,
    2,
    2,
    4,
    0,
    2,
    2,
    2,
    2,
    2,
    2,
    3,
    2,
    2,
    2,
    2,
    2,
    2,
    2,
    2,
    2,
    2,
    2,
    2,
    1,
    2,
    1,
    1,
    2,
    2,
    2,
    2,
    2,
    2,
    2,
    2,
    2,
    2,
    2,
    2,
    2
  ],
  "reward_sequence": [
    -0.009999999776482582,
    0.9900000095367432,
    -0.009999999776482582,
    -0.009999999776482582,
    -0.009999999776482582,
    -0.009999999776482582,
    -0.009999999776482582,
    -0.009999999776482582,
    -0.009999999776482582,
    -0.009999999776482582,
    -0.009999999776482582,
    -0.009999999776482582,
    -0.009999999776482582,
    -0.009999999776482582,
    -0.009999999776482582,
    -0.009999999776482582,
    -0.009999999776482582,
    -0.009999999776482582,
    -0.009999999776482582,
    -0.009999999776482582,
    -0.009999999776482582,
    -0.009999999776482582,
    -0.009999999776482582,
    -0.009999999776482582,
    -1.0099999904632568,
    -0.009999999776482582,
    0.9900000095367432,
    -0.009999999776482582,
    -0.009999999776482582,
    -0.009999999776482582,
    -0.009999999776482582,
    -0.009999999776482582,
    -0.009999999776482582,
    -0.009999999776482582,
    -0.009999999776482582,
    -0.009999999776482582,
    -0.009999999776482582,
    -1.0099999904632568,
    -0.009999999776482582,
    0.9900000095367432,
    -0.009999999776482582,
    -0.009999999776482582,
    1.9900000095367432,
    -0.009999999776482582,
    -0.009999999776482582,
    -0.009999999776482582,
    -0.009999999776482582,
    -0.009999999776482582,
    -0.009999999776482582,
    -0.009999999776482582,
    -1.0099999904632568,
    -1.0099999904632568,
    1.9900000095367432,
    -0.009999999776482582,
    -0.009999999776482582,
    -0.009999999776482582,
    -0.009999999776482582,
    -0.009999999776482582,
    -0.009999999776482582,
    -0.009999999776482582,
    -0.009999999776482582,
    -0.009999999776482582,
    -0.009999999776482582,
    -1.0099999904632568,
    -1.0099999904632568,
    1.9900000095367432,
    -0.009999999776482582,
    -0.009999999776482582,
    -0.009999999776482582,
    -0.009999999776482582,
    -0.009999999776482582,
    -0.009999999776482582,
    -0.009999999776482582,
    -0.009999999776482582,
    -0.009999999776482582,
    -0.009999999776482582,
    -0.009999999776482582,
    -0.009999999776482582,
    -0.009999999776482582,
    -0.009999999776482582,
    -0.009999999776482582,
    -0.009999999776482582,
    -0.009999999776482582,
    -0.009999999776482582,
    -0.009999999776482582,
    -0.009999999776482582,
    -0.009999999776482582,
    -0.009999999776482582,
    -0.009999999776482582,
    -0.009999999776482582,
    -0.009999999776482582,
    -0.009999999776482582,
    -0.009999999776482582,
    -0.009999999776482582,
    -0.009999999776482582,
    -0.009999999776482582,
    -0.009999999776482582,
    -0.009999999776482582,
    -0.009999999776482582,
    -0.009999999776482582
  ],
  "initial_ascii": [
    "LEGEND:",
    "#: wallsolo",
    "\u0c9c: wallu",
    "\u1e2b: wallrl",
    "\u2210: walll",
    "\u165a: wallr",
    ".: background",
    "x: door",
    "\u1d6a: wallud",
    "*: crate, massive",
    "t: switch",
    "o: exit",
    "\u0917: walld",
    "\u0a72: wallm",
    "p: players",
    "",
    "MAP:",
    "#\u0c9c\u1e2b\u1e2b\u1e2b\u1e2b\u1e2b\u1e2b\u1e2b\u1e2b\u1e2b\u1e2b\u1e2b\u1e2b\u1e2b\u1e2b\u1e2b#",
    "\u2210\u165a...........x...\u1d6a",
    "\u2210\u165a...........x.*.\u1d6a",
    "\u2210\u165a.........t#\u1e2b\u1e2b#.\u1d6a",
    "\u2210\u165a..........\u1d6a....\u1d6a",
    "\u2210\u165a..........\u1d6a....\u1d6a",
    "\u2210\u165a...***#\u0c9c\u1e2b\u1e2b#.##x#",
    "\u2210\u165a...***\u2210\u165a.o..#\u0917#*",
    "\u2210\u165a...***\u2210\u0a72\u1e2b#.....#",
    "\u2210\u165a.p.***\u2210\u165a.......\u1d6a",
    "#\u0917\u1e2b\u1e2b\u1e2b\u1e2b\u1e2b\u1e2b\u0917\u0917\u1e2b\u1e2b\u1e2b\u1e2b\u1e2b\u1e2b\u1e2b#"
  ],
  "final_ascii": [
    "LEGEND:",
    "#: wallsolo",
    "\u0c9c: wallu",
    "\u1e2b: wallrl",
    "\u2210: walll",
    "\u165a: wallr",
    ".: background",
    "x: door",
    "\u1d6a: wallud",
    "*: crate, massive",
    "t: switch",
    "\u1ec1: heldcrate",
    "o: exit",
    "\u0917: walld",
    "\u00c0: playerrh",
    "\u0a72: wallm",
    "",
    "MAP:",
    "#\u0c9c\u1e2b\u1e2b\u1e2b\u1e2b\u1e2b\u1e2b\u1e2b\u1e2b\u1e2b\u1e2b\u1e2b\u1e2b\u1e2b\u1e2b\u1e2b#",
    "\u2210\u165a...........x...\u1d6a",
    "\u2210\u165a...........x.*.\u1d6a",
    "\u2210\u165a.........t#\u1e2b\u1e2b#.\u1d6a",
    "\u2210\u165a..........\u1d6a....\u1d6a",
    "\u2210\u165a..........\u1d6a....\u1d6a",
    "\u2210\u165a....**#\u0c9c\u1e2b\u1e2b#.##x#",
    "\u2210\u165a...\u1ec1**\u2210\u165a.o..#\u0917#*",
    "\u2210\u165a*..\u00c0**\u2210\u0a72\u1e2b#.....#",
    "\u2210\u165a*..***\u2210\u165a.......\u1d6a",
    "#\u0917\u1e2b\u1e2b\u1e2b\u1e2b\u1e2b\u1e2b\u0917\u0917\u1e2b\u1e2b\u1e2b\u1e2b\u1e2b\u1e2b\u1e2b#"
  ],
  "state_data": {
    "score": 0,
    "win": false,
    "step": 100
  },
  "heuristics": [
    -10.0,
    -9.0,
    -9.0,
    -9.0,
    -9.0,
    -9.0,
    -9.0,
    -9.0,
    -9.0,
    -9.0,
    -9.0,
    -9.0,
    -9.0,
    -9.0,
    -9.0,
    -9.0,
    -9.0,
    -9.0,
    -9.0,
    -9.0,
    -9.0,
    -9.0,
    -9.0,
    -9.0,
    -10.0,
    -10.0,
    -9.0,
    -9.0,
    -9.0,
    -9.0,
    -9.0,
    -9.0,
    -9.0,
    -9.0,
    -9.0,
    -9.0,
    -9.0,
    -10.0,
    -10.0,
    -9.0,
    -9.0,
    -9.0,
    -7.0,
    -7.0,
    -7.0,
    -7.0,
    -7.0,
    -7.0,
    -7.0,
    -7.0,
    -8.0,
    -9.0,
    -7.0,
    -7.0,
    -7.0,
    -7.0,
    -7.0,
    -7.0,
    -7.0,
    -7.0,
    -7.0,
    -7.0,
    -7.0,
    -8.0,
    -9.0,
    -7.0,
    -7.0,
    -7.0,
    -7.0,
    -7.0,
    -7.0,
    -7.0,
    -7.0,
    -7.0,
    -7.0,
    -7.0,
    -7.0,
    -7.0,
    -7.0,
    -7.0,
    -7.0,
    -7.0,
    -7.0,
    -7.0,
    -7.0,
    -7.0,
    -7.0,
    -7.0,
    -7.0,
    -7.0,
    -7.0,
    -7.0,
    -7.0,
    -7.0,
    -7.0,
    -7.0,
    -7.0,
    -7.0,
    -7.0,
    -7.0
  ]
}