{
  "model": "4o-mini",
  "game": "atlas shrank",
  "win": true,
  "action_sequence": [
    4,
    0,
    2,
    2,
    2,
    2,
    2,
    2,
    2
  ],
  "reward_sequence": [
    -0.009999999776482582,
    -1.0099999904632568,
    0.9900000095367432,
    0.9900000095367432,
    0.9900000095367432,
    1.9900000095367432,
    1.9900000095367432,
    1.9900000095367432,
    2.990000009536743
  ],
  "initial_ascii": [
    "LEGEND:",
    "#: wallsolo",
    "\u1277: wallrl",
    "\u1160: wallud",
    ".: background",
    "o: exit",
    "\u1cb7: wallr",
    "\u1d93: wallm",
    "p: players",
    "*: crate, massive",
    "\u1857: walld",
    "",
    "MAP:",
    "#\u1277\u1277\u1277\u1277\u1277\u1277\u1277\u1277\u1277\u1277\u1277\u1277\u1277#",
    "\u1160.......o.....\u1160",
    "\u1160.......#.....\u1160",
    "\u1160......#\u1cb7.....\u1160",
    "\u1160.....#\u1d93\u1cb7.....\u1160",
    "\u1160.p..#\u1d93\u1d93\u1cb7**...\u1160",
    "#\u1277\u1277\u1277\u1277\u1857\u1857\u1857\u1857\u1277\u1277\u1277\u1277\u1277#"
  ],
  "final_ascii": [
    "LEGEND:",
    "#: wallsolo",
    "\u1277: wallrl",
    "\u1160: wallud",
    ".: background",
    "\u23eb: exit, playerr",
    "\u1cb7: wallr",
    "\u1d93: wallm",
    "*: crate, massive",
    "\u1857: walld",
    "",
    "MAP:",
    "#\u1277\u1277\u1277\u1277\u1277\u1277\u1277\u1277\u1277\u1277\u1277\u1277\u1277#",
    "\u1160.......\u23eb.....\u1160",
    "\u1160.......#.....\u1160",
    "\u1160......#\u1cb7.....\u1160",
    "\u1160.....#\u1d93\u1cb7.....\u1160",
    "\u1160....#\u1d93\u1d93\u1cb7**...\u1160",
    "#\u1277\u1277\u1277\u1277\u1857\u1857\u1857\u1857\u1277\u1277\u1277\u1277\u1277#"
  ],
  "state_data": {
    "score": 1,
    "win": true,
    "step": 9
  },
  "heuristics": [
    -10.0,
    -11.0,
    -10.0,
    -9.0,
    -8.0,
    -6.0,
    -4.0,
    -2.0,
    0.0
  ]
}