{
  "model": "4o-mini",
  "game": "slidings",
  "level": 8,
  "run": 9,
  "win": true,
  "action_sequence": [
    1,
    2,
    4,
    1,
    2,
    1,
    1,
    1,
    2,
    1,
    2,
    2,
    3,
    2,
    2,
    1,
    1,
    1,
    2,
    2,
    4,
    2,
    2,
    1,
    1,
    2,
    3,
    2,
    1,
    1,
    4,
    1,
    1,
    1,
    2,
    2,
    3,
    0,
    2
  ],
  "reward_sequence": [
    -0.009999999776482582,
    -1.0099999904632568,
    -0.009999999776482582,
    -1.0099999904632568,
    1.9900000095367432,
    -0.009999999776482582,
    -0.009999999776482582,
    -0.009999999776482582,
    -0.009999999776482582,
    -0.009999999776482582,
    -0.009999999776482582,
    -0.009999999776482582,
    -0.009999999776482582,
    -2.009999990463257,
    -0.009999999776482582,
    0.9900000095367432,
    -0.009999999776482582,
    -0.009999999776482582,
    -0.009999999776482582,
    -0.009999999776482582,
    -1.0099999904632568,
    -0.009999999776482582,
    -0.009999999776482582,
    -0.009999999776482582,
    -0.009999999776482582,
    -0.009999999776482582,
    -0.009999999776482582,
    -0.009999999776482582,
    -0.009999999776482582,
    -0.009999999776482582,
    0.9900000095367432,
    -0.009999999776482582,
    -0.009999999776482582,
    -0.009999999776482582,
    -0.009999999776482582,
    -0.009999999776482582,
    -0.009999999776482582,
    -1.0099999904632568,
    4.989999771118164
  ],
  "initial_ascii": [
    "LEGEND:",
    "#: wall",
    "m: count",
    ".: background",
    "n: countend",
    "o: target",
    "a: balla",
    "p: player",
    "b: ballb",
    "e: ballc, overwall",
    "",
    "MAP:",
    "#mmmmmmm",
    "##.....m",
    "##.....n",
    "##..o..#",
    "##a....#",
    "##..p.b#",
    "#######e"
  ],
  "state_data": {
    "score": 0,
    "win": true,
    "step": 39
  },
  "heuristics": [
    -2.0,
    -3.0,
    -3.0,
    -4.0,
    -2.0,
    -2.0,
    -2.0,
    -2.0,
    -2.0,
    -2.0,
    -2.0,
    -2.0,
    -2.0,
    -4.0,
    -4.0,
    -3.0,
    -3.0,
    -3.0,
    -3.0,
    -3.0,
    -4.0,
    -4.0,
    -4.0,
    -4.0,
    -4.0,
    -4.0,
    -4.0,
    -4.0,
    -4.0,
    -4.0,
    -3.0,
    -3.0,
    -3.0,
    -3.0,
    -3.0,
    -3.0,
    -3.0,
    -4.0,
    0.0
  ],
  "final_ascii": [
    "LEGEND:",
    "#: wall",
    ".: background",
    "\u29b1: deadplayer",
    "o: target",
    "a: balla",
    "b: ballb",
    "e: ballc, overwall",
    "",
    "MAP:",
    "########",
    "##....\u29b1#",
    "##.....#",
    "##..o..#",
    "##....a#",
    "##....b#",
    "#######e"
  ]
}