{
  "model": "4o-mini",
  "game": "limerick",
  "level": 9,
  "run": 7,
  "win": false,
  "action_sequence": [
    2,
    2,
    3,
    3,
    2,
    2,
    3,
    0,
    2,
    1,
    1,
    4,
    2,
    3,
    2,
    2,
    2,
    1,
    1,
    2,
    2,
    4,
    2,
    3,
    3,
    2,
    2,
    3,
    2,
    2,
    2,
    3,
    3,
    3,
    2,
    2,
    1,
    4,
    2,
    2,
    2,
    2,
    2,
    2,
    2,
    2,
    2,
    2,
    3,
    3,
    3,
    2,
    3,
    2,
    4,
    2,
    2,
    2,
    1,
    2,
    4,
    2,
    2,
    3,
    2,
    2,
    1,
    2,
    2,
    2,
    2,
    4,
    4,
    2,
    3,
    3,
    2,
    3,
    2,
    3,
    2,
    2,
    2,
    2,
    2,
    3,
    3,
    2,
    2,
    2,
    3,
    2,
    2,
    2,
    2,
    2,
    2,
    2,
    2,
    3
  ],
  "reward_sequence": [
    -1.0099999904632568,
    -1.0099999904632568,
    0.9900000095367432,
    0.9900000095367432,
    -3.009999990463257,
    -1.0099999904632568,
    0.9900000095367432,
    -0.009999999776482582,
    -2.009999990463257,
    -0.009999999776482582,
    -0.009999999776482582,
    -0.009999999776482582,
    -1.0099999904632568,
    0.9900000095367432,
    -2.009999990463257,
    -1.0099999904632568,
    -1.0099999904632568,
    -0.009999999776482582,
    -0.009999999776482582,
    -1.0099999904632568,
    -1.0099999904632568,
    -0.009999999776482582,
    -2.009999990463257,
    -0.009999999776482582,
    -0.009999999776482582,
    -1.0099999904632568,
    -0.009999999776482582,
    0.9900000095367432,
    -0.009999999776482582,
    -0.009999999776482582,
    -0.009999999776482582,
    0.9900000095367432,
    0.9900000095367432,
    -0.009999999776482582,
    -0.009999999776482582,
    -0.009999999776482582,
    -0.009999999776482582,
    -0.009999999776482582,
    -0.009999999776482582,
    -0.009999999776482582,
    -0.009999999776482582,
    -0.009999999776482582,
    -0.009999999776482582,
    -0.009999999776482582,
    -0.009999999776482582,
    -0.009999999776482582,
    -0.009999999776482582,
    -0.009999999776482582,
    -0.009999999776482582,
    -0.009999999776482582,
    -0.009999999776482582,
    -0.009999999776482582,
    -0.009999999776482582,
    -0.009999999776482582,
    -0.009999999776482582,
    -0.009999999776482582,
    -0.009999999776482582,
    -0.009999999776482582,
    -0.009999999776482582,
    -0.009999999776482582,
    -0.009999999776482582,
    -0.009999999776482582,
    -0.009999999776482582,
    -0.009999999776482582,
    -0.009999999776482582,
    -0.009999999776482582,
    -0.009999999776482582,
    -0.009999999776482582,
    -0.009999999776482582,
    -0.009999999776482582,
    -0.009999999776482582,
    -0.009999999776482582,
    -0.009999999776482582,
    -0.009999999776482582,
    -0.009999999776482582,
    -0.009999999776482582,
    -0.009999999776482582,
    -0.009999999776482582,
    -0.009999999776482582,
    -0.009999999776482582,
    -0.009999999776482582,
    -0.009999999776482582,
    -0.009999999776482582,
    -0.009999999776482582,
    -0.009999999776482582,
    -0.009999999776482582,
    -0.009999999776482582,
    -0.009999999776482582,
    -0.009999999776482582,
    -0.009999999776482582,
    -0.009999999776482582,
    -0.009999999776482582,
    -0.009999999776482582,
    -0.009999999776482582,
    -0.009999999776482582,
    -0.009999999776482582,
    -0.009999999776482582,
    -0.009999999776482582,
    -0.009999999776482582,
    -0.009999999776482582
  ],
  "initial_ascii": [
    "LEGEND:",
    "#: wall",
    ".: background",
    "e: exit",
    "c: crate",
    "\u29b1: playerbodyh",
    "p: playerhead1",
    "",
    "MAP:",
    "###################",
    "#.................#",
    "#.................#",
    "#.................#",
    "#.................#",
    "#.e..........c....#",
    "####.##.....###...#",
    "#######.....###...#",
    "#.................#",
    "#.................#",
    "#...\u29b1p............#",
    "#..#############..#",
    "###################",
    "#.................#",
    "###################"
  ],
  "state_data": {
    "score": 0,
    "win": false,
    "step": 100
  },
  "heuristics": [
    -8.0,
    -9.0,
    -8.0,
    -7.0,
    -10.0,
    -11.0,
    -10.0,
    -10.0,
    -12.0,
    -12.0,
    -12.0,
    -12.0,
    -13.0,
    -12.0,
    -14.0,
    -15.0,
    -16.0,
    -16.0,
    -16.0,
    -17.0,
    -18.0,
    -18.0,
    -20.0,
    -20.0,
    -20.0,
    -21.0,
    -21.0,
    -20.0,
    -20.0,
    -20.0,
    -20.0,
    -19.0,
    -18.0,
    -18.0,
    -18.0,
    -18.0,
    -18.0,
    -18.0,
    -18.0,
    -18.0,
    -18.0,
    -18.0,
    -18.0,
    -18.0,
    -18.0,
    -18.0,
    -18.0,
    -18.0,
    -18.0,
    -18.0,
    -18.0,
    -18.0,
    -18.0,
    -18.0,
    -18.0,
    -18.0,
    -18.0,
    -18.0,
    -18.0,
    -18.0,
    -18.0,
    -18.0,
    -18.0,
    -18.0,
    -18.0,
    -18.0,
    -18.0,
    -18.0,
    -18.0,
    -18.0,
    -18.0,
    -18.0,
    -18.0,
    -18.0,
    -18.0,
    -18.0,
    -18.0,
    -18.0,
    -18.0,
    -18.0,
    -18.0,
    -18.0,
    -18.0,
    -18.0,
    -18.0,
    -18.0,
    -18.0,
    -18.0,
    -18.0,
    -18.0,
    -18.0,
    -18.0,
    -18.0,
    -18.0,
    -18.0,
    -18.0,
    -18.0,
    -18.0,
    -18.0,
    -18.0
  ],
  "final_ascii": [
    "LEGEND:",
    "#: wall",
    ".: background",
    "e: exit",
    "c: crate",
    "\u29b1: playerbodyh",
    "\u01f8: playerbodyv",
    "\u03fb: playerhead4",
    "",
    "MAP:",
    "###################",
    "#.................#",
    "#.................#",
    "#.................#",
    "#.................#",
    "#.e..........c....#",
    "####.##.....###...#",
    "#######.....###...#",
    "#.....\u29b1\u01f8.........\u03fb#",
    "#.....\u01f8\u01f8\u29b1\u01f8\u29b1\u01f8.....\u01f8#",
    "#...\u29b1\u29b1\u01f8\u29b1\u01f8\u29b1\u01f8\u29b1\u29b1\u29b1\u29b1\u29b1\u01f8\u01f8#",
    "#..#############\u29b1\u01f8#",
    "###################",
    "#.................#",
    "###################"
  ]
}