{
  "model": "4o-mini",
  "game": "kettle",
  "level": 6,
  "run": 2,
  "win": false,
  "action_sequence": [
    2,
    4,
    2,
    1,
    1,
    3,
    4,
    1,
    1,
    1,
    1,
    1,
    2,
    4,
    2,
    4,
    1,
    4,
    1,
    1,
    1,
    1,
    2,
    1,
    1,
    1,
    4,
    4,
    1,
    2,
    4,
    4,
    2,
    2,
    1,
    4,
    1,
    4,
    2,
    2,
    0,
    4,
    2,
    1,
    1,
    2,
    1,
    4,
    3,
    2,
    3,
    3,
    2,
    1,
    2,
    2,
    0,
    1,
    4,
    4,
    3,
    2,
    2,
    2,
    4,
    2,
    1,
    4,
    2,
    2,
    1,
    1,
    2,
    1,
    1,
    1,
    1,
    2,
    4,
    2,
    4,
    2,
    4,
    1,
    2,
    0,
    2,
    1,
    2,
    2,
    1,
    1,
    1,
    1,
    4,
    2,
    2,
    2,
    1,
    1
  ],
  "reward_sequence": [
    3.990000009536743,
    -0.009999999776482582,
    -0.009999999776482582,
    2.990000009536743,
    -0.009999999776482582,
    3.990000009536743,
    -0.009999999776482582,
    -0.009999999776482582,
    -0.009999999776482582,
    -0.009999999776482582,
    -0.009999999776482582,
    -0.009999999776482582,
    -1.0099999904632568,
    -0.009999999776482582,
    -1.0099999904632568,
    -0.009999999776482582,
    -0.009999999776482582,
    -0.009999999776482582,
    -0.009999999776482582,
    -0.009999999776482582,
    -0.009999999776482582,
    -0.009999999776482582,
    -0.009999999776482582,
    -0.009999999776482582,
    -0.009999999776482582,
    -0.009999999776482582,
    -0.009999999776482582,
    -0.009999999776482582,
    -0.009999999776482582,
    -0.009999999776482582,
    -0.009999999776482582,
    -0.009999999776482582,
    -0.009999999776482582,
    -0.009999999776482582,
    -0.009999999776482582,
    -0.009999999776482582,
    -0.009999999776482582,
    -0.009999999776482582,
    -0.009999999776482582,
    -0.009999999776482582,
    0.9900000095367432,
    -0.009999999776482582,
    -0.009999999776482582,
    -0.009999999776482582,
    -0.009999999776482582,
    -0.009999999776482582,
    -0.009999999776482582,
    -0.009999999776482582,
    -0.009999999776482582,
    -0.009999999776482582,
    -0.009999999776482582,
    -0.009999999776482582,
    -0.009999999776482582,
    -0.009999999776482582,
    -0.009999999776482582,
    -0.009999999776482582,
    -0.009999999776482582,
    -0.009999999776482582,
    -0.009999999776482582,
    -0.009999999776482582,
    -0.009999999776482582,
    -0.009999999776482582,
    -0.009999999776482582,
    -0.009999999776482582,
    -0.009999999776482582,
    -0.009999999776482582,
    -0.009999999776482582,
    -0.009999999776482582,
    -0.009999999776482582,
    -0.009999999776482582,
    -0.009999999776482582,
    -0.009999999776482582,
    -0.009999999776482582,
    -0.009999999776482582,
    -0.009999999776482582,
    -0.009999999776482582,
    -0.009999999776482582,
    -0.009999999776482582,
    -0.009999999776482582,
    -0.009999999776482582,
    -0.009999999776482582,
    -0.009999999776482582,
    -0.009999999776482582,
    -0.009999999776482582,
    -0.009999999776482582,
    -0.009999999776482582,
    -0.009999999776482582,
    -0.009999999776482582,
    -0.009999999776482582,
    -0.009999999776482582,
    -0.009999999776482582,
    -0.009999999776482582,
    -0.009999999776482582,
    -0.009999999776482582,
    -0.009999999776482582,
    -0.009999999776482582,
    -0.009999999776482582,
    -0.009999999776482582,
    -0.009999999776482582,
    -0.009999999776482582
  ],
  "initial_ascii": [
    "LEGEND:",
    "#: wall",
    ".: background",
    "k: dpolice",
    "l: rpolice",
    "c: crate",
    "j: lpolice",
    "t: target",
    "@: target, crate",
    "i: upolice",
    "",
    "MAP:",
    "###############",
    "#.............#",
    "#...kkkkkkk...#",
    "#...l.cc..cj..#",
    "#...ltttt..j..#",
    "#...l@@@t..j..#",
    "#...l@ttt.cj..#",
    "#...l@@tt..j..#",
    "#...lc....cj..#",
    "#...lccc..cj..#",
    "#...iiiiiii...#",
    "#.............#",
    "###############"
  ],
  "state_data": {
    "score": 6,
    "win": false,
    "step": 100
  },
  "heuristics": [
    -21.0,
    -21.0,
    -21.0,
    -18.0,
    -18.0,
    -14.0,
    -14.0,
    -14.0,
    -14.0,
    -14.0,
    -14.0,
    -14.0,
    -15.0,
    -15.0,
    -16.0,
    -16.0,
    -16.0,
    -16.0,
    -16.0,
    -16.0,
    -16.0,
    -16.0,
    -16.0,
    -16.0,
    -16.0,
    -16.0,
    -16.0,
    -16.0,
    -16.0,
    -16.0,
    -16.0,
    -16.0,
    -16.0,
    -16.0,
    -16.0,
    -16.0,
    -16.0,
    -16.0,
    -16.0,
    -16.0,
    -15.0,
    -15.0,
    -15.0,
    -15.0,
    -15.0,
    -15.0,
    -15.0,
    -15.0,
    -15.0,
    -15.0,
    -15.0,
    -15.0,
    -15.0,
    -15.0,
    -15.0,
    -15.0,
    -15.0,
    -15.0,
    -15.0,
    -15.0,
    -15.0,
    -15.0,
    -15.0,
    -15.0,
    -15.0,
    -15.0,
    -15.0,
    -15.0,
    -15.0,
    -15.0,
    -15.0,
    -15.0,
    -15.0,
    -15.0,
    -15.0,
    -15.0,
    -15.0,
    -15.0,
    -15.0,
    -15.0,
    -15.0,
    -15.0,
    -15.0,
    -15.0,
    -15.0,
    -15.0,
    -15.0,
    -15.0,
    -15.0,
    -15.0,
    -15.0,
    -15.0,
    -15.0,
    -15.0,
    -15.0,
    -15.0,
    -15.0,
    -15.0,
    -15.0,
    -15.0
  ],
  "final_ascii": [
    "LEGEND:",
    "#: wall",
    ".: background",
    "k: dpolice",
    "l: rpolice",
    "j: lpolice",
    "\u04be: target, rpolice",
    "\u00ee: target, dpolice",
    "t: target",
    "@: target, crate",
    "c: crate",
    "i: upolice",
    "",
    "MAP:",
    "###############",
    "#.............#",
    "#.............#",
    "#....k....lj..#",
    "#....\u04be\u00ee\u00eet.kj..#",
    "#....t@\u04be@ccj..#",
    "#....\u04be@@\u00eecj...#",
    "#....t\u04be@@ccj..#",
    "#...klccckcj..#",
    "#...ilciiiij..#",
    "#....ii.......#",
    "#.............#",
    "###############"
  ]
}