{
  "model": "4o-mini",
  "game": "kettle",
  "level": 7,
  "run": 7,
  "win": false,
  "action_sequence": [
    1,
    4,
    2,
    3,
    2,
    2,
    1,
    3,
    1,
    1,
    3,
    4,
    4,
    3,
    1,
    1,
    4,
    1,
    2,
    2,
    4,
    1,
    1,
    2,
    4,
    1,
    3,
    3,
    1,
    1,
    2,
    1,
    1,
    2,
    1,
    1,
    4,
    2,
    1,
    2,
    1,
    2,
    3,
    2,
    2,
    2,
    2,
    3,
    4,
    1,
    2,
    1,
    2,
    2,
    1,
    4,
    1,
    4,
    1,
    2,
    1,
    1,
    2,
    2,
    4,
    1,
    3,
    3,
    1,
    1,
    4,
    1,
    2,
    4,
    4,
    2,
    4,
    2,
    1,
    1,
    4,
    2,
    2,
    2,
    1,
    1,
    2,
    2,
    2,
    2,
    2,
    2,
    2,
    2,
    4,
    4,
    1,
    4,
    1,
    2
  ],
  "reward_sequence": [
    4.989999771118164,
    -0.009999999776482582,
    4.989999771118164,
    2.990000009536743,
    -1.0099999904632568,
    -1.0099999904632568,
    -0.009999999776482582,
    -0.009999999776482582,
    -0.009999999776482582,
    -0.009999999776482582,
    -0.009999999776482582,
    -0.009999999776482582,
    -0.009999999776482582,
    -0.009999999776482582,
    -0.009999999776482582,
    -0.009999999776482582,
    -0.009999999776482582,
    -0.009999999776482582,
    -0.009999999776482582,
    -0.009999999776482582,
    -0.009999999776482582,
    -0.009999999776482582,
    -0.009999999776482582,
    -0.009999999776482582,
    -0.009999999776482582,
    -0.009999999776482582,
    -0.009999999776482582,
    -0.009999999776482582,
    -0.009999999776482582,
    -0.009999999776482582,
    -0.009999999776482582,
    -0.009999999776482582,
    -0.009999999776482582,
    -0.009999999776482582,
    -0.009999999776482582,
    -0.009999999776482582,
    -0.009999999776482582,
    -0.009999999776482582,
    -0.009999999776482582,
    -0.009999999776482582,
    -0.009999999776482582,
    -0.009999999776482582,
    -0.009999999776482582,
    -0.009999999776482582,
    -0.009999999776482582,
    -0.009999999776482582,
    -0.009999999776482582,
    -0.009999999776482582,
    -0.009999999776482582,
    -0.009999999776482582,
    -0.009999999776482582,
    -0.009999999776482582,
    -0.009999999776482582,
    -0.009999999776482582,
    -0.009999999776482582,
    -0.009999999776482582,
    -0.009999999776482582,
    -0.009999999776482582,
    -0.009999999776482582,
    -0.009999999776482582,
    -0.009999999776482582,
    -0.009999999776482582,
    -0.009999999776482582,
    -0.009999999776482582,
    -0.009999999776482582,
    -0.009999999776482582,
    -0.009999999776482582,
    -0.009999999776482582,
    -0.009999999776482582,
    -0.009999999776482582,
    -0.009999999776482582,
    -0.009999999776482582,
    -0.009999999776482582,
    -0.009999999776482582,
    -0.009999999776482582,
    -0.009999999776482582,
    -0.009999999776482582,
    -0.009999999776482582,
    -0.009999999776482582,
    -0.009999999776482582,
    -0.009999999776482582,
    -0.009999999776482582,
    -0.009999999776482582,
    -0.009999999776482582,
    -0.009999999776482582,
    -0.009999999776482582,
    -0.009999999776482582,
    -0.009999999776482582,
    -0.009999999776482582,
    -0.009999999776482582,
    -0.009999999776482582,
    -0.009999999776482582,
    -0.009999999776482582,
    -0.009999999776482582,
    -0.009999999776482582,
    -0.009999999776482582,
    -0.009999999776482582,
    -0.009999999776482582,
    -0.009999999776482582,
    -0.009999999776482582
  ],
  "initial_ascii": [
    "LEGEND:",
    "#: wall",
    ".: background",
    "l: rpolice",
    "k: dpolice",
    "j: lpolice",
    "c: crate",
    "@: target, crate",
    "t: target",
    "i: upolice",
    "",
    "MAP:",
    "###############",
    "#.............#",
    "#.............#",
    "#.lkkkkkkkkj..#",
    "#.lc@@@@t.cj..#",
    "#.lct@@@t.cj..#",
    "#.lc@@ttt.cj..#",
    "#.lct@tttccj..#",
    "#.l.t@@@t..j..#",
    "#.l........j..#",
    "#.lc..cc...j..#",
    "#..iiiiiiii...#",
    "###############"
  ],
  "state_data": {
    "score": 15,
    "win": false,
    "step": 100
  },
  "heuristics": [
    -20.0,
    -20.0,
    -15.0,
    -12.0,
    -13.0,
    -14.0,
    -14.0,
    -14.0,
    -14.0,
    -14.0,
    -14.0,
    -14.0,
    -14.0,
    -14.0,
    -14.0,
    -14.0,
    -14.0,
    -14.0,
    -14.0,
    -14.0,
    -14.0,
    -14.0,
    -14.0,
    -14.0,
    -14.0,
    -14.0,
    -14.0,
    -14.0,
    -14.0,
    -14.0,
    -14.0,
    -14.0,
    -14.0,
    -14.0,
    -14.0,
    -14.0,
    -14.0,
    -14.0,
    -14.0,
    -14.0,
    -14.0,
    -14.0,
    -14.0,
    -14.0,
    -14.0,
    -14.0,
    -14.0,
    -14.0,
    -14.0,
    -14.0,
    -14.0,
    -14.0,
    -14.0,
    -14.0,
    -14.0,
    -14.0,
    -14.0,
    -14.0,
    -14.0,
    -14.0,
    -14.0,
    -14.0,
    -14.0,
    -14.0,
    -14.0,
    -14.0,
    -14.0,
    -14.0,
    -14.0,
    -14.0,
    -14.0,
    -14.0,
    -14.0,
    -14.0,
    -14.0,
    -14.0,
    -14.0,
    -14.0,
    -14.0,
    -14.0,
    -14.0,
    -14.0,
    -14.0,
    -14.0,
    -14.0,
    -14.0,
    -14.0,
    -14.0,
    -14.0,
    -14.0,
    -14.0,
    -14.0,
    -14.0,
    -14.0,
    -14.0,
    -14.0,
    -14.0,
    -14.0,
    -14.0,
    -14.0
  ],
  "final_ascii": [
    "LEGEND:",
    "#: wall",
    ".: background",
    "l: rpolice",
    "k: dpolice",
    "j: lpolice",
    "\u04be: target, rpolice",
    "@: target, crate",
    "\u00ee: target, dpolice",
    "\u25f4: target, upolice",
    "c: crate",
    "t: target",
    "i: upolice",
    "",
    "MAP:",
    "###############",
    "#.............#",
    "#.............#",
    "#..lkkkk...j..#",
    "#...\u04be@@@\u00ee.kj..#",
    "#...\u25f4\u04be@@@kcj..#",
    "#...t\u04be@@@ccj..#",
    "#...t\u04be@@@ccj..#",
    "#...t\u04be@@@ccj..#",
    "#....lccciij..#",
    "#..kliiii..j..#",
    "#..i..........#",
    "###############"
  ]
}