{
  "model": "4o-mini",
  "game": "slidings",
  "win": true,
  "action_sequence": [
    2,
    2,
    2,
    2,
    2,
    2,
    2,
    1,
    2,
    2,
    1,
    2,
    2,
    1,
    2,
    4,
    1,
    2
  ],
  "reward_sequence": [
    -0.009999999776482582,
    -0.009999999776482582,
    -0.009999999776482582,
    -0.009999999776482582,
    -0.009999999776482582,
    -0.009999999776482582,
    -0.009999999776482582,
    0.9900000095367432,
    0.9900000095367432,
    -0.009999999776482582,
    -0.009999999776482582,
    -0.009999999776482582,
    -0.009999999776482582,
    -0.009999999776482582,
    -0.009999999776482582,
    -1.0099999904632568,
    0.9900000095367432,
    1.9900000095367432
  ],
  "initial_ascii": [
    "LEGEND:",
    "#: wall",
    "m: count",
    "n: countend",
    "p: player",
    "a: balla",
    ".: background",
    "o: target",
    "d: ballb, overwall",
    "e: ballc, overwall",
    "",
    "MAP:",
    "#mmmn#",
    "#pa..#",
    "#..o.#",
    "d####e"
  ],
  "final_ascii": [
    "LEGEND:",
    "#: wall",
    ".: background",
    "\u0e44: target, deadplayer",
    "c: ballc",
    "\u0464: balla, overwall",
    "d: ballb, overwall",
    "",
    "MAP:",
    "######",
    "#....#",
    "#..\u0e44c#",
    "\u0464####d"
  ],
  "state_data": {
    "score": 0,
    "win": true,
    "step": 18
  },
  "heuristics": [
    -3.0,
    -3.0,
    -3.0,
    -3.0,
    -3.0,
    -3.0,
    -3.0,
    -2.0,
    -1.0,
    -1.0,
    -1.0,
    -1.0,
    -1.0,
    -1.0,
    -1.0,
    -2.0,
    -1.0,
    0.0
  ]
}