{
  "model": "4o-mini",
  "game": "Travelling_salesman",
  "level": 10,
  "run": 8,
  "win": false,
  "action_sequence": [
    2,
    2,
    1,
    2,
    2,
    2,
    3,
    2,
    2,
    2,
    2,
    2,
    2,
    2,
    2,
    2,
    2,
    2,
    2,
    2,
    2,
    2,
    2,
    2,
    2,
    2,
    2,
    1,
    2,
    2,
    2,
    2,
    2,
    2,
    2,
    2,
    2,
    2,
    2,
    1,
    2,
    2,
    2,
    2,
    2,
    2,
    1,
    2,
    2,
    2,
    2,
    2,
    1,
    2,
    2,
    0,
    2,
    2,
    2,
    1,
    2,
    2,
    1,
    2,
    3,
    2,
    2,
    2,
    2,
    1,
    2,
    3,
    2,
    1,
    2,
    2,
    2,
    0,
    1,
    2,
    2,
    2,
    2,
    2,
    2,
    2,
    2,
    2,
    2,
    2,
    2,
    2,
    2,
    3,
    1,
    2,
    2,
    2,
    2,
    2
  ],
  "reward_sequence": [
    1.9900000095367432,
    0.9900000095367432,
    -0.009999999776482582,
    -0.009999999776482582,
    -0.009999999776482582,
    -0.009999999776482582,
    0.9900000095367432,
    0.9900000095367432,
    0.9900000095367432,
    -0.009999999776482582,
    -0.009999999776482582,
    -0.009999999776482582,
    -0.009999999776482582,
    -0.009999999776482582,
    -0.009999999776482582,
    -0.009999999776482582,
    -0.009999999776482582,
    -0.009999999776482582,
    -0.009999999776482582,
    -0.009999999776482582,
    -0.009999999776482582,
    -0.009999999776482582,
    -0.009999999776482582,
    -0.009999999776482582,
    -0.009999999776482582,
    -0.009999999776482582,
    -0.009999999776482582,
    0.9900000095367432,
    -0.009999999776482582,
    -0.009999999776482582,
    -0.009999999776482582,
    -0.009999999776482582,
    -0.009999999776482582,
    -0.009999999776482582,
    -0.009999999776482582,
    -0.009999999776482582,
    -0.009999999776482582,
    -0.009999999776482582,
    -0.009999999776482582,
    -0.009999999776482582,
    -0.009999999776482582,
    -0.009999999776482582,
    -0.009999999776482582,
    -0.009999999776482582,
    -0.009999999776482582,
    -0.009999999776482582,
    -0.009999999776482582,
    -0.009999999776482582,
    -0.009999999776482582,
    -0.009999999776482582,
    -0.009999999776482582,
    -0.009999999776482582,
    -0.009999999776482582,
    -0.009999999776482582,
    -0.009999999776482582,
    0.9900000095367432,
    -0.009999999776482582,
    -0.009999999776482582,
    -0.009999999776482582,
    -0.009999999776482582,
    -0.009999999776482582,
    -0.009999999776482582,
    -0.009999999776482582,
    -0.009999999776482582,
    -0.009999999776482582,
    -0.009999999776482582,
    -0.009999999776482582,
    -0.009999999776482582,
    -0.009999999776482582,
    -0.009999999776482582,
    -0.009999999776482582,
    -0.009999999776482582,
    -0.009999999776482582,
    -0.009999999776482582,
    -0.009999999776482582,
    -0.009999999776482582,
    -0.009999999776482582,
    -0.009999999776482582,
    -0.009999999776482582,
    -0.009999999776482582,
    -0.009999999776482582,
    -0.009999999776482582,
    -0.009999999776482582,
    -0.009999999776482582,
    -0.009999999776482582,
    -0.009999999776482582,
    -0.009999999776482582,
    -0.009999999776482582,
    -0.009999999776482582,
    -0.009999999776482582,
    -0.009999999776482582,
    -0.009999999776482582,
    -0.009999999776482582,
    -0.009999999776482582,
    -0.009999999776482582,
    -0.009999999776482582,
    -0.009999999776482582,
    -0.009999999776482582,
    -0.009999999776482582,
    -0.009999999776482582
  ],
  "initial_ascii": [
    "LEGEND:",
    "o: node",
    "-: hlink",
    ".: background",
    "|: vlink",
    "\u29b1: nodeseen",
    "\u14a2: hlinkseen",
    "\u227a: nodeseen, player",
    "",
    "MAP:",
    "o-o.o-o-o",
    "|.|.|...|",
    "o.o-o-o-o",
    "|.|.|.|..",
    "o-o-o-o-o",
    "|...|...|",
    "o-o.o-o-o",
    "|.|.|.|.|",
    "\u29b1\u14a2\u227a-o.o-o"
  ],
  "state_data": {
    "score": -17,
    "win": false,
    "step": 100
  },
  "heuristics": [
    -23.0,
    -22.0,
    -22.0,
    -22.0,
    -22.0,
    -22.0,
    -21.0,
    -20.0,
    -19.0,
    -19.0,
    -19.0,
    -19.0,
    -19.0,
    -19.0,
    -19.0,
    -19.0,
    -19.0,
    -19.0,
    -19.0,
    -19.0,
    -19.0,
    -19.0,
    -19.0,
    -19.0,
    -19.0,
    -19.0,
    -19.0,
    -18.0,
    -18.0,
    -18.0,
    -18.0,
    -18.0,
    -18.0,
    -18.0,
    -18.0,
    -18.0,
    -18.0,
    -18.0,
    -18.0,
    -18.0,
    -18.0,
    -18.0,
    -18.0,
    -18.0,
    -18.0,
    -18.0,
    -18.0,
    -18.0,
    -18.0,
    -18.0,
    -18.0,
    -18.0,
    -18.0,
    -18.0,
    -18.0,
    -17.0,
    -17.0,
    -17.0,
    -17.0,
    -17.0,
    -17.0,
    -17.0,
    -17.0,
    -17.0,
    -17.0,
    -17.0,
    -17.0,
    -17.0,
    -17.0,
    -17.0,
    -17.0,
    -17.0,
    -17.0,
    -17.0,
    -17.0,
    -17.0,
    -17.0,
    -17.0,
    -17.0,
    -17.0,
    -17.0,
    -17.0,
    -17.0,
    -17.0,
    -17.0,
    -17.0,
    -17.0,
    -17.0,
    -17.0,
    -17.0,
    -17.0,
    -17.0,
    -17.0,
    -17.0,
    -17.0,
    -17.0,
    -17.0,
    -17.0,
    -17.0,
    -17.0
  ],
  "final_ascii": [
    "LEGEND:",
    "o: node",
    "-: hlink",
    ".: background",
    "|: vlink",
    "\u29b1: nodeseen",
    "\u14a2: hlinkseen",
    "\u1fe0: vlinkseen",
    "\u227a: nodeseen, player",
    "",
    "MAP:",
    "o-o.o-o-o",
    "|.|.|...|",
    "o.o-o-o-o",
    "|.|.|.|..",
    "o-o-o-o-o",
    "|...|...|",
    "o-o.\u29b1\u14a2\u29b1\u14a2\u29b1",
    "|.|.\u1fe0.|.\u1fe0",
    "\u29b1\u14a2\u29b1\u14a2\u29b1.\u227a\u14a2\u29b1"
  ]
}