{
  "model": "deepseek",
  "game": "atlas shrank",
  "level": 9,
  "run": 7,
  "win": false,
  "action_sequence": [
    2,
    2,
    2,
    2,
    2,
    2,
    2,
    2,
    2,
    2,
    2,
    2,
    2,
    2,
    2,
    2,
    2,
    2,
    2,
    2,
    2,
    2,
    2,
    2,
    2,
    2,
    2,
    2,
    2,
    2,
    2,
    2,
    2,
    2,
    2,
    2,
    2,
    2,
    2,
    2,
    2,
    2,
    2,
    2,
    2,
    2,
    2,
    2,
    2,
    2,
    2,
    2,
    2,
    2,
    2,
    2,
    2,
    2,
    2,
    2,
    3,
    2,
    2,
    2,
    2,
    3,
    2,
    2,
    2,
    2,
    2,
    2,
    2,
    2,
    2,
    2,
    2,
    2,
    2,
    2,
    2,
    2,
    2,
    2,
    2,
    2,
    2,
    2,
    2,
    2,
    2,
    2,
    2,
    2,
    2,
    2,
    2,
    2,
    2,
    2
  ],
  "reward_sequence": [
    -0.009999999776482582,
    -1.0099999904632568,
    -1.0099999904632568,
    -1.0099999904632568,
    -1.0099999904632568,
    -1.0099999904632568,
    -1.0099999904632568,
    -1.0099999904632568,
    -1.0099999904632568,
    -1.0099999904632568,
    -1.0099999904632568,
    -1.0099999904632568,
    -1.0099999904632568,
    -1.0099999904632568,
    -0.009999999776482582,
    -1.0099999904632568,
    -1.0099999904632568,
    -0.009999999776482582,
    -1.0099999904632568,
    -0.009999999776482582,
    -0.009999999776482582,
    -0.009999999776482582,
    -0.009999999776482582,
    -0.009999999776482582,
    -0.009999999776482582,
    -0.009999999776482582,
    -0.009999999776482582,
    -0.009999999776482582,
    -0.009999999776482582,
    -0.009999999776482582,
    -0.009999999776482582,
    -0.009999999776482582,
    -0.009999999776482582,
    -0.009999999776482582,
    -0.009999999776482582,
    -0.009999999776482582,
    -0.009999999776482582,
    -0.009999999776482582,
    -0.009999999776482582,
    -0.009999999776482582,
    -0.009999999776482582,
    -0.009999999776482582,
    -0.009999999776482582,
    -0.009999999776482582,
    -0.009999999776482582,
    -0.009999999776482582,
    -0.009999999776482582,
    -0.009999999776482582,
    -0.009999999776482582,
    -0.009999999776482582,
    -0.009999999776482582,
    -0.009999999776482582,
    -0.009999999776482582,
    -0.009999999776482582,
    -0.009999999776482582,
    -0.009999999776482582,
    -0.009999999776482582,
    -0.009999999776482582,
    -0.009999999776482582,
    -0.009999999776482582,
    -0.009999999776482582,
    -0.009999999776482582,
    -0.009999999776482582,
    -0.009999999776482582,
    -0.009999999776482582,
    -0.009999999776482582,
    -0.009999999776482582,
    -0.009999999776482582,
    -0.009999999776482582,
    -0.009999999776482582,
    -0.009999999776482582,
    -0.009999999776482582,
    -0.009999999776482582,
    -0.009999999776482582,
    -0.009999999776482582,
    -0.009999999776482582,
    -0.009999999776482582,
    -0.009999999776482582,
    -0.009999999776482582,
    -0.009999999776482582,
    -0.009999999776482582,
    -0.009999999776482582,
    -0.009999999776482582,
    -0.009999999776482582,
    -0.009999999776482582,
    -0.009999999776482582,
    -0.009999999776482582,
    -0.009999999776482582,
    -0.009999999776482582,
    -0.009999999776482582,
    -0.009999999776482582,
    -0.009999999776482582,
    -0.009999999776482582,
    -0.009999999776482582,
    -0.009999999776482582,
    -0.009999999776482582,
    -0.009999999776482582,
    -0.009999999776482582,
    -0.009999999776482582,
    -0.009999999776482582
  ],
  "initial_ascii": [
    "LEGEND:",
    ".: background",
    "#: wallsolo",
    "*: crate, massive",
    "o: exit",
    "\u2a4b: wallu",
    "\u0a1a: wallm",
    "\u2751: walld",
    "\u1160: wallud",
    "x: door",
    "\u1fb7: wallrl",
    "\u21e0: walll",
    "\u25c0: wallr",
    "\u29b6: playerr",
    "t: switch",
    "",
    "MAP:",
    ".....................##*#*****....*...................",
    "..o....##.#.#\u2a4b\u2a4b\u2a4b\u2a4b#....##******...**.........#.........",
    "..#.#\u2a4b\u2a4b\u0a1a\u0a1a\u2a4b\u0a1a\u2a4b\u0a1a\u0a1a\u0a1a\u0a1a\u2751\u0a1a#....#\u2a4b\u2a4b#*********........\u1160........*",
    "#\u2a4b\u0a1a\u2a4b\u0a1a\u2751\u2751\u2751\u2751\u2751\u2751\u2751\u2751\u2751\u2751#.\u1160.##..x#\u2751\u2751\u1fb7\u1fb7\u1fb7\u1fb7\u1fb7\u1fb7\u1fb7\u1fb7#........\u1160........#",
    "\u21e0\u0a1a\u0a1a\u2751\u25c0............\u1160..\u1160..x....................\u1160.........",
    "\u21e0\u2751#.\u1160............#..#.*x....................\u1160.........",
    "\u1160.*.\u1160................#\u1fb7\u1fb7\u1fb7#.\u29b6................#.........",
    "\u1160***\u1160............#*....*...**.........t.*..#.........*",
    "\u21e0\u1fb7\u1fb7\u1fb7#...........#\u0a1a\u2a4b\u2a4b\u2a4b\u2a4b\u2a4b\u2a4b\u2a4b\u2a4b\u2a4b\u2a4b\u2a4b\u2a4b\u2a4b\u2a4b\u2a4b\u2a4b\u2a4b\u2a4b\u2a4b#.#\u1fb7\u1fb7\u1fb7\u25c0.........#",
    "\u1160..............#\u0a1a\u0a1a\u0a1a\u0a1a\u0a1a\u0a1a\u0a1a\u2751\u0a1a\u2751\u0a1a\u2751\u0a1a\u2751\u2751\u2751\u2751\u2751\u2751\u2751\u2751\u2751\u1fb7#...##.........",
    "\u1160.............#\u0a1a\u0a1a\u0a1a\u0a1a\u0a1a\u0a1a\u0a1a#.\u1160.\u1160.\u1160...............\u1160**.......",
    "\u1160............#\u0a1a\u0a1a\u0a1a\u0a1a\u0a1a\u0a1a\u0a1a#..#.#.#...............\u21e0\u1fb7\u2a4b#......",
    "\u1160............\u21e0\u0a1a\u0a1a\u0a1a\u0a1a\u0a1a\u0a1a\u25c0..#*#*#*#..............\u1160.\u21e0\u2751\u1fb7\u1fb7\u1fb7\u2a4b\u2a4b#",
    "\u1160............\u21e0\u0a1a\u0a1a\u0a1a\u0a1a\u2751\u2751#..#*#*#*#..............\u1160.\u1160....#\u2751\u25c0",
    "\u1160*...........\u21e0\u0a1a\u0a1a\u2751#......#.#.#...............\u1160.\u1160......\u1160",
    "\u1160*.......#\u2a4b\u2a4b\u2a4b\u0a1a\u2751#........#...................\u1160.\u1160......\u1160",
    "\u1160*......#\u2751\u0a1a\u0a1a\u2751#..............................\u1160.\u1160......\u1160",
    "\u1160*.....#..##............*...................\u1160.\u1160......\u1160",
    "\u1160**...**......*.......#.#.#.#..........t....\u1160.\u1160.....#\u25c0",
    "#\u1fb7\u1fb7\u1fb7#*#\u1fb7\u1fb7\u1fb7\u1fb7\u1fb7#**#\u1fb7\u1fb7\u1fb7\u1fb7\u1fb7\u1fb7\u2751\u1fb7\u2751\u1fb7\u2751\u1fb7\u2751\u1fb7\u1fb7\u1fb7\u1fb7\u1fb7\u1fb7\u1fb7\u1fb7\u1fb7\u1fb7\u1fb7\u1fb7#*#\u2751\u1fb7\u2751\u1fb7#*#\u1fb7\u2751#"
  ],
  "state_data": {
    "score": 0,
    "win": false,
    "step": 100
  },
  "heuristics": [
    -30.0,
    -31.0,
    -32.0,
    -33.0,
    -34.0,
    -35.0,
    -36.0,
    -37.0,
    -38.0,
    -39.0,
    -40.0,
    -41.0,
    -42.0,
    -43.0,
    -43.0,
    -44.0,
    -45.0,
    -45.0,
    -46.0,
    -46.0,
    -46.0,
    -46.0,
    -46.0,
    -46.0,
    -46.0,
    -46.0,
    -46.0,
    -46.0,
    -46.0,
    -46.0,
    -46.0,
    -46.0,
    -46.0,
    -46.0,
    -46.0,
    -46.0,
    -46.0,
    -46.0,
    -46.0,
    -46.0,
    -46.0,
    -46.0,
    -46.0,
    -46.0,
    -46.0,
    -46.0,
    -46.0,
    -46.0,
    -46.0,
    -46.0,
    -46.0,
    -46.0,
    -46.0,
    -46.0,
    -46.0,
    -46.0,
    -46.0,
    -46.0,
    -46.0,
    -46.0,
    -46.0,
    -46.0,
    -46.0,
    -46.0,
    -46.0,
    -46.0,
    -46.0,
    -46.0,
    -46.0,
    -46.0,
    -46.0,
    -46.0,
    -46.0,
    -46.0,
    -46.0,
    -46.0,
    -46.0,
    -46.0,
    -46.0,
    -46.0,
    -46.0,
    -46.0,
    -46.0,
    -46.0,
    -46.0,
    -46.0,
    -46.0,
    -46.0,
    -46.0,
    -46.0,
    -46.0,
    -46.0,
    -46.0,
    -46.0,
    -46.0,
    -46.0,
    -46.0,
    -46.0,
    -46.0,
    -46.0
  ],