{
  "model": "deepseek",
  "game": "atlas shrank",
  "level": 11,
  "run": 2,
  "win": false,
  "action_sequence": [
    2,
    2,
    2,
    2,
    2,
    2,
    2,
    2,
    3,
    2,
    2,
    2,
    2,
    2,
    2,
    2,
    2,
    2,
    2,
    2,
    2,
    2,
    2,
    2,
    2,
    2,
    2,
    2,
    2,
    2,
    2,
    2,
    2,
    2,
    2,
    2,
    2,
    2,
    2,
    2,
    2,
    2,
    2,
    2,
    2,
    2,
    2,
    2,
    2,
    2,
    2,
    2,
    2,
    2,
    2,
    2,
    2,
    2,
    2,
    2,
    2,
    2,
    2,
    2,
    2,
    2,
    2,
    2,
    2,
    2,
    2,
    2,
    2,
    2,
    2,
    2,
    2,
    2,
    2,
    2,
    2,
    2,
    2,
    2,
    2,
    2,
    2,
    2,
    3,
    2,
    1,
    2,
    2,
    2,
    2,
    2,
    2,
    2,
    2,
    2
  ],
  "reward_sequence": [
    0.9900000095367432,
    0.9900000095367432,
    1.9900000095367432,
    0.9900000095367432,
    0.9900000095367432,
    -1.0099999904632568,
    0.9900000095367432,
    0.9900000095367432,
    -0.009999999776482582,
    0.9900000095367432,
    0.9900000095367432,
    0.9900000095367432,
    0.9900000095367432,
    0.9900000095367432,
    0.9900000095367432,
    0.9900000095367432,
    0.9900000095367432,
    0.9900000095367432,
    0.9900000095367432,
    0.9900000095367432,
    0.9900000095367432,
    -0.009999999776482582,
    -0.009999999776482582,
    -0.009999999776482582,
    -0.009999999776482582,
    -0.009999999776482582,
    -0.009999999776482582,
    -0.009999999776482582,
    -0.009999999776482582,
    -0.009999999776482582,
    -0.009999999776482582,
    -0.009999999776482582,
    -0.009999999776482582,
    -0.009999999776482582,
    -0.009999999776482582,
    -0.009999999776482582,
    -0.009999999776482582,
    -0.009999999776482582,
    -0.009999999776482582,
    -0.009999999776482582,
    -0.009999999776482582,
    -0.009999999776482582,
    -0.009999999776482582,
    -0.009999999776482582,
    -0.009999999776482582,
    -0.009999999776482582,
    -0.009999999776482582,
    -0.009999999776482582,
    -0.009999999776482582,
    -0.009999999776482582,
    -0.009999999776482582,
    -0.009999999776482582,
    -0.009999999776482582,
    -0.009999999776482582,
    -0.009999999776482582,
    -0.009999999776482582,
    -0.009999999776482582,
    -0.009999999776482582,
    -0.009999999776482582,
    -0.009999999776482582,
    -0.009999999776482582,
    -0.009999999776482582,
    -0.009999999776482582,
    -0.009999999776482582,
    -0.009999999776482582,
    -0.009999999776482582,
    -0.009999999776482582,
    -0.009999999776482582,
    -0.009999999776482582,
    -0.009999999776482582,
    -0.009999999776482582,
    -0.009999999776482582,
    -0.009999999776482582,
    -0.009999999776482582,
    -0.009999999776482582,
    -0.009999999776482582,
    -0.009999999776482582,
    -0.009999999776482582,
    -0.009999999776482582,
    -0.009999999776482582,
    -0.009999999776482582,
    -0.009999999776482582,
    -0.009999999776482582,
    -0.009999999776482582,
    -0.009999999776482582,
    -0.009999999776482582,
    -0.009999999776482582,
    -0.009999999776482582,
    -0.009999999776482582,
    -0.009999999776482582,
    -0.009999999776482582,
    -0.009999999776482582,
    -0.009999999776482582,
    -0.009999999776482582,
    -0.009999999776482582,
    -0.009999999776482582,
    -0.009999999776482582,
    -0.009999999776482582,
    -0.009999999776482582,
    -0.009999999776482582
  ],
  "initial_ascii": [
    "LEGEND:",
    ".: background",
    "#: wallsolo",
    "\u0775: wallrl",
    "*: crate, massive",
    "\u1962: wallud",
    "t: switch",
    "\u01ae: wallr",
    "o: exit",
    "\u1b48: walld",
    "x: door",
    "\u2a8c: wallm",
    "\u1580: walll",
    "\u1a53: playerr",
    "",
    "MAP:",
    ".................#\u0775\u0775\u0775\u0775\u0775\u0775\u0775\u0775\u0775\u0775#*#.#.##",
    ".................\u1962..*........*.....\u1962",
    ".................\u1962.t#\u0775#....*#\u0775\u0775\u0775\u0775\u0775\u0775\u01ae",
    "#................#.....*...#o......\u1962",
    "\u1962.....................#\u0775\u0775\u0775\u0775\u1b48\u0775\u0775\u0775#...\u1962",
    "\u1962....................#.....**.....*\u1962",
    "\u1962................##.#....#\u0775#x#\u0775\u0775\u0775\u0775\u0775\u01ae",
    "\u1962...............#\u2a8c\u01ae.\u1962*.......*.....\u1962",
    "\u1962.........*..#\u0775\u0775\u1b48\u1b48\u1b48\u0775\u1b48\u0775\u0775\u0775\u0775\u0775\u0775#x#\u0775#...\u1962",
    "\u1580#.....\u1a53.**................*......*\u1962",
    "#\u1b48\u0775\u0775\u0775\u0775\u0775\u0775\u0775\u0775\u0775\u0775\u0775\u0775\u0775\u0775\u0775\u0775\u0775\u0775\u0775\u0775\u0775\u0775\u0775\u0775\u0775#x#\u0775\u0775\u0775\u0775\u0775#",
    "...................................."
  ],
  "state_data": {
    "score": 0,
    "win": false,
    "step": 100
  },
  "heuristics": [
    -27.0,
    -26.0,
    -24.0,
    -23.0,
    -22.0,
    -23.0,
    -22.0,
    -21.0,
    -21.0,
    -20.0,
    -19.0,
    -18.0,
    -17.0,
    -16.0,
    -15.0,
    -14.0,
    -13.0,
    -12.0,
    -11.0,
    -10.0,
    -9.0,
    -9.0,
    -9.0,
    -9.0,
    -9.0,
    -9.0,
    -9.0,
    -9.0,
    -9.0,
    -9.0,
    -9.0,
    -9.0,
    -9.0,
    -9.0,
    -9.0,
    -9.0,
    -9.0,
    -9.0,
    -9.0,
    -9.0,
    -9.0,
    -9.0,
    -9.0,
    -9.0,
    -9.0,
    -9.0,
    -9.0,
    -9.0,
    -9.0,
    -9.0,
    -9.0,
    -9.0,
    -9.0,
    -9.0,
    -9.0,
    -9.0,
    -9.0,
    -9.0,
    -9.0,
    -9.0,
    -9.0,
    -9.0,
    -9.0,
    -9.0,
    -9.0,
    -9.0,
    -9.0,
    -9.0,
    -9.0,
    -9.0,
    -9.0,
    -9.0,
    -9.0,
    -9.0,
    -9.0,
    -9.0,
    -9.0,
    -9.0,
    -9.0,
    -9.0,
    -9.0,
    -9.0,
    -9.0,
    -9.0,
    -9.0,
    -9.0,
    -9.0,
    -9.0,
    -9.0,
    -9.0,
    -9.0,
    -9.0,
    -9.0,
    -9.0,
    -9.0,
    -9.0,
    -9.0,
    -9.0,
    -9.0,
    -9.0
  ],
  "final_ascii": [
    "LEGEND:",
    ".: background",
    "#: wallsolo",
    "\u0775: wallrl",
    "*: crate, massive",
    "\u1962: wallud",
    "t: switch",
    "\u01ae: wallr",
    "o: exit",
    "\u1b48: walld",
    "x: door",
    "\u2a8c: wallm",
    "\u1580: walll",
    "\u1a53: playerr",
    "",
    "MAP:",
    ".................#\u0775\u0775\u0775\u0775\u0775\u0775\u0775\u0775\u0775\u0775#*#.#.##",
    ".................\u1962..*........*.....\u1962",
    ".................\u1962.t#\u0775#....*#\u0775\u0775\u0775\u0775\u0775\u0775\u01ae",
    "#................#.....*...#o......\u1962",
    "\u1962.....................#\u0775\u0775\u0775\u0775\u1b48\u0775\u0775\u0775#...\u1962",
    "\u1962....................#.....**.....*\u1962",
    "\u1962................##.#....#\u0775#x#\u0775\u0775\u0775\u0775\u0775\u01ae",
    "\u1962...............#\u2a8c\u01ae.\u1962*.......*.....\u1962",
    "\u1962............#\u0775\u0775\u1b48\u1b48\u1b48\u0775\u1b48\u0775\u0775\u0775\u0775\u0775\u0775#x#\u0775#...\u1962",
    "\u1580#.......**..............\u1a53**......*\u1962",
    "#\u1b48\u0775\u0775\u0775\u0775\u0775\u0775\u0775\u0775\u0775\u0775\u0775\u0775\u0775\u0775\u0775\u0775\u0775\u0775\u0775\u0775\u0775\u0775\u0775\u0775\u0775#x#\u0775\u0775\u0775\u0775\u0775#",
    "...................................."
  ]
}