{
  "model": "deepseek",
  "game": "kettle",
  "level": 10,
  "run": 9,
  "win": false,
  "action_sequence": [
    3,
    1,
    4,
    3,
    3,
    3,
    2,
    1,
    2,
    2,
    3,
    3,
    3,
    2,
    2,
    3,
    2,
    3,
    2,
    2,
    3,
    2,
    2,
    3,
    2,
    2,
    3,
    3,
    2,
    3,
    3,
    2,
    3,
    3,
    3,
    3,
    2,
    3,
    3,
    2,
    2,
    3,
    3,
    1,
    3,
    3,
    3,
    2,
    3,
    3,
    2,
    2,
    3,
    3,
    2,
    2,
    2,
    2,
    3,
    2,
    2,
    2,
    2,
    1,
    2,
    2,
    2,
    3,
    2,
    2,
    3,
    2,
    2,
    2,
    2,
    2,
    2,
    2,
    2,
    3,
    2,
    2,
    2,
    2,
    3,
    3,
    2,
    2,
    2,
    3,
    2,
    2,
    2,
    2,
    2,
    2,
    3,
    2,
    3,
    2
  ],
  "reward_sequence": [
    8.989999771118164,
    6.989999771118164,
    -0.009999999776482582,
    8.989999771118164,
    5.989999771118164,
    -0.009999999776482582,
    7.989999771118164,
    3.990000009536743,
    3.990000009536743,
    -4.010000228881836,
    -0.009999999776482582,
    -0.009999999776482582,
    -0.009999999776482582,
    -3.009999990463257,
    -2.009999990463257,
    -0.009999999776482582,
    -0.009999999776482582,
    -0.009999999776482582,
    -0.009999999776482582,
    -0.009999999776482582,
    -0.009999999776482582,
    -0.009999999776482582,
    -0.009999999776482582,
    -0.009999999776482582,
    -0.009999999776482582,
    -0.009999999776482582,
    -0.009999999776482582,
    -0.009999999776482582,
    -0.009999999776482582,
    -0.009999999776482582,
    -0.009999999776482582,
    -0.009999999776482582,
    -0.009999999776482582,
    -0.009999999776482582,
    -0.009999999776482582,
    -0.009999999776482582,
    -0.009999999776482582,
    -0.009999999776482582,
    -0.009999999776482582,
    -0.009999999776482582,
    -0.009999999776482582,
    -0.009999999776482582,
    -0.009999999776482582,
    -0.009999999776482582,
    -0.009999999776482582,
    -0.009999999776482582,
    -0.009999999776482582,
    0.9900000095367432,
    -0.009999999776482582,
    -0.009999999776482582,
    -0.009999999776482582,
    -0.009999999776482582,
    -0.009999999776482582,
    -0.009999999776482582,
    -0.009999999776482582,
    -0.009999999776482582,
    -0.009999999776482582,
    -0.009999999776482582,
    -0.009999999776482582,
    -0.009999999776482582,
    -0.009999999776482582,
    -0.009999999776482582,
    -0.009999999776482582,
    -0.009999999776482582,
    -0.009999999776482582,
    -0.009999999776482582,
    -0.009999999776482582,
    -0.009999999776482582,
    -0.009999999776482582,
    -0.009999999776482582,
    -0.009999999776482582,
    -0.009999999776482582,
    -0.009999999776482582,
    -0.009999999776482582,
    -0.009999999776482582,
    -0.009999999776482582,
    -0.009999999776482582,
    -0.009999999776482582,
    -0.009999999776482582,
    -0.009999999776482582,
    -0.009999999776482582,
    -0.009999999776482582,
    -0.009999999776482582,
    -0.009999999776482582,
    -0.009999999776482582,
    -0.009999999776482582,
    -0.009999999776482582,
    -0.009999999776482582,
    -0.009999999776482582,
    -0.009999999776482582,
    -0.009999999776482582,
    -0.009999999776482582,
    -0.009999999776482582,
    -0.009999999776482582,
    -0.009999999776482582,
    -0.009999999776482582,
    -0.009999999776482582,
    -0.009999999776482582,
    -0.009999999776482582,
    -0.009999999776482582
  ],
  "initial_ascii": [
    "LEGEND:",
    "#: wall",
    ".: background",
    "k: dpolice",
    "l: rpolice",
    "c: crate",
    "j: lpolice",
    "@: target, crate",
    "t: target",
    "i: upolice",
    "",
    "MAP:",
    "###############",
    "#.kkkkkkkkkkk.#",
    "#lccc.c.c...cj#",
    "#l....c......j#",
    "#lc.@ttttt...j#",
    "#l..@ttt@t...j#",
    "#l..t@@ttt..cj#",
    "#lc.@tt@@t..cj#",
    "#l..@@t@@t...j#",
    "#lc.t@t@tt..cj#",
    "#lc..c.c.....j#",
    "#lcc.c.c.c..cj#",
    "#liiiiiiiiiiij#",
    "#.............#",
    "###############"
  ],
  "state_data": {
    "score": 22,
    "win": false,
    "step": 100
  },
  "heuristics": [
    -57.0,
    -50.0,
    -50.0,
    -41.0,
    -35.0,
    -35.0,
    -27.0,
    -23.0,
    -19.0,
    -23.0,
    -23.0,
    -23.0,
    -23.0,
    -26.0,
    -28.0,
    -28.0,
    -28.0,
    -28.0,
    -28.0,
    -28.0,
    -28.0,
    -28.0,
    -28.0,
    -28.0,
    -28.0,
    -28.0,
    -28.0,
    -28.0,
    -28.0,
    -28.0,
    -28.0,
    -28.0,
    -28.0,
    -28.0,
    -28.0,
    -28.0,
    -28.0,
    -28.0,
    -28.0,
    -28.0,
    -28.0,
    -28.0,
    -28.0,
    -28.0,
    -28.0,
    -28.0,
    -28.0,
    -27.0,
    -27.0,
    -27.0,
    -27.0,
    -27.0,
    -27.0,
    -27.0,
    -27.0,
    -27.0,
    -27.0,
    -27.0,
    -27.0,
    -27.0,
    -27.0,
    -27.0,
    -27.0,
    -27.0,
    -27.0,
    -27.0,
    -27.0,
    -27.0,
    -27.0,
    -27.0,
    -27.0,
    -27.0,
    -27.0,
    -27.0,
    -27.0,
    -27.0,
    -27.0,
    -27.0,
    -27.0,
    -27.0,
    -27.0,
    -27.0,
    -27.0,
    -27.0,
    -27.0,
    -27.0,
    -27.0,
    -27.0,
    -27.0,
    -27.0,
    -27.0,
    -27.0,
    -27.0,
    -27.0,
    -27.0,
    -27.0,
    -27.0,
    -27.0,
    -27.0,
    -27.0
  ],
  "final_ascii": [
    "LEGEND:",
    "#: wall",
    ".: background",
    "l: rpolice",
    "k: dpolice",
    "j: lpolice",
    "i: upolice",
    "c: crate",
    "\u11a2: target, dpolice",
    "\u1260: target, rpolice",
    "@: target, crate",
    "\u2369: target, upolice",
    "t: target",
    "",
    "MAP:",
    "###############",
    "#.............#",
    "#lkk.k.......j#",
    "#.ilcckkkkkkkj#",
    "#..i\u11a2\u1260@@@@cccj#",
    "#...\u1260@@@@@cccj#",
    "#...\u1260@@@@@cicj#",
    "#...\u1260@@@@@i.cj#",
    "#...\u2369\u2369\u1260@@@cccj#",
    "#...t\u1260\u2369\u2369\u2369\u2369..ij#",
    "#...........lj#",
    "#...........lj#",
    "#...........lj#",
    "#.............#",
    "###############"
  ]
}