{
  "model": "deepseek",
  "game": "limerick",
  "level": 9,
  "run": 5,
  "win": false,
  "action_sequence": [
    2,
    2,
    2,
    2,
    2,
    2,
    2,
    2,
    2,
    2,
    2,
    2,
    2,
    2,
    2,
    2,
    2,
    2,
    2,
    2,
    2,
    2,
    2,
    2,
    2,
    2,
    2,
    2,
    2,
    2,
    2,
    2,
    2,
    2,
    2,
    2,
    2,
    2,
    2,
    2,
    2,
    2,
    2,
    2,
    2,
    2,
    2,
    2,
    2,
    2,
    2,
    2,
    2,
    2,
    2,
    2,
    2,
    2,
    2,
    2,
    2,
    2,
    2,
    2,
    2,
    2,
    2,
    2,
    2,
    2,
    2,
    2,
    2,
    2,
    2,
    2,
    2,
    2,
    2,
    2,
    2,
    2,
    2,
    2,
    2,
    2,
    2,
    2,
    2,
    2,
    2,
    2,
    2,
    2,
    2,
    2,
    2,
    2,
    2,
    2
  ],
  "reward_sequence": [
    -1.0099999904632568,
    -1.0099999904632568,
    -1.0099999904632568,
    -1.0099999904632568,
    -1.0099999904632568,
    -1.0099999904632568,
    -1.0099999904632568,
    -1.0099999904632568,
    -1.0099999904632568,
    -1.0099999904632568,
    -1.0099999904632568,
    -2.009999990463257,
    -1.0099999904632568,
    -0.009999999776482582,
    -0.009999999776482582,
    -0.009999999776482582,
    -0.009999999776482582,
    -0.009999999776482582,
    -0.009999999776482582,
    -0.009999999776482582,
    -0.009999999776482582,
    -0.009999999776482582,
    -0.009999999776482582,
    -0.009999999776482582,
    -0.009999999776482582,
    -0.009999999776482582,
    -0.009999999776482582,
    -0.009999999776482582,
    -0.009999999776482582,
    -0.009999999776482582,
    -0.009999999776482582,
    -0.009999999776482582,
    -0.009999999776482582,
    -0.009999999776482582,
    -0.009999999776482582,
    -0.009999999776482582,
    -0.009999999776482582,
    -0.009999999776482582,
    -0.009999999776482582,
    -0.009999999776482582,
    -0.009999999776482582,
    -0.009999999776482582,
    -0.009999999776482582,
    -0.009999999776482582,
    -0.009999999776482582,
    -0.009999999776482582,
    -0.009999999776482582,
    -0.009999999776482582,
    -0.009999999776482582,
    -0.009999999776482582,
    -0.009999999776482582,
    -0.009999999776482582,
    -0.009999999776482582,
    -0.009999999776482582,
    -0.009999999776482582,
    -0.009999999776482582,
    -0.009999999776482582,
    -0.009999999776482582,
    -0.009999999776482582,
    -0.009999999776482582,
    -0.009999999776482582,
    -0.009999999776482582,
    -0.009999999776482582,
    -0.009999999776482582,
    -0.009999999776482582,
    -0.009999999776482582,
    -0.009999999776482582,
    -0.009999999776482582,
    -0.009999999776482582,
    -0.009999999776482582,
    -0.009999999776482582,
    -0.009999999776482582,
    -0.009999999776482582,
    -0.009999999776482582,
    -0.009999999776482582,
    -0.009999999776482582,
    -0.009999999776482582,
    -0.009999999776482582,
    -0.009999999776482582,
    -0.009999999776482582,
    -0.009999999776482582,
    -0.009999999776482582,
    -0.009999999776482582,
    -0.009999999776482582,
    -0.009999999776482582,
    -0.009999999776482582,
    -0.009999999776482582,
    -0.009999999776482582,
    -0.009999999776482582,
    -0.009999999776482582,
    -0.009999999776482582,
    -0.009999999776482582,
    -0.009999999776482582,
    -0.009999999776482582,
    -0.009999999776482582,
    -0.009999999776482582,
    -0.009999999776482582,
    -0.009999999776482582,
    -0.009999999776482582,
    -0.009999999776482582
  ],
  "initial_ascii": [
    "LEGEND:",
    "#: wall",
    ".: background",
    "e: exit",
    "c: crate",
    "\u26a7: playerbodyh",
    "p: playerhead1",
    "",
    "MAP:",
    "###################",
    "#.................#",
    "#.................#",
    "#.................#",
    "#.................#",
    "#.e..........c....#",
    "####.##.....###...#",
    "#######.....###...#",
    "#.................#",
    "#.................#",
    "#...\u26a7p............#",
    "#..#############..#",
    "###################",
    "#.................#",
    "###################"
  ],
  "state_data": {
    "score": 0,
    "win": false,
    "step": 100
  },
  "heuristics": [
    -8.0,
    -9.0,
    -10.0,
    -11.0,
    -12.0,
    -13.0,
    -14.0,
    -15.0,
    -16.0,
    -17.0,
    -18.0,
    -20.0,
    -21.0,
    -21.0,
    -21.0,
    -21.0,
    -21.0,
    -21.0,
    -21.0,
    -21.0,
    -21.0,
    -21.0,
    -21.0,
    -21.0,
    -21.0,
    -21.0,
    -21.0,
    -21.0,
    -21.0,
    -21.0,
    -21.0,
    -21.0,
    -21.0,
    -21.0,
    -21.0,
    -21.0,
    -21.0,
    -21.0,
    -21.0,
    -21.0,
    -21.0,
    -21.0,
    -21.0,
    -21.0,
    -21.0,
    -21.0,
    -21.0,
    -21.0,
    -21.0,
    -21.0,
    -21.0,
    -21.0,
    -21.0,
    -21.0,
    -21.0,
    -21.0,
    -21.0,
    -21.0,
    -21.0,
    -21.0,
    -21.0,
    -21.0,
    -21.0,
    -21.0,
    -21.0,
    -21.0,
    -21.0,
    -21.0,
    -21.0,
    -21.0,
    -21.0,
    -21.0,
    -21.0,
    -21.0,
    -21.0,
    -21.0,
    -21.0,
    -21.0,
    -21.0,
    -21.0,
    -21.0,
    -21.0,
    -21.0,
    -21.0,
    -21.0,
    -21.0,
    -21.0,
    -21.0,
    -21.0,
    -21.0,
    -21.0,
    -21.0,
    -21.0,
    -21.0,
    -21.0,
    -21.0,
    -21.0,
    -21.0,
    -21.0,
    -21.0
  ],
  "final_ascii": [
    "LEGEND:",
    "#: wall",
    ".: background",
    "e: exit",
    "c: crate",
    "\u26a7: playerbodyh",
    "\u1c6f: playerbodyv",
    "p: playerhead1",
    "",
    "MAP:",
    "###################",
    "#.................#",
    "#.................#",
    "#.................#",
    "#.................#",
    "#.e..........c....#",
    "####.##.....###...#",
    "#######.....###...#",
    "#.................#",
    "#.................#",
    "#...\u26a7\u26a7\u26a7\u26a7\u26a7\u26a7\u26a7\u26a7\u26a7\u26a7\u26a7\u26a7\u1c6f.#",
    "#..#############\u26a7p#",
    "###################",
    "#.................#",
    "###################"
  ]
}