{
  "model": "deepseek",
  "game": "kettle",
  "level": 8,
  "run": 5,
  "win": false,
  "action_sequence": [
    2,
    3,
    3,
    2,
    3,
    3,
    3,
    3,
    2,
    4,
    3,
    0,
    3,
    2,
    3,
    2,
    0,
    3,
    3,
    2,
    3,
    2,
    0,
    4,
    3,
    3,
    4,
    3,
    3,
    4,
    3,
    2,
    0,
    3,
    3,
    1,
    3,
    3,
    3,
    0,
    3,
    2,
    2,
    3,
    3,
    3,
    3,
    0,
    3,
    3,
    2,
    3,
    3,
    3,
    3,
    0,
    2,
    3,
    3,
    3,
    3,
    1,
    0,
    3,
    0,
    3,
    3,
    0,
    0,
    2,
    3,
    0,
    3,
    3,
    4,
    4,
    3,
    2,
    1,
    2,
    0,
    3,
    3,
    0,
    2,
    3,
    4,
    3,
    2,
    0,
    4,
    3,
    1,
    3,
    3,
    3,
    3,
    3,
    3,
    3
  ],
  "reward_sequence": [
    5.989999771118164,
    4.989999771118164,
    4.989999771118164,
    3.990000009536743,
    -1.0099999904632568,
    -1.0099999904632568,
    -4.010000228881836,
    -2.009999990463257,
    -2.009999990463257,
    -0.009999999776482582,
    -0.009999999776482582,
    -0.009999999776482582,
    -0.009999999776482582,
    -0.009999999776482582,
    -0.009999999776482582,
    -0.009999999776482582,
    -0.009999999776482582,
    -0.009999999776482582,
    -0.009999999776482582,
    -0.009999999776482582,
    -0.009999999776482582,
    -0.009999999776482582,
    -0.009999999776482582,
    -0.009999999776482582,
    -0.009999999776482582,
    -0.009999999776482582,
    -0.009999999776482582,
    -0.009999999776482582,
    -0.009999999776482582,
    -0.009999999776482582,
    -0.009999999776482582,
    -0.009999999776482582,
    -0.009999999776482582,
    -0.009999999776482582,
    -0.009999999776482582,
    -0.009999999776482582,
    -0.009999999776482582,
    -0.009999999776482582,
    -0.009999999776482582,
    -0.009999999776482582,
    -0.009999999776482582,
    -0.009999999776482582,
    -0.009999999776482582,
    -0.009999999776482582,
    -0.009999999776482582,
    -0.009999999776482582,
    -0.009999999776482582,
    -0.009999999776482582,
    -0.009999999776482582,
    -0.009999999776482582,
    -0.009999999776482582,
    -0.009999999776482582,
    -0.009999999776482582,
    -0.009999999776482582,
    -0.009999999776482582,
    -0.009999999776482582,
    -0.009999999776482582,
    -0.009999999776482582,
    -0.009999999776482582,
    -0.009999999776482582,
    -0.009999999776482582,
    -0.009999999776482582,
    -0.009999999776482582,
    -0.009999999776482582,
    -0.009999999776482582,
    -0.009999999776482582,
    -0.009999999776482582,
    -0.009999999776482582,
    -0.009999999776482582,
    -0.009999999776482582,
    -0.009999999776482582,
    -0.009999999776482582,
    -0.009999999776482582,
    -0.009999999776482582,
    -0.009999999776482582,
    -0.009999999776482582,
    -0.009999999776482582,
    -0.009999999776482582,
    -0.009999999776482582,
    -0.009999999776482582,
    -0.009999999776482582,
    -0.009999999776482582,
    -0.009999999776482582,
    -0.009999999776482582,
    -0.009999999776482582,
    -0.009999999776482582,
    -0.009999999776482582,
    -0.009999999776482582,
    -0.009999999776482582,
    -0.009999999776482582,
    -0.009999999776482582,
    -0.009999999776482582,
    -0.009999999776482582,
    -0.009999999776482582,
    -0.009999999776482582,
    -0.009999999776482582,
    -0.009999999776482582,
    -0.009999999776482582,
    -0.009999999776482582,
    -0.009999999776482582
  ],
  "initial_ascii": [
    "LEGEND:",
    "#: wall",
    ".: background",
    "k: dpolice",
    "l: rpolice",
    "c: crate",
    "j: lpolice",
    "@: target, crate",
    "t: target",
    "i: upolice",
    "",
    "MAP:",
    "###############",
    "#.............#",
    "#..kkkkkkkkk..#",
    "#..lccccc...j.#",
    "#..l........j.#",
    "#..lc@tttt..j.#",
    "#..lctt@tt.cj.#",
    "#..lctt@@t.cj.#",
    "#..l.@@tt@.cj.#",
    "#..l.t@t@t..j.#",
    "#..l........j.#",
    "#..lcc.c.c.cj.#",
    "#..iiiiiiiii..#",
    "###############"
  ],
  "state_data": {
    "score": 10,
    "win": false,
    "step": 100
  },
  "heuristics": [
    -33.0,
    -28.0,
    -23.0,
    -19.0,
    -20.0,
    -21.0,
    -25.0,
    -27.0,
    -29.0,
    -29.0,
    -29.0,
    -29.0,
    -29.0,
    -29.0,
    -29.0,
    -29.0,
    -29.0,
    -29.0,
    -29.0,
    -29.0,
    -29.0,
    -29.0,
    -29.0,
    -29.0,
    -29.0,
    -29.0,
    -29.0,
    -29.0,
    -29.0,
    -29.0,
    -29.0,
    -29.0,
    -29.0,
    -29.0,
    -29.0,
    -29.0,
    -29.0,
    -29.0,
    -29.0,
    -29.0,
    -29.0,
    -29.0,
    -29.0,
    -29.0,
    -29.0,
    -29.0,
    -29.0,
    -29.0,
    -29.0,
    -29.0,
    -29.0,
    -29.0,
    -29.0,
    -29.0,
    -29.0,
    -29.0,
    -29.0,
    -29.0,
    -29.0,
    -29.0,
    -29.0,
    -29.0,
    -29.0,
    -29.0,
    -29.0,
    -29.0,
    -29.0,
    -29.0,
    -29.0,
    -29.0,
    -29.0,
    -29.0,
    -29.0,
    -29.0,
    -29.0,
    -29.0,
    -29.0,
    -29.0,
    -29.0,
    -29.0,
    -29.0,
    -29.0,
    -29.0,
    -29.0,
    -29.0,
    -29.0,
    -29.0,
    -29.0,
    -29.0,
    -29.0,
    -29.0,
    -29.0,
    -29.0,
    -29.0,
    -29.0,
    -29.0,
    -29.0,
    -29.0,
    -29.0,
    -29.0
  ],
  "final_ascii": [
    "LEGEND:",
    "#: wall",
    ".: background",
    "k: dpolice",
    "i: upolice",
    "l: rpolice",
    "c: crate",
    "j: lpolice",
    "@: target, crate",
    "\u291f: target, upolice",
    "t: target",
    "\u21aa: target, rpolice",
    "\u170e: target, lpolice",
    "",
    "MAP:",
    "###############",
    "#.............#",
    "#..k.kkkkkkk..#",
    "#..i.lccccccj.#",
    "#...klccccccj.#",
    "#...l@@@@@ccj.#",
    "#...l@@@\u291f\u291ficj.#",
    "#...l@\u291f\u291ftt.ij.#",
    "#...i\u291ftt\u21aa@j...#",
    "#....ttt\u21aa\u170e....#",
    "#.....lj......#",
    "#........lj...#",
    "#.............#",
    "###############"
  ]
}