{
  "model": "deepseek",
  "game": "atlas shrank",
  "level": 5,
  "run": 1,
  "win": false,
  "action_sequence": [
    2,
    2,
    3,
    2,
    2,
    2,
    2,
    2,
    2,
    2,
    2,
    2,
    2,
    2,
    2,
    2,
    3,
    2,
    2,
    2,
    2,
    2,
    2,
    2,
    2,
    2,
    2,
    2,
    2,
    2,
    2,
    2,
    2,
    2,
    2,
    2,
    2,
    2,
    2,
    2,
    2,
    2,
    2,
    2,
    3,
    2,
    2,
    2,
    2,
    2,
    2,
    2,
    2,
    2,
    2,
    2,
    2,
    2,
    2,
    3,
    2,
    2,
    2,
    2,
    3,
    2,
    2,
    2,
    2,
    2,
    2,
    2,
    2,
    2,
    2,
    2,
    2,
    2,
    3,
    2,
    2,
    2,
    2,
    2,
    2,
    2,
    2,
    2,
    2,
    2,
    2,
    2,
    3,
    2,
    2,
    2,
    2,
    2,
    2,
    2
  ],
  "reward_sequence": [
    0.9900000095367432,
    0.9900000095367432,
    -0.009999999776482582,
    0.9900000095367432,
    0.9900000095367432,
    1.9900000095367432,
    1.9900000095367432,
    -0.009999999776482582,
    -0.009999999776482582,
    -0.009999999776482582,
    -0.009999999776482582,
    -0.009999999776482582,
    -0.009999999776482582,
    -0.009999999776482582,
    -0.009999999776482582,
    -0.009999999776482582,
    -0.009999999776482582,
    -0.009999999776482582,
    -0.009999999776482582,
    -0.009999999776482582,
    -0.009999999776482582,
    -0.009999999776482582,
    -0.009999999776482582,
    -0.009999999776482582,
    -0.009999999776482582,
    -0.009999999776482582,
    -0.009999999776482582,
    -0.009999999776482582,
    -0.009999999776482582,
    -0.009999999776482582,
    -0.009999999776482582,
    -0.009999999776482582,
    -0.009999999776482582,
    -0.009999999776482582,
    -0.009999999776482582,
    -0.009999999776482582,
    -0.009999999776482582,
    -0.009999999776482582,
    -0.009999999776482582,
    -0.009999999776482582,
    -0.009999999776482582,
    -0.009999999776482582,
    -0.009999999776482582,
    -0.009999999776482582,
    -0.009999999776482582,
    -0.009999999776482582,
    -0.009999999776482582,
    -0.009999999776482582,
    -0.009999999776482582,
    -0.009999999776482582,
    -0.009999999776482582,
    -0.009999999776482582,
    -0.009999999776482582,
    -0.009999999776482582,
    -0.009999999776482582,
    -0.009999999776482582,
    -0.009999999776482582,
    -0.009999999776482582,
    -0.009999999776482582,
    -0.009999999776482582,
    -0.009999999776482582,
    -0.009999999776482582,
    -0.009999999776482582,
    -0.009999999776482582,
    -0.009999999776482582,
    -0.009999999776482582,
    -0.009999999776482582,
    -0.009999999776482582,
    -0.009999999776482582,
    -0.009999999776482582,
    -0.009999999776482582,
    -0.009999999776482582,
    -0.009999999776482582,
    -0.009999999776482582,
    -0.009999999776482582,
    -0.009999999776482582,
    -0.009999999776482582,
    -0.009999999776482582,
    -0.009999999776482582,
    -0.009999999776482582,
    -0.009999999776482582,
    -0.009999999776482582,
    -0.009999999776482582,
    -0.009999999776482582,
    -0.009999999776482582,
    -0.009999999776482582,
    -0.009999999776482582,
    -0.009999999776482582,
    -0.009999999776482582,
    -0.009999999776482582,
    -0.009999999776482582,
    -0.009999999776482582,
    -0.009999999776482582,
    -0.009999999776482582,
    -0.009999999776482582,
    -0.009999999776482582,
    -0.009999999776482582,
    -0.009999999776482582,
    -0.009999999776482582,
    -0.009999999776482582
  ],
  "initial_ascii": [
    "LEGEND:",
    "#: wallsolo",
    "\u0c60: wallu",
    "\u1f7a: wallrl",
    "\u10f4: dooro",
    "\u1217: walll",
    "\u1f91: wallr",
    "*: crate, massive",
    ".: background",
    "\u253e: wallud",
    "\u147e: walld",
    "o: exit",
    "\u1513: playerr",
    "@: crate, switch, massive",
    "\u23ca: wallm",
    "",
    "MAP:",
    "#\u0c60\u1f7a\u0c60\u1f7a#\u10f4#\u1f7a\u1f7a\u1f7a\u1f7a\u1f7a\u1f7a\u0c60\u1f7a\u1f7a#",
    "\u1217\u1f91*#..\u10f4.......#..\u253e",
    "\u1217\u147e#...\u10f4*......\u10f4.o\u253e",
    "\u253e.....##.....*\u10f4.#\u1f91",
    "\u253e....#\u10f4.\u1513.@..#\u10f4..\u253e",
    "\u253e...##\u10f4#\u1f7a\u1f7a\u1f7a\u1f7a\u0c60\u23ca\u0c60\u0c60\u0c60\u1f91",
    "\u253e*..*.\u10f4.....\u1217\u147e\u147e\u147e\u147e\u1f91",
    "\u1217\u0c60\u0c60\u0c60\u0c60#\u10f4.....#....\u253e",
    "\u1217\u23ca\u23ca\u23ca\u23ca\u1f91\u10f4......*...\u253e",
    "\u1217\u23ca\u23ca\u23ca\u23ca\u1f91.#*....##..\u253e",
    "#\u147e\u147e\u147e\u147e#.#\u1f7a\u1f7a\u1f7a\u1f7a\u1f7a\u147e\u147e\u1f7a\u1f7a#"
  ],
  "state_data": {
    "score": 0,
    "win": false,
    "step": 100
  },
  "heuristics": [
    -10.0,
    -9.0,
    -9.0,
    -8.0,
    -7.0,
    -5.0,
    -3.0,
    -3.0,
    -3.0,
    -3.0,
    -3.0,
    -3.0,
    -3.0,
    -3.0,
    -3.0,
    -3.0,
    -3.0,
    -3.0,
    -3.0,
    -3.0,
    -3.0,
    -3.0,
    -3.0,
    -3.0,
    -3.0,
    -3.0,
    -3.0,
    -3.0,
    -3.0,
    -3.0,
    -3.0,
    -3.0,
    -3.0,
    -3.0,
    -3.0,
    -3.0,
    -3.0,
    -3.0,
    -3.0,
    -3.0,
    -3.0,
    -3.0,
    -3.0,
    -3.0,
    -3.0,
    -3.0,
    -3.0,
    -3.0,
    -3.0,
    -3.0,
    -3.0,
    -3.0,
    -3.0,
    -3.0,
    -3.0,
    -3.0,
    -3.0,
    -3.0,
    -3.0,
    -3.0,
    -3.0,
    -3.0,
    -3.0,
    -3.0,
    -3.0,
    -3.0,
    -3.0,
    -3.0,
    -3.0,
    -3.0,
    -3.0,
    -3.0,
    -3.0,
    -3.0,
    -3.0,
    -3.0,
    -3.0,
    -3.0,
    -3.0,
    -3.0,
    -3.0,
    -3.0,
    -3.0,
    -3.0,
    -3.0,
    -3.0,
    -3.0,
    -3.0,
    -3.0,
    -3.0,
    -3.0,
    -3.0,
    -3.0,
    -3.0,
    -3.0,
    -3.0,
    -3.0,
    -3.0,
    -3.0,
    -3.0
  ],
  "final_ascii": [
    "LEGEND:",
    "#: wallsolo",
    "\u0c60: wallu",
    "\u1f7a: wallrl",
    "x: door",
    "\u1217: walll",
    "\u1f91: wallr",
    "*: crate, massive",
    ".: background",
    "\u253e: wallud",
    "\u147e: walld",
    "\u1513: playerr",
    "o: exit",
    "t: switch",
    "\u23ca: wallm",
    "",
    "MAP:",
    "#\u0c60\u1f7a\u0c60\u1f7a#x#\u1f7a\u1f7a\u1f7a\u1f7a\u1f7a\u1f7a\u0c60\u1f7a\u1f7a#",
    "\u1217\u1f91*#..x.......#..\u253e",
    "\u1217\u147e#...x*.....\u1513x.o\u253e",
    "\u253e.....##.....*x.#\u1f91",
    "\u253e....#x...t.*#x..\u253e",
    "\u253e...##x#\u1f7a\u1f7a\u1f7a\u1f7a\u0c60\u23ca\u0c60\u0c60\u0c60\u1f91",
    "\u253e*..*.x.....\u1217\u147e\u147e\u147e\u147e\u1f91",
    "\u1217\u0c60\u0c60\u0c60\u0c60#x.....#....\u253e",
    "\u1217\u23ca\u23ca\u23ca\u23ca\u1f91x......*...\u253e",
    "\u1217\u23ca\u23ca\u23ca\u23ca\u1f91.#*....##..\u253e",
    "#\u147e\u147e\u147e\u147e#.#\u1f7a\u1f7a\u1f7a\u1f7a\u1f7a\u147e\u147e\u1f7a\u1f7a#"
  ]
}