{
  "model": "deepseek",
  "game": "atlas shrank",
  "level": 7,
  "run": 7,
  "win": false,
  "action_sequence": [
    3,
    2,
    2,
    2,
    3,
    4,
    2,
    2,
    3,
    2,
    2,
    2,
    2,
    2,
    2,
    2,
    2,
    2,
    2,
    2,
    2,
    2,
    2,
    2,
    2,
    2,
    2,
    2,
    2,
    2,
    2,
    2,
    2,
    2,
    2,
    2,
    2,
    2,
    2,
    4,
    2,
    2,
    2,
    2,
    2,
    2,
    2,
    2,
    2,
    2,
    2,
    2,
    2,
    2,
    2,
    2,
    2,
    2,
    2,
    2,
    2,
    2,
    2,
    2,
    2,
    2,
    2,
    2,
    2,
    2,
    2,
    2,
    2,
    2,
    2,
    2,
    2,
    2,
    2,
    2,
    2,
    2,
    2,
    2,
    2,
    2,
    2,
    2,
    2,
    2,
    2,
    2,
    2,
    2,
    2,
    2,
    2,
    2,
    2,
    2
  ],
  "reward_sequence": [
    -0.009999999776482582,
    0.9900000095367432,
    -0.009999999776482582,
    -0.009999999776482582,
    -0.009999999776482582,
    -0.009999999776482582,
    -0.009999999776482582,
    -0.009999999776482582,
    -0.009999999776482582,
    -0.009999999776482582,
    -0.009999999776482582,
    -0.009999999776482582,
    -0.009999999776482582,
    -0.009999999776482582,
    -0.009999999776482582,
    -0.009999999776482582,
    -0.009999999776482582,
    -0.009999999776482582,
    -0.009999999776482582,
    -0.009999999776482582,
    -0.009999999776482582,
    -0.009999999776482582,
    -0.009999999776482582,
    -0.009999999776482582,
    -0.009999999776482582,
    -0.009999999776482582,
    -0.009999999776482582,
    -0.009999999776482582,
    -0.009999999776482582,
    -0.009999999776482582,
    -0.009999999776482582,
    -0.009999999776482582,
    -0.009999999776482582,
    -0.009999999776482582,
    -0.009999999776482582,
    -0.009999999776482582,
    -0.009999999776482582,
    -0.009999999776482582,
    -0.009999999776482582,
    -0.009999999776482582,
    -0.009999999776482582,
    -0.009999999776482582,
    -0.009999999776482582,
    -0.009999999776482582,
    -0.009999999776482582,
    -0.009999999776482582,
    -0.009999999776482582,
    -0.009999999776482582,
    -0.009999999776482582,
    -0.009999999776482582,
    -0.009999999776482582,
    -0.009999999776482582,
    -0.009999999776482582,
    -0.009999999776482582,
    -0.009999999776482582,
    -0.009999999776482582,
    -0.009999999776482582,
    -0.009999999776482582,
    -0.009999999776482582,
    -0.009999999776482582,
    -0.009999999776482582,
    -0.009999999776482582,
    -0.009999999776482582,
    -0.009999999776482582,
    -0.009999999776482582,
    -0.009999999776482582,
    -0.009999999776482582,
    -0.009999999776482582,
    -0.009999999776482582,
    -0.009999999776482582,
    -0.009999999776482582,
    -0.009999999776482582,
    -0.009999999776482582,
    -0.009999999776482582,
    -0.009999999776482582,
    -0.009999999776482582,
    -0.009999999776482582,
    -0.009999999776482582,
    -0.009999999776482582,
    -0.009999999776482582,
    -0.009999999776482582,
    -0.009999999776482582,
    -0.009999999776482582,
    -0.009999999776482582,
    -0.009999999776482582,
    -0.009999999776482582,
    -0.009999999776482582,
    -0.009999999776482582,
    -0.009999999776482582,
    -0.009999999776482582,
    -0.009999999776482582,
    -0.009999999776482582,
    -0.009999999776482582,
    -0.009999999776482582,
    -0.009999999776482582,
    -0.009999999776482582,
    -0.009999999776482582,
    -0.009999999776482582,
    -0.009999999776482582,
    -0.009999999776482582
  ],
  "initial_ascii": [
    "LEGEND:",
    "#: wallsolo",
    "\u2aa8: wallu",
    "\u18da: wallrl",
    "\u23da: walll",
    "\u1835: wallr",
    ".: background",
    "x: door",
    "\u052e: wallud",
    "*: crate, massive",
    "t: switch",
    "o: exit",
    "\u0852: walld",
    "\u0fca: wallm",
    "p: players",
    "",
    "MAP:",
    "#\u2aa8\u18da\u18da\u18da\u18da\u18da\u18da\u18da\u18da\u18da\u18da\u18da\u18da\u18da\u18da\u18da#",
    "\u23da\u1835...........x...\u052e",
    "\u23da\u1835...........x.*.\u052e",
    "\u23da\u1835.........t#\u18da\u18da#.\u052e",
    "\u23da\u1835..........\u052e....\u052e",
    "\u23da\u1835..........\u052e....\u052e",
    "\u23da\u1835...***#\u2aa8\u18da\u18da#.##x#",
    "\u23da\u1835...***\u23da\u1835.o..#\u0852#*",
    "\u23da\u1835...***\u23da\u0fca\u18da#.....#",
    "\u23da\u1835.p.***\u23da\u1835.......\u052e",
    "#\u0852\u18da\u18da\u18da\u18da\u18da\u18da\u0852\u0852\u18da\u18da\u18da\u18da\u18da\u18da\u18da#"
  ],
  "state_data": {
    "score": 0,
    "win": false,
    "step": 100
  },
  "heuristics": [
    -10.0,
    -9.0,
    -9.0,
    -9.0,
    -9.0,
    -9.0,
    -9.0,
    -9.0,
    -9.0,
    -9.0,
    -9.0,
    -9.0,
    -9.0,
    -9.0,
    -9.0,
    -9.0,
    -9.0,
    -9.0,
    -9.0,
    -9.0,
    -9.0,
    -9.0,
    -9.0,
    -9.0,
    -9.0,
    -9.0,
    -9.0,
    -9.0,
    -9.0,
    -9.0,
    -9.0,
    -9.0,
    -9.0,
    -9.0,
    -9.0,
    -9.0,
    -9.0,
    -9.0,
    -9.0,
    -9.0,
    -9.0,
    -9.0,
    -9.0,
    -9.0,
    -9.0,
    -9.0,
    -9.0,
    -9.0,
    -9.0,
    -9.0,
    -9.0,
    -9.0,
    -9.0,
    -9.0,
    -9.0,
    -9.0,
    -9.0,
    -9.0,
    -9.0,
    -9.0,
    -9.0,
    -9.0,
    -9.0,
    -9.0,
    -9.0,
    -9.0,
    -9.0,
    -9.0,
    -9.0,
    -9.0,
    -9.0,
    -9.0,
    -9.0,
    -9.0,
    -9.0,
    -9.0,
    -9.0,
    -9.0,
    -9.0,
    -9.0,
    -9.0,
    -9.0,
    -9.0,
    -9.0,
    -9.0,
    -9.0,
    -9.0,
    -9.0,
    -9.0,
    -9.0,
    -9.0,
    -9.0,
    -9.0,
    -9.0,
    -9.0,
    -9.0,
    -9.0,
    -9.0,
    -9.0,
    -9.0
  ],
  "final_ascii": [
    "LEGEND:",
    "#: wallsolo",
    "\u2aa8: wallu",
    "\u18da: wallrl",
    "\u23da: walll",
    "\u1835: wallr",
    ".: background",
    "x: door",
    "\u052e: wallud",
    "*: crate, massive",
    "t: switch",
    "o: exit",
    "\u0852: walld",
    "\u1f03: heldcrate",
    "\u0fca: wallm",
    "\u14a4: playerrh",
    "",
    "MAP:",
    "#\u2aa8\u18da\u18da\u18da\u18da\u18da\u18da\u18da\u18da\u18da\u18da\u18da\u18da\u18da\u18da\u18da#",
    "\u23da\u1835...........x...\u052e",
    "\u23da\u1835...........x.*.\u052e",
    "\u23da\u1835.........t#\u18da\u18da#.\u052e",
    "\u23da\u1835..........\u052e....\u052e",
    "\u23da\u1835..........\u052e....\u052e",
    "\u23da\u1835....**#\u2aa8\u18da\u18da#.##x#",
    "\u23da\u1835...***\u23da\u1835.o..#\u0852#*",
    "\u23da\u1835..\u1f03***\u23da\u0fca\u18da#.....#",
    "\u23da\u1835..\u14a4***\u23da\u1835.......\u052e",
    "#\u0852\u18da\u18da\u18da\u18da\u18da\u18da\u0852\u0852\u18da\u18da\u18da\u18da\u18da\u18da\u18da#"
  ]
}