{
  "model": "deepseek",
  "game": "Take_Heart_Lass",
  "level": 7,
  "run": 2,
  "win": false,
  "action_sequence": [
    2,
    2,
    2,
    2,
    2,
    2,
    2,
    2,
    3,
    2,
    4,
    2,
    2,
    2,
    2,
    2,
    3,
    3,
    2,
    2,
    3,
    3,
    3,
    1,
    3,
    3,
    1,
    3,
    1,
    3,
    3,
    3,
    2,
    3,
    3,
    3,
    3,
    3,
    2,
    2,
    2,
    2,
    2,
    3,
    3,
    3,
    3,
    3,
    3,
    3,
    2,
    2,
    2,
    2,
    3,
    3,
    3,
    1,
    2,
    2,
    1,
    2,
    3,
    3,
    2,
    2,
    3,
    3,
    2,
    3,
    3,
    3,
    3,
    3,
    2,
    2,
    2,
    1,
    3,
    2,
    3,
    2,
    2,
    3,
    3,
    3,
    2,
    3,
    2,
    2,
    3,
    2,
    2,
    2,
    3,
    3,
    3,
    2,
    2,
    3
  ],
  "reward_sequence": [
    -1.0099999904632568,
    -1.0099999904632568,
    -1.0099999904632568,
    -0.009999999776482582,
    -0.009999999776482582,
    -0.009999999776482582,
    -0.009999999776482582,
    -0.009999999776482582,
    -0.009999999776482582,
    -0.009999999776482582,
    -0.009999999776482582,
    -0.009999999776482582,
    -0.009999999776482582,
    -0.009999999776482582,
    -0.009999999776482582,
    -0.009999999776482582,
    -0.009999999776482582,
    -0.009999999776482582,
    -0.009999999776482582,
    -0.009999999776482582,
    -0.009999999776482582,
    -0.009999999776482582,
    -0.009999999776482582,
    -0.009999999776482582,
    -0.009999999776482582,
    -0.009999999776482582,
    -0.009999999776482582,
    -0.009999999776482582,
    -0.009999999776482582,
    -0.009999999776482582,
    -0.009999999776482582,
    -0.009999999776482582,
    -0.009999999776482582,
    -0.009999999776482582,
    -0.009999999776482582,
    -0.009999999776482582,
    -0.009999999776482582,
    -0.009999999776482582,
    -0.009999999776482582,
    -0.009999999776482582,
    -0.009999999776482582,
    -0.009999999776482582,
    -0.009999999776482582,
    -0.009999999776482582,
    -0.009999999776482582,
    -0.009999999776482582,
    -0.009999999776482582,
    -0.009999999776482582,
    -0.009999999776482582,
    -0.009999999776482582,
    -0.009999999776482582,
    -0.009999999776482582,
    -0.009999999776482582,
    -0.009999999776482582,
    -0.009999999776482582,
    -0.009999999776482582,
    -0.009999999776482582,
    -0.009999999776482582,
    -0.009999999776482582,
    -0.009999999776482582,
    -0.009999999776482582,
    -0.009999999776482582,
    -0.009999999776482582,
    -0.009999999776482582,
    -0.009999999776482582,
    -0.009999999776482582,
    -0.009999999776482582,
    -0.009999999776482582,
    -0.009999999776482582,
    -0.009999999776482582,
    -0.009999999776482582,
    -0.009999999776482582,
    -0.009999999776482582,
    -0.009999999776482582,
    -0.009999999776482582,
    -0.009999999776482582,
    -0.009999999776482582,
    -0.009999999776482582,
    -0.009999999776482582,
    -0.009999999776482582,
    -0.009999999776482582,
    -0.009999999776482582,
    -0.009999999776482582,
    -0.009999999776482582,
    -0.009999999776482582,
    -0.009999999776482582,
    -0.009999999776482582,
    -0.009999999776482582,
    -0.009999999776482582,
    -0.009999999776482582,
    -0.009999999776482582,
    -0.009999999776482582,
    -0.009999999776482582,
    -0.009999999776482582,
    -0.009999999776482582,
    -0.009999999776482582,
    -0.009999999776482582,
    -0.009999999776482582,
    -0.009999999776482582,
    -0.009999999776482582
  ],
  "initial_ascii": [
    "LEGEND:",
    "#: wall",
    ".: background",
    "o: target",
    "*: crate",
    "p: player",
    "\u1545: altnewdespair",
    "\u233f: newdespairwall",
    "x: olddespair",
    "",
    "MAP:",
    "###########",
    "#....o....#",
    "#..#####..#",
    "#.#.....#.#",
    "#...*.p*..#",
    "#....*....#",
    "#\u1545..###..\u1545#",
    "\u233fx\u1545.....\u1545x\u233f",
    "#\u233f#######\u233f#"
  ],
  "state_data": {
    "score": 0,
    "win": false,
    "step": 100
  },
  "heuristics": [
    -4.0,
    -5.0,
    -6.0,
    -6.0,
    -6.0,
    -6.0,
    -6.0,
    -6.0,
    -6.0,
    -6.0,
    -6.0,
    -6.0,
    -6.0,
    -6.0,
    -6.0,
    -6.0,
    -6.0,
    -6.0,
    -6.0,
    -6.0,
    -6.0,
    -6.0,
    -6.0,
    -6.0,
    -6.0,
    -6.0,
    -6.0,
    -6.0,
    -6.0,
    -6.0,
    -6.0,
    -6.0,
    -6.0,
    -6.0,
    -6.0,
    -6.0,
    -6.0,
    -6.0,
    -6.0,
    -6.0,
    -6.0,
    -6.0,
    -6.0,
    -6.0,
    -6.0,
    -6.0,
    -6.0,
    -6.0,
    -6.0,
    -6.0,
    -6.0,
    -6.0,
    -6.0,
    -6.0,
    -6.0,
    -6.0,
    -6.0,
    -6.0,
    -6.0,
    -6.0,
    -6.0,
    -6.0,
    -6.0,
    -6.0,
    -6.0,
    -6.0,
    -6.0,
    -6.0,
    -6.0,
    -6.0,
    -6.0,
    -6.0,
    -6.0,
    -6.0,
    -6.0,
    -6.0,
    -6.0,
    -6.0,
    -6.0,
    -6.0,
    -6.0,
    -6.0,
    -6.0,
    -6.0,
    -6.0,
    -6.0,
    -6.0,
    -6.0,
    -6.0,
    -6.0,
    -6.0,
    -6.0,
    -6.0,
    -6.0,
    -6.0,
    -6.0,
    -6.0,
    -6.0,
    -6.0,
    -6.0
  ],
  "final_ascii": [
    "LEGEND:",
    "\u0f1d: despairwall",
    "x: olddespair",
    "z: altolddespair",
    ".: background",
    "o: target",
    "*: crate",
    "p: player",
    "",
    "MAP:",
    "\u0f1d\u0f1d\u0f1d\u0f1d\u0f1d\u0f1d\u0f1d\u0f1d\u0f1d\u0f1d\u0f1d",
    "\u0f1dxzx.o....\u0f1d",
    "\u0f1dzx\u0f1d\u0f1d\u0f1d\u0f1d\u0f1d..\u0f1d",
    "\u0f1dx\u0f1d..xzx\u0f1d.\u0f1d",
    "\u0f1dzx.*.xzp*\u0f1d",
    "\u0f1dxzx.*.xz.\u0f1d",
    "\u0f1dzxz\u0f1d\u0f1d\u0f1dzxz\u0f1d",
    "\u0f1dxzxzxzxzx\u0f1d",
    "\u0f1d\u0f1d\u0f1d\u0f1d\u0f1d\u0f1d\u0f1d\u0f1d\u0f1d\u0f1d\u0f1d"
  ]
}