{
  "model": "deepseek",
  "game": "Take_Heart_Lass",
  "level": 4,
  "run": 3,
  "win": false,
  "action_sequence": [
    3,
    2,
    3,
    2,
    3,
    3,
    1,
    2,
    0,
    3,
    1,
    0,
    3,
    1,
    2,
    3,
    0,
    2,
    0,
    3,
    1,
    1,
    1,
    3,
    3,
    1,
    3,
    3,
    3,
    2,
    3,
    3,
    0,
    0,
    1,
    3,
    1,
    1,
    0,
    2,
    3,
    3,
    1,
    2,
    1,
    0,
    0,
    1,
    1,
    0,
    1,
    2,
    3,
    3,
    2,
    2,
    4,
    3,
    1,
    1,
    2,
    1,
    3,
    1,
    1,
    1,
    1,
    2,
    1,
    3,
    1,
    3,
    0,
    2,
    1,
    3,
    0,
    3,
    1,
    0,
    1,
    1,
    1,
    3,
    1,
    2,
    3,
    0,
    0,
    1,
    1,
    2,
    1,
    3,
    2,
    2,
    0,
    1,
    1,
    1
  ],
  "reward_sequence": [
    -0.009999999776482582,
    -0.009999999776482582,
    -0.009999999776482582,
    -0.009999999776482582,
    -0.009999999776482582,
    -0.009999999776482582,
    -0.009999999776482582,
    -0.009999999776482582,
    -0.009999999776482582,
    -0.009999999776482582,
    -0.009999999776482582,
    -0.009999999776482582,
    -0.009999999776482582,
    -0.009999999776482582,
    -0.009999999776482582,
    -0.009999999776482582,
    -0.009999999776482582,
    -0.009999999776482582,
    -0.009999999776482582,
    -0.009999999776482582,
    -0.009999999776482582,
    -0.009999999776482582,
    -0.009999999776482582,
    -0.009999999776482582,
    -0.009999999776482582,
    -0.009999999776482582,
    -0.009999999776482582,
    -0.009999999776482582,
    -0.009999999776482582,
    -0.009999999776482582,
    -0.009999999776482582,
    -0.009999999776482582,
    -0.009999999776482582,
    -0.009999999776482582,
    -0.009999999776482582,
    -0.009999999776482582,
    -0.009999999776482582,
    -0.009999999776482582,
    -0.009999999776482582,
    -0.009999999776482582,
    -0.009999999776482582,
    -0.009999999776482582,
    -0.009999999776482582,
    -0.009999999776482582,
    -0.009999999776482582,
    -0.009999999776482582,
    -0.009999999776482582,
    -0.009999999776482582,
    -0.009999999776482582,
    -0.009999999776482582,
    -0.009999999776482582,
    -0.009999999776482582,
    -0.009999999776482582,
    -0.009999999776482582,
    -0.009999999776482582,
    -0.009999999776482582,
    -0.009999999776482582,
    -0.009999999776482582,
    -0.009999999776482582,
    -0.009999999776482582,
    -0.009999999776482582,
    -0.009999999776482582,
    -0.009999999776482582,
    -0.009999999776482582,
    -0.009999999776482582,
    -0.009999999776482582,
    -0.009999999776482582,
    -0.009999999776482582,
    -0.009999999776482582,
    -0.009999999776482582,
    -0.009999999776482582,
    -0.009999999776482582,
    -0.009999999776482582,
    -0.009999999776482582,
    -0.009999999776482582,
    -0.009999999776482582,
    -0.009999999776482582,
    -0.009999999776482582,
    -0.009999999776482582,
    -0.009999999776482582,
    -0.009999999776482582,
    -0.009999999776482582,
    -0.009999999776482582,
    -0.009999999776482582,
    -0.009999999776482582,
    -0.009999999776482582,
    -0.009999999776482582,
    -0.009999999776482582,
    -0.009999999776482582,
    -0.009999999776482582,
    -0.009999999776482582,
    -0.009999999776482582,
    -0.009999999776482582,
    -0.009999999776482582,
    -0.009999999776482582,
    -0.009999999776482582,
    -0.009999999776482582,
    -0.009999999776482582,
    -0.009999999776482582,
    -0.009999999776482582
  ],
  "initial_ascii": [
    "LEGEND:",
    "#: wall",
    ".: background",
    "*: crate",
    "o: target",
    "\u1349: newdespairwall",
    "x: olddespair",
    "\u15a0: altnewdespair",
    "p: player",
    "",
    "MAP:",
    "###########",
    "#.........#",
    "#.*#.o.####",
    "#..*###...#",
    "#.......*.#",
    "#......#..#",
    "#\u1349##...####",
    "\u1349x\u15a0......p#",
    "#\u1349#########"
  ],
  "state_data": {
    "score": 0,
    "win": false,
    "step": 100
  },
  "heuristics": [
    -9.0,
    -9.0,
    -9.0,
    -9.0,
    -9.0,
    -9.0,
    -9.0,
    -9.0,
    -9.0,
    -9.0,
    -9.0,
    -9.0,
    -9.0,
    -9.0,
    -9.0,
    -9.0,
    -9.0,
    -9.0,
    -9.0,
    -9.0,
    -9.0,
    -9.0,
    -9.0,
    -9.0,
    -9.0,
    -9.0,
    -9.0,
    -9.0,
    -9.0,
    -9.0,
    -9.0,
    -9.0,
    -9.0,
    -9.0,
    -9.0,
    -9.0,
    -9.0,
    -9.0,
    -9.0,
    -9.0,
    -9.0,
    -9.0,
    -9.0,
    -9.0,
    -9.0,
    -9.0,
    -9.0,
    -9.0,
    -9.0,
    -9.0,
    -9.0,
    -9.0,
    -9.0,
    -9.0,
    -9.0,
    -9.0,
    -9.0,
    -9.0,
    -9.0,
    -9.0,
    -9.0,
    -9.0,
    -9.0,
    -9.0,
    -9.0,
    -9.0,
    -9.0,
    -9.0,
    -9.0,
    -9.0,
    -9.0,
    -9.0,
    -9.0,
    -9.0,
    -9.0,
    -9.0,
    -9.0,
    -9.0,
    -9.0,
    -9.0,
    -9.0,
    -9.0,
    -9.0,
    -9.0,
    -9.0,
    -9.0,
    -9.0,
    -9.0,
    -9.0,
    -9.0,
    -9.0,
    -9.0,
    -9.0,
    -9.0,
    -9.0,
    -9.0,
    -9.0,
    -9.0,
    -9.0,
    -9.0
  ],
  "final_ascii": [
    "LEGEND:",
    "\u2957: despairwall",
    ".: background",
    "*: crate",
    "#: wall",
    "o: target",
    "x: olddespair",
    "z: altolddespair",
    "p: player",
    "",
    "MAP:",
    "\u2957\u2957\u2957\u2957\u2957\u2957\u2957\u2957\u2957\u2957\u2957",
    "\u2957.........\u2957",
    "\u2957.*#.o.\u2957\u2957\u2957\u2957",
    "\u2957x.*\u2957\u2957\u2957...\u2957",
    "\u2957zx.xzx.*.\u2957",
    "\u2957xzxzxz\u2957..\u2957",
    "\u2957\u2957\u2957\u2957xzx\u2957\u2957\u2957\u2957",
    "\u2957xzxzxzxzp\u2957",
    "\u2957\u2957\u2957\u2957\u2957\u2957\u2957\u2957\u2957\u2957\u2957"
  ]
}