{
  "model": "deepseek",
  "game": "atlas shrank",
  "level": 7,
  "run": 2,
  "win": false,
  "action_sequence": [
    2,
    2,
    2,
    3,
    2,
    2,
    2,
    2,
    2,
    2,
    2,
    2,
    4,
    2,
    2,
    2,
    2,
    2,
    2,
    2,
    2,
    2,
    2,
    2,
    2,
    2,
    2,
    2,
    2,
    2,
    3,
    2,
    2,
    2,
    2,
    2,
    2,
    2,
    2,
    2,
    2,
    2,
    2,
    2,
    2,
    2,
    2,
    3,
    2,
    2,
    2,
    2,
    2,
    2,
    2,
    2,
    2,
    2,
    2,
    2,
    2,
    2,
    2,
    2,
    2,
    2,
    2,
    2,
    2,
    2,
    2,
    2,
    2,
    2,
    2,
    2,
    2,
    2,
    3,
    2,
    2,
    2,
    2,
    2,
    2,
    2,
    2,
    2,
    2,
    2,
    2,
    2,
    2,
    2,
    2,
    3,
    3,
    2,
    2,
    2
  ],
  "reward_sequence": [
    0.9900000095367432,
    -0.009999999776482582,
    -0.009999999776482582,
    -0.009999999776482582,
    -0.009999999776482582,
    -0.009999999776482582,
    -0.009999999776482582,
    -0.009999999776482582,
    -0.009999999776482582,
    -0.009999999776482582,
    -0.009999999776482582,
    -0.009999999776482582,
    -0.009999999776482582,
    -0.009999999776482582,
    -0.009999999776482582,
    -0.009999999776482582,
    -0.009999999776482582,
    -0.009999999776482582,
    -0.009999999776482582,
    -0.009999999776482582,
    -0.009999999776482582,
    -0.009999999776482582,
    -0.009999999776482582,
    -0.009999999776482582,
    -0.009999999776482582,
    -0.009999999776482582,
    -0.009999999776482582,
    -0.009999999776482582,
    -0.009999999776482582,
    -0.009999999776482582,
    -0.009999999776482582,
    -0.009999999776482582,
    -0.009999999776482582,
    -0.009999999776482582,
    -0.009999999776482582,
    -0.009999999776482582,
    -0.009999999776482582,
    -0.009999999776482582,
    -0.009999999776482582,
    -0.009999999776482582,
    -0.009999999776482582,
    -0.009999999776482582,
    -0.009999999776482582,
    -0.009999999776482582,
    -0.009999999776482582,
    -0.009999999776482582,
    -0.009999999776482582,
    -0.009999999776482582,
    -0.009999999776482582,
    -0.009999999776482582,
    -0.009999999776482582,
    -0.009999999776482582,
    -0.009999999776482582,
    -0.009999999776482582,
    -0.009999999776482582,
    -0.009999999776482582,
    -0.009999999776482582,
    -0.009999999776482582,
    -0.009999999776482582,
    -0.009999999776482582,
    -0.009999999776482582,
    -0.009999999776482582,
    -0.009999999776482582,
    -0.009999999776482582,
    -0.009999999776482582,
    -0.009999999776482582,
    -0.009999999776482582,
    -0.009999999776482582,
    -0.009999999776482582,
    -0.009999999776482582,
    -0.009999999776482582,
    -0.009999999776482582,
    -0.009999999776482582,
    -0.009999999776482582,
    -0.009999999776482582,
    -0.009999999776482582,
    -0.009999999776482582,
    -0.009999999776482582,
    -0.009999999776482582,
    -0.009999999776482582,
    -0.009999999776482582,
    -0.009999999776482582,
    -0.009999999776482582,
    -0.009999999776482582,
    -0.009999999776482582,
    -0.009999999776482582,
    -0.009999999776482582,
    -0.009999999776482582,
    -0.009999999776482582,
    -0.009999999776482582,
    -0.009999999776482582,
    -0.009999999776482582,
    -0.009999999776482582,
    -0.009999999776482582,
    -0.009999999776482582,
    -0.009999999776482582,
    -0.009999999776482582,
    -0.009999999776482582,
    -0.009999999776482582,
    -0.009999999776482582
  ],
  "initial_ascii": [
    "LEGEND:",
    "#: wallsolo",
    "\u235f: wallu",
    "\u191e: wallrl",
    "\u2a92: walll",
    "\u26bb: wallr",
    ".: background",
    "x: door",
    "\u233f: wallud",
    "*: crate, massive",
    "t: switch",
    "o: exit",
    "\u0676: walld",
    "\u1d94: wallm",
    "\u2a01: playerr",
    "",
    "MAP:",
    "#\u235f\u191e\u191e\u191e\u191e\u191e\u191e\u191e\u191e\u191e\u191e\u191e\u191e\u191e\u191e\u191e#",
    "\u2a92\u26bb...........x...\u233f",
    "\u2a92\u26bb...........x.*.\u233f",
    "\u2a92\u26bb.........t#\u191e\u191e#.\u233f",
    "\u2a92\u26bb..........\u233f....\u233f",
    "\u2a92\u26bb..........\u233f....\u233f",
    "\u2a92\u26bb...***#\u235f\u191e\u191e#.##x#",
    "\u2a92\u26bb...***\u2a92\u26bb.o..#\u0676#*",
    "\u2a92\u26bb...***\u2a92\u1d94\u191e#.....#",
    "\u2a92\u26bb..\u2a01***\u2a92\u26bb.......\u233f",
    "#\u0676\u191e\u191e\u191e\u191e\u191e\u191e\u0676\u0676\u191e\u191e\u191e\u191e\u191e\u191e\u191e#"
  ],
  "state_data": {
    "score": 0,
    "win": false,
    "step": 100
  },
  "heuristics": [
    -9.0,
    -9.0,
    -9.0,
    -9.0,
    -9.0,
    -9.0,
    -9.0,
    -9.0,
    -9.0,
    -9.0,
    -9.0,
    -9.0,
    -9.0,
    -9.0,
    -9.0,
    -9.0,
    -9.0,
    -9.0,
    -9.0,
    -9.0,
    -9.0,
    -9.0,
    -9.0,
    -9.0,
    -9.0,
    -9.0,
    -9.0,
    -9.0,
    -9.0,
    -9.0,
    -9.0,
    -9.0,
    -9.0,
    -9.0,
    -9.0,
    -9.0,
    -9.0,
    -9.0,
    -9.0,
    -9.0,
    -9.0,
    -9.0,
    -9.0,
    -9.0,
    -9.0,
    -9.0,
    -9.0,
    -9.0,
    -9.0,
    -9.0,
    -9.0,
    -9.0,
    -9.0,
    -9.0,
    -9.0,
    -9.0,
    -9.0,
    -9.0,
    -9.0,
    -9.0,
    -9.0,
    -9.0,
    -9.0,
    -9.0,
    -9.0,
    -9.0,
    -9.0,
    -9.0,
    -9.0,
    -9.0,
    -9.0,
    -9.0,
    -9.0,
    -9.0,
    -9.0,
    -9.0,
    -9.0,
    -9.0,
    -9.0,
    -9.0,
    -9.0,
    -9.0,
    -9.0,
    -9.0,
    -9.0,
    -9.0,
    -9.0,
    -9.0,
    -9.0,
    -9.0,
    -9.0,
    -9.0,
    -9.0,
    -9.0,
    -9.0,
    -9.0,
    -9.0,
    -9.0,
    -9.0,
    -9.0
  ],
  "final_ascii": [
    "LEGEND:",
    "#: wallsolo",
    "\u235f: wallu",
    "\u191e: wallrl",
    "\u2a92: walll",
    "\u26bb: wallr",
    ".: background",
    "x: door",
    "\u233f: wallud",
    "*: crate, massive",
    "t: switch",
    "o: exit",
    "\u0676: walld",
    "\u16bf: heldcrate",
    "\u1d94: wallm",
    "\u1545: playerrh",
    "",
    "MAP:",
    "#\u235f\u191e\u191e\u191e\u191e\u191e\u191e\u191e\u191e\u191e\u191e\u191e\u191e\u191e\u191e\u191e#",
    "\u2a92\u26bb...........x...\u233f",
    "\u2a92\u26bb...........x.*.\u233f",
    "\u2a92\u26bb.........t#\u191e\u191e#.\u233f",
    "\u2a92\u26bb..........\u233f....\u233f",
    "\u2a92\u26bb..........\u233f....\u233f",
    "\u2a92\u26bb....**#\u235f\u191e\u191e#.##x#",
    "\u2a92\u26bb...***\u2a92\u26bb.o..#\u0676#*",
    "\u2a92\u26bb..\u16bf***\u2a92\u1d94\u191e#.....#",
    "\u2a92\u26bb..\u1545***\u2a92\u26bb.......\u233f",
    "#\u0676\u191e\u191e\u191e\u191e\u191e\u191e\u0676\u0676\u191e\u191e\u191e\u191e\u191e\u191e\u191e#"
  ]
}