{
  "model": "deepseek",
  "game": "atlas shrank",
  "level": 3,
  "run": 5,
  "win": false,
  "action_sequence": [
    2,
    2,
    3,
    2,
    2,
    2,
    2,
    3,
    2,
    2,
    2,
    2,
    2,
    2,
    2,
    2,
    2,
    2,
    2,
    2,
    3,
    2,
    2,
    2,
    3,
    2,
    2,
    2,
    3,
    2,
    2,
    2,
    2,
    2,
    2,
    2,
    2,
    2,
    2,
    2,
    2,
    2,
    2,
    2,
    2,
    2,
    2,
    2,
    2,
    2,
    2,
    2,
    2,
    2,
    2,
    2,
    2,
    2,
    2,
    2,
    2,
    2,
    2,
    2,
    2,
    2,
    2,
    2,
    2,
    2,
    2,
    2,
    2,
    2,
    2,
    3,
    2,
    2,
    2,
    2,
    2,
    2,
    2,
    2,
    2,
    2,
    2,
    2,
    2,
    2,
    2,
    2,
    2,
    2,
    2,
    3,
    2,
    2,
    2,
    2
  ],
  "reward_sequence": [
    -1.0099999904632568,
    -0.009999999776482582,
    -0.009999999776482582,
    -0.009999999776482582,
    -0.009999999776482582,
    -0.009999999776482582,
    -0.009999999776482582,
    -0.009999999776482582,
    -0.009999999776482582,
    -0.009999999776482582,
    -0.009999999776482582,
    -0.009999999776482582,
    -0.009999999776482582,
    -0.009999999776482582,
    -0.009999999776482582,
    -0.009999999776482582,
    -0.009999999776482582,
    -0.009999999776482582,
    -0.009999999776482582,
    -0.009999999776482582,
    -0.009999999776482582,
    -0.009999999776482582,
    -0.009999999776482582,
    -0.009999999776482582,
    -0.009999999776482582,
    -0.009999999776482582,
    -0.009999999776482582,
    -0.009999999776482582,
    -0.009999999776482582,
    -0.009999999776482582,
    -0.009999999776482582,
    -0.009999999776482582,
    -0.009999999776482582,
    -0.009999999776482582,
    -0.009999999776482582,
    -0.009999999776482582,
    -0.009999999776482582,
    -0.009999999776482582,
    -0.009999999776482582,
    -0.009999999776482582,
    -0.009999999776482582,
    -0.009999999776482582,
    -0.009999999776482582,
    -0.009999999776482582,
    -0.009999999776482582,
    -0.009999999776482582,
    -0.009999999776482582,
    -0.009999999776482582,
    -0.009999999776482582,
    -0.009999999776482582,
    -0.009999999776482582,
    -0.009999999776482582,
    -0.009999999776482582,
    -0.009999999776482582,
    -0.009999999776482582,
    -0.009999999776482582,
    -0.009999999776482582,
    -0.009999999776482582,
    -0.009999999776482582,
    -0.009999999776482582,
    -0.009999999776482582,
    -0.009999999776482582,
    -0.009999999776482582,
    -0.009999999776482582,
    -0.009999999776482582,
    -0.009999999776482582,
    -0.009999999776482582,
    -0.009999999776482582,
    -0.009999999776482582,
    -0.009999999776482582,
    -0.009999999776482582,
    -0.009999999776482582,
    -0.009999999776482582,
    -0.009999999776482582,
    -0.009999999776482582,
    -0.009999999776482582,
    -0.009999999776482582,
    -0.009999999776482582,
    -0.009999999776482582,
    -0.009999999776482582,
    -0.009999999776482582,
    -0.009999999776482582,
    -0.009999999776482582,
    -0.009999999776482582,
    -0.009999999776482582,
    -0.009999999776482582,
    -0.009999999776482582,
    -0.009999999776482582,
    -0.009999999776482582,
    -0.009999999776482582,
    -0.009999999776482582,
    -0.009999999776482582,
    -0.009999999776482582,
    -0.009999999776482582,
    -0.009999999776482582,
    -0.009999999776482582,
    -0.009999999776482582,
    -0.009999999776482582,
    -0.009999999776482582,
    -0.009999999776482582
  ],
  "initial_ascii": [
    "LEGEND:",
    "#: wallsolo",
    "\u225e: wallrl",
    "\u080a: wallu",
    "\u1c9b: wallud",
    ".: background",
    "*: crate, massive",
    "\u1b86: walld",
    "\u28bc: playerr",
    "\u1d25: wallr",
    "x: door",
    "o: exit",
    "t: switch",
    "",
    "MAP:",
    "#\u225e\u225e\u225e\u080a\u080a\u080a\u225e\u225e\u225e\u225e\u080a\u225e\u225e#",
    "\u1c9b..*#\u1b86#....#..\u1c9b",
    "\u1c9b..*..........\u1c9b",
    "\u1c9b..#\u225e\u225e#.......\u1c9b",
    "\u1c9b.**......**.\u28bc\u1c9b",
    "\u1c9b.#\u225e\u225e\u225e\u225e\u225e\u225e\u080a\u225e\u225e\u225e\u225e\u1d25",
    "\u1c9b......*.#....\u1c9b",
    "\u1c9b...*..#.x..o.\u1c9b",
    "\u1c9b...##.\u1c9bt#\u080a\u080a\u080a\u080a\u1d25",
    "#\u225e\u225e\u225e\u1b86\u1b86\u225e\u1b86\u225e\u1b86\u1b86\u1b86\u1b86\u1b86#"
  ],
  "state_data": {
    "score": 0,
    "win": false,
    "step": 100
  },
  "heuristics": [
    -4.0,
    -4.0,
    -4.0,
    -4.0,
    -4.0,
    -4.0,
    -4.0,
    -4.0,
    -4.0,
    -4.0,
    -4.0,
    -4.0,
    -4.0,
    -4.0,
    -4.0,
    -4.0,
    -4.0,
    -4.0,
    -4.0,
    -4.0,
    -4.0,
    -4.0,
    -4.0,
    -4.0,
    -4.0,
    -4.0,
    -4.0,
    -4.0,
    -4.0,
    -4.0,
    -4.0,
    -4.0,
    -4.0,
    -4.0,
    -4.0,
    -4.0,
    -4.0,
    -4.0,
    -4.0,
    -4.0,
    -4.0,
    -4.0,
    -4.0,
    -4.0,
    -4.0,
    -4.0,
    -4.0,
    -4.0,
    -4.0,
    -4.0,
    -4.0,
    -4.0,
    -4.0,
    -4.0,
    -4.0,
    -4.0,
    -4.0,
    -4.0,
    -4.0,
    -4.0,
    -4.0,
    -4.0,
    -4.0,
    -4.0,
    -4.0,
    -4.0,
    -4.0,
    -4.0,
    -4.0,
    -4.0,
    -4.0,
    -4.0,
    -4.0,
    -4.0,
    -4.0,
    -4.0,
    -4.0,
    -4.0,
    -4.0,
    -4.0,
    -4.0,
    -4.0,
    -4.0,
    -4.0,
    -4.0,
    -4.0,
    -4.0,
    -4.0,
    -4.0,
    -4.0,
    -4.0,
    -4.0,
    -4.0,
    -4.0,
    -4.0,
    -4.0,
    -4.0,
    -4.0,
    -4.0,
    -4.0
  ],
  "final_ascii": [
    "LEGEND:",
    "#: wallsolo",
    "\u225e: wallrl",
    "\u080a: wallu",
    "\u1c9b: wallud",
    ".: background",
    "*: crate, massive",
    "\u1b86: walld",
    "\u28bc: playerr",
    "\u1d25: wallr",
    "x: door",
    "o: exit",
    "t: switch",
    "",
    "MAP:",
    "#\u225e\u225e\u225e\u080a\u080a\u080a\u225e\u225e\u225e\u225e\u080a\u225e\u225e#",
    "\u1c9b..*#\u1b86#....#..\u1c9b",
    "\u1c9b..*..........\u1c9b",
    "\u1c9b..#\u225e\u225e#.......\u1c9b",
    "\u1c9b.**......**.\u28bc\u1c9b",
    "\u1c9b.#\u225e\u225e\u225e\u225e\u225e\u225e\u080a\u225e\u225e\u225e\u225e\u1d25",
    "\u1c9b......*.#....\u1c9b",
    "\u1c9b...*..#.x..o.\u1c9b",
    "\u1c9b...##.\u1c9bt#\u080a\u080a\u080a\u080a\u1d25",
    "#\u225e\u225e\u225e\u1b86\u1b86\u225e\u1b86\u225e\u1b86\u1b86\u1b86\u1b86\u1b86#"
  ]
}