{
  "model": "deepseek",
  "game": "slidings",
  "level": 9,
  "run": 3,
  "win": true,
  "action_sequence": [
    2,
    3,
    3,
    1,
    4,
    2,
    4,
    2,
    4,
    2,
    4,
    4,
    4,
    4,
    4,
    4,
    2,
    2,
    4,
    4,
    4,
    4,
    3,
    4,
    2,
    3,
    2,
    4,
    1,
    1,
    4,
    3,
    4,
    3,
    1,
    2,
    4,
    4,
    4,
    2,
    4,
    2,
    2,
    4,
    4,
    2,
    4,
    4,
    4,
    2,
    4,
    1,
    4,
    4,
    2,
    4,
    0,
    3,
    3,
    4,
    1,
    1,
    4,
    4,
    3,
    1
  ],
  "reward_sequence": [
    -0.009999999776482582,
    -0.009999999776482582,
    -0.009999999776482582,
    -1.0099999904632568,
    -0.009999999776482582,
    -0.009999999776482582,
    -0.009999999776482582,
    -0.009999999776482582,
    -0.009999999776482582,
    -0.009999999776482582,
    -0.009999999776482582,
    -0.009999999776482582,
    -0.009999999776482582,
    -0.009999999776482582,
    -0.009999999776482582,
    -0.009999999776482582,
    -0.009999999776482582,
    -0.009999999776482582,
    -0.009999999776482582,
    -0.009999999776482582,
    -0.009999999776482582,
    -0.009999999776482582,
    0.9900000095367432,
    -0.009999999776482582,
    -0.009999999776482582,
    -0.009999999776482582,
    -0.009999999776482582,
    -0.009999999776482582,
    -1.0099999904632568,
    -0.009999999776482582,
    -0.009999999776482582,
    0.9900000095367432,
    -0.009999999776482582,
    -0.009999999776482582,
    -1.0099999904632568,
    -0.009999999776482582,
    -0.009999999776482582,
    -0.009999999776482582,
    -0.009999999776482582,
    -0.009999999776482582,
    -0.009999999776482582,
    -0.009999999776482582,
    -0.009999999776482582,
    -0.009999999776482582,
    -0.009999999776482582,
    -0.009999999776482582,
    -0.009999999776482582,
    -0.009999999776482582,
    -0.009999999776482582,
    -0.009999999776482582,
    -0.009999999776482582,
    -0.009999999776482582,
    -0.009999999776482582,
    -0.009999999776482582,
    -0.009999999776482582,
    -0.009999999776482582,
    0.9900000095367432,
    -0.009999999776482582,
    -0.009999999776482582,
    -0.009999999776482582,
    -1.0099999904632568,
    -0.009999999776482582,
    -0.009999999776482582,
    -0.009999999776482582,
    0.9900000095367432,
    3.990000009536743
  ],
  "initial_ascii": [
    "LEGEND:",
    "#: wall",
    "m: count",
    ".: background",
    "p: player",
    "o: target",
    "n: countend",
    "a: balla",
    "e: ballc, overwall",
    "",
    "MAP:",
    "#mmmmmmm",
    "###..##m",
    "##...p#m",
    "#..o...n",
    "#......#",
    "##.a..##",
    "###..###",
    "e######e"
  ],
  "state_data": {
    "score": 0,
    "win": true,
    "step": 66
  },
  "heuristics": [
    -3.0,
    -3.0,
    -3.0,
    -4.0,
    -4.0,
    -4.0,
    -4.0,
    -4.0,
    -4.0,
    -4.0,
    -4.0,
    -4.0,
    -4.0,
    -4.0,
    -4.0,
    -4.0,
    -4.0,
    -4.0,
    -4.0,
    -4.0,
    -4.0,
    -4.0,
    -3.0,
    -3.0,
    -3.0,
    -3.0,
    -3.0,
    -3.0,
    -4.0,
    -4.0,
    -4.0,
    -3.0,
    -3.0,
    -3.0,
    -4.0,
    -4.0,
    -4.0,
    -4.0,
    -4.0,
    -4.0,
    -4.0,
    -4.0,
    -4.0,
    -4.0,
    -4.0,
    -4.0,
    -4.0,
    -4.0,
    -4.0,
    -4.0,
    -4.0,
    -4.0,
    -4.0,
    -4.0,
    -4.0,
    -4.0,
    -3.0,
    -3.0,
    -3.0,
    -3.0,
    -4.0,
    -4.0,
    -4.0,
    -4.0,
    -3.0,
    0.0
  ],
  "final_ascii": [
    "LEGEND:",
    "#: wall",
    ".: background",
    "o: target",
    "a: balla",
    "\u00da: deadplayer",
    "e: ballc, overwall",
    "",
    "MAP:",
    "########",
    "###..###",
    "##....##",
    "#..o...#",
    "#......#",
    "##.a..##",
    "###.\u00da###",
    "e######e"
  ]
}