{
  "model": "deepseek",
  "game": "atlas shrank",
  "level": 4,
  "run": 3,
  "win": false,
  "action_sequence": [
    2,
    2,
    2,
    2,
    2,
    2,
    2,
    2,
    2,
    2,
    2,
    2,
    2,
    2,
    2,
    1,
    2,
    2,
    2,
    2,
    2,
    2,
    2,
    2,
    2,
    2,
    2,
    2,
    2,
    2,
    2,
    2,
    2,
    2,
    2,
    2,
    2,
    3,
    2,
    2,
    2,
    2,
    2,
    2,
    3,
    2,
    2,
    2,
    2,
    2,
    2,
    2,
    2,
    2,
    3,
    2,
    2,
    2,
    3,
    2,
    2,
    2,
    2,
    2,
    2,
    2,
    2,
    2,
    2,
    3,
    3,
    2,
    2,
    2,
    4,
    2,
    2,
    3,
    2,
    2,
    3,
    2,
    2,
    2,
    2,
    1,
    2,
    2,
    2,
    2,
    2,
    2,
    2,
    2,
    2,
    2,
    3,
    3,
    2,
    2
  ],
  "reward_sequence": [
    0.9900000095367432,
    0.9900000095367432,
    -0.009999999776482582,
    -0.009999999776482582,
    -0.009999999776482582,
    -0.009999999776482582,
    -0.009999999776482582,
    -0.009999999776482582,
    -0.009999999776482582,
    -0.009999999776482582,
    -0.009999999776482582,
    -0.009999999776482582,
    -0.009999999776482582,
    -0.009999999776482582,
    -0.009999999776482582,
    -0.009999999776482582,
    -0.009999999776482582,
    -0.009999999776482582,
    -0.009999999776482582,
    -0.009999999776482582,
    -0.009999999776482582,
    -0.009999999776482582,
    -0.009999999776482582,
    -0.009999999776482582,
    -0.009999999776482582,
    -0.009999999776482582,
    -0.009999999776482582,
    -0.009999999776482582,
    -0.009999999776482582,
    -0.009999999776482582,
    -0.009999999776482582,
    -0.009999999776482582,
    -0.009999999776482582,
    -0.009999999776482582,
    -0.009999999776482582,
    -0.009999999776482582,
    -0.009999999776482582,
    -0.009999999776482582,
    -0.009999999776482582,
    -0.009999999776482582,
    -0.009999999776482582,
    -0.009999999776482582,
    -0.009999999776482582,
    -0.009999999776482582,
    -0.009999999776482582,
    -0.009999999776482582,
    -0.009999999776482582,
    -0.009999999776482582,
    -0.009999999776482582,
    -0.009999999776482582,
    -0.009999999776482582,
    -0.009999999776482582,
    -0.009999999776482582,
    -0.009999999776482582,
    -0.009999999776482582,
    -0.009999999776482582,
    -0.009999999776482582,
    -0.009999999776482582,
    -0.009999999776482582,
    -0.009999999776482582,
    -0.009999999776482582,
    -0.009999999776482582,
    -0.009999999776482582,
    -0.009999999776482582,
    -0.009999999776482582,
    -0.009999999776482582,
    -0.009999999776482582,
    -0.009999999776482582,
    -0.009999999776482582,
    -0.009999999776482582,
    -0.009999999776482582,
    -0.009999999776482582,
    -0.009999999776482582,
    -0.009999999776482582,
    -0.009999999776482582,
    -0.009999999776482582,
    -0.009999999776482582,
    -0.009999999776482582,
    -0.009999999776482582,
    -0.009999999776482582,
    -0.009999999776482582,
    -0.009999999776482582,
    -0.009999999776482582,
    -0.009999999776482582,
    -0.009999999776482582,
    -0.009999999776482582,
    -0.009999999776482582,
    -0.009999999776482582,
    -0.009999999776482582,
    -0.009999999776482582,
    -0.009999999776482582,
    -0.009999999776482582,
    -0.009999999776482582,
    -0.009999999776482582,
    -0.009999999776482582,
    -0.009999999776482582,
    -0.009999999776482582,
    -0.009999999776482582,
    -0.009999999776482582,
    -0.009999999776482582
  ],
  "initial_ascii": [
    "LEGEND:",
    "*: crate, massive",
    "#: wallsolo",
    "\u088d: wallu",
    "\u010c: wallrl",
    "\u0ab2: wallr",
    ".: background",
    "\u0e2c: wallud",
    "\u14ab: walll",
    "o: exit",
    "\u280d: wallm",
    "\u0f5d: walld",
    "x: door",
    "\u06de: playerr",
    "t: switch",
    "",
    "MAP:",
    "*#\u088d\u088d\u010c#*#\u088d\u010c\u010c\u010c\u088d\u010c\u010c\u010c\u010c#",
    "#*#\u0ab2.##.#...#....\u0e2c",
    "\u14ab#.#..\u0e2c..........\u0e2c",
    "\u0e2c.....#*........o\u0e2c",
    "\u0e2c......#\u010c#.....#\u088d\u0ab2",
    "\u0e2c.........#....\u14ab\u280d\u0ab2",
    "\u0e2c......*..*....\u14ab\u280d\u0ab2",
    "\u0e2c....#\u010c\u010c\u010c\u010c\u010c\u010c\u010c\u010c\u010c\u0f5d\u0f5d\u0ab2",
    "\u0e2c...#............\u0e2c",
    "\u0e2c**..............\u0e2c",
    "#\u010c\u010c\u010c#...#\u088d\u088d\u088d\u088d\u088d\u088d\u088d\u088d\u0ab2",
    "****.#..#\u280d\u280d\u280d\u280d\u280d\u280d\u280d\u280d\u0ab2",
    "****..#..#\u0f5d\u0f5d\u280d\u280d\u280d\u280d\u280d\u0ab2",
    "****...#....#\u0f5d\u0f5d\u0f5d\u0f5d\u0ab2",
    "****....#.......*\u0e2c",
    "*#\u010c#....\u14ab#......*\u0e2c",
    "*.....#\u088d\u280d\u280d#...#\u088d\u088d\u0ab2",
    "#......#\u0f5d#....\u14ab\u280d\u280d\u0ab2",
    "*.......x..#\u088d\u088d\u280d\u280d\u280d\u0ab2",
    "##.#....x.#\u280d\u280d\u280d\u280d\u280d\u280d\u0ab2",
    "..\u06de*.*ttx#\u280d\u280d\u280d\u280d\u280d\u280d\u280d\u0ab2",
    "#\u010c\u010c\u010c\u010c\u010c\u010c\u010c\u010c\u0f5d\u0f5d\u0f5d\u0f5d\u0f5d\u0f5d\u0f5d\u0f5d#"
  ],
  "state_data": {
    "score": 0,
    "win": false,
    "step": 100
  },
  "heuristics": [
    -31.0,
    -30.0,
    -30.0,
    -30.0,
    -30.0,
    -30.0,
    -30.0,
    -30.0,
    -30.0,
    -30.0,
    -30.0,
    -30.0,
    -30.0,
    -30.0,
    -30.0,
    -30.0,
    -30.0,
    -30.0,
    -30.0,
    -30.0,
    -30.0,
    -30.0,
    -30.0,
    -30.0,
    -30.0,
    -30.0,
    -30.0,
    -30.0,
    -30.0,
    -30.0,
    -30.0,
    -30.0,
    -30.0,
    -30.0,
    -30.0,
    -30.0,
    -30.0,
    -30.0,
    -30.0,
    -30.0,
    -30.0,
    -30.0,
    -30.0,
    -30.0,
    -30.0,
    -30.0,
    -30.0,
    -30.0,
    -30.0,
    -30.0,
    -30.0,
    -30.0,
    -30.0,
    -30.0,
    -30.0,
    -30.0,
    -30.0,
    -30.0,
    -30.0,
    -30.0,
    -30.0,
    -30.0,
    -30.0,
    -30.0,
    -30.0,
    -30.0,
    -30.0,
    -30.0,
    -30.0,
    -30.0,
    -30.0,
    -30.0,
    -30.0,
    -30.0,
    -30.0,
    -30.0,
    -30.0,
    -30.0,
    -30.0,
    -30.0,
    -30.0,
    -30.0,
    -30.0,
    -30.0,
    -30.0,
    -30.0,
    -30.0,
    -30.0,
    -30.0,
    -30.0,
    -30.0,
    -30.0,
    -30.0,
    -30.0,
    -30.0,
    -30.0,
    -30.0,
    -30.0,
    -30.0,
    -30.0
  ],
  "final_ascii": [
    "LEGEND:",
    "*: crate, massive",
    "#: wallsolo",
    "\u088d: wallu",
    "\u010c: wallrl",
    "\u0ab2: wallr",
    ".: background",
    "\u0e2c: wallud",
    "\u14ab: walll",
    "o: exit",
    "\u280d: wallm",
    "\u0f5d: walld",
    "x: door",
    "\u06de: playerr",
    "t: switch",
    "",
    "MAP:",
    "*#\u088d\u088d\u010c#*#\u088d\u010c\u010c\u010c\u088d\u010c\u010c\u010c\u010c#",
    "#*#\u0ab2.##.#...#....\u0e2c",
    "\u14ab#.#..\u0e2c..........\u0e2c",
    "\u0e2c.....#*........o\u0e2c",
    "\u0e2c......#\u010c#.....#\u088d\u0ab2",
    "\u0e2c.........#....\u14ab\u280d\u0ab2",
    "\u0e2c......*..*....\u14ab\u280d\u0ab2",
    "\u0e2c....#\u010c\u010c\u010c\u010c\u010c\u010c\u010c\u010c\u010c\u0f5d\u0f5d\u0ab2",
    "\u0e2c...#............\u0e2c",
    "\u0e2c**..............\u0e2c",
    "#\u010c\u010c\u010c#...#\u088d\u088d\u088d\u088d\u088d\u088d\u088d\u088d\u0ab2",
    "****.#..#\u280d\u280d\u280d\u280d\u280d\u280d\u280d\u280d\u0ab2",
    "****..#..#\u0f5d\u0f5d\u280d\u280d\u280d\u280d\u280d\u0ab2",
    "****...#....#\u0f5d\u0f5d\u0f5d\u0f5d\u0ab2",
    "****....#.......*\u0e2c",
    "*#\u010c#....\u14ab#......*\u0e2c",
    "*.....#\u088d\u280d\u280d#...#\u088d\u088d\u0ab2",
    "#......#\u0f5d#....\u14ab\u280d\u280d\u0ab2",
    "*.......x..#\u088d\u088d\u280d\u280d\u280d\u0ab2",
    "##.#....x.#\u280d\u280d\u280d\u280d\u280d\u280d\u0ab2",
    "...\u06de**ttx#\u280d\u280d\u280d\u280d\u280d\u280d\u280d\u0ab2",
    "#\u010c\u010c\u010c\u010c\u010c\u010c\u010c\u010c\u0f5d\u0f5d\u0f5d\u0f5d\u0f5d\u0f5d\u0f5d\u0f5d#"
  ]
}