{
  "model": "deepseek",
  "game": "atlas shrank",
  "level": 4,
  "run": 2,
  "win": false,
  "action_sequence": [
    2,
    2,
    2,
    2,
    2,
    2,
    2,
    2,
    2,
    2,
    2,
    2,
    2,
    3,
    2,
    2,
    2,
    2,
    3,
    2,
    2,
    2,
    2,
    2,
    2,
    3,
    2,
    2,
    2,
    2,
    2,
    2,
    2,
    2,
    2,
    2,
    2,
    2,
    2,
    2,
    2,
    2,
    2,
    2,
    3,
    2,
    2,
    2,
    2,
    2,
    2,
    2,
    2,
    2,
    2,
    2,
    2,
    2,
    2,
    2,
    2,
    2,
    2,
    2,
    2,
    2,
    2,
    2,
    2,
    2,
    2,
    2,
    2,
    2,
    2,
    2,
    2,
    2,
    2,
    2,
    2,
    2,
    2,
    2,
    2,
    2,
    2,
    2,
    2,
    2,
    2,
    2,
    3,
    2,
    2,
    2,
    2,
    2,
    2,
    2
  ],
  "reward_sequence": [
    0.9900000095367432,
    0.9900000095367432,
    -0.009999999776482582,
    -0.009999999776482582,
    -0.009999999776482582,
    -0.009999999776482582,
    -0.009999999776482582,
    -0.009999999776482582,
    -0.009999999776482582,
    -0.009999999776482582,
    -0.009999999776482582,
    -0.009999999776482582,
    -0.009999999776482582,
    -0.009999999776482582,
    -0.009999999776482582,
    -0.009999999776482582,
    -0.009999999776482582,
    -0.009999999776482582,
    -0.009999999776482582,
    -0.009999999776482582,
    -0.009999999776482582,
    -0.009999999776482582,
    -0.009999999776482582,
    -0.009999999776482582,
    -0.009999999776482582,
    -0.009999999776482582,
    -0.009999999776482582,
    -0.009999999776482582,
    -0.009999999776482582,
    -0.009999999776482582,
    -0.009999999776482582,
    -0.009999999776482582,
    -0.009999999776482582,
    -0.009999999776482582,
    -0.009999999776482582,
    -0.009999999776482582,
    -0.009999999776482582,
    -0.009999999776482582,
    -0.009999999776482582,
    -0.009999999776482582,
    -0.009999999776482582,
    -0.009999999776482582,
    -0.009999999776482582,
    -0.009999999776482582,
    -0.009999999776482582,
    -0.009999999776482582,
    -0.009999999776482582,
    -0.009999999776482582,
    -0.009999999776482582,
    -0.009999999776482582,
    -0.009999999776482582,
    -0.009999999776482582,
    -0.009999999776482582,
    -0.009999999776482582,
    -0.009999999776482582,
    -0.009999999776482582,
    -0.009999999776482582,
    -0.009999999776482582,
    -0.009999999776482582,
    -0.009999999776482582,
    -0.009999999776482582,
    -0.009999999776482582,
    -0.009999999776482582,
    -0.009999999776482582,
    -0.009999999776482582,
    -0.009999999776482582,
    -0.009999999776482582,
    -0.009999999776482582,
    -0.009999999776482582,
    -0.009999999776482582,
    -0.009999999776482582,
    -0.009999999776482582,
    -0.009999999776482582,
    -0.009999999776482582,
    -0.009999999776482582,
    -0.009999999776482582,
    -0.009999999776482582,
    -0.009999999776482582,
    -0.009999999776482582,
    -0.009999999776482582,
    -0.009999999776482582,
    -0.009999999776482582,
    -0.009999999776482582,
    -0.009999999776482582,
    -0.009999999776482582,
    -0.009999999776482582,
    -0.009999999776482582,
    -0.009999999776482582,
    -0.009999999776482582,
    -0.009999999776482582,
    -0.009999999776482582,
    -0.009999999776482582,
    -0.009999999776482582,
    -0.009999999776482582,
    -0.009999999776482582,
    -0.009999999776482582,
    -0.009999999776482582,
    -0.009999999776482582,
    -0.009999999776482582,
    -0.009999999776482582
  ],
  "initial_ascii": [
    "LEGEND:",
    "*: crate, massive",
    "#: wallsolo",
    "\u235f: wallu",
    "\u191e: wallrl",
    "\u26bb: wallr",
    ".: background",
    "\u233f: wallud",
    "\u2a92: walll",
    "o: exit",
    "\u1d94: wallm",
    "\u0676: walld",
    "x: door",
    "\u2a01: playerr",
    "t: switch",
    "",
    "MAP:",
    "*#\u235f\u235f\u191e#*#\u235f\u191e\u191e\u191e\u235f\u191e\u191e\u191e\u191e#",
    "#*#\u26bb.##.#...#....\u233f",
    "\u2a92#.#..\u233f..........\u233f",
    "\u233f.....#*........o\u233f",
    "\u233f......#\u191e#.....#\u235f\u26bb",
    "\u233f.........#....\u2a92\u1d94\u26bb",
    "\u233f......*..*....\u2a92\u1d94\u26bb",
    "\u233f....#\u191e\u191e\u191e\u191e\u191e\u191e\u191e\u191e\u191e\u0676\u0676\u26bb",
    "\u233f...#............\u233f",
    "\u233f**..............\u233f",
    "#\u191e\u191e\u191e#...#\u235f\u235f\u235f\u235f\u235f\u235f\u235f\u235f\u26bb",
    "****.#..#\u1d94\u1d94\u1d94\u1d94\u1d94\u1d94\u1d94\u1d94\u26bb",
    "****..#..#\u0676\u0676\u1d94\u1d94\u1d94\u1d94\u1d94\u26bb",
    "****...#....#\u0676\u0676\u0676\u0676\u26bb",
    "****....#.......*\u233f",
    "*#\u191e#....\u2a92#......*\u233f",
    "*.....#\u235f\u1d94\u1d94#...#\u235f\u235f\u26bb",
    "#......#\u0676#....\u2a92\u1d94\u1d94\u26bb",
    "*.......x..#\u235f\u235f\u1d94\u1d94\u1d94\u26bb",
    "##.#....x.#\u1d94\u1d94\u1d94\u1d94\u1d94\u1d94\u26bb",
    "..\u2a01*.*ttx#\u1d94\u1d94\u1d94\u1d94\u1d94\u1d94\u1d94\u26bb",
    "#\u191e\u191e\u191e\u191e\u191e\u191e\u191e\u191e\u0676\u0676\u0676\u0676\u0676\u0676\u0676\u0676#"
  ],
  "state_data": {
    "score": 0,
    "win": false,
    "step": 100
  },
  "heuristics": [
    -31.0,
    -30.0,
    -30.0,
    -30.0,
    -30.0,
    -30.0,
    -30.0,
    -30.0,
    -30.0,
    -30.0,
    -30.0,
    -30.0,
    -30.0,
    -30.0,
    -30.0,
    -30.0,
    -30.0,
    -30.0,
    -30.0,
    -30.0,
    -30.0,
    -30.0,
    -30.0,
    -30.0,
    -30.0,
    -30.0,
    -30.0,
    -30.0,
    -30.0,
    -30.0,
    -30.0,
    -30.0,
    -30.0,
    -30.0,
    -30.0,
    -30.0,
    -30.0,
    -30.0,
    -30.0,
    -30.0,
    -30.0,
    -30.0,
    -30.0,
    -30.0,
    -30.0,
    -30.0,
    -30.0,
    -30.0,
    -30.0,
    -30.0,
    -30.0,
    -30.0,
    -30.0,
    -30.0,
    -30.0,
    -30.0,
    -30.0,
    -30.0,
    -30.0,
    -30.0,
    -30.0,
    -30.0,
    -30.0,
    -30.0,
    -30.0,
    -30.0,
    -30.0,
    -30.0,
    -30.0,
    -30.0,
    -30.0,
    -30.0,
    -30.0,
    -30.0,
    -30.0,
    -30.0,
    -30.0,
    -30.0,
    -30.0,
    -30.0,
    -30.0,
    -30.0,
    -30.0,
    -30.0,
    -30.0,
    -30.0,
    -30.0,
    -30.0,
    -30.0,
    -30.0,
    -30.0,
    -30.0,
    -30.0,
    -30.0,
    -30.0,
    -30.0,
    -30.0,
    -30.0,
    -30.0,
    -30.0
  ],
  "final_ascii": [
    "LEGEND:",
    "*: crate, massive",
    "#: wallsolo",
    "\u235f: wallu",
    "\u191e: wallrl",
    "\u26bb: wallr",
    ".: background",
    "\u233f: wallud",
    "\u2a92: walll",
    "o: exit",
    "\u1d94: wallm",
    "\u0676: walld",
    "x: door",
    "\u2a01: playerr",
    "t: switch",
    "",
    "MAP:",
    "*#\u235f\u235f\u191e#*#\u235f\u191e\u191e\u191e\u235f\u191e\u191e\u191e\u191e#",
    "#*#\u26bb.##.#...#....\u233f",
    "\u2a92#.#..\u233f..........\u233f",
    "\u233f.....#*........o\u233f",
    "\u233f......#\u191e#.....#\u235f\u26bb",
    "\u233f.........#....\u2a92\u1d94\u26bb",
    "\u233f......*..*....\u2a92\u1d94\u26bb",
    "\u233f....#\u191e\u191e\u191e\u191e\u191e\u191e\u191e\u191e\u191e\u0676\u0676\u26bb",
    "\u233f...#............\u233f",
    "\u233f**..............\u233f",
    "#\u191e\u191e\u191e#...#\u235f\u235f\u235f\u235f\u235f\u235f\u235f\u235f\u26bb",
    "****.#..#\u1d94\u1d94\u1d94\u1d94\u1d94\u1d94\u1d94\u1d94\u26bb",
    "****..#..#\u0676\u0676\u1d94\u1d94\u1d94\u1d94\u1d94\u26bb",
    "****...#....#\u0676\u0676\u0676\u0676\u26bb",
    "****....#.......*\u233f",
    "*#\u191e#....\u2a92#......*\u233f",
    "*.....#\u235f\u1d94\u1d94#...#\u235f\u235f\u26bb",
    "#......#\u0676#....\u2a92\u1d94\u1d94\u26bb",
    "*.......x..#\u235f\u235f\u1d94\u1d94\u1d94\u26bb",
    "##.#....x.#\u1d94\u1d94\u1d94\u1d94\u1d94\u1d94\u26bb",
    "...\u2a01**ttx#\u1d94\u1d94\u1d94\u1d94\u1d94\u1d94\u1d94\u26bb",
    "#\u191e\u191e\u191e\u191e\u191e\u191e\u191e\u191e\u0676\u0676\u0676\u0676\u0676\u0676\u0676\u0676#"
  ]
}