{
  "model": "deepseek",
  "game": "slidings",
  "level": 7,
  "run": 1,
  "win": true,
  "action_sequence": [
    3,
    2,
    4,
    2,
    1,
    2,
    4,
    2,
    4,
    3,
    1,
    2
  ],
  "reward_sequence": [
    -0.009999999776482582,
    -0.009999999776482582,
    0.9900000095367432,
    -0.009999999776482582,
    -2.009999990463257,
    -0.009999999776482582,
    0.9900000095367432,
    -0.009999999776482582,
    -0.009999999776482582,
    0.9900000095367432,
    -1.0099999904632568,
    3.990000009536743
  ],
  "initial_ascii": [
    "LEGEND:",
    "#: wall",
    "m: count",
    "n: countend",
    ".: background",
    "p: player",
    "a: balla",
    "o: target",
    "b: ballb",
    "c: ballc",
    "",
    "MAP:",
    "#mmmmmn",
    "#....p#",
    "#a.o..#",
    "#b....#",
    "#.c...#",
    "#######"
  ],
  "state_data": {
    "score": 0,
    "win": true,
    "step": 12
  },
  "heuristics": [
    -3.0,
    -3.0,
    -2.0,
    -2.0,
    -4.0,
    -4.0,
    -3.0,
    -3.0,
    -3.0,
    -2.0,
    -3.0,
    0.0
  ],
  "final_ascii": [
    "LEGEND:",
    "#: wall",
    ".: background",
    "a: balla",
    "o: target",
    "c: ballc",
    "\u234d: deadplayer",
    "b: ballb",
    "",
    "MAP:",
    "#######",
    "#....a#",
    "#..o..#",
    "#....c#",
    "#...\u234db#",
    "#######"
  ]
}