{
  "model": "gemini",
  "game": "Take_Heart_Lass",
  "level": 4,
  "run": 1,
  "win": false,
  "action_sequence": [
    2,
    0,
    2,
    2,
    0,
    0,
    1,
    2,
    1,
    1,
    2,
    1,
    0,
    2,
    2,
    1,
    1,
    0,
    0,
    1,
    2,
    1,
    1,
    0,
    1,
    1,
    1,
    0,
    1,
    1,
    1,
    1,
    1,
    2,
    1,
    1,
    1,
    1,
    1,
    2,
    0,
    0,
    0,
    2,
    1,
    1,
    1,
    2,
    1,
    1,
    1,
    0,
    2,
    1,
    2,
    1,
    1,
    1,
    2,
    1,
    1,
    0,
    1,
    1,
    1,
    1,
    1,
    0,
    1,
    1,
    2,
    1,
    2,
    1,
    1,
    1,
    1,
    0,
    1,
    1,
    1,
    0,
    1,
    0,
    2,
    1,
    2,
    1,
    2,
    1,
    1,
    2,
    1,
    0,
    2,
    2,
    1,
    2,
    1,
    1
  ],
  "reward_sequence": [
    -0.009999999776482582,
    0.9900000095367432,
    -1.0099999904632568,
    -0.009999999776482582,
    0.9900000095367432,
    0.9900000095367432,
    -0.009999999776482582,
    -1.0099999904632568,
    -0.009999999776482582,
    -0.009999999776482582,
    -1.0099999904632568,
    -0.009999999776482582,
    -0.009999999776482582,
    -0.009999999776482582,
    -0.009999999776482582,
    -0.009999999776482582,
    -0.009999999776482582,
    -0.009999999776482582,
    -0.009999999776482582,
    -0.009999999776482582,
    -0.009999999776482582,
    -0.009999999776482582,
    -0.009999999776482582,
    -0.009999999776482582,
    -0.009999999776482582,
    -0.009999999776482582,
    -0.009999999776482582,
    -0.009999999776482582,
    -0.009999999776482582,
    -0.009999999776482582,
    -0.009999999776482582,
    -0.009999999776482582,
    -0.009999999776482582,
    -0.009999999776482582,
    -0.009999999776482582,
    -0.009999999776482582,
    -0.009999999776482582,
    -0.009999999776482582,
    -0.009999999776482582,
    -0.009999999776482582,
    -0.009999999776482582,
    -0.009999999776482582,
    -0.009999999776482582,
    -0.009999999776482582,
    -0.009999999776482582,
    -0.009999999776482582,
    -0.009999999776482582,
    -0.009999999776482582,
    -0.009999999776482582,
    -0.009999999776482582,
    -0.009999999776482582,
    -0.009999999776482582,
    -0.009999999776482582,
    -0.009999999776482582,
    -0.009999999776482582,
    -0.009999999776482582,
    -0.009999999776482582,
    -0.009999999776482582,
    -0.009999999776482582,
    -0.009999999776482582,
    -0.009999999776482582,
    -0.009999999776482582,
    -0.009999999776482582,
    -0.009999999776482582,
    -0.009999999776482582,
    -0.009999999776482582,
    -0.009999999776482582,
    -0.009999999776482582,
    -0.009999999776482582,
    -0.009999999776482582,
    -0.009999999776482582,
    -0.009999999776482582,
    -0.009999999776482582,
    -0.009999999776482582,
    -0.009999999776482582,
    -0.009999999776482582,
    -0.009999999776482582,
    -0.009999999776482582,
    -0.009999999776482582,
    -0.009999999776482582,
    -0.009999999776482582,
    -0.009999999776482582,
    -0.009999999776482582,
    -0.009999999776482582,
    -0.009999999776482582,
    -0.009999999776482582,
    -0.009999999776482582,
    -0.009999999776482582,
    -0.009999999776482582,
    -0.009999999776482582,
    -0.009999999776482582,
    -0.009999999776482582,
    -0.009999999776482582,
    -0.009999999776482582,
    -0.009999999776482582,
    -0.009999999776482582,
    -0.009999999776482582,
    -0.009999999776482582,
    -0.009999999776482582,
    -0.009999999776482582
  ],
  "initial_ascii": [
    "LEGEND:",
    "#: wall",
    ".: background",
    "*: crate",
    "o: target",
    "\u01e6: newdespairwall",
    "x: olddespair",
    "\u2241: altnewdespair",
    "p: player",
    "",
    "MAP:",
    "###########",
    "#.........#",
    "#.*#.o.####",
    "#..*###...#",
    "#.......*.#",
    "#......#..#",
    "#\u01e6##...####",
    "\u01e6x\u2241......p#",
    "#\u01e6#########"
  ],
  "state_data": {
    "score": 0,
    "win": false,
    "step": 100
  },
  "heuristics": [
    -9.0,
    -8.0,
    -9.0,
    -9.0,
    -8.0,
    -7.0,
    -7.0,
    -8.0,
    -8.0,
    -8.0,
    -9.0,
    -9.0,
    -9.0,
    -9.0,
    -9.0,
    -9.0,
    -9.0,
    -9.0,
    -9.0,
    -9.0,
    -9.0,
    -9.0,
    -9.0,
    -9.0,
    -9.0,
    -9.0,
    -9.0,
    -9.0,
    -9.0,
    -9.0,
    -9.0,
    -9.0,
    -9.0,
    -9.0,
    -9.0,
    -9.0,
    -9.0,
    -9.0,
    -9.0,
    -9.0,
    -9.0,
    -9.0,
    -9.0,
    -9.0,
    -9.0,
    -9.0,
    -9.0,
    -9.0,
    -9.0,
    -9.0,
    -9.0,
    -9.0,
    -9.0,
    -9.0,
    -9.0,
    -9.0,
    -9.0,
    -9.0,
    -9.0,
    -9.0,
    -9.0,
    -9.0,
    -9.0,
    -9.0,
    -9.0,
    -9.0,
    -9.0,
    -9.0,
    -9.0,
    -9.0,
    -9.0,
    -9.0,
    -9.0,
    -9.0,
    -9.0,
    -9.0,
    -9.0,
    -9.0,
    -9.0,
    -9.0,
    -9.0,
    -9.0,
    -9.0,
    -9.0,
    -9.0,
    -9.0,
    -9.0,
    -9.0,
    -9.0,
    -9.0,
    -9.0,
    -9.0,
    -9.0,
    -9.0,
    -9.0,
    -9.0,
    -9.0,
    -9.0,
    -9.0,
    -9.0
  ],
  "final_ascii": [
    "LEGEND:",
    "\u0648: despairwall",
    ".: background",
    "*: crate",
    "#: wall",
    "o: target",
    "x: olddespair",
    "z: altolddespair",
    "p: player",
    "",
    "MAP:",
    "\u0648\u0648\u0648\u0648\u0648\u0648\u0648\u0648\u0648\u0648\u0648",
    "\u0648.........\u0648",
    "\u0648.*#.o.\u0648\u0648\u0648\u0648",
    "\u0648x.*\u0648\u0648\u0648...\u0648",
    "\u0648zx.xzx.*.\u0648",
    "\u0648xzxzxz\u0648..\u0648",
    "\u0648\u0648\u0648\u0648xzx\u0648\u0648\u0648\u0648",
    "\u0648xzxzxzxzp\u0648",
    "\u0648\u0648\u0648\u0648\u0648\u0648\u0648\u0648\u0648\u0648\u0648"
  ]
}