{
  "model": "qwen",
  "game": "kettle",
  "level": 10,
  "run": 3,
  "win": false,
  "action_sequence": [
    2,
    2,
    1,
    0,
    0,
    3,
    0,
    0,
    0,
    0,
    0,
    0,
    0,
    0,
    0,
    3,
    3,
    0,
    2,
    0,
    0,
    0,
    0,
    0,
    3,
    2,
    3,
    2,
    3,
    0,
    3,
    0,
    2,
    2,
    2,
    0,
    3,
    2,
    3,
    3,
    0,
    2,
    3,
    3,
    0,
    2,
    0,
    3,
    3,
    0,
    3,
    3,
    3,
    1,
    2,
    3,
    3,
    0,
    3,
    0,
    3,
    0,
    3,
    3,
    0,
    3,
    3,
    3,
    2,
    0,
    3,
    3,
    3,
    3,
    2,
    3,
    0,
    3,
    3,
    3,
    3,
    3,
    3,
    3,
    3,
    3,
    2,
    3,
    3,
    2,
    0,
    3,
    3,
    3,
    0,
    0,
    3,
    0,
    2,
    3
  ],
  "reward_sequence": [
    7.989999771118164,
    5.989999771118164,
    6.989999771118164,
    4.989999771118164,
    4.989999771118164,
    8.989999771118164,
    4.989999771118164,
    -0.009999999776482582,
    -0.009999999776482582,
    -0.009999999776482582,
    -0.009999999776482582,
    -0.009999999776482582,
    -0.009999999776482582,
    -0.009999999776482582,
    -0.009999999776482582,
    1.9900000095367432,
    0.9900000095367432,
    -0.009999999776482582,
    -0.009999999776482582,
    -0.009999999776482582,
    -0.009999999776482582,
    -0.009999999776482582,
    -0.009999999776482582,
    -0.009999999776482582,
    -0.009999999776482582,
    -0.009999999776482582,
    -0.009999999776482582,
    -0.009999999776482582,
    -0.009999999776482582,
    -0.009999999776482582,
    -0.009999999776482582,
    -0.009999999776482582,
    -0.009999999776482582,
    -0.009999999776482582,
    -0.009999999776482582,
    -0.009999999776482582,
    -0.009999999776482582,
    -0.009999999776482582,
    -0.009999999776482582,
    -0.009999999776482582,
    -0.009999999776482582,
    -0.009999999776482582,
    -0.009999999776482582,
    -0.009999999776482582,
    -0.009999999776482582,
    -0.009999999776482582,
    -0.009999999776482582,
    -0.009999999776482582,
    -0.009999999776482582,
    -0.009999999776482582,
    -0.009999999776482582,
    -0.009999999776482582,
    -0.009999999776482582,
    1.9900000095367432,
    -0.009999999776482582,
    -0.009999999776482582,
    -0.009999999776482582,
    -0.009999999776482582,
    -0.009999999776482582,
    -0.009999999776482582,
    -0.009999999776482582,
    -0.009999999776482582,
    -0.009999999776482582,
    -0.009999999776482582,
    -0.009999999776482582,
    -0.009999999776482582,
    -0.009999999776482582,
    -0.009999999776482582,
    -0.009999999776482582,
    -0.009999999776482582,
    -0.009999999776482582,
    -0.009999999776482582,
    -0.009999999776482582,
    -0.009999999776482582,
    -0.009999999776482582,
    -0.009999999776482582,
    -0.009999999776482582,
    -0.009999999776482582,
    -0.009999999776482582,
    -0.009999999776482582,
    -0.009999999776482582,
    -0.009999999776482582,
    -0.009999999776482582,
    -0.009999999776482582,
    -0.009999999776482582,
    -0.009999999776482582,
    -0.009999999776482582,
    -0.009999999776482582,
    -0.009999999776482582,
    -0.009999999776482582,
    -0.009999999776482582,
    -0.009999999776482582,
    -0.009999999776482582,
    -0.009999999776482582,
    -0.009999999776482582,
    -0.009999999776482582,
    -0.009999999776482582,
    -0.009999999776482582,
    -0.009999999776482582,
    -0.009999999776482582
  ],
  "initial_ascii": [
    "LEGEND:",
    "#: wall",
    ".: background",
    "k: dpolice",
    "l: rpolice",
    "c: crate",
    "j: lpolice",
    "@: target, crate",
    "t: target",
    "i: upolice",
    "",
    "MAP:",
    "###############",
    "#.kkkkkkkkkkk.#",
    "#.lcccc.c...cj#",
    "#.l...c......j#",
    "#.lc@ttttt...j#",
    "#.l.@ttt@t...j#",
    "#.l.t@@ttt..cj#",
    "#.lc@tt@@t..cj#",
    "#.l.@@t@@t...j#",
    "#.l.t@t@tt..cj#",
    "#.lc.c.......j#",
    "#.lc...c.....j#",
    "#.lccc.c.c..cj#",
    "#.iiiiiiiiiii.#",
    "###############"
  ],
  "state_data": {
    "score": 24,
    "win": false,
    "step": 100
  },
  "heuristics": [
    -58.0,
    -52.0,
    -45.0,
    -40.0,
    -35.0,
    -26.0,
    -21.0,
    -21.0,
    -21.0,
    -21.0,
    -21.0,
    -21.0,
    -21.0,
    -21.0,
    -21.0,
    -19.0,
    -18.0,
    -18.0,
    -18.0,
    -18.0,
    -18.0,
    -18.0,
    -18.0,
    -18.0,
    -18.0,
    -18.0,
    -18.0,
    -18.0,
    -18.0,
    -18.0,
    -18.0,
    -18.0,
    -18.0,
    -18.0,
    -18.0,
    -18.0,
    -18.0,
    -18.0,
    -18.0,
    -18.0,
    -18.0,
    -18.0,
    -18.0,
    -18.0,
    -18.0,
    -18.0,
    -18.0,
    -18.0,
    -18.0,
    -18.0,
    -18.0,
    -18.0,
    -18.0,
    -16.0,
    -16.0,
    -16.0,
    -16.0,
    -16.0,
    -16.0,
    -16.0,
    -16.0,
    -16.0,
    -16.0,
    -16.0,
    -16.0,
    -16.0,
    -16.0,
    -16.0,
    -16.0,
    -16.0,
    -16.0,
    -16.0,
    -16.0,
    -16.0,
    -16.0,
    -16.0,
    -16.0,
    -16.0,
    -16.0,
    -16.0,
    -16.0,
    -16.0,
    -16.0,
    -16.0,
    -16.0,
    -16.0,
    -16.0,
    -16.0,
    -16.0,
    -16.0,
    -16.0,
    -16.0,
    -16.0,
    -16.0,
    -16.0,
    -16.0,
    -16.0,
    -16.0,
    -16.0,
    -16.0
  ],
  "final_ascii": [
    "LEGEND:",
    "#: wall",
    ".: background",
    "k: dpolice",
    "l: rpolice",
    "j: lpolice",
    "i: upolice",
    "c: crate",
    "@: target, crate",
    "\u1f5b: target, lpolice",
    "t: target",
    "\u23c6: target, upolice",
    "",
    "MAP:",
    "###############",
    "#..k..........#",
    "#.klkkkk..kkkj#",
    "#.ilcccckkjii.#",
    "#..l@@@\u1f5b@@i...#",
    "#..l@@\u1f5bttt....#",
    "#..l@@@\u1f5btt....#",
    "#..l@@@@@\u1f5b....#",
    "#..l@@@@\u1f5b@....#",
    "#..l@@@@\u1f5b\u23c6....#",
    "#..lcccjc.....#",
    "#..lccccij....#",
    "#..liiiij.....#",
    "#..i..........#",
    "###############"
  ]
}