{
  "model": "qwen",
  "game": "kettle",
  "level": 9,
  "run": 1,
  "win": false,
  "action_sequence": [
    3,
    1,
    2,
    1,
    3,
    2,
    0,
    3,
    3,
    2,
    3,
    2,
    3,
    1,
    3,
    2,
    1,
    1,
    3,
    1,
    3,
    1,
    1,
    1,
    2,
    2,
    2,
    3,
    3,
    3,
    1,
    3,
    3,
    1,
    3,
    3,
    1,
    3,
    2,
    2,
    2,
    1,
    3,
    3,
    1,
    3,
    3,
    1,
    2,
    2,
    3,
    3,
    1,
    1,
    1,
    1,
    2,
    1,
    1,
    3,
    2,
    1,
    3,
    1,
    1,
    3,
    1,
    1,
    0,
    3,
    2,
    3,
    3,
    3,
    1,
    2,
    3,
    3,
    2,
    3,
    2,
    3,
    3,
    3,
    2,
    3,
    1,
    3,
    3,
    3,
    3,
    3,
    0,
    3,
    2,
    3,
    3,
    3,
    3,
    3
  ],
  "reward_sequence": [
    4.989999771118164,
    5.989999771118164,
    5.989999771118164,
    4.989999771118164,
    4.989999771118164,
    4.989999771118164,
    5.989999771118164,
    3.990000009536743,
    -0.009999999776482582,
    -2.009999990463257,
    -0.009999999776482582,
    -0.009999999776482582,
    -0.009999999776482582,
    -0.009999999776482582,
    -0.009999999776482582,
    -0.009999999776482582,
    -0.009999999776482582,
    -0.009999999776482582,
    -0.009999999776482582,
    -0.009999999776482582,
    -0.009999999776482582,
    -0.009999999776482582,
    -0.009999999776482582,
    -0.009999999776482582,
    -0.009999999776482582,
    -0.009999999776482582,
    -0.009999999776482582,
    -0.009999999776482582,
    -0.009999999776482582,
    -0.009999999776482582,
    -0.009999999776482582,
    -0.009999999776482582,
    -0.009999999776482582,
    -0.009999999776482582,
    -0.009999999776482582,
    -0.009999999776482582,
    -0.009999999776482582,
    -0.009999999776482582,
    -0.009999999776482582,
    -0.009999999776482582,
    -0.009999999776482582,
    -0.009999999776482582,
    -0.009999999776482582,
    -0.009999999776482582,
    -0.009999999776482582,
    -0.009999999776482582,
    -0.009999999776482582,
    -0.009999999776482582,
    -0.009999999776482582,
    -0.009999999776482582,
    -0.009999999776482582,
    -0.009999999776482582,
    -0.009999999776482582,
    -0.009999999776482582,
    -0.009999999776482582,
    -0.009999999776482582,
    -0.009999999776482582,
    -0.009999999776482582,
    -0.009999999776482582,
    -0.009999999776482582,
    -0.009999999776482582,
    -0.009999999776482582,
    -0.009999999776482582,
    -0.009999999776482582,
    -0.009999999776482582,
    -0.009999999776482582,
    -0.009999999776482582,
    -0.009999999776482582,
    0.9900000095367432,
    -0.009999999776482582,
    -0.009999999776482582,
    -0.009999999776482582,
    -0.009999999776482582,
    -0.009999999776482582,
    -0.009999999776482582,
    -0.009999999776482582,
    -0.009999999776482582,
    -0.009999999776482582,
    -0.009999999776482582,
    -0.009999999776482582,
    -0.009999999776482582,
    -0.009999999776482582,
    -0.009999999776482582,
    -0.009999999776482582,
    -0.009999999776482582,
    -0.009999999776482582,
    -0.009999999776482582,
    -0.009999999776482582,
    -0.009999999776482582,
    -0.009999999776482582,
    -0.009999999776482582,
    -0.009999999776482582,
    -0.009999999776482582,
    -0.009999999776482582,
    -0.009999999776482582,
    -0.009999999776482582,
    -0.009999999776482582,
    -0.009999999776482582,
    -0.009999999776482582,
    -0.009999999776482582
  ],
  "initial_ascii": [
    "LEGEND:",
    "#: wall",
    ".: background",
    "k: dpolice",
    "l: rpolice",
    "c: crate",
    "j: lpolice",
    "@: target, crate",
    "t: target",
    "i: upolice",
    "",
    "MAP:",
    "###############",
    "#.kkkkkkkkkk..#",
    "#lccc..c...cj.#",
    "#lc.........j.#",
    "#lc.@t@tt...j.#",
    "#lc.t@@@t...j.#",
    "#l..@ttt@..cj.#",
    "#lc.tt@@t..cj.#",
    "#l..ttttt...j.#",
    "#l.........cj.#",
    "#l....c.c.ccj.#",
    "#liiiiiiiiiij.#",
    "#.............#",
    "###############"
  ],
  "state_data": {
    "score": 17,
    "win": false,
    "step": 100
  },
  "heuristics": [
    -48.0,
    -42.0,
    -36.0,
    -31.0,
    -26.0,
    -21.0,
    -15.0,
    -11.0,
    -11.0,
    -13.0,
    -13.0,
    -13.0,
    -13.0,
    -13.0,
    -13.0,
    -13.0,
    -13.0,
    -13.0,
    -13.0,
    -13.0,
    -13.0,
    -13.0,
    -13.0,
    -13.0,
    -13.0,
    -13.0,
    -13.0,
    -13.0,
    -13.0,
    -13.0,
    -13.0,
    -13.0,
    -13.0,
    -13.0,
    -13.0,
    -13.0,
    -13.0,
    -13.0,
    -13.0,
    -13.0,
    -13.0,
    -13.0,
    -13.0,
    -13.0,
    -13.0,
    -13.0,
    -13.0,
    -13.0,
    -13.0,
    -13.0,
    -13.0,
    -13.0,
    -13.0,
    -13.0,
    -13.0,
    -13.0,
    -13.0,
    -13.0,
    -13.0,
    -13.0,
    -13.0,
    -13.0,
    -13.0,
    -13.0,
    -13.0,
    -13.0,
    -13.0,
    -13.0,
    -12.0,
    -12.0,
    -12.0,
    -12.0,
    -12.0,
    -12.0,
    -12.0,
    -12.0,
    -12.0,
    -12.0,
    -12.0,
    -12.0,
    -12.0,
    -12.0,
    -12.0,
    -12.0,
    -12.0,
    -12.0,
    -12.0,
    -12.0,
    -12.0,
    -12.0,
    -12.0,
    -12.0,
    -12.0,
    -12.0,
    -12.0,
    -12.0,
    -12.0,
    -12.0,
    -12.0,
    -12.0
  ],
  "final_ascii": [
    "LEGEND:",
    "#: wall",
    ".: background",
    "l: rpolice",
    "j: lpolice",
    "k: dpolice",
    "\u0f5f: target, rpolice",
    "@: target, crate",
    "c: crate",
    "i: upolice",
    "\u1f6a: target, upolice",
    "",
    "MAP:",
    "###############",
    "#.............#",
    "#.........lj..#",
    "#..lkkkkkkkkj.#",
    "#...\u0f5f@@@@ccj..#",
    "#...\u0f5f@@@@ccj..#",
    "#...\u0f5f@@@@ccj..#",
    "#..k\u0f5f@@@@icj..#",
    "#..l@\u1f6a\u1f6a\u1f6a\u1f6acj...#",
    "#.kli.....ij..#",
    "#.li.......ij.#",
    "#li......j....#",
    "#.............#",
    "###############"
  ]
}