{
  "model": "qwen",
  "game": "atlas shrank",
  "level": 9,
  "run": 2,
  "win": false,
  "action_sequence": [
    3,
    2,
    3,
    2,
    3,
    2,
    3,
    2,
    3,
    2,
    2,
    3,
    3,
    3,
    2,
    3,
    3,
    3,
    2,
    3,
    2,
    2,
    2,
    2,
    2,
    2,
    3,
    3,
    3,
    2,
    2,
    3,
    2,
    3,
    3,
    3,
    3,
    3,
    3,
    3,
    3,
    3,
    2,
    3,
    2,
    2,
    2,
    2,
    2,
    2,
    3,
    3,
    2,
    2,
    2,
    3,
    2,
    2,
    2,
    2,
    3,
    3,
    2,
    3,
    3,
    3,
    2,
    3,
    2,
    3,
    3,
    3,
    3,
    3,
    3,
    3,
    3,
    3,
    3,
    2,
    3,
    3,
    2,
    3,
    3,
    3,
    2,
    3,
    3,
    2,
    2,
    3,
    2,
    2,
    3,
    2,
    3,
    3,
    3,
    2
  ],
  "reward_sequence": [
    -0.009999999776482582,
    -0.009999999776482582,
    -0.009999999776482582,
    -1.0099999904632568,
    -0.009999999776482582,
    -1.0099999904632568,
    -1.0099999904632568,
    -1.0099999904632568,
    -0.009999999776482582,
    -1.0099999904632568,
    -1.0099999904632568,
    -0.009999999776482582,
    -0.009999999776482582,
    -0.009999999776482582,
    -1.0099999904632568,
    -0.009999999776482582,
    -0.009999999776482582,
    -0.009999999776482582,
    -1.0099999904632568,
    -0.009999999776482582,
    -1.0099999904632568,
    -1.0099999904632568,
    -1.0099999904632568,
    -1.0099999904632568,
    -1.0099999904632568,
    -0.009999999776482582,
    -0.009999999776482582,
    -0.009999999776482582,
    -0.009999999776482582,
    -1.0099999904632568,
    -1.0099999904632568,
    -0.009999999776482582,
    -0.009999999776482582,
    -0.009999999776482582,
    -0.009999999776482582,
    -0.009999999776482582,
    -0.009999999776482582,
    -0.009999999776482582,
    -0.009999999776482582,
    -0.009999999776482582,
    -0.009999999776482582,
    -0.009999999776482582,
    -1.0099999904632568,
    -0.009999999776482582,
    -0.009999999776482582,
    -0.009999999776482582,
    -0.009999999776482582,
    -0.009999999776482582,
    -0.009999999776482582,
    -0.009999999776482582,
    -0.009999999776482582,
    -0.009999999776482582,
    -0.009999999776482582,
    -0.009999999776482582,
    -0.009999999776482582,
    -0.009999999776482582,
    -0.009999999776482582,
    -0.009999999776482582,
    -0.009999999776482582,
    -0.009999999776482582,
    -0.009999999776482582,
    -0.009999999776482582,
    -0.009999999776482582,
    -0.009999999776482582,
    -0.009999999776482582,
    -0.009999999776482582,
    -0.009999999776482582,
    -0.009999999776482582,
    -0.009999999776482582,
    -0.009999999776482582,
    -0.009999999776482582,
    -0.009999999776482582,
    -0.009999999776482582,
    -0.009999999776482582,
    -0.009999999776482582,
    -0.009999999776482582,
    -0.009999999776482582,
    -0.009999999776482582,
    -0.009999999776482582,
    -0.009999999776482582,
    -0.009999999776482582,
    -0.009999999776482582,
    -0.009999999776482582,
    -0.009999999776482582,
    -0.009999999776482582,
    -0.009999999776482582,
    -0.009999999776482582,
    -0.009999999776482582,
    -0.009999999776482582,
    -0.009999999776482582,
    -0.009999999776482582,
    -0.009999999776482582,
    -0.009999999776482582,
    -0.009999999776482582,
    -0.009999999776482582,
    -0.009999999776482582,
    -0.009999999776482582,
    -0.009999999776482582,
    -0.009999999776482582,
    -0.009999999776482582
  ],
  "initial_ascii": [
    "LEGEND:",
    ".: background",
    "#: wallsolo",
    "*: crate, massive",
    "o: exit",
    "\u1910: wallu",
    "\u14bc: wallm",
    "\u0624: walld",
    "\u0f0a: wallud",
    "x: door",
    "\u237c: wallrl",
    "\u1ecc: walll",
    "\u1251: wallr",
    "p: players",
    "t: switch",
    "",
    "MAP:",
    ".....................##*#*****....*...................",
    "..o....##.#.#\u1910\u1910\u1910\u1910#....##******...**.........#.........",
    "..#.#\u1910\u1910\u14bc\u14bc\u1910\u14bc\u1910\u14bc\u14bc\u14bc\u14bc\u0624\u14bc#....#\u1910\u1910#*********........\u0f0a........*",
    "#\u1910\u14bc\u1910\u14bc\u0624\u0624\u0624\u0624\u0624\u0624\u0624\u0624\u0624\u0624#.\u0f0a.##..x#\u0624\u0624\u237c\u237c\u237c\u237c\u237c\u237c\u237c\u237c#........\u0f0a........#",
    "\u1ecc\u14bc\u14bc\u0624\u1251............\u0f0a..\u0f0a..x....................\u0f0a.........",
    "\u1ecc\u0624#.\u0f0a............#..#.*x....................\u0f0a.........",
    "\u0f0a.*.\u0f0a................#\u237c\u237c\u237c#..................#.........",
    "\u0f0a***\u0f0a............#*....*..p**.........t.*..#.........*",
    "\u1ecc\u237c\u237c\u237c#...........#\u14bc\u1910\u1910\u1910\u1910\u1910\u1910\u1910\u1910\u1910\u1910\u1910\u1910\u1910\u1910\u1910\u1910\u1910\u1910\u1910#.#\u237c\u237c\u237c\u1251.........#",
    "\u0f0a..............#\u14bc\u14bc\u14bc\u14bc\u14bc\u14bc\u14bc\u0624\u14bc\u0624\u14bc\u0624\u14bc\u0624\u0624\u0624\u0624\u0624\u0624\u0624\u0624\u0624\u237c#...##.........",
    "\u0f0a.............#\u14bc\u14bc\u14bc\u14bc\u14bc\u14bc\u14bc#.\u0f0a.\u0f0a.\u0f0a...............\u0f0a**.......",
    "\u0f0a............#\u14bc\u14bc\u14bc\u14bc\u14bc\u14bc\u14bc#..#.#.#...............\u1ecc\u237c\u1910#......",
    "\u0f0a............\u1ecc\u14bc\u14bc\u14bc\u14bc\u14bc\u14bc\u1251..#*#*#*#..............\u0f0a.\u1ecc\u0624\u237c\u237c\u237c\u1910\u1910#",
    "\u0f0a............\u1ecc\u14bc\u14bc\u14bc\u14bc\u0624\u0624#..#*#*#*#..............\u0f0a.\u0f0a....#\u0624\u1251",
    "\u0f0a*...........\u1ecc\u14bc\u14bc\u0624#......#.#.#...............\u0f0a.\u0f0a......\u0f0a",
    "\u0f0a*.......#\u1910\u1910\u1910\u14bc\u0624#........#...................\u0f0a.\u0f0a......\u0f0a",
    "\u0f0a*......#\u0624\u14bc\u14bc\u0624#..............................\u0f0a.\u0f0a......\u0f0a",
    "\u0f0a*.....#..##............*...................\u0f0a.\u0f0a......\u0f0a",
    "\u0f0a**...**......*.......#.#.#.#..........t....\u0f0a.\u0f0a.....#\u1251",
    "#\u237c\u237c\u237c#*#\u237c\u237c\u237c\u237c\u237c#**#\u237c\u237c\u237c\u237c\u237c\u237c\u0624\u237c\u0624\u237c\u0624\u237c\u0624\u237c\u237c\u237c\u237c\u237c\u237c\u237c\u237c\u237c\u237c\u237c\u237c#*#\u0624\u237c\u0624\u237c#*#\u237c\u0624#"
  ],
  "state_data": {
    "score": 0,
    "win": false,
    "step": 100
  },
  "heuristics": [
    -30.0,
    -30.0,
    -30.0,
    -31.0,
    -31.0,
    -32.0,
    -33.0,
    -34.0,
    -34.0,
    -35.0,
    -36.0,
    -36.0,
    -36.0,
    -36.0,
    -37.0,
    -37.0,
    -37.0,
    -37.0,
    -38.0,
    -38.0,
    -39.0,
    -40.0,
    -41.0,
    -42.0,
    -43.0,
    -43.0,
    -43.0,
    -43.0,
    -43.0,
    -44.0,
    -45.0,
    -45.0,
    -45.0,
    -45.0,
    -45.0,
    -45.0,
    -45.0,
    -45.0,
    -45.0,
    -45.0,
    -45.0,
    -45.0,
    -46.0,
    -46.0,
    -46.0,
    -46.0,
    -46.0,
    -46.0,
    -46.0,
    -46.0,
    -46.0,
    -46.0,
    -46.0,
    -46.0,
    -46.0,
    -46.0,
    -46.0,
    -46.0,
    -46.0,
    -46.0,
    -46.0,
    -46.0,
    -46.0,
    -46.0,
    -46.0,
    -46.0,
    -46.0,
    -46.0,
    -46.0,
    -46.0,
    -46.0,
    -46.0,
    -46.0,
    -46.0,
    -46.0,
    -46.0,
    -46.0,
    -46.0,
    -46.0,
    -46.0,
    -46.0,
    -46.0,
    -46.0,
    -46.0,
    -46.0,
    -46.0,
    -46.0,
    -46.0,
    -46.0,
    -46.0,
    -46.0,
    -46.0,
    -46.0,
    -46.0,
    -46.0,
    -46.0,
    -46.0,
    -46.0,
    -46.0,
    -46.0
  ],