{
  "model": "qwen",
  "game": "Travelling_salesman",
  "level": 11,
  "run": 7,
  "win": false,
  "action_sequence": [
    2,
    2,
    2,
    2,
    2,
    2,
    2,
    2,
    2,
    2,
    2,
    2,
    2,
    2,
    2,
    3,
    2,
    2,
    2,
    2,
    2,
    2,
    2,
    2,
    2,
    2,
    2,
    2,
    2,
    2,
    2,
    2,
    2,
    2,
    2,
    2,
    2,
    2,
    2,
    2,
    2,
    2,
    2,
    2,
    2,
    2,
    2,
    2,
    2,
    2,
    2,
    2,
    2,
    2,
    2,
    2,
    2,
    2,
    2,
    2,
    3,
    2,
    2,
    2,
    2,
    2,
    2,
    2,
    2,
    2,
    2,
    2,
    2,
    2,
    2,
    2,
    2,
    2,
    2,
    2,
    2,
    2,
    2,
    2,
    2,
    2,
    2,
    2,
    2,
    2,
    2,
    2,
    2,
    2,
    2,
    2,
    2,
    2,
    2,
    2
  ],
  "reward_sequence": [
    -0.009999999776482582,
    -0.009999999776482582,
    -0.009999999776482582,
    -0.009999999776482582,
    -0.009999999776482582,
    -0.009999999776482582,
    -0.009999999776482582,
    -0.009999999776482582,
    -0.009999999776482582,
    -0.009999999776482582,
    -0.009999999776482582,
    -0.009999999776482582,
    -0.009999999776482582,
    -0.009999999776482582,
    -0.009999999776482582,
    1.9900000095367432,
    0.9900000095367432,
    -0.009999999776482582,
    -0.009999999776482582,
    -0.009999999776482582,
    -0.009999999776482582,
    -0.009999999776482582,
    -0.009999999776482582,
    -0.009999999776482582,
    -0.009999999776482582,
    -0.009999999776482582,
    -0.009999999776482582,
    -0.009999999776482582,
    -0.009999999776482582,
    -0.009999999776482582,
    -0.009999999776482582,
    -0.009999999776482582,
    -0.009999999776482582,
    -0.009999999776482582,
    -0.009999999776482582,
    -0.009999999776482582,
    -0.009999999776482582,
    -0.009999999776482582,
    -0.009999999776482582,
    -0.009999999776482582,
    -0.009999999776482582,
    -0.009999999776482582,
    -0.009999999776482582,
    -0.009999999776482582,
    -0.009999999776482582,
    -0.009999999776482582,
    -0.009999999776482582,
    -0.009999999776482582,
    -0.009999999776482582,
    -0.009999999776482582,
    -0.009999999776482582,
    -0.009999999776482582,
    -0.009999999776482582,
    -0.009999999776482582,
    -0.009999999776482582,
    -0.009999999776482582,
    -0.009999999776482582,
    -0.009999999776482582,
    -0.009999999776482582,
    -0.009999999776482582,
    0.9900000095367432,
    0.9900000095367432,
    -0.009999999776482582,
    -0.009999999776482582,
    -0.009999999776482582,
    -0.009999999776482582,
    -0.009999999776482582,
    -0.009999999776482582,
    -0.009999999776482582,
    -0.009999999776482582,
    -0.009999999776482582,
    -0.009999999776482582,
    -0.009999999776482582,
    -0.009999999776482582,
    -0.009999999776482582,
    -0.009999999776482582,
    -0.009999999776482582,
    -0.009999999776482582,
    -0.009999999776482582,
    -0.009999999776482582,
    -0.009999999776482582,
    -0.009999999776482582,
    -0.009999999776482582,
    -0.009999999776482582,
    -0.009999999776482582,
    -0.009999999776482582,
    -0.009999999776482582,
    -0.009999999776482582,
    -0.009999999776482582,
    -0.009999999776482582,
    -0.009999999776482582,
    -0.009999999776482582,
    -0.009999999776482582,
    -0.009999999776482582,
    -0.009999999776482582,
    -0.009999999776482582,
    -0.009999999776482582,
    -0.009999999776482582,
    -0.009999999776482582,
    -0.009999999776482582
  ],
  "initial_ascii": [
    "LEGEND:",
    "o: node",
    "-: hlink",
    ".: background",
    "|: vlink",
    "p: node, player",
    "",
    "MAP:",
    "o-o.o-o.....o-o-o-o.",
    "|.|.|.|.....|...|.|.",
    "o.o-o.o-o-o-o.o-o.o.",
    "|.|.|.|...|.|.|.|.|.",
    "o.o-o-o-o-o-o-p.o.o.",
    "|.|...|.....|.|.|.|.",
    "o-o.o-o.....o-o.o-o.",
    "..|.|.........|.|...",
    "..o.o.........o-o...",
    "..|.|...........|...",
    "..o-o.........o-o...",
    "..|.|.........|.|...",
    "o-o.o-o.....o-o-o-o.",
    "|.....|.....|...|.|.",
    "o-o-o-o-o-o-o-o-o.o.",
    "|...|.|...|.....|.|.",
    "o-o-o.o-o-o-o.o-o.o.",
    "|.....|.....|.|.|.|.",
    "o-o-o-o.....o-o-o-o."
  ],
  "state_data": {
    "score": -75,
    "win": false,
    "step": 100
  },
  "heuristics": [
    -80.0,
    -80.0,
    -80.0,
    -80.0,
    -80.0,
    -80.0,
    -80.0,
    -80.0,
    -80.0,
    -80.0,
    -80.0,
    -80.0,
    -80.0,
    -80.0,
    -80.0,
    -78.0,
    -77.0,
    -77.0,
    -77.0,
    -77.0,
    -77.0,
    -77.0,
    -77.0,
    -77.0,
    -77.0,
    -77.0,
    -77.0,
    -77.0,
    -77.0,
    -77.0,
    -77.0,
    -77.0,
    -77.0,
    -77.0,
    -77.0,
    -77.0,
    -77.0,
    -77.0,
    -77.0,
    -77.0,
    -77.0,
    -77.0,
    -77.0,
    -77.0,
    -77.0,
    -77.0,
    -77.0,
    -77.0,
    -77.0,
    -77.0,
    -77.0,
    -77.0,
    -77.0,
    -77.0,
    -77.0,
    -77.0,
    -77.0,
    -77.0,
    -77.0,
    -77.0,
    -76.0,
    -75.0,
    -75.0,
    -75.0,
    -75.0,
    -75.0,
    -75.0,
    -75.0,
    -75.0,
    -75.0,
    -75.0,
    -75.0,
    -75.0,
    -75.0,
    -75.0,
    -75.0,
    -75.0,
    -75.0,
    -75.0,
    -75.0,
    -75.0,
    -75.0,
    -75.0,
    -75.0,
    -75.0,
    -75.0,
    -75.0,
    -75.0,
    -75.0,
    -75.0,
    -75.0,
    -75.0,
    -75.0,
    -75.0,
    -75.0,
    -75.0,
    -75.0,
    -75.0,
    -75.0,
    -75.0
  ],
  "final_ascii": [
    "LEGEND:",
    "o: node",
    "-: hlink",
    ".: background",
    "\u1213: nodeseen",
    "\u11ca: hlinkseen",
    "\u1770: nodeseen, player",
    "|: vlink",
    "\u25da: vlinkseen",
    "",
    "MAP:",
    "o-o.o-o.....o-o-\u1213\u11ca\u1770.",
    "|.|.|.|.....|...\u25da.|.",
    "o.o-o.o-o-o-o.\u1213\u11ca\u1213.o.",
    "|.|.|.|...|.|.\u25da.|.|.",
    "o.o-o-o-o-o-o-\u1213.o.o.",
    "|.|...|.....|.|.|.|.",
    "o-o.o-o.....o-o.o-o.",
    "..|.|.........|.|...",
    "..o.o.........o-o...",
    "..|.|...........|...",
    "..o-o.........o-o...",
    "..|.|.........|.|...",
    "o-o.o-o.....o-o-o-o.",
    "|.....|.....|...|.|.",
    "o-o-o-o-o-o-o-o-o.o.",
    "|...|.|...|.....|.|.",
    "o-o-o.o-o-o-o.o-o.o.",
    "|.....|.....|.|.|.|.",
    "o-o-o-o.....o-o-o-o."
  ]
}