{
  "model": "qwen",
  "game": "atlas shrank",
  "level": 11,
  "run": 6,
  "win": false,
  "action_sequence": [
    3,
    3,
    3,
    2,
    3,
    3,
    3,
    3,
    3,
    3,
    3,
    3,
    3,
    3,
    3,
    3,
    3,
    3,
    3,
    3,
    3,
    2,
    3,
    2,
    2,
    3,
    3,
    3,
    3,
    2,
    2,
    3,
    3,
    3,
    3,
    3,
    3,
    3,
    3,
    3,
    3,
    3,
    3,
    3,
    3,
    3,
    3,
    3,
    3,
    3,
    3,
    3,
    3,
    3,
    3,
    3,
    3,
    3,
    3,
    3,
    3,
    3,
    3,
    3,
    3,
    3,
    3,
    3,
    3,
    3,
    3,
    3,
    3,
    3,
    3,
    3,
    3,
    3,
    3,
    2,
    3,
    3,
    3,
    3,
    3,
    3,
    3,
    3,
    3,
    3,
    3,
    3,
    3,
    2,
    3,
    3,
    3,
    3,
    3,
    3
  ],
  "reward_sequence": [
    -0.009999999776482582,
    -0.009999999776482582,
    -0.009999999776482582,
    0.9900000095367432,
    -0.009999999776482582,
    -0.009999999776482582,
    -0.009999999776482582,
    -0.009999999776482582,
    -0.009999999776482582,
    -0.009999999776482582,
    -0.009999999776482582,
    -0.009999999776482582,
    -0.009999999776482582,
    -0.009999999776482582,
    -0.009999999776482582,
    -0.009999999776482582,
    -0.009999999776482582,
    -0.009999999776482582,
    -0.009999999776482582,
    -0.009999999776482582,
    -0.009999999776482582,
    0.9900000095367432,
    -0.009999999776482582,
    1.9900000095367432,
    0.9900000095367432,
    -0.009999999776482582,
    -0.009999999776482582,
    -0.009999999776482582,
    -0.009999999776482582,
    0.9900000095367432,
    -1.0099999904632568,
    -0.009999999776482582,
    -0.009999999776482582,
    -0.009999999776482582,
    -0.009999999776482582,
    -0.009999999776482582,
    -0.009999999776482582,
    -0.009999999776482582,
    -0.009999999776482582,
    -0.009999999776482582,
    -0.009999999776482582,
    -0.009999999776482582,
    -0.009999999776482582,
    -0.009999999776482582,
    -0.009999999776482582,
    -0.009999999776482582,
    -0.009999999776482582,
    -0.009999999776482582,
    -0.009999999776482582,
    -0.009999999776482582,
    -0.009999999776482582,
    -0.009999999776482582,
    -0.009999999776482582,
    -0.009999999776482582,
    -0.009999999776482582,
    -0.009999999776482582,
    -0.009999999776482582,
    -0.009999999776482582,
    -0.009999999776482582,
    -0.009999999776482582,
    -0.009999999776482582,
    -0.009999999776482582,
    -0.009999999776482582,
    -0.009999999776482582,
    -0.009999999776482582,
    -0.009999999776482582,
    -0.009999999776482582,
    -0.009999999776482582,
    -0.009999999776482582,
    -0.009999999776482582,
    -0.009999999776482582,
    -0.009999999776482582,
    -0.009999999776482582,
    -0.009999999776482582,
    -0.009999999776482582,
    -0.009999999776482582,
    -0.009999999776482582,
    -0.009999999776482582,
    -0.009999999776482582,
    0.9900000095367432,
    -0.009999999776482582,
    -0.009999999776482582,
    -0.009999999776482582,
    -0.009999999776482582,
    -0.009999999776482582,
    -0.009999999776482582,
    -0.009999999776482582,
    -0.009999999776482582,
    -0.009999999776482582,
    -0.009999999776482582,
    -0.009999999776482582,
    -0.009999999776482582,
    -0.009999999776482582,
    0.9900000095367432,
    -0.009999999776482582,
    -0.009999999776482582,
    -0.009999999776482582,
    -0.009999999776482582,
    -0.009999999776482582,
    -0.009999999776482582
  ],
  "initial_ascii": [
    "LEGEND:",
    ".: background",
    "#: wallsolo",
    "\u12ff: wallrl",
    "*: crate, massive",
    "\u239d: wallud",
    "t: switch",
    "\u0c80: wallr",
    "o: exit",
    "\u26dd: walld",
    "x: door",
    "\u2537: wallm",
    "\u196b: walll",
    "p: players",
    "",
    "MAP:",
    ".................#\u12ff\u12ff\u12ff\u12ff\u12ff\u12ff\u12ff\u12ff\u12ff\u12ff#*#.#.##",
    ".................\u239d..*........*.....\u239d",
    ".................\u239d.t#\u12ff#....*#\u12ff\u12ff\u12ff\u12ff\u12ff\u12ff\u0c80",
    "#................#.....*...#o......\u239d",
    "\u239d.....................#\u12ff\u12ff\u12ff\u12ff\u26dd\u12ff\u12ff\u12ff#...\u239d",
    "\u239d....................#.....**.....*\u239d",
    "\u239d................##.#....#\u12ff#x#\u12ff\u12ff\u12ff\u12ff\u12ff\u0c80",
    "\u239d...............#\u2537\u0c80.\u239d*.......*.....\u239d",
    "\u239d.........*..#\u12ff\u12ff\u26dd\u26dd\u26dd\u12ff\u26dd\u12ff\u12ff\u12ff\u12ff\u12ff\u12ff#x#\u12ff#...\u239d",
    "\u196b#....p..**................*......*\u239d",
    "#\u26dd\u12ff\u12ff\u12ff\u12ff\u12ff\u12ff\u12ff\u12ff\u12ff\u12ff\u12ff\u12ff\u12ff\u12ff\u12ff\u12ff\u12ff\u12ff\u12ff\u12ff\u12ff\u12ff\u12ff\u12ff\u12ff#x#\u12ff\u12ff\u12ff\u12ff\u12ff#",
    "...................................."
  ],
  "state_data": {
    "score": 0,
    "win": false,
    "step": 100
  },
  "heuristics": [
    -28.0,
    -28.0,
    -28.0,
    -27.0,
    -27.0,
    -27.0,
    -27.0,
    -27.0,
    -27.0,
    -27.0,
    -27.0,
    -27.0,
    -27.0,
    -27.0,
    -27.0,
    -27.0,
    -27.0,
    -27.0,
    -27.0,
    -27.0,
    -27.0,
    -26.0,
    -26.0,
    -24.0,
    -23.0,
    -23.0,
    -23.0,
    -23.0,
    -23.0,
    -22.0,
    -23.0,
    -23.0,
    -23.0,
    -23.0,
    -23.0,
    -23.0,
    -23.0,
    -23.0,
    -23.0,
    -23.0,
    -23.0,
    -23.0,
    -23.0,
    -23.0,
    -23.0,
    -23.0,
    -23.0,
    -23.0,
    -23.0,
    -23.0,
    -23.0,
    -23.0,
    -23.0,
    -23.0,
    -23.0,
    -23.0,
    -23.0,
    -23.0,
    -23.0,
    -23.0,
    -23.0,
    -23.0,
    -23.0,
    -23.0,
    -23.0,
    -23.0,
    -23.0,
    -23.0,
    -23.0,
    -23.0,
    -23.0,
    -23.0,
    -23.0,
    -23.0,
    -23.0,
    -23.0,
    -23.0,
    -23.0,
    -23.0,
    -22.0,
    -22.0,
    -22.0,
    -22.0,
    -22.0,
    -22.0,
    -22.0,
    -22.0,
    -22.0,
    -22.0,
    -22.0,
    -22.0,
    -22.0,
    -22.0,
    -21.0,
    -21.0,
    -21.0,
    -21.0,
    -21.0,
    -21.0,
    -21.0
  ],
  "final_ascii": [
    "LEGEND:",
    ".: background",
    "#: wallsolo",
    "\u12ff: wallrl",
    "*: crate, massive",
    "\u239d: wallud",
    "t: switch",
    "\u0c80: wallr",
    "o: exit",
    "\u26dd: walld",
    "x: door",
    "\u2537: wallm",
    "\u196b: walll",
    "\u12d5: playerr",
    "",
    "MAP:",
    ".................#\u12ff\u12ff\u12ff\u12ff\u12ff\u12ff\u12ff\u12ff\u12ff\u12ff#*#.#.##",
    ".................\u239d..*........*.....\u239d",
    ".................\u239d.t#\u12ff#....*#\u12ff\u12ff\u12ff\u12ff\u12ff\u12ff\u0c80",
    "#................#.....*...#o......\u239d",
    "\u239d.....................#\u12ff\u12ff\u12ff\u12ff\u26dd\u12ff\u12ff\u12ff#...\u239d",
    "\u239d....................#.....**.....*\u239d",
    "\u239d................##.#....#\u12ff#x#\u12ff\u12ff\u12ff\u12ff\u12ff\u0c80",
    "\u239d...............#\u2537\u0c80.\u239d*.......*.....\u239d",
    "\u239d............#\u12ff\u12ff\u26dd\u26dd\u26dd\u12ff\u26dd\u12ff\u12ff\u12ff\u12ff\u12ff\u12ff#x#\u12ff#...\u239d",
    "\u196b#.......**..\u12d5*............*......*\u239d",
    "#\u26dd\u12ff\u12ff\u12ff\u12ff\u12ff\u12ff\u12ff\u12ff\u12ff\u12ff\u12ff\u12ff\u12ff\u12ff\u12ff\u12ff\u12ff\u12ff\u12ff\u12ff\u12ff\u12ff\u12ff\u12ff\u12ff#x#\u12ff\u12ff\u12ff\u12ff\u12ff#",
    "...................................."
  ]
}