{
  "model": "qwen",
  "game": "Take_Heart_Lass",
  "level": 6,
  "run": 7,
  "win": false,
  "action_sequence": [
    2,
    2,
    3,
    2,
    3,
    2,
    2,
    2,
    2,
    2,
    3,
    2,
    2,
    2,
    2,
    2,
    2,
    3,
    2,
    3,
    3,
    3,
    2,
    3,
    3,
    3,
    2,
    2,
    2,
    2,
    3,
    2,
    2,
    3,
    3,
    2,
    2,
    2,
    3,
    3,
    2,
    2,
    3,
    3,
    3,
    3,
    3,
    2,
    3,
    3,
    2,
    3,
    2,
    2,
    3,
    2,
    2,
    3,
    2,
    2,
    2,
    2,
    2,
    2,
    2,
    3,
    3,
    2,
    2,
    2,
    2,
    3,
    2,
    2,
    2,
    3,
    3,
    3,
    2,
    2,
    2,
    2,
    2,
    2,
    2,
    2,
    2,
    2,
    2,
    3,
    2,
    2,
    2,
    2,
    2,
    3,
    2,
    2,
    3,
    3
  ],
  "reward_sequence": [
    -0.009999999776482582,
    -0.009999999776482582,
    0.9900000095367432,
    -0.009999999776482582,
    -0.009999999776482582,
    -0.009999999776482582,
    -0.009999999776482582,
    -0.009999999776482582,
    -0.009999999776482582,
    -0.009999999776482582,
    -0.009999999776482582,
    -0.009999999776482582,
    -0.009999999776482582,
    -0.009999999776482582,
    -0.009999999776482582,
    -0.009999999776482582,
    -0.009999999776482582,
    -0.009999999776482582,
    -0.009999999776482582,
    -0.009999999776482582,
    -0.009999999776482582,
    -0.009999999776482582,
    -0.009999999776482582,
    -0.009999999776482582,
    -0.009999999776482582,
    -0.009999999776482582,
    -0.009999999776482582,
    -0.009999999776482582,
    -0.009999999776482582,
    -0.009999999776482582,
    -0.009999999776482582,
    -0.009999999776482582,
    -0.009999999776482582,
    -0.009999999776482582,
    -0.009999999776482582,
    -0.009999999776482582,
    -0.009999999776482582,
    -0.009999999776482582,
    -0.009999999776482582,
    -0.009999999776482582,
    -0.009999999776482582,
    -0.009999999776482582,
    -0.009999999776482582,
    -0.009999999776482582,
    -0.009999999776482582,
    -0.009999999776482582,
    -0.009999999776482582,
    -0.009999999776482582,
    -0.009999999776482582,
    -0.009999999776482582,
    -0.009999999776482582,
    -0.009999999776482582,
    -0.009999999776482582,
    -0.009999999776482582,
    -0.009999999776482582,
    -0.009999999776482582,
    -0.009999999776482582,
    -0.009999999776482582,
    -0.009999999776482582,
    -0.009999999776482582,
    -0.009999999776482582,
    -0.009999999776482582,
    -0.009999999776482582,
    -0.009999999776482582,
    -0.009999999776482582,
    -0.009999999776482582,
    -0.009999999776482582,
    -0.009999999776482582,
    -0.009999999776482582,
    -0.009999999776482582,
    -0.009999999776482582,
    -0.009999999776482582,
    -0.009999999776482582,
    -0.009999999776482582,
    -0.009999999776482582,
    -0.009999999776482582,
    -0.009999999776482582,
    -0.009999999776482582,
    -0.009999999776482582,
    -0.009999999776482582,
    -0.009999999776482582,
    -0.009999999776482582,
    -0.009999999776482582,
    -0.009999999776482582,
    -0.009999999776482582,
    -0.009999999776482582,
    -0.009999999776482582,
    -0.009999999776482582,
    -0.009999999776482582,
    -0.009999999776482582,
    -0.009999999776482582,
    -0.009999999776482582,
    -0.009999999776482582,
    -0.009999999776482582,
    -0.009999999776482582,
    -0.009999999776482582,
    -0.009999999776482582,
    -0.009999999776482582,
    -0.009999999776482582,
    -0.009999999776482582
  ],
  "initial_ascii": [
    "LEGEND:",
    "#: wall",
    "\u239d: newdespairwall",
    ".: background",
    "o: target",
    "\u12d5: newdespair",
    "z: altolddespair",
    "x: olddespair",
    "*: crate",
    "p: player",
    "",
    "MAP:",
    "#########\u239d#",
    "#...o..\u12d5zx\u239d",
    "#.#.....#z#",
    "#...#.#..\u12d5#",
    "#.........#",
    "#\u12d5.**.**..#",
    "#z\u12d5.......#",
    "\u239dxz\u12d5.....p#",
    "#\u239d#########"
  ],
  "state_data": {
    "score": 0,
    "win": false,
    "step": 100
  },
  "heuristics": [
    -11.0,
    -11.0,
    -10.0,
    -10.0,
    -10.0,
    -10.0,
    -10.0,
    -10.0,
    -10.0,
    -10.0,
    -10.0,
    -10.0,
    -10.0,
    -10.0,
    -10.0,
    -10.0,
    -10.0,
    -10.0,
    -10.0,
    -10.0,
    -10.0,
    -10.0,
    -10.0,
    -10.0,
    -10.0,
    -10.0,
    -10.0,
    -10.0,
    -10.0,
    -10.0,
    -10.0,
    -10.0,
    -10.0,
    -10.0,
    -10.0,
    -10.0,
    -10.0,
    -10.0,
    -10.0,
    -10.0,
    -10.0,
    -10.0,
    -10.0,
    -10.0,
    -10.0,
    -10.0,
    -10.0,
    -10.0,
    -10.0,
    -10.0,
    -10.0,
    -10.0,
    -10.0,
    -10.0,
    -10.0,
    -10.0,
    -10.0,
    -10.0,
    -10.0,
    -10.0,
    -10.0,
    -10.0,
    -10.0,
    -10.0,
    -10.0,
    -10.0,
    -10.0,
    -10.0,
    -10.0,
    -10.0,
    -10.0,
    -10.0,
    -10.0,
    -10.0,
    -10.0,
    -10.0,
    -10.0,
    -10.0,
    -10.0,
    -10.0,
    -10.0,
    -10.0,
    -10.0,
    -10.0,
    -10.0,
    -10.0,
    -10.0,
    -10.0,
    -10.0,
    -10.0,
    -10.0,
    -10.0,
    -10.0,
    -10.0,
    -10.0,
    -10.0,
    -10.0,
    -10.0,
    -10.0,
    -10.0
  ],
  "final_ascii": [
    "LEGEND:",
    "\u19a5: despairwall",
    "x: olddespair",
    "z: altolddespair",
    ".: background",
    "o: target",
    "#: wall",
    "*: crate",
    "p: player",
    "",
    "MAP:",
    "\u19a5\u19a5\u19a5\u19a5\u19a5\u19a5\u19a5\u19a5\u19a5\u19a5\u19a5",
    "\u19a5xz.o.zxzx\u19a5",
    "\u19a5z#z.zxz#z\u19a5",
    "\u19a5xzx\u19a5x\u19a5xzx\u19a5",
    "\u19a5zx..z..xz\u19a5",
    "\u19a5x.**.**.x\u19a5",
    "\u19a5zx..z..xp\u19a5",
    "\u19a5xzxzxzxzx\u19a5",
    "\u19a5\u19a5\u19a5\u19a5\u19a5\u19a5\u19a5\u19a5\u19a5\u19a5\u19a5"
  ]
}