{
  "model": "qwen",
  "game": "kettle",
  "level": 6,
  "run": 5,
  "win": false,
  "action_sequence": [
    1,
    3,
    3,
    3,
    1,
    3,
    2,
    3,
    3,
    3,
    1,
    1,
    2,
    1,
    1,
    1,
    1,
    2,
    3,
    3,
    3,
    2,
    4,
    2,
    2,
    3,
    2,
    3,
    2,
    3,
    2,
    2,
    2,
    3,
    3,
    3,
    3,
    1,
    2,
    3,
    3,
    3,
    1,
    3,
    2,
    1,
    2,
    2,
    3,
    3,
    2,
    3,
    1,
    3,
    2,
    2,
    3,
    2,
    3,
    2,
    0,
    1,
    3,
    2,
    3,
    3,
    3,
    3,
    0,
    3,
    3,
    3,
    3,
    2,
    3,
    2,
    2,
    3,
    2,
    3,
    2,
    2,
    2,
    3,
    3,
    3,
    3,
    3,
    3,
    3,
    2,
    1,
    1,
    1,
    1,
    1,
    3,
    2,
    3,
    3
  ],
  "reward_sequence": [
    2.990000009536743,
    5.989999771118164,
    3.990000009536743,
    -0.009999999776482582,
    -0.009999999776482582,
    -0.009999999776482582,
    0.9900000095367432,
    -0.009999999776482582,
    -0.009999999776482582,
    -0.009999999776482582,
    -0.009999999776482582,
    -0.009999999776482582,
    -0.009999999776482582,
    -0.009999999776482582,
    -0.009999999776482582,
    -0.009999999776482582,
    -0.009999999776482582,
    -0.009999999776482582,
    -0.009999999776482582,
    -0.009999999776482582,
    -0.009999999776482582,
    -0.009999999776482582,
    -0.009999999776482582,
    -0.009999999776482582,
    -0.009999999776482582,
    -0.009999999776482582,
    -0.009999999776482582,
    -0.009999999776482582,
    -0.009999999776482582,
    -0.009999999776482582,
    -0.009999999776482582,
    -0.009999999776482582,
    -0.009999999776482582,
    -0.009999999776482582,
    -0.009999999776482582,
    -0.009999999776482582,
    -0.009999999776482582,
    -0.009999999776482582,
    -0.009999999776482582,
    -0.009999999776482582,
    -0.009999999776482582,
    -0.009999999776482582,
    -0.009999999776482582,
    -0.009999999776482582,
    -0.009999999776482582,
    -0.009999999776482582,
    -0.009999999776482582,
    -0.009999999776482582,
    -0.009999999776482582,
    -0.009999999776482582,
    -0.009999999776482582,
    -0.009999999776482582,
    -0.009999999776482582,
    -0.009999999776482582,
    -0.009999999776482582,
    -0.009999999776482582,
    -0.009999999776482582,
    -0.009999999776482582,
    -0.009999999776482582,
    -0.009999999776482582,
    1.9900000095367432,
    -0.009999999776482582,
    -0.009999999776482582,
    -0.009999999776482582,
    -0.009999999776482582,
    -0.009999999776482582,
    -0.009999999776482582,
    -0.009999999776482582,
    0.9900000095367432,
    -0.009999999776482582,
    -0.009999999776482582,
    -0.009999999776482582,
    -0.009999999776482582,
    -0.009999999776482582,
    -0.009999999776482582,
    -0.009999999776482582,
    -0.009999999776482582,
    -0.009999999776482582,
    -0.009999999776482582,
    -0.009999999776482582,
    -0.009999999776482582,
    -0.009999999776482582,
    -0.009999999776482582,
    -0.009999999776482582,
    -0.009999999776482582,
    -0.009999999776482582,
    -0.009999999776482582,
    -0.009999999776482582,
    -0.009999999776482582,
    -0.009999999776482582,
    -0.009999999776482582,
    -0.009999999776482582,
    -0.009999999776482582,
    -0.009999999776482582,
    -0.009999999776482582,
    -0.009999999776482582,
    -0.009999999776482582,
    -0.009999999776482582,
    -0.009999999776482582,
    -0.009999999776482582
  ],
  "initial_ascii": [
    "LEGEND:",
    "#: wall",
    ".: background",
    "l: rpolice",
    "k: dpolice",
    "j: lpolice",
    "t: target",
    "@: target, crate",
    "c: crate",
    "i: upolice",
    "",
    "MAP:",
    "###############",
    "#.............#",
    "#.............#",
    "#..lkkkkkkkj..#",
    "#..l.t@@t.cj..#",
    "#..lc@t@t..j..#",
    "#..lctttt.cj..#",
    "#..l.@@tt..j..#",
    "#..lc.....cj..#",
    "#..lcc.c..cj..#",
    "#...iiiiiii...#",
    "#.............#",
    "###############"
  ],
  "state_data": {
    "score": 10,
    "win": false,
    "step": 100
  },
  "heuristics": [
    -22.0,
    -16.0,
    -12.0,
    -12.0,
    -12.0,
    -12.0,
    -11.0,
    -11.0,
    -11.0,
    -11.0,
    -11.0,
    -11.0,
    -11.0,
    -11.0,
    -11.0,
    -11.0,
    -11.0,
    -11.0,
    -11.0,
    -11.0,
    -11.0,
    -11.0,
    -11.0,
    -11.0,
    -11.0,
    -11.0,
    -11.0,
    -11.0,
    -11.0,
    -11.0,
    -11.0,
    -11.0,
    -11.0,
    -11.0,
    -11.0,
    -11.0,
    -11.0,
    -11.0,
    -11.0,
    -11.0,
    -11.0,
    -11.0,
    -11.0,
    -11.0,
    -11.0,
    -11.0,
    -11.0,
    -11.0,
    -11.0,
    -11.0,
    -11.0,
    -11.0,
    -11.0,
    -11.0,
    -11.0,
    -11.0,
    -11.0,
    -11.0,
    -11.0,
    -11.0,
    -9.0,
    -9.0,
    -9.0,
    -9.0,
    -9.0,
    -9.0,
    -9.0,
    -9.0,
    -8.0,
    -8.0,
    -8.0,
    -8.0,
    -8.0,
    -8.0,
    -8.0,
    -8.0,
    -8.0,
    -8.0,
    -8.0,
    -8.0,
    -8.0,
    -8.0,
    -8.0,
    -8.0,
    -8.0,
    -8.0,
    -8.0,
    -8.0,
    -8.0,
    -8.0,
    -8.0,
    -8.0,
    -8.0,
    -8.0,
    -8.0,
    -8.0,
    -8.0,
    -8.0,
    -8.0,
    -8.0
  ],
  "final_ascii": [
    "LEGEND:",
    "#: wall",
    ".: background",
    "l: rpolice",
    "k: dpolice",
    "j: lpolice",
    "c: crate",
    "@: target, crate",
    "\u1c61: target, dpolice",
    "i: upolice",
    "\u03fc: target, upolice",
    "",
    "MAP:",
    "###############",
    "#.............#",
    "#.............#",
    "#..lkk.k..kj..#",
    "#..lc@\u1c61@\u1c61kcj..#",
    "#...l@@@@icj..#",
    "#..lc@@@\u03fccj...#",
    "#..lc\u03fc\u03fc\u03fc@ji...#",
    "#..li......j..#",
    "#.........lj..#",
    "#.............#",
    "#.............#",
    "###############"
  ]
}