{
  "model": "qwen",
  "game": "atlas shrank",
  "level": 7,
  "run": 3,
  "win": false,
  "action_sequence": [
    3,
    3,
    3,
    3,
    3,
    3,
    3,
    3,
    3,
    3,
    3,
    3,
    3,
    3,
    3,
    3,
    3,
    3,
    2,
    3,
    3,
    3,
    3,
    3,
    3,
    2,
    2,
    2,
    2,
    3,
    2,
    3,
    3,
    3,
    3,
    3,
    3,
    3,
    3,
    3,
    3,
    3,
    3,
    3,
    2,
    3,
    3,
    3,
    3,
    3,
    3,
    3,
    3,
    3,
    3,
    3,
    3,
    3,
    3,
    3,
    3,
    2,
    3,
    2,
    3,
    3,
    3,
    2,
    3,
    2,
    3,
    3,
    3,
    3,
    3,
    3,
    3,
    3,
    3,
    3,
    3,
    3,
    3,
    3,
    2,
    3,
    3,
    3,
    3,
    3,
    3,
    3,
    3,
    3,
    2,
    3,
    3,
    3,
    3,
    3
  ],
  "reward_sequence": [
    -0.009999999776482582,
    -0.009999999776482582,
    -0.009999999776482582,
    -0.009999999776482582,
    -0.009999999776482582,
    -0.009999999776482582,
    -0.009999999776482582,
    -0.009999999776482582,
    -0.009999999776482582,
    -0.009999999776482582,
    -0.009999999776482582,
    -0.009999999776482582,
    -0.009999999776482582,
    -0.009999999776482582,
    -0.009999999776482582,
    -0.009999999776482582,
    -0.009999999776482582,
    -0.009999999776482582,
    0.9900000095367432,
    -0.009999999776482582,
    -0.009999999776482582,
    -0.009999999776482582,
    -0.009999999776482582,
    -0.009999999776482582,
    -0.009999999776482582,
    -0.009999999776482582,
    -0.009999999776482582,
    -0.009999999776482582,
    -0.009999999776482582,
    -0.009999999776482582,
    -0.009999999776482582,
    -0.009999999776482582,
    -0.009999999776482582,
    -0.009999999776482582,
    -0.009999999776482582,
    -0.009999999776482582,
    -0.009999999776482582,
    -0.009999999776482582,
    -0.009999999776482582,
    -0.009999999776482582,
    -0.009999999776482582,
    -0.009999999776482582,
    -0.009999999776482582,
    -0.009999999776482582,
    -0.009999999776482582,
    -0.009999999776482582,
    -0.009999999776482582,
    -0.009999999776482582,
    -0.009999999776482582,
    -0.009999999776482582,
    -0.009999999776482582,
    -0.009999999776482582,
    -0.009999999776482582,
    -0.009999999776482582,
    -0.009999999776482582,
    -0.009999999776482582,
    -0.009999999776482582,
    -0.009999999776482582,
    -0.009999999776482582,
    -0.009999999776482582,
    -0.009999999776482582,
    -0.009999999776482582,
    -0.009999999776482582,
    -0.009999999776482582,
    -0.009999999776482582,
    -0.009999999776482582,
    -0.009999999776482582,
    -0.009999999776482582,
    -0.009999999776482582,
    -0.009999999776482582,
    -0.009999999776482582,
    -0.009999999776482582,
    -0.009999999776482582,
    -0.009999999776482582,
    -0.009999999776482582,
    -0.009999999776482582,
    -0.009999999776482582,
    -0.009999999776482582,
    -0.009999999776482582,
    -0.009999999776482582,
    -0.009999999776482582,
    -0.009999999776482582,
    -0.009999999776482582,
    -0.009999999776482582,
    -0.009999999776482582,
    -0.009999999776482582,
    -0.009999999776482582,
    -0.009999999776482582,
    -0.009999999776482582,
    -0.009999999776482582,
    -0.009999999776482582,
    -0.009999999776482582,
    -0.009999999776482582,
    -0.009999999776482582,
    -0.009999999776482582,
    -0.009999999776482582,
    -0.009999999776482582,
    -0.009999999776482582,
    -0.009999999776482582,
    -0.009999999776482582
  ],
  "initial_ascii": [
    "LEGEND:",
    "#: wallsolo",
    "\u199b: wallu",
    "\u20b1: wallrl",
    "\u27a8: walll",
    "\u124d: wallr",
    ".: background",
    "x: door",
    "\u1253: wallud",
    "*: crate, massive",
    "t: switch",
    "o: exit",
    "\u0535: walld",
    "\u2853: wallm",
    "p: players",
    "",
    "MAP:",
    "#\u199b\u20b1\u20b1\u20b1\u20b1\u20b1\u20b1\u20b1\u20b1\u20b1\u20b1\u20b1\u20b1\u20b1\u20b1\u20b1#",
    "\u27a8\u124d...........x...\u1253",
    "\u27a8\u124d...........x.*.\u1253",
    "\u27a8\u124d.........t#\u20b1\u20b1#.\u1253",
    "\u27a8\u124d..........\u1253....\u1253",
    "\u27a8\u124d..........\u1253....\u1253",
    "\u27a8\u124d...***#\u199b\u20b1\u20b1#.##x#",
    "\u27a8\u124d...***\u27a8\u124d.o..#\u0535#*",
    "\u27a8\u124d...***\u27a8\u2853\u20b1#.....#",
    "\u27a8\u124d.p.***\u27a8\u124d.......\u1253",
    "#\u0535\u20b1\u20b1\u20b1\u20b1\u20b1\u20b1\u0535\u0535\u20b1\u20b1\u20b1\u20b1\u20b1\u20b1\u20b1#"
  ],
  "state_data": {
    "score": 0,
    "win": false,
    "step": 100
  },
  "heuristics": [
    -10.0,
    -10.0,
    -10.0,
    -10.0,
    -10.0,
    -10.0,
    -10.0,
    -10.0,
    -10.0,
    -10.0,
    -10.0,
    -10.0,
    -10.0,
    -10.0,
    -10.0,
    -10.0,
    -10.0,
    -10.0,
    -9.0,
    -9.0,
    -9.0,
    -9.0,
    -9.0,
    -9.0,
    -9.0,
    -9.0,
    -9.0,
    -9.0,
    -9.0,
    -9.0,
    -9.0,
    -9.0,
    -9.0,
    -9.0,
    -9.0,
    -9.0,
    -9.0,
    -9.0,
    -9.0,
    -9.0,
    -9.0,
    -9.0,
    -9.0,
    -9.0,
    -9.0,
    -9.0,
    -9.0,
    -9.0,
    -9.0,
    -9.0,
    -9.0,
    -9.0,
    -9.0,
    -9.0,
    -9.0,
    -9.0,
    -9.0,
    -9.0,
    -9.0,
    -9.0,
    -9.0,
    -9.0,
    -9.0,
    -9.0,
    -9.0,
    -9.0,
    -9.0,
    -9.0,
    -9.0,
    -9.0,
    -9.0,
    -9.0,
    -9.0,
    -9.0,
    -9.0,
    -9.0,
    -9.0,
    -9.0,
    -9.0,
    -9.0,
    -9.0,
    -9.0,
    -9.0,
    -9.0,
    -9.0,
    -9.0,
    -9.0,
    -9.0,
    -9.0,
    -9.0,
    -9.0,
    -9.0,
    -9.0,
    -9.0,
    -9.0,
    -9.0,
    -9.0,
    -9.0,
    -9.0,
    -9.0
  ],
  "final_ascii": [
    "LEGEND:",
    "#: wallsolo",
    "\u199b: wallu",
    "\u20b1: wallrl",
    "\u27a8: walll",
    "\u124d: wallr",
    ".: background",
    "x: door",
    "\u1253: wallud",
    "*: crate, massive",
    "t: switch",
    "o: exit",
    "\u0535: walld",
    "\u2853: wallm",
    "\u080a: playerr",
    "",
    "MAP:",
    "#\u199b\u20b1\u20b1\u20b1\u20b1\u20b1\u20b1\u20b1\u20b1\u20b1\u20b1\u20b1\u20b1\u20b1\u20b1\u20b1#",
    "\u27a8\u124d...........x...\u1253",
    "\u27a8\u124d...........x.*.\u1253",
    "\u27a8\u124d.........t#\u20b1\u20b1#.\u1253",
    "\u27a8\u124d..........\u1253....\u1253",
    "\u27a8\u124d..........\u1253....\u1253",
    "\u27a8\u124d...***#\u199b\u20b1\u20b1#.##x#",
    "\u27a8\u124d...***\u27a8\u124d.o..#\u0535#*",
    "\u27a8\u124d...***\u27a8\u2853\u20b1#.....#",
    "\u27a8\u124d..\u080a***\u27a8\u124d.......\u1253",
    "#\u0535\u20b1\u20b1\u20b1\u20b1\u20b1\u20b1\u0535\u0535\u20b1\u20b1\u20b1\u20b1\u20b1\u20b1\u20b1#"
  ]
}