{
  "model": "qwen",
  "game": "kettle",
  "level": 6,
  "run": 3,
  "win": false,
  "action_sequence": [
    0,
    0,
    1,
    2,
    3,
    3,
    1,
    0,
    3,
    1,
    2,
    2,
    1,
    2,
    2,
    3,
    2,
    0,
    0,
    1,
    1,
    0,
    2,
    1,
    1,
    2,
    1,
    1,
    1,
    2,
    0,
    0,
    2,
    2,
    2,
    1,
    2,
    1,
    3,
    1,
    2,
    1,
    3,
    1,
    1,
    2,
    2,
    0,
    0,
    1,
    2,
    2,
    0,
    0,
    2,
    2,
    2,
    2,
    2,
    1,
    0,
    2,
    1,
    1,
    2,
    0,
    2,
    1,
    1,
    2,
    0,
    2,
    1,
    2,
    1,
    2,
    2,
    3,
    1,
    0,
    2,
    2,
    1,
    1,
    1,
    1,
    1,
    1,
    3,
    1,
    1,
    2,
    0,
    1,
    2,
    2,
    1,
    2,
    2,
    0
  ],
  "reward_sequence": [
    3.990000009536743,
    3.990000009536743,
    2.990000009536743,
    3.990000009536743,
    5.989999771118164,
    2.990000009536743,
    -0.009999999776482582,
    -0.009999999776482582,
    -0.009999999776482582,
    -0.009999999776482582,
    -0.009999999776482582,
    -0.009999999776482582,
    -0.009999999776482582,
    -0.009999999776482582,
    -0.009999999776482582,
    -0.009999999776482582,
    -0.009999999776482582,
    -0.009999999776482582,
    -0.009999999776482582,
    -0.009999999776482582,
    -0.009999999776482582,
    -0.009999999776482582,
    -0.009999999776482582,
    -0.009999999776482582,
    -0.009999999776482582,
    -0.009999999776482582,
    -0.009999999776482582,
    -0.009999999776482582,
    -0.009999999776482582,
    -0.009999999776482582,
    -0.009999999776482582,
    -0.009999999776482582,
    -0.009999999776482582,
    -0.009999999776482582,
    -0.009999999776482582,
    -0.009999999776482582,
    -0.009999999776482582,
    -0.009999999776482582,
    -0.009999999776482582,
    -0.009999999776482582,
    -0.009999999776482582,
    -0.009999999776482582,
    -0.009999999776482582,
    -0.009999999776482582,
    -0.009999999776482582,
    -0.009999999776482582,
    -0.009999999776482582,
    -0.009999999776482582,
    -0.009999999776482582,
    -0.009999999776482582,
    -0.009999999776482582,
    -0.009999999776482582,
    -0.009999999776482582,
    -0.009999999776482582,
    -0.009999999776482582,
    -0.009999999776482582,
    -0.009999999776482582,
    -0.009999999776482582,
    -0.009999999776482582,
    -0.009999999776482582,
    -0.009999999776482582,
    -0.009999999776482582,
    -0.009999999776482582,
    -0.009999999776482582,
    -0.009999999776482582,
    -0.009999999776482582,
    -0.009999999776482582,
    -0.009999999776482582,
    -0.009999999776482582,
    -0.009999999776482582,
    -0.009999999776482582,
    -0.009999999776482582,
    -0.009999999776482582,
    -0.009999999776482582,
    -0.009999999776482582,
    -0.009999999776482582,
    -0.009999999776482582,
    -0.009999999776482582,
    -0.009999999776482582,
    -0.009999999776482582,
    -0.009999999776482582,
    -0.009999999776482582,
    -0.009999999776482582,
    -0.009999999776482582,
    -0.009999999776482582,
    -0.009999999776482582,
    -0.009999999776482582,
    -0.009999999776482582,
    -0.009999999776482582,
    -0.009999999776482582,
    -0.009999999776482582,
    -0.009999999776482582,
    -0.009999999776482582,
    -0.009999999776482582,
    -0.009999999776482582,
    -0.009999999776482582,
    -0.009999999776482582,
    -0.009999999776482582,
    -0.009999999776482582,
    -0.009999999776482582
  ],
  "initial_ascii": [
    "LEGEND:",
    "#: wall",
    ".: background",
    "k: dpolice",
    "l: rpolice",
    "c: crate",
    "j: lpolice",
    "t: target",
    "@: target, crate",
    "i: upolice",
    "",
    "MAP:",
    "###############",
    "#.............#",
    "#...kkkkkkk...#",
    "#..l..cc.cj...#",
    "#..l.tttt.j...#",
    "#..lc@t@t.j...#",
    "#..lcttttcj...#",
    "#..l.@@tt.j...#",
    "#..lc....cj...#",
    "#..lcc.c.cj...#",
    "#...iiiiiii...#",
    "#.............#",
    "###############"
  ],
  "state_data": {
    "score": 15,
    "win": false,
    "step": 100
  },
  "heuristics": [
    -21.0,
    -17.0,
    -14.0,
    -10.0,
    -4.0,
    -1.0,
    -1.0,
    -1.0,
    -1.0,
    -1.0,
    -1.0,
    -1.0,
    -1.0,
    -1.0,
    -1.0,
    -1.0,
    -1.0,
    -1.0,
    -1.0,
    -1.0,
    -1.0,
    -1.0,
    -1.0,
    -1.0,
    -1.0,
    -1.0,
    -1.0,
    -1.0,
    -1.0,
    -1.0,
    -1.0,
    -1.0,
    -1.0,
    -1.0,
    -1.0,
    -1.0,
    -1.0,
    -1.0,
    -1.0,
    -1.0,
    -1.0,
    -1.0,
    -1.0,
    -1.0,
    -1.0,
    -1.0,
    -1.0,
    -1.0,
    -1.0,
    -1.0,
    -1.0,
    -1.0,
    -1.0,
    -1.0,
    -1.0,
    -1.0,
    -1.0,
    -1.0,
    -1.0,
    -1.0,
    -1.0,
    -1.0,
    -1.0,
    -1.0,
    -1.0,
    -1.0,
    -1.0,
    -1.0,
    -1.0,
    -1.0,
    -1.0,
    -1.0,
    -1.0,
    -1.0,
    -1.0,
    -1.0,
    -1.0,
    -1.0,
    -1.0,
    -1.0,
    -1.0,
    -1.0,
    -1.0,
    -1.0,
    -1.0,
    -1.0,
    -1.0,
    -1.0,
    -1.0,
    -1.0,
    -1.0,
    -1.0,
    -1.0,
    -1.0,
    -1.0,
    -1.0,
    -1.0,
    -1.0,
    -1.0,
    -1.0
  ],
  "final_ascii": [
    "LEGEND:",
    "#: wall",
    ".: background",
    "k: dpolice",
    "l: rpolice",
    "j: lpolice",
    "@: target, crate",
    "\u299c: target, dpolice",
    "i: upolice",
    "c: crate",
    "",
    "MAP:",
    "###############",
    "#.............#",
    "#........k....#",
    "#..lkkk.kj....#",
    "#...l@@\u299c@j....#",
    "#...l@@@@j....#",
    "#...l@@@@jk...#",
    "#...l@@@@ji...#",
    "#...lciiij....#",
    "#...lij..i....#",
    "#...i.........#",
    "#.............#",
    "###############"
  ]
}