{
  "model": "qwen",
  "game": "atlas shrank",
  "level": 6,
  "run": 10,
  "win": false,
  "action_sequence": [
    3,
    2,
    3,
    2,
    3,
    3,
    3,
    3,
    3,
    3,
    2,
    3,
    3,
    3,
    3,
    3,
    3,
    3,
    3,
    3,
    3,
    3,
    3,
    3,
    3,
    3,
    3,
    3,
    3,
    3,
    2,
    3,
    3,
    3,
    2,
    3,
    3,
    3,
    3,
    3,
    3,
    3,
    3,
    3,
    3,
    3,
    3,
    3,
    3,
    3,
    3,
    3,
    3,
    3,
    3,
    3,
    3,
    3,
    3,
    2,
    3,
    3,
    3,
    2,
    3,
    3,
    3,
    3,
    3,
    3,
    3,
    3,
    3,
    3,
    3,
    3,
    3,
    3,
    3,
    3,
    3,
    3,
    3,
    3,
    3,
    3,
    3,
    3,
    3,
    2,
    3,
    3,
    3,
    3,
    3,
    3,
    3,
    3,
    3,
    3
  ],
  "reward_sequence": [
    -0.009999999776482582,
    0.9900000095367432,
    -0.009999999776482582,
    0.9900000095367432,
    -0.009999999776482582,
    -0.009999999776482582,
    -0.009999999776482582,
    -0.009999999776482582,
    -0.009999999776482582,
    -0.009999999776482582,
    -0.009999999776482582,
    -0.009999999776482582,
    -0.009999999776482582,
    -0.009999999776482582,
    -0.009999999776482582,
    -0.009999999776482582,
    -0.009999999776482582,
    -0.009999999776482582,
    -0.009999999776482582,
    -0.009999999776482582,
    -0.009999999776482582,
    -0.009999999776482582,
    -0.009999999776482582,
    -0.009999999776482582,
    -0.009999999776482582,
    -0.009999999776482582,
    -0.009999999776482582,
    -0.009999999776482582,
    -0.009999999776482582,
    -0.009999999776482582,
    -0.009999999776482582,
    -0.009999999776482582,
    -0.009999999776482582,
    -0.009999999776482582,
    -0.009999999776482582,
    -0.009999999776482582,
    -0.009999999776482582,
    -0.009999999776482582,
    -0.009999999776482582,
    -0.009999999776482582,
    -0.009999999776482582,
    -0.009999999776482582,
    -0.009999999776482582,
    -0.009999999776482582,
    -0.009999999776482582,
    -0.009999999776482582,
    -0.009999999776482582,
    -0.009999999776482582,
    -0.009999999776482582,
    -0.009999999776482582,
    -0.009999999776482582,
    -0.009999999776482582,
    -0.009999999776482582,
    -0.009999999776482582,
    -0.009999999776482582,
    -0.009999999776482582,
    -0.009999999776482582,
    -0.009999999776482582,
    -0.009999999776482582,
    -0.009999999776482582,
    -0.009999999776482582,
    -0.009999999776482582,
    -0.009999999776482582,
    -0.009999999776482582,
    -0.009999999776482582,
    -0.009999999776482582,
    -0.009999999776482582,
    -0.009999999776482582,
    -0.009999999776482582,
    -0.009999999776482582,
    -0.009999999776482582,
    -0.009999999776482582,
    -0.009999999776482582,
    -0.009999999776482582,
    -0.009999999776482582,
    -0.009999999776482582,
    -0.009999999776482582,
    -0.009999999776482582,
    -0.009999999776482582,
    -0.009999999776482582,
    -0.009999999776482582,
    -0.009999999776482582,
    -0.009999999776482582,
    -0.009999999776482582,
    -0.009999999776482582,
    -0.009999999776482582,
    -0.009999999776482582,
    -0.009999999776482582,
    -0.009999999776482582,
    -0.009999999776482582,
    -0.009999999776482582,
    -0.009999999776482582,
    -0.009999999776482582,
    -0.009999999776482582,
    -0.009999999776482582,
    -0.009999999776482582,
    -0.009999999776482582,
    -0.009999999776482582,
    -0.009999999776482582,
    -0.009999999776482582
  ],
  "initial_ascii": [
    "LEGEND:",
    "#: wallsolo",
    "\u1582: wallrl",
    "\u2a37: wallud",
    ".: background",
    "*: crate, massive",
    "@: crate, switch, massive",
    "t: switch",
    "p: players",
    "x: door",
    "\u2953: wallr",
    "\u26b0: walll",
    "\u2507: walld",
    "\u1e39: wallm",
    "\u0da6: wallu",
    "o: exit",
    "",
    "MAP:",
    "#\u1582\u1582\u1582\u1582\u1582\u1582\u1582\u1582\u1582\u1582\u1582\u1582\u1582\u1582\u1582\u1582#",
    "\u2a37............*...\u2a37",
    "\u2a37..@......*.t@p..\u2a37",
    "\u2a37xxx#xxxxxxxxxxx#\u2953",
    "\u2a37.#.\u2a37...........\u26b0\u2953",
    "\u2a37.\u2a37.\u2a37.#.#.#.#.#.\u26b0\u2953",
    "\u2a37.#.\u2a37.\u2a37.\u2a37.\u2a37.\u2a37.\u2a37.\u26b0\u2953",
    "\u2a37...#\u1582\u2507\u1582\u2507\u1582\u2507\u1582#.#\u1582\u2507\u2953",
    "\u26b0#....*x.....*...\u2a37",
    "\u26b0\u1e39#...##....#\u0da6#.o\u2a37",
    "#\u2507\u2507\u1582\u1582\u1582\u2507\u2507\u1582\u1582\u1582\u1582\u2507\u2507\u2507\u1582\u1582#"
  ],
  "state_data": {
    "score": 0,
    "win": false,
    "step": 100
  },
  "heuristics": [
    -9.0,
    -8.0,
    -8.0,
    -7.0,
    -7.0,
    -7.0,
    -7.0,
    -7.0,
    -7.0,
    -7.0,
    -7.0,
    -7.0,
    -7.0,
    -7.0,
    -7.0,
    -7.0,
    -7.0,
    -7.0,
    -7.0,
    -7.0,
    -7.0,
    -7.0,
    -7.0,
    -7.0,
    -7.0,
    -7.0,
    -7.0,
    -7.0,
    -7.0,
    -7.0,
    -7.0,
    -7.0,
    -7.0,
    -7.0,
    -7.0,
    -7.0,
    -7.0,
    -7.0,
    -7.0,
    -7.0,
    -7.0,
    -7.0,
    -7.0,
    -7.0,
    -7.0,
    -7.0,
    -7.0,
    -7.0,
    -7.0,
    -7.0,
    -7.0,
    -7.0,
    -7.0,
    -7.0,
    -7.0,
    -7.0,
    -7.0,
    -7.0,
    -7.0,
    -7.0,
    -7.0,
    -7.0,
    -7.0,
    -7.0,
    -7.0,
    -7.0,
    -7.0,
    -7.0,
    -7.0,
    -7.0,
    -7.0,
    -7.0,
    -7.0,
    -7.0,
    -7.0,
    -7.0,
    -7.0,
    -7.0,
    -7.0,
    -7.0,
    -7.0,
    -7.0,
    -7.0,
    -7.0,
    -7.0,
    -7.0,
    -7.0,
    -7.0,
    -7.0,
    -7.0,
    -7.0,
    -7.0,
    -7.0,
    -7.0,
    -7.0,
    -7.0,
    -7.0,
    -7.0,
    -7.0,
    -7.0
  ],
  "final_ascii": [
    "LEGEND:",
    "#: wallsolo",
    "\u1582: wallrl",
    "\u2a37: wallud",
    ".: background",
    "*: crate, massive",
    "@: crate, switch, massive",
    "t: switch",
    "\u0396: playerr",
    "x: door",
    "\u2953: wallr",
    "\u26b0: walll",
    "\u2507: walld",
    "\u1e39: wallm",
    "\u0da6: wallu",
    "o: exit",
    "",
    "MAP:",
    "#\u1582\u1582\u1582\u1582\u1582\u1582\u1582\u1582\u1582\u1582\u1582\u1582\u1582\u1582\u1582\u1582#",
    "\u2a37............*...\u2a37",
    "\u2a37..@......*.t@..\u0396\u2a37",
    "\u2a37xxx#xxxxxxxxxxx#\u2953",
    "\u2a37.#.\u2a37...........\u26b0\u2953",
    "\u2a37.\u2a37.\u2a37.#.#.#.#.#.\u26b0\u2953",
    "\u2a37.#.\u2a37.\u2a37.\u2a37.\u2a37.\u2a37.\u2a37.\u26b0\u2953",
    "\u2a37...#\u1582\u2507\u1582\u2507\u1582\u2507\u1582#.#\u1582\u2507\u2953",
    "\u26b0#....*x.....*...\u2a37",
    "\u26b0\u1e39#...##....#\u0da6#.o\u2a37",
    "#\u2507\u2507\u1582\u1582\u1582\u2507\u2507\u1582\u1582\u1582\u1582\u2507\u2507\u2507\u1582\u1582#"
  ]
}