{
  "model": "qwen",
  "game": "kettle",
  "level": 10,
  "run": 10,
  "win": false,
  "action_sequence": [
    0,
    0,
    3,
    2,
    1,
    2,
    0,
    3,
    2,
    1,
    0,
    3,
    1,
    1,
    3,
    2,
    1,
    3,
    1,
    1,
    2,
    1,
    0,
    3,
    1,
    3,
    1,
    1,
    3,
    3,
    2,
    2,
    3,
    0,
    1,
    2,
    3,
    3,
    2,
    2,
    2,
    3,
    3,
    0,
    3,
    3,
    2,
    3,
    3,
    3,
    3,
    3,
    3,
    3,
    0,
    3,
    3,
    0,
    1,
    2,
    0,
    3,
    3,
    3,
    3,
    3,
    2,
    0,
    3,
    3,
    3,
    2,
    3,
    3,
    3,
    2,
    2,
    1,
    2,
    3,
    2,
    2,
    3,
    3,
    3,
    2,
    3,
    3,
    2,
    0,
    2,
    3,
    3,
    2,
    2,
    3,
    3,
    1,
    3,
    3
  ],
  "reward_sequence": [
    4.989999771118164,
    4.989999771118164,
    8.989999771118164,
    7.989999771118164,
    6.989999771118164,
    5.989999771118164,
    4.989999771118164,
    8.989999771118164,
    -0.009999999776482582,
    2.990000009536743,
    -0.009999999776482582,
    -0.009999999776482582,
    -0.009999999776482582,
    -0.009999999776482582,
    -0.009999999776482582,
    -0.009999999776482582,
    -0.009999999776482582,
    -0.009999999776482582,
    -0.009999999776482582,
    -0.009999999776482582,
    -0.009999999776482582,
    -0.009999999776482582,
    -0.009999999776482582,
    -0.009999999776482582,
    -0.009999999776482582,
    -0.009999999776482582,
    -0.009999999776482582,
    -0.009999999776482582,
    -0.009999999776482582,
    -0.009999999776482582,
    -0.009999999776482582,
    -0.009999999776482582,
    -0.009999999776482582,
    -0.009999999776482582,
    -0.009999999776482582,
    -0.009999999776482582,
    -0.009999999776482582,
    -0.009999999776482582,
    -0.009999999776482582,
    -0.009999999776482582,
    -0.009999999776482582,
    -0.009999999776482582,
    -0.009999999776482582,
    -0.009999999776482582,
    -0.009999999776482582,
    -0.009999999776482582,
    -0.009999999776482582,
    -0.009999999776482582,
    -0.009999999776482582,
    -0.009999999776482582,
    -0.009999999776482582,
    -0.009999999776482582,
    -0.009999999776482582,
    -0.009999999776482582,
    -0.009999999776482582,
    -0.009999999776482582,
    -0.009999999776482582,
    -0.009999999776482582,
    -0.009999999776482582,
    -0.009999999776482582,
    -0.009999999776482582,
    -0.009999999776482582,
    -0.009999999776482582,
    -0.009999999776482582,
    -0.009999999776482582,
    -0.009999999776482582,
    -0.009999999776482582,
    -0.009999999776482582,
    -0.009999999776482582,
    -0.009999999776482582,
    -0.009999999776482582,
    -0.009999999776482582,
    -0.009999999776482582,
    -0.009999999776482582,
    -0.009999999776482582,
    -0.009999999776482582,
    -0.009999999776482582,
    -0.009999999776482582,
    -0.009999999776482582,
    -0.009999999776482582,
    -0.009999999776482582,
    -0.009999999776482582,
    -0.009999999776482582,
    -0.009999999776482582,
    -0.009999999776482582,
    -0.009999999776482582,
    -0.009999999776482582,
    -0.009999999776482582,
    -0.009999999776482582,
    -0.009999999776482582,
    -0.009999999776482582,
    -0.009999999776482582,
    -0.009999999776482582,
    -0.009999999776482582,
    -0.009999999776482582,
    -0.009999999776482582,
    -0.009999999776482582,
    -0.009999999776482582,
    -0.009999999776482582,
    -0.009999999776482582
  ],
  "initial_ascii": [
    "LEGEND:",
    "#: wall",
    ".: background",
    "k: dpolice",
    "l: rpolice",
    "c: crate",
    "j: lpolice",
    "@: target, crate",
    "t: target",
    "i: upolice",
    "",
    "MAP:",
    "###############",
    "#.kkkkkkkkkkk.#",
    "#lccc.c.c..cj.#",
    "#l....c.....j.#",
    "#lc.@ttttt..j.#",
    "#l..@ttt@t..j.#",
    "#l..t@@ttt.cj.#",
    "#lc.@tt@@t.cj.#",
    "#l..@@t@@t..j.#",
    "#l..t@t@tt.cj.#",
    "#lc..c......j.#",
    "#lc....c....j.#",
    "#lcc.c.c.c.cj.#",
    "#.iiiiiiiiiii.#",
    "###############"
  ],
  "state_data": {
    "score": 27,
    "win": false,
    "step": 100
  },
  "heuristics": [
    -61.0,
    -56.0,
    -47.0,
    -39.0,
    -32.0,
    -26.0,
    -21.0,
    -12.0,
    -12.0,
    -9.0,
    -9.0,
    -9.0,
    -9.0,
    -9.0,
    -9.0,
    -9.0,
    -9.0,
    -9.0,
    -9.0,
    -9.0,
    -9.0,
    -9.0,
    -9.0,
    -9.0,
    -9.0,
    -9.0,
    -9.0,
    -9.0,
    -9.0,
    -9.0,
    -9.0,
    -9.0,
    -9.0,
    -9.0,
    -9.0,
    -9.0,
    -9.0,
    -9.0,
    -9.0,
    -9.0,
    -9.0,
    -9.0,
    -9.0,
    -9.0,
    -9.0,
    -9.0,
    -9.0,
    -9.0,
    -9.0,
    -9.0,
    -9.0,
    -9.0,
    -9.0,
    -9.0,
    -9.0,
    -9.0,
    -9.0,
    -9.0,
    -9.0,
    -9.0,
    -9.0,
    -9.0,
    -9.0,
    -9.0,
    -9.0,
    -9.0,
    -9.0,
    -9.0,
    -9.0,
    -9.0,
    -9.0,
    -9.0,
    -9.0,
    -9.0,
    -9.0,
    -9.0,
    -9.0,
    -9.0,
    -9.0,
    -9.0,
    -9.0,
    -9.0,
    -9.0,
    -9.0,
    -9.0,
    -9.0,
    -9.0,
    -9.0,
    -9.0,
    -9.0,
    -9.0,
    -9.0,
    -9.0,
    -9.0,
    -9.0,
    -9.0,
    -9.0,
    -9.0,
    -9.0,
    -9.0
  ],
  "final_ascii": [
    "LEGEND:",
    "#: wall",
    ".: background",
    "k: dpolice",
    "l: rpolice",
    "j: lpolice",
    "i: upolice",
    "c: crate",
    "\u0439: target, rpolice",
    "@: target, crate",
    "\u1627: target, lpolice",
    "",
    "MAP:",
    "###############",
    "#.k........k..#",
    "#.lkkkk...kj..#",
    "#.ilccckkkj...#",
    "#...\u0439@@@@@j...#",
    "#...\u0439@@@@\u1627....#",
    "#...\u0439@@@@@j...#",
    "#...\u0439@@@@@j.k.#",
    "#...\u0439@@@@\u1627..i.#",
    "#...\u0439@@@@\u1627....#",
    "#..lccccccj...#",
    "#..liiiiiij...#",
    "#.li......ij..#",
    "#..........i..#",
    "###############"
  ]
}