{
  "model": "qwen",
  "game": "atlas shrank",
  "level": 4,
  "run": 4,
  "win": false,
  "action_sequence": [
    2,
    2,
    2,
    2,
    2,
    2,
    2,
    2,
    2,
    2,
    2,
    2,
    2,
    2,
    2,
    2,
    2,
    2,
    3,
    2,
    2,
    2,
    3,
    2,
    2,
    2,
    2,
    2,
    2,
    2,
    2,
    2,
    2,
    2,
    2,
    2,
    2,
    3,
    2,
    2,
    2,
    2,
    2,
    2,
    2,
    2,
    2,
    3,
    2,
    2,
    2,
    2,
    2,
    3,
    2,
    2,
    2,
    2,
    2,
    2,
    2,
    2,
    2,
    2,
    2,
    2,
    2,
    2,
    2,
    2,
    2,
    2,
    2,
    2,
    2,
    3,
    2,
    2,
    2,
    2,
    2,
    2,
    2,
    2,
    2,
    2,
    2,
    2,
    2,
    2,
    2,
    2,
    3,
    2,
    2,
    2,
    2,
    2,
    2,
    2
  ],
  "reward_sequence": [
    0.9900000095367432,
    0.9900000095367432,
    -0.009999999776482582,
    -0.009999999776482582,
    -0.009999999776482582,
    -0.009999999776482582,
    -0.009999999776482582,
    -0.009999999776482582,
    -0.009999999776482582,
    -0.009999999776482582,
    -0.009999999776482582,
    -0.009999999776482582,
    -0.009999999776482582,
    -0.009999999776482582,
    -0.009999999776482582,
    -0.009999999776482582,
    -0.009999999776482582,
    -0.009999999776482582,
    -0.009999999776482582,
    -0.009999999776482582,
    -0.009999999776482582,
    -0.009999999776482582,
    -0.009999999776482582,
    -0.009999999776482582,
    -0.009999999776482582,
    -0.009999999776482582,
    -0.009999999776482582,
    -0.009999999776482582,
    -0.009999999776482582,
    -0.009999999776482582,
    -0.009999999776482582,
    -0.009999999776482582,
    -0.009999999776482582,
    -0.009999999776482582,
    -0.009999999776482582,
    -0.009999999776482582,
    -0.009999999776482582,
    -0.009999999776482582,
    -0.009999999776482582,
    -0.009999999776482582,
    -0.009999999776482582,
    -0.009999999776482582,
    -0.009999999776482582,
    -0.009999999776482582,
    -0.009999999776482582,
    -0.009999999776482582,
    -0.009999999776482582,
    -0.009999999776482582,
    -0.009999999776482582,
    -0.009999999776482582,
    -0.009999999776482582,
    -0.009999999776482582,
    -0.009999999776482582,
    -0.009999999776482582,
    -0.009999999776482582,
    -0.009999999776482582,
    -0.009999999776482582,
    -0.009999999776482582,
    -0.009999999776482582,
    -0.009999999776482582,
    -0.009999999776482582,
    -0.009999999776482582,
    -0.009999999776482582,
    -0.009999999776482582,
    -0.009999999776482582,
    -0.009999999776482582,
    -0.009999999776482582,
    -0.009999999776482582,
    -0.009999999776482582,
    -0.009999999776482582,
    -0.009999999776482582,
    -0.009999999776482582,
    -0.009999999776482582,
    -0.009999999776482582,
    -0.009999999776482582,
    -0.009999999776482582,
    -0.009999999776482582,
    -0.009999999776482582,
    -0.009999999776482582,
    -0.009999999776482582,
    -0.009999999776482582,
    -0.009999999776482582,
    -0.009999999776482582,
    -0.009999999776482582,
    -0.009999999776482582,
    -0.009999999776482582,
    -0.009999999776482582,
    -0.009999999776482582,
    -0.009999999776482582,
    -0.009999999776482582,
    -0.009999999776482582,
    -0.009999999776482582,
    -0.009999999776482582,
    -0.009999999776482582,
    -0.009999999776482582,
    -0.009999999776482582,
    -0.009999999776482582,
    -0.009999999776482582,
    -0.009999999776482582,
    -0.009999999776482582
  ],
  "initial_ascii": [
    "LEGEND:",
    "*: crate, massive",
    "#: wallsolo",
    "\u1340: wallu",
    "\u00bf: wallrl",
    "\u040b: wallr",
    ".: background",
    "\u1065: wallud",
    "\u026c: walll",
    "o: exit",
    "\u2ac8: wallm",
    "\u048b: walld",
    "x: door",
    "\u13eb: playerr",
    "t: switch",
    "",
    "MAP:",
    "*#\u1340\u1340\u00bf#*#\u1340\u00bf\u00bf\u00bf\u1340\u00bf\u00bf\u00bf\u00bf#",
    "#*#\u040b.##.#...#....\u1065",
    "\u026c#.#..\u1065..........\u1065",
    "\u1065.....#*........o\u1065",
    "\u1065......#\u00bf#.....#\u1340\u040b",
    "\u1065.........#....\u026c\u2ac8\u040b",
    "\u1065......*..*....\u026c\u2ac8\u040b",
    "\u1065....#\u00bf\u00bf\u00bf\u00bf\u00bf\u00bf\u00bf\u00bf\u00bf\u048b\u048b\u040b",
    "\u1065...#............\u1065",
    "\u1065**..............\u1065",
    "#\u00bf\u00bf\u00bf#...#\u1340\u1340\u1340\u1340\u1340\u1340\u1340\u1340\u040b",
    "****.#..#\u2ac8\u2ac8\u2ac8\u2ac8\u2ac8\u2ac8\u2ac8\u2ac8\u040b",
    "****..#..#\u048b\u048b\u2ac8\u2ac8\u2ac8\u2ac8\u2ac8\u040b",
    "****...#....#\u048b\u048b\u048b\u048b\u040b",
    "****....#.......*\u1065",
    "*#\u00bf#....\u026c#......*\u1065",
    "*.....#\u1340\u2ac8\u2ac8#...#\u1340\u1340\u040b",
    "#......#\u048b#....\u026c\u2ac8\u2ac8\u040b",
    "*.......x..#\u1340\u1340\u2ac8\u2ac8\u2ac8\u040b",
    "##.#....x.#\u2ac8\u2ac8\u2ac8\u2ac8\u2ac8\u2ac8\u040b",
    "..\u13eb*.*ttx#\u2ac8\u2ac8\u2ac8\u2ac8\u2ac8\u2ac8\u2ac8\u040b",
    "#\u00bf\u00bf\u00bf\u00bf\u00bf\u00bf\u00bf\u00bf\u048b\u048b\u048b\u048b\u048b\u048b\u048b\u048b#"
  ],
  "state_data": {
    "score": 0,
    "win": false,
    "step": 100
  },
  "heuristics": [
    -31.0,
    -30.0,
    -30.0,
    -30.0,
    -30.0,
    -30.0,
    -30.0,
    -30.0,
    -30.0,
    -30.0,
    -30.0,
    -30.0,
    -30.0,
    -30.0,
    -30.0,
    -30.0,
    -30.0,
    -30.0,
    -30.0,
    -30.0,
    -30.0,
    -30.0,
    -30.0,
    -30.0,
    -30.0,
    -30.0,
    -30.0,
    -30.0,
    -30.0,
    -30.0,
    -30.0,
    -30.0,
    -30.0,
    -30.0,
    -30.0,
    -30.0,
    -30.0,
    -30.0,
    -30.0,
    -30.0,
    -30.0,
    -30.0,
    -30.0,
    -30.0,
    -30.0,
    -30.0,
    -30.0,
    -30.0,
    -30.0,
    -30.0,
    -30.0,
    -30.0,
    -30.0,
    -30.0,
    -30.0,
    -30.0,
    -30.0,
    -30.0,
    -30.0,
    -30.0,
    -30.0,
    -30.0,
    -30.0,
    -30.0,
    -30.0,
    -30.0,
    -30.0,
    -30.0,
    -30.0,
    -30.0,
    -30.0,
    -30.0,
    -30.0,
    -30.0,
    -30.0,
    -30.0,
    -30.0,
    -30.0,
    -30.0,
    -30.0,
    -30.0,
    -30.0,
    -30.0,
    -30.0,
    -30.0,
    -30.0,
    -30.0,
    -30.0,
    -30.0,
    -30.0,
    -30.0,
    -30.0,
    -30.0,
    -30.0,
    -30.0,
    -30.0,
    -30.0,
    -30.0,
    -30.0,
    -30.0
  ],
  "final_ascii": [
    "LEGEND:",
    "*: crate, massive",
    "#: wallsolo",
    "\u1340: wallu",
    "\u00bf: wallrl",
    "\u040b: wallr",
    ".: background",
    "\u1065: wallud",
    "\u026c: walll",
    "o: exit",
    "\u2ac8: wallm",
    "\u048b: walld",
    "x: door",
    "\u13eb: playerr",
    "t: switch",
    "",
    "MAP:",
    "*#\u1340\u1340\u00bf#*#\u1340\u00bf\u00bf\u00bf\u1340\u00bf\u00bf\u00bf\u00bf#",
    "#*#\u040b.##.#...#....\u1065",
    "\u026c#.#..\u1065..........\u1065",
    "\u1065.....#*........o\u1065",
    "\u1065......#\u00bf#.....#\u1340\u040b",
    "\u1065.........#....\u026c\u2ac8\u040b",
    "\u1065......*..*....\u026c\u2ac8\u040b",
    "\u1065....#\u00bf\u00bf\u00bf\u00bf\u00bf\u00bf\u00bf\u00bf\u00bf\u048b\u048b\u040b",
    "\u1065...#............\u1065",
    "\u1065**..............\u1065",
    "#\u00bf\u00bf\u00bf#...#\u1340\u1340\u1340\u1340\u1340\u1340\u1340\u1340\u040b",
    "****.#..#\u2ac8\u2ac8\u2ac8\u2ac8\u2ac8\u2ac8\u2ac8\u2ac8\u040b",
    "****..#..#\u048b\u048b\u2ac8\u2ac8\u2ac8\u2ac8\u2ac8\u040b",
    "****...#....#\u048b\u048b\u048b\u048b\u040b",
    "****....#.......*\u1065",
    "*#\u00bf#....\u026c#......*\u1065",
    "*.....#\u1340\u2ac8\u2ac8#...#\u1340\u1340\u040b",
    "#......#\u048b#....\u026c\u2ac8\u2ac8\u040b",
    "*.......x..#\u1340\u1340\u2ac8\u2ac8\u2ac8\u040b",
    "##.#....x.#\u2ac8\u2ac8\u2ac8\u2ac8\u2ac8\u2ac8\u040b",
    "...\u13eb**ttx#\u2ac8\u2ac8\u2ac8\u2ac8\u2ac8\u2ac8\u2ac8\u040b",
    "#\u00bf\u00bf\u00bf\u00bf\u00bf\u00bf\u00bf\u00bf\u048b\u048b\u048b\u048b\u048b\u048b\u048b\u048b#"
  ]
}