{
  "model": "qwen",
  "game": "atlas shrank",
  "level": 3,
  "run": 4,
  "win": false,
  "action_sequence": [
    2,
    3,
    3,
    2,
    2,
    2,
    2,
    2,
    2,
    3,
    3,
    2,
    2,
    2,
    2,
    2,
    3,
    2,
    2,
    2,
    2,
    2,
    2,
    2,
    2,
    2,
    2,
    3,
    2,
    2,
    3,
    2,
    2,
    2,
    2,
    2,
    2,
    2,
    2,
    2,
    2,
    2,
    2,
    2,
    2,
    2,
    3,
    2,
    2,
    3,
    2,
    2,
    2,
    2,
    2,
    2,
    3,
    2,
    2,
    2,
    2,
    2,
    2,
    2,
    2,
    2,
    2,
    2,
    2,
    2,
    2,
    2,
    2,
    2,
    3,
    3,
    2,
    2,
    2,
    2,
    2,
    2,
    2,
    2,
    2,
    2,
    3,
    2,
    2,
    2,
    2,
    2,
    2,
    2,
    3,
    2,
    2,
    2,
    2,
    2
  ],
  "reward_sequence": [
    -1.0099999904632568,
    -0.009999999776482582,
    -0.009999999776482582,
    -0.009999999776482582,
    -0.009999999776482582,
    -0.009999999776482582,
    -0.009999999776482582,
    -0.009999999776482582,
    -0.009999999776482582,
    -0.009999999776482582,
    -0.009999999776482582,
    -0.009999999776482582,
    -0.009999999776482582,
    -0.009999999776482582,
    -0.009999999776482582,
    -0.009999999776482582,
    -0.009999999776482582,
    -0.009999999776482582,
    -0.009999999776482582,
    -0.009999999776482582,
    -0.009999999776482582,
    -0.009999999776482582,
    -0.009999999776482582,
    -0.009999999776482582,
    -0.009999999776482582,
    -0.009999999776482582,
    -0.009999999776482582,
    -0.009999999776482582,
    -0.009999999776482582,
    -0.009999999776482582,
    -0.009999999776482582,
    -0.009999999776482582,
    -0.009999999776482582,
    -0.009999999776482582,
    -0.009999999776482582,
    -0.009999999776482582,
    -0.009999999776482582,
    -0.009999999776482582,
    -0.009999999776482582,
    -0.009999999776482582,
    -0.009999999776482582,
    -0.009999999776482582,
    -0.009999999776482582,
    -0.009999999776482582,
    -0.009999999776482582,
    -0.009999999776482582,
    -0.009999999776482582,
    -0.009999999776482582,
    -0.009999999776482582,
    -0.009999999776482582,
    -0.009999999776482582,
    -0.009999999776482582,
    -0.009999999776482582,
    -0.009999999776482582,
    -0.009999999776482582,
    -0.009999999776482582,
    -0.009999999776482582,
    -0.009999999776482582,
    -0.009999999776482582,
    -0.009999999776482582,
    -0.009999999776482582,
    -0.009999999776482582,
    -0.009999999776482582,
    -0.009999999776482582,
    -0.009999999776482582,
    -0.009999999776482582,
    -0.009999999776482582,
    -0.009999999776482582,
    -0.009999999776482582,
    -0.009999999776482582,
    -0.009999999776482582,
    -0.009999999776482582,
    -0.009999999776482582,
    -0.009999999776482582,
    -0.009999999776482582,
    -0.009999999776482582,
    -0.009999999776482582,
    -0.009999999776482582,
    -0.009999999776482582,
    -0.009999999776482582,
    -0.009999999776482582,
    -0.009999999776482582,
    -0.009999999776482582,
    -0.009999999776482582,
    -0.009999999776482582,
    -0.009999999776482582,
    -0.009999999776482582,
    -0.009999999776482582,
    -0.009999999776482582,
    -0.009999999776482582,
    -0.009999999776482582,
    -0.009999999776482582,
    -0.009999999776482582,
    -0.009999999776482582,
    -0.009999999776482582,
    -0.009999999776482582,
    -0.009999999776482582,
    -0.009999999776482582,
    -0.009999999776482582,
    -0.009999999776482582
  ],
  "initial_ascii": [
    "LEGEND:",
    "#: wallsolo",
    "\u00bf: wallrl",
    "\u1340: wallu",
    "\u1065: wallud",
    ".: background",
    "*: crate, massive",
    "\u048b: walld",
    "\u13eb: playerr",
    "\u040b: wallr",
    "x: door",
    "o: exit",
    "t: switch",
    "",
    "MAP:",
    "#\u00bf\u00bf\u00bf\u1340\u1340\u1340\u00bf\u00bf\u00bf\u00bf\u1340\u00bf\u00bf#",
    "\u1065..*#\u048b#....#..\u1065",
    "\u1065..*..........\u1065",
    "\u1065..#\u00bf\u00bf#.......\u1065",
    "\u1065.**......**.\u13eb\u1065",
    "\u1065.#\u00bf\u00bf\u00bf\u00bf\u00bf\u00bf\u1340\u00bf\u00bf\u00bf\u00bf\u040b",
    "\u1065......*.#....\u1065",
    "\u1065...*..#.x..o.\u1065",
    "\u1065...##.\u1065t#\u1340\u1340\u1340\u1340\u040b",
    "#\u00bf\u00bf\u00bf\u048b\u048b\u00bf\u048b\u00bf\u048b\u048b\u048b\u048b\u048b#"
  ],
  "state_data": {
    "score": 0,
    "win": false,
    "step": 100
  },
  "heuristics": [
    -4.0,
    -4.0,
    -4.0,
    -4.0,
    -4.0,
    -4.0,
    -4.0,
    -4.0,
    -4.0,
    -4.0,
    -4.0,
    -4.0,
    -4.0,
    -4.0,
    -4.0,
    -4.0,
    -4.0,
    -4.0,
    -4.0,
    -4.0,
    -4.0,
    -4.0,
    -4.0,
    -4.0,
    -4.0,
    -4.0,
    -4.0,
    -4.0,
    -4.0,
    -4.0,
    -4.0,
    -4.0,
    -4.0,
    -4.0,
    -4.0,
    -4.0,
    -4.0,
    -4.0,
    -4.0,
    -4.0,
    -4.0,
    -4.0,
    -4.0,
    -4.0,
    -4.0,
    -4.0,
    -4.0,
    -4.0,
    -4.0,
    -4.0,
    -4.0,
    -4.0,
    -4.0,
    -4.0,
    -4.0,
    -4.0,
    -4.0,
    -4.0,
    -4.0,
    -4.0,
    -4.0,
    -4.0,
    -4.0,
    -4.0,
    -4.0,
    -4.0,
    -4.0,
    -4.0,
    -4.0,
    -4.0,
    -4.0,
    -4.0,
    -4.0,
    -4.0,
    -4.0,
    -4.0,
    -4.0,
    -4.0,
    -4.0,
    -4.0,
    -4.0,
    -4.0,
    -4.0,
    -4.0,
    -4.0,
    -4.0,
    -4.0,
    -4.0,
    -4.0,
    -4.0,
    -4.0,
    -4.0,
    -4.0,
    -4.0,
    -4.0,
    -4.0,
    -4.0,
    -4.0,
    -4.0,
    -4.0
  ],
  "final_ascii": [
    "LEGEND:",
    "#: wallsolo",
    "\u00bf: wallrl",
    "\u1340: wallu",
    "\u1065: wallud",
    ".: background",
    "*: crate, massive",
    "\u048b: walld",
    "\u13eb: playerr",
    "\u040b: wallr",
    "x: door",
    "o: exit",
    "t: switch",
    "",
    "MAP:",
    "#\u00bf\u00bf\u00bf\u1340\u1340\u1340\u00bf\u00bf\u00bf\u00bf\u1340\u00bf\u00bf#",
    "\u1065..*#\u048b#....#..\u1065",
    "\u1065..*..........\u1065",
    "\u1065..#\u00bf\u00bf#.......\u1065",
    "\u1065.**......**.\u13eb\u1065",
    "\u1065.#\u00bf\u00bf\u00bf\u00bf\u00bf\u00bf\u1340\u00bf\u00bf\u00bf\u00bf\u040b",
    "\u1065......*.#....\u1065",
    "\u1065...*..#.x..o.\u1065",
    "\u1065...##.\u1065t#\u1340\u1340\u1340\u1340\u040b",
    "#\u00bf\u00bf\u00bf\u048b\u048b\u00bf\u048b\u00bf\u048b\u048b\u048b\u048b\u048b#"
  ]
}