{
  "model": "qwen",
  "game": "kettle",
  "level": 4,
  "run": 1,
  "win": false,
  "action_sequence": [
    1,
    1,
    2,
    1,
    1,
    0,
    1,
    1,
    0,
    1,
    1,
    1,
    1,
    1,
    1,
    1,
    0,
    0,
    1,
    2,
    4,
    2,
    1,
    1,
    1,
    1,
    2,
    2,
    1,
    1,
    1,
    2,
    2,
    2,
    1,
    1,
    2,
    1,
    2,
    1,
    1,
    2,
    2,
    2,
    2,
    2,
    3,
    2,
    1,
    1,
    1,
    2,
    2,
    2,
    1,
    2,
    1,
    2,
    2,
    2,
    1,
    1,
    1,
    1,
    2,
    2,
    2,
    1,
    1,
    1,
    1,
    1,
    1,
    3,
    3,
    1,
    1,
    1,
    2,
    1,
    2,
    2,
    1,
    3,
    3,
    2,
    2,
    1,
    1,
    2,
    1,
    2,
    3,
    1,
    1,
    2,
    2,
    3,
    1,
    2
  ],
  "reward_sequence": [
    2.990000009536743,
    -0.009999999776482582,
    2.990000009536743,
    -1.0099999904632568,
    -1.0099999904632568,
    -0.009999999776482582,
    -0.009999999776482582,
    -0.009999999776482582,
    -0.009999999776482582,
    -0.009999999776482582,
    -0.009999999776482582,
    -0.009999999776482582,
    -0.009999999776482582,
    -0.009999999776482582,
    -0.009999999776482582,
    -0.009999999776482582,
    -0.009999999776482582,
    -0.009999999776482582,
    -0.009999999776482582,
    -0.009999999776482582,
    -0.009999999776482582,
    -0.009999999776482582,
    -0.009999999776482582,
    -0.009999999776482582,
    -0.009999999776482582,
    -0.009999999776482582,
    -0.009999999776482582,
    -0.009999999776482582,
    -0.009999999776482582,
    -0.009999999776482582,
    -0.009999999776482582,
    -0.009999999776482582,
    -0.009999999776482582,
    -0.009999999776482582,
    -0.009999999776482582,
    -0.009999999776482582,
    -0.009999999776482582,
    -0.009999999776482582,
    -0.009999999776482582,
    -0.009999999776482582,
    -0.009999999776482582,
    -0.009999999776482582,
    -0.009999999776482582,
    -0.009999999776482582,
    -0.009999999776482582,
    -0.009999999776482582,
    -0.009999999776482582,
    -0.009999999776482582,
    -0.009999999776482582,
    -0.009999999776482582,
    -0.009999999776482582,
    -0.009999999776482582,
    -0.009999999776482582,
    -0.009999999776482582,
    -0.009999999776482582,
    -0.009999999776482582,
    -0.009999999776482582,
    -0.009999999776482582,
    -0.009999999776482582,
    -0.009999999776482582,
    -0.009999999776482582,
    -0.009999999776482582,
    -0.009999999776482582,
    -0.009999999776482582,
    -0.009999999776482582,
    -0.009999999776482582,
    -0.009999999776482582,
    -0.009999999776482582,
    -0.009999999776482582,
    -0.009999999776482582,
    -0.009999999776482582,
    -0.009999999776482582,
    -0.009999999776482582,
    -0.009999999776482582,
    -0.009999999776482582,
    -0.009999999776482582,
    -0.009999999776482582,
    -0.009999999776482582,
    -0.009999999776482582,
    -0.009999999776482582,
    -0.009999999776482582,
    -0.009999999776482582,
    -0.009999999776482582,
    -0.009999999776482582,
    -0.009999999776482582,
    -0.009999999776482582,
    -0.009999999776482582,
    -0.009999999776482582,
    -0.009999999776482582,
    -0.009999999776482582,
    -0.009999999776482582,
    -0.009999999776482582,
    -0.009999999776482582,
    -0.009999999776482582,
    -0.009999999776482582,
    -0.009999999776482582,
    -0.009999999776482582,
    -0.009999999776482582,
    -0.009999999776482582,
    -0.009999999776482582
  ],
  "initial_ascii": [
    "LEGEND:",
    "#: wall",
    ".: background",
    "l: rpolice",
    "k: dpolice",
    "j: lpolice",
    "c: crate",
    "t: target",
    "@: target, crate",
    "i: upolice",
    "",
    "MAP:",
    "###############",
    "#.............#",
    "#.............#",
    "#.............#",
    "#...lkkkkkkj..#",
    "#...lct@t.cj..#",
    "#...lct@@..j..#",
    "#...l.ttt..j..#",
    "#...lc...ccj..#",
    "#....iiiiii...#",
    "#.............#",
    "#.............#",
    "###############"
  ],
  "state_data": {
    "score": 3,
    "win": false,
    "step": 100
  },
  "heuristics": [
    -11.0,
    -11.0,
    -8.0,
    -9.0,
    -10.0,
    -10.0,
    -10.0,
    -10.0,
    -10.0,
    -10.0,
    -10.0,
    -10.0,
    -10.0,
    -10.0,
    -10.0,
    -10.0,
    -10.0,
    -10.0,
    -10.0,
    -10.0,
    -10.0,
    -10.0,
    -10.0,
    -10.0,
    -10.0,
    -10.0,
    -10.0,
    -10.0,
    -10.0,
    -10.0,
    -10.0,
    -10.0,
    -10.0,
    -10.0,
    -10.0,
    -10.0,
    -10.0,
    -10.0,
    -10.0,
    -10.0,
    -10.0,
    -10.0,
    -10.0,
    -10.0,
    -10.0,
    -10.0,
    -10.0,
    -10.0,
    -10.0,
    -10.0,
    -10.0,
    -10.0,
    -10.0,
    -10.0,
    -10.0,
    -10.0,
    -10.0,
    -10.0,
    -10.0,
    -10.0,
    -10.0,
    -10.0,
    -10.0,
    -10.0,
    -10.0,
    -10.0,
    -10.0,
    -10.0,
    -10.0,
    -10.0,
    -10.0,
    -10.0,
    -10.0,
    -10.0,
    -10.0,
    -10.0,
    -10.0,
    -10.0,
    -10.0,
    -10.0,
    -10.0,
    -10.0,
    -10.0,
    -10.0,
    -10.0,
    -10.0,
    -10.0,
    -10.0,
    -10.0,
    -10.0,
    -10.0,
    -10.0,
    -10.0,
    -10.0,
    -10.0,
    -10.0,
    -10.0,
    -10.0,
    -10.0,
    -10.0
  ],
  "final_ascii": [
    "LEGEND:",
    "#: wall",
    ".: background",
    "l: rpolice",
    "j: lpolice",
    "k: dpolice",
    "\u1206: target, dpolice",
    "\u1482: target, lpolice",
    "t: target",
    "@: target, crate",
    "c: crate",
    "i: upolice",
    "",
    "MAP:",
    "###############",
    "#.............#",
    "#.............#",
    "#.............#",
    "#.....lj......#",
    "#...lk\u1206\u1482t.....#",
    "#....l@\u1206t.kj..#",
    "#....l@@\u1206kcj..#",
    "#....lcccccj..#",
    "#....iiiiii...#",
    "#.............#",
    "#.............#",
    "###############"
  ]
}