{
  "model": "qwen",
  "game": "kettle",
  "level": 6,
  "run": 4,
  "win": false,
  "action_sequence": [
    3,
    2,
    1,
    3,
    3,
    3,
    3,
    1,
    1,
    2,
    3,
    1,
    1,
    2,
    1,
    2,
    1,
    3,
    1,
    3,
    1,
    1,
    1,
    2,
    1,
    2,
    2,
    1,
    4,
    1,
    1,
    2,
    3,
    4,
    3,
    0,
    2,
    4,
    3,
    3,
    3,
    1,
    3,
    3,
    3,
    1,
    3,
    4,
    3,
    3,
    3,
    4,
    0,
    4,
    4,
    3,
    3,
    1,
    1,
    3,
    2,
    1,
    2,
    2,
    3,
    2,
    2,
    3,
    3,
    4,
    3,
    2,
    2,
    2,
    3,
    2,
    3,
    3,
    2,
    1,
    2,
    4,
    1,
    2,
    3,
    1,
    3,
    3,
    4,
    4,
    3,
    1,
    3,
    4,
    4,
    2,
    4,
    1,
    3,
    3
  ],
  "reward_sequence": [
    5.989999771118164,
    3.990000009536743,
    2.990000009536743,
    3.990000009536743,
    -0.009999999776482582,
    -0.009999999776482582,
    -0.009999999776482582,
    -0.009999999776482582,
    -0.009999999776482582,
    -0.009999999776482582,
    -0.009999999776482582,
    -0.009999999776482582,
    -0.009999999776482582,
    -2.009999990463257,
    -0.009999999776482582,
    -0.009999999776482582,
    -0.009999999776482582,
    -0.009999999776482582,
    -0.009999999776482582,
    -0.009999999776482582,
    -0.009999999776482582,
    -0.009999999776482582,
    -0.009999999776482582,
    -0.009999999776482582,
    -0.009999999776482582,
    -0.009999999776482582,
    -0.009999999776482582,
    -0.009999999776482582,
    -0.009999999776482582,
    -0.009999999776482582,
    -0.009999999776482582,
    -0.009999999776482582,
    -0.009999999776482582,
    -0.009999999776482582,
    -0.009999999776482582,
    -0.009999999776482582,
    -0.009999999776482582,
    -0.009999999776482582,
    -0.009999999776482582,
    -0.009999999776482582,
    -0.009999999776482582,
    -0.009999999776482582,
    -0.009999999776482582,
    -0.009999999776482582,
    -0.009999999776482582,
    -0.009999999776482582,
    -0.009999999776482582,
    -0.009999999776482582,
    -0.009999999776482582,
    -0.009999999776482582,
    -0.009999999776482582,
    -0.009999999776482582,
    -0.009999999776482582,
    -0.009999999776482582,
    -0.009999999776482582,
    -0.009999999776482582,
    -0.009999999776482582,
    -0.009999999776482582,
    -0.009999999776482582,
    -0.009999999776482582,
    -0.009999999776482582,
    -0.009999999776482582,
    -0.009999999776482582,
    -0.009999999776482582,
    -0.009999999776482582,
    -0.009999999776482582,
    -0.009999999776482582,
    -0.009999999776482582,
    -0.009999999776482582,
    -0.009999999776482582,
    -0.009999999776482582,
    -0.009999999776482582,
    -0.009999999776482582,
    -0.009999999776482582,
    -0.009999999776482582,
    -0.009999999776482582,
    -0.009999999776482582,
    -0.009999999776482582,
    -0.009999999776482582,
    -0.009999999776482582,
    -0.009999999776482582,
    -0.009999999776482582,
    -0.009999999776482582,
    -0.009999999776482582,
    -0.009999999776482582,
    -0.009999999776482582,
    -0.009999999776482582,
    -0.009999999776482582,
    -0.009999999776482582,
    -0.009999999776482582,
    -0.009999999776482582,
    -0.009999999776482582,
    -0.009999999776482582,
    -0.009999999776482582,
    -0.009999999776482582,
    -0.009999999776482582,
    -0.009999999776482582,
    -0.009999999776482582,
    -0.009999999776482582,
    -0.009999999776482582
  ],
  "initial_ascii": [
    "LEGEND:",
    "#: wall",
    ".: background",
    "k: dpolice",
    "l: rpolice",
    "c: crate",
    "j: lpolice",
    "t: target",
    "@: target, crate",
    "i: upolice",
    "",
    "MAP:",
    "###############",
    "#.............#",
    "#...kkkkkkk...#",
    "#..l..cc..cj..#",
    "#..l.tttt..j..#",
    "#..lc@t@t..j..#",
    "#..lctttt.cj..#",
    "#..lc@@tt.cj..#",
    "#..lcc.c..cj..#",
    "#..liiiiiiij..#",
    "#.............#",
    "#.............#",
    "###############"
  ],
  "state_data": {
    "score": 10,
    "win": false,
    "step": 100
  },
  "heuristics": [
    -19.0,
    -15.0,
    -12.0,
    -8.0,
    -8.0,
    -8.0,
    -8.0,
    -8.0,
    -8.0,
    -8.0,
    -8.0,
    -8.0,
    -8.0,
    -10.0,
    -10.0,
    -10.0,
    -10.0,
    -10.0,
    -10.0,
    -10.0,
    -10.0,
    -10.0,
    -10.0,
    -10.0,
    -10.0,
    -10.0,
    -10.0,
    -10.0,
    -10.0,
    -10.0,
    -10.0,
    -10.0,
    -10.0,
    -10.0,
    -10.0,
    -10.0,
    -10.0,
    -10.0,
    -10.0,
    -10.0,
    -10.0,
    -10.0,
    -10.0,
    -10.0,
    -10.0,
    -10.0,
    -10.0,
    -10.0,
    -10.0,
    -10.0,
    -10.0,
    -10.0,
    -10.0,
    -10.0,
    -10.0,
    -10.0,
    -10.0,
    -10.0,
    -10.0,
    -10.0,
    -10.0,
    -10.0,
    -10.0,
    -10.0,
    -10.0,
    -10.0,
    -10.0,
    -10.0,
    -10.0,
    -10.0,
    -10.0,
    -10.0,
    -10.0,
    -10.0,
    -10.0,
    -10.0,
    -10.0,
    -10.0,
    -10.0,
    -10.0,
    -10.0,
    -10.0,
    -10.0,
    -10.0,
    -10.0,
    -10.0,
    -10.0,
    -10.0,
    -10.0,
    -10.0,
    -10.0,
    -10.0,
    -10.0,
    -10.0,
    -10.0,
    -10.0,
    -10.0,
    -10.0,
    -10.0,
    -10.0
  ],
  "final_ascii": [
    "LEGEND:",
    "#: wall",
    ".: background",
    "l: rpolice",
    "k: dpolice",
    "j: lpolice",
    "\u0864: target, rpolice",
    "@: target, crate",
    "\u299c: target, dpolice",
    "c: crate",
    "\u23c6: target, upolice",
    "i: upolice",
    "",
    "MAP:",
    "###############",
    "#.............#",
    "#.............#",
    "#....lkk..kj..#",
    "#...k\u0864@@\u299ckcj..#",
    "#...l\u299c@@\u23c6icj..#",
    "#....@\u0864@@ccj..#",
    "#....@\u0864@@ccj..#",
    "#...liii..ij..#",
    "#..li....j....#",
    "#.............#",
    "#.............#",
    "###############"
  ]
}