{
  "model": "qwen",
  "game": "atlas shrank",
  "level": 6,
  "run": 9,
  "win": false,
  "action_sequence": [
    2,
    3,
    3,
    2,
    2,
    2,
    2,
    3,
    2,
    2,
    2,
    2,
    2,
    2,
    2,
    3,
    2,
    2,
    3,
    3,
    2,
    2,
    2,
    2,
    2,
    2,
    3,
    3,
    3,
    2,
    2,
    3,
    3,
    3,
    2,
    2,
    2,
    3,
    2,
    2,
    2,
    2,
    2,
    2,
    2,
    2,
    2,
    2,
    3,
    2,
    2,
    3,
    2,
    2,
    2,
    2,
    2,
    2,
    3,
    2,
    2,
    2,
    2,
    2,
    2,
    2,
    2,
    2,
    3,
    3,
    2,
    2,
    2,
    2,
    2,
    2,
    3,
    2,
    3,
    3,
    3,
    3,
    2,
    2,
    3,
    3,
    3,
    2,
    2,
    3,
    3,
    2,
    3,
    2,
    2,
    3,
    3,
    2,
    2,
    3
  ],
  "reward_sequence": [
    0.9900000095367432,
    -0.009999999776482582,
    -0.009999999776482582,
    0.9900000095367432,
    -0.009999999776482582,
    -0.009999999776482582,
    -0.009999999776482582,
    -0.009999999776482582,
    -0.009999999776482582,
    -0.009999999776482582,
    -0.009999999776482582,
    -0.009999999776482582,
    -0.009999999776482582,
    -0.009999999776482582,
    -0.009999999776482582,
    -0.009999999776482582,
    -0.009999999776482582,
    -0.009999999776482582,
    -0.009999999776482582,
    -0.009999999776482582,
    -0.009999999776482582,
    -0.009999999776482582,
    -0.009999999776482582,
    -0.009999999776482582,
    -0.009999999776482582,
    -0.009999999776482582,
    -0.009999999776482582,
    -0.009999999776482582,
    -0.009999999776482582,
    -0.009999999776482582,
    -0.009999999776482582,
    -0.009999999776482582,
    -0.009999999776482582,
    -0.009999999776482582,
    -0.009999999776482582,
    -0.009999999776482582,
    -0.009999999776482582,
    -0.009999999776482582,
    -0.009999999776482582,
    -0.009999999776482582,
    -0.009999999776482582,
    -0.009999999776482582,
    -0.009999999776482582,
    -0.009999999776482582,
    -0.009999999776482582,
    -0.009999999776482582,
    -0.009999999776482582,
    -0.009999999776482582,
    -0.009999999776482582,
    -0.009999999776482582,
    -0.009999999776482582,
    -0.009999999776482582,
    -0.009999999776482582,
    -0.009999999776482582,
    -0.009999999776482582,
    -0.009999999776482582,
    -0.009999999776482582,
    -0.009999999776482582,
    -0.009999999776482582,
    -0.009999999776482582,
    -0.009999999776482582,
    -0.009999999776482582,
    -0.009999999776482582,
    -0.009999999776482582,
    -0.009999999776482582,
    -0.009999999776482582,
    -0.009999999776482582,
    -0.009999999776482582,
    -0.009999999776482582,
    -0.009999999776482582,
    -0.009999999776482582,
    -0.009999999776482582,
    -0.009999999776482582,
    -0.009999999776482582,
    -0.009999999776482582,
    -0.009999999776482582,
    -0.009999999776482582,
    -0.009999999776482582,
    -0.009999999776482582,
    -0.009999999776482582,
    -0.009999999776482582,
    -0.009999999776482582,
    -0.009999999776482582,
    -0.009999999776482582,
    -0.009999999776482582,
    -0.009999999776482582,
    -0.009999999776482582,
    -0.009999999776482582,
    -0.009999999776482582,
    -0.009999999776482582,
    -0.009999999776482582,
    -0.009999999776482582,
    -0.009999999776482582,
    -0.009999999776482582,
    -0.009999999776482582,
    -0.009999999776482582,
    -0.009999999776482582,
    -0.009999999776482582,
    -0.009999999776482582,
    -0.009999999776482582
  ],
  "initial_ascii": [
    "LEGEND:",
    "#: wallsolo",
    "\u0b07: wallrl",
    "\u1027: wallud",
    ".: background",
    "*: crate, massive",
    "@: crate, switch, massive",
    "t: switch",
    "\u2923: playerr",
    "x: door",
    "\u2aac: wallr",
    "\u0415: walll",
    "\u13b5: walld",
    "\u1169: wallm",
    "\u26be: wallu",
    "o: exit",
    "",
    "MAP:",
    "#\u0b07\u0b07\u0b07\u0b07\u0b07\u0b07\u0b07\u0b07\u0b07\u0b07\u0b07\u0b07\u0b07\u0b07\u0b07\u0b07#",
    "\u1027............*...\u1027",
    "\u1027..@......*.t@.\u2923.\u1027",
    "\u1027xxx#xxxxxxxxxxx#\u2aac",
    "\u1027.#.\u1027...........\u0415\u2aac",
    "\u1027.\u1027.\u1027.#.#.#.#.#.\u0415\u2aac",
    "\u1027.#.\u1027.\u1027.\u1027.\u1027.\u1027.\u1027.\u0415\u2aac",
    "\u1027...#\u0b07\u13b5\u0b07\u13b5\u0b07\u13b5\u0b07#.#\u0b07\u13b5\u2aac",
    "\u0415#....*x.....*...\u1027",
    "\u0415\u1169#...##....#\u26be#.o\u1027",
    "#\u13b5\u13b5\u0b07\u0b07\u0b07\u13b5\u13b5\u0b07\u0b07\u0b07\u0b07\u13b5\u13b5\u13b5\u0b07\u0b07#"
  ],
  "state_data": {
    "score": 0,
    "win": false,
    "step": 100
  },
  "heuristics": [
    -8.0,
    -8.0,
    -8.0,
    -7.0,
    -7.0,
    -7.0,
    -7.0,
    -7.0,
    -7.0,
    -7.0,
    -7.0,
    -7.0,
    -7.0,
    -7.0,
    -7.0,
    -7.0,
    -7.0,
    -7.0,
    -7.0,
    -7.0,
    -7.0,
    -7.0,
    -7.0,
    -7.0,
    -7.0,
    -7.0,
    -7.0,
    -7.0,
    -7.0,
    -7.0,
    -7.0,
    -7.0,
    -7.0,
    -7.0,
    -7.0,
    -7.0,
    -7.0,
    -7.0,
    -7.0,
    -7.0,
    -7.0,
    -7.0,
    -7.0,
    -7.0,
    -7.0,
    -7.0,
    -7.0,
    -7.0,
    -7.0,
    -7.0,
    -7.0,
    -7.0,
    -7.0,
    -7.0,
    -7.0,
    -7.0,
    -7.0,
    -7.0,
    -7.0,
    -7.0,
    -7.0,
    -7.0,
    -7.0,
    -7.0,
    -7.0,
    -7.0,
    -7.0,
    -7.0,
    -7.0,
    -7.0,
    -7.0,
    -7.0,
    -7.0,
    -7.0,
    -7.0,
    -7.0,
    -7.0,
    -7.0,
    -7.0,
    -7.0,
    -7.0,
    -7.0,
    -7.0,
    -7.0,
    -7.0,
    -7.0,
    -7.0,
    -7.0,
    -7.0,
    -7.0,
    -7.0,
    -7.0,
    -7.0,
    -7.0,
    -7.0,
    -7.0,
    -7.0,
    -7.0,
    -7.0,
    -7.0
  ],
  "final_ascii": [
    "LEGEND:",
    "#: wallsolo",
    "\u0b07: wallrl",
    "\u1027: wallud",
    ".: background",
    "*: crate, massive",
    "@: crate, switch, massive",
    "t: switch",
    "\u2923: playerr",
    "x: door",
    "\u2aac: wallr",
    "\u0415: walll",
    "\u13b5: walld",
    "\u1169: wallm",
    "\u26be: wallu",
    "o: exit",
    "",
    "MAP:",
    "#\u0b07\u0b07\u0b07\u0b07\u0b07\u0b07\u0b07\u0b07\u0b07\u0b07\u0b07\u0b07\u0b07\u0b07\u0b07\u0b07#",
    "\u1027............*...\u1027",
    "\u1027..@......*.t@..\u2923\u1027",
    "\u1027xxx#xxxxxxxxxxx#\u2aac",
    "\u1027.#.\u1027...........\u0415\u2aac",
    "\u1027.\u1027.\u1027.#.#.#.#.#.\u0415\u2aac",
    "\u1027.#.\u1027.\u1027.\u1027.\u1027.\u1027.\u1027.\u0415\u2aac",
    "\u1027...#\u0b07\u13b5\u0b07\u13b5\u0b07\u13b5\u0b07#.#\u0b07\u13b5\u2aac",
    "\u0415#....*x.....*...\u1027",
    "\u0415\u1169#...##....#\u26be#.o\u1027",
    "#\u13b5\u13b5\u0b07\u0b07\u0b07\u13b5\u13b5\u0b07\u0b07\u0b07\u0b07\u13b5\u13b5\u13b5\u0b07\u0b07#"
  ]
}