{
  "model": "qwen",
  "game": "kettle",
  "level": 7,
  "run": 5,
  "win": false,
  "action_sequence": [
    1,
    0,
    3,
    1,
    4,
    0,
    0,
    3,
    3,
    3,
    1,
    1,
    2,
    3,
    3,
    1,
    3,
    1,
    1,
    3,
    1,
    1,
    1,
    2,
    1,
    3,
    2,
    1,
    1,
    2,
    1,
    2,
    1,
    3,
    2,
    3,
    3,
    1,
    1,
    3,
    1,
    3,
    3,
    3,
    3,
    2,
    2,
    3,
    1,
    1,
    2,
    3,
    3,
    3,
    3,
    3,
    1,
    3,
    3,
    2,
    3,
    3,
    1,
    1,
    1,
    1,
    3,
    2,
    1,
    2,
    1,
    3,
    1,
    1,
    2,
    3,
    1,
    2,
    2,
    3,
    1,
    3,
    3,
    3,
    2,
    1,
    2,
    2,
    1,
    2,
    1,
    1,
    2,
    3,
    3,
    2,
    1,
    1,
    1,
    1
  ],
  "reward_sequence": [
    4.989999771118164,
    4.989999771118164,
    2.990000009536743,
    -1.0099999904632568,
    -0.009999999776482582,
    3.990000009536743,
    -0.009999999776482582,
    -0.009999999776482582,
    -0.009999999776482582,
    -0.009999999776482582,
    -0.009999999776482582,
    -0.009999999776482582,
    0.9900000095367432,
    -0.009999999776482582,
    -0.009999999776482582,
    -0.009999999776482582,
    -0.009999999776482582,
    -0.009999999776482582,
    -0.009999999776482582,
    -0.009999999776482582,
    -0.009999999776482582,
    -0.009999999776482582,
    -0.009999999776482582,
    -0.009999999776482582,
    -0.009999999776482582,
    -0.009999999776482582,
    -0.009999999776482582,
    -0.009999999776482582,
    -0.009999999776482582,
    -0.009999999776482582,
    -0.009999999776482582,
    -0.009999999776482582,
    -0.009999999776482582,
    -0.009999999776482582,
    -0.009999999776482582,
    -0.009999999776482582,
    -0.009999999776482582,
    -0.009999999776482582,
    -0.009999999776482582,
    -0.009999999776482582,
    -0.009999999776482582,
    -0.009999999776482582,
    -0.009999999776482582,
    -0.009999999776482582,
    -0.009999999776482582,
    -0.009999999776482582,
    -0.009999999776482582,
    -0.009999999776482582,
    -0.009999999776482582,
    -0.009999999776482582,
    -0.009999999776482582,
    -0.009999999776482582,
    -0.009999999776482582,
    -0.009999999776482582,
    -0.009999999776482582,
    -0.009999999776482582,
    -0.009999999776482582,
    -0.009999999776482582,
    -0.009999999776482582,
    -0.009999999776482582,
    -0.009999999776482582,
    -0.009999999776482582,
    -0.009999999776482582,
    -0.009999999776482582,
    -0.009999999776482582,
    -0.009999999776482582,
    -0.009999999776482582,
    -0.009999999776482582,
    -0.009999999776482582,
    -0.009999999776482582,
    -0.009999999776482582,
    -0.009999999776482582,
    -0.009999999776482582,
    -0.009999999776482582,
    -0.009999999776482582,
    -0.009999999776482582,
    -0.009999999776482582,
    -0.009999999776482582,
    -0.009999999776482582,
    -0.009999999776482582,
    -0.009999999776482582,
    -0.009999999776482582,
    -0.009999999776482582,
    -0.009999999776482582,
    -0.009999999776482582,
    -0.009999999776482582,
    -0.009999999776482582,
    -0.009999999776482582,
    -0.009999999776482582,
    -0.009999999776482582,
    -0.009999999776482582,
    -0.009999999776482582,
    -0.009999999776482582,
    -0.009999999776482582,
    -0.009999999776482582,
    -0.009999999776482582,
    -0.009999999776482582,
    -0.009999999776482582,
    -0.009999999776482582,
    -0.009999999776482582
  ],
  "initial_ascii": [
    "LEGEND:",
    "#: wall",
    ".: background",
    "l: rpolice",
    "k: dpolice",
    "j: lpolice",
    "c: crate",
    "@: target, crate",
    "t: target",
    "i: upolice",
    "",
    "MAP:",
    "###############",
    "#.............#",
    "#.............#",
    "#.lkkkkkkkkj..#",
    "#.lc@@@@t.cj..#",
    "#.lct@@@t.cj..#",
    "#.lc@@ttt.cj..#",
    "#.lct@tttccj..#",
    "#.l.t@@@t..j..#",
    "#.l........j..#",
    "#.lc..cc...j..#",
    "#..iiiiiiii...#",
    "###############"
  ],
  "state_data": {
    "score": 17,
    "win": false,
    "step": 100
  },
  "heuristics": [
    -20.0,
    -15.0,
    -12.0,
    -13.0,
    -13.0,
    -9.0,
    -9.0,
    -9.0,
    -9.0,
    -9.0,
    -9.0,
    -9.0,
    -8.0,
    -8.0,
    -8.0,
    -8.0,
    -8.0,
    -8.0,
    -8.0,
    -8.0,
    -8.0,
    -8.0,
    -8.0,
    -8.0,
    -8.0,
    -8.0,
    -8.0,
    -8.0,
    -8.0,
    -8.0,
    -8.0,
    -8.0,
    -8.0,
    -8.0,
    -8.0,
    -8.0,
    -8.0,
    -8.0,
    -8.0,
    -8.0,
    -8.0,
    -8.0,
    -8.0,
    -8.0,
    -8.0,
    -8.0,
    -8.0,
    -8.0,
    -8.0,
    -8.0,
    -8.0,
    -8.0,
    -8.0,
    -8.0,
    -8.0,
    -8.0,
    -8.0,
    -8.0,
    -8.0,
    -8.0,
    -8.0,
    -8.0,
    -8.0,
    -8.0,
    -8.0,
    -8.0,
    -8.0,
    -8.0,
    -8.0,
    -8.0,
    -8.0,
    -8.0,
    -8.0,
    -8.0,
    -8.0,
    -8.0,
    -8.0,
    -8.0,
    -8.0,
    -8.0,
    -8.0,
    -8.0,
    -8.0,
    -8.0,
    -8.0,
    -8.0,
    -8.0,
    -8.0,
    -8.0,
    -8.0,
    -8.0,
    -8.0,
    -8.0,
    -8.0,
    -8.0,
    -8.0,
    -8.0,
    -8.0,
    -8.0,
    -8.0
  ],
  "final_ascii": [
    "LEGEND:",
    "#: wall",
    ".: background",
    "l: rpolice",
    "k: dpolice",
    "j: lpolice",
    "\u1c61: target, dpolice",
    "c: crate",
    "@: target, crate",
    "\u253d: target, lpolice",
    "i: upolice",
    "\u03fc: target, upolice",
    "",
    "MAP:",
    "###############",
    "#.............#",
    "#.............#",
    "#........lkj..#",
    "#.lk\u1c61\u1c61\u1c61\u1c61\u1c61kj...#",
    "#.lc@@@@@j....#",
    "#.lc@@@@@j....#",
    "#.lc@@@@\u253di....#",
    "#.lc\u03fc@@@\u253d.....#",
    "#..lccccj.....#",
    "#.li.iiii.j...#",
    "#.........i...#",
    "###############"
  ]
}