{
  "model": "gemini",
  "game": "atlas shrank",
  "win": true,
  "action_sequence": [
    2,
    2,
    1,
    2,
    1,
    1,
    1,
    3,
    1,
    1,
    2,
    2,
    1,
    2
  ],
  "reward_sequence": [
    0.9900000095367432,
    0.9900000095367432,
    -0.009999999776482582,
    1.9900000095367432,
    -0.009999999776482582,
    -0.009999999776482582,
    -0.009999999776482582,
    -0.009999999776482582,
    -0.009999999776482582,
    -0.009999999776482582,
    1.9900000095367432,
    1.9900000095367432,
    -0.009999999776482582,
    2.990000009536743
  ],
  "initial_ascii": [
    "LEGEND:",
    "#: wallsolo",
    "\u018a: wallrl",
    "\u1e9a: wallud",
    ".: background",
    "o: exit",
    "\u0759: wallr",
    "\u28e3: wallm",
    "\u1464: playerr",
    "*: crate, massive",
    "\u2218: walld",
    "",
    "MAP:",
    "#\u018a\u018a\u018a\u018a\u018a\u018a\u018a\u018a\u018a\u018a\u018a\u018a\u018a#",
    "\u1e9a.......o.....\u1e9a",
    "\u1e9a.......#.....\u1e9a",
    "\u1e9a......#\u0759.....\u1e9a",
    "\u1e9a.....#\u28e3\u0759.....\u1e9a",
    "\u1e9a..\u1464.#\u28e3\u28e3\u0759**...\u1e9a",
    "#\u018a\u018a\u018a\u018a\u2218\u2218\u2218\u2218\u018a\u018a\u018a\u018a\u018a#"
  ],
  "final_ascii": [
    "LEGEND:",
    "#: wallsolo",
    "\u018a: wallrl",
    "\u1e9a: wallud",
    ".: background",
    "\u11b2: exit, playerr",
    "\u0759: wallr",
    "\u28e3: wallm",
    "*: crate, massive",
    "\u2218: walld",
    "",
    "MAP:",
    "#\u018a\u018a\u018a\u018a\u018a\u018a\u018a\u018a\u018a\u018a\u018a\u018a\u018a#",
    "\u1e9a.......\u11b2.....\u1e9a",
    "\u1e9a.......#.....\u1e9a",
    "\u1e9a......#\u0759.....\u1e9a",
    "\u1e9a.....#\u28e3\u0759.....\u1e9a",
    "\u1e9a....#\u28e3\u28e3\u0759**...\u1e9a",
    "#\u018a\u018a\u018a\u018a\u2218\u2218\u2218\u2218\u018a\u018a\u018a\u018a\u018a#"
  ],
  "state_data": {
    "score": 1,
    "win": true,
    "step": 14
  },
  "heuristics": [
    -9.0,
    -8.0,
    -8.0,
    -6.0,
    -6.0,
    -6.0,
    -6.0,
    -6.0,
    -6.0,
    -6.0,
    -4.0,
    -2.0,
    -2.0,
    0.0
  ]
}