{
  "model": "o3-mini",
  "game": "kettle",
  "level": 7,
  "run": 6,
  "win": false,
  "action_sequence": [
    0,
    3,
    2,
    1,
    1,
    2,
    4,
    1,
    1,
    3,
    3,
    1,
    2,
    4,
    0,
    4,
    3,
    3,
    3,
    4,
    1,
    4,
    0,
    4,
    1,
    4,
    0,
    4,
    4,
    4,
    1,
    3,
    3,
    3,
    4,
    0,
    1,
    1,
    4,
    1,
    3,
    0,
    2,
    4,
    3,
    3,
    2,
    3,
    1,
    3,
    3,
    3,
    2,
    3,
    0,
    1,
    4,
    3,
    3,
    1,
    0,
    4,
    4,
    4,
    3,
    3,
    3,
    3,
    3,
    1,
    2,
    0,
    2,
    0,
    2,
    0,
    0,
    4,
    4,
    1,
    1,
    0,
    3,
    0,
    1,
    3,
    4,
    3,
    0,
    0,
    4,
    0,
    0,
    3,
    1,
    3,
    0,
    0,
    1,
    2
  ],
  "reward_sequence": [
    4.989999771118164,
    2.990000009536743,
    4.989999771118164,
    4.989999771118164,
    -1.0099999904632568,
    -0.009999999776482582,
    -0.009999999776482582,
    -1.0099999904632568,
    -0.009999999776482582,
    -0.009999999776482582,
    -0.009999999776482582,
    -0.009999999776482582,
    -0.009999999776482582,
    -0.009999999776482582,
    -0.009999999776482582,
    -0.009999999776482582,
    -0.009999999776482582,
    -0.009999999776482582,
    -0.009999999776482582,
    -0.009999999776482582,
    -0.009999999776482582,
    -0.009999999776482582,
    -0.009999999776482582,
    -0.009999999776482582,
    -0.009999999776482582,
    -0.009999999776482582,
    -0.009999999776482582,
    -0.009999999776482582,
    -0.009999999776482582,
    -0.009999999776482582,
    -0.009999999776482582,
    -0.009999999776482582,
    -0.009999999776482582,
    -0.009999999776482582,
    -0.009999999776482582,
    -0.009999999776482582,
    -0.009999999776482582,
    -0.009999999776482582,
    -0.009999999776482582,
    -0.009999999776482582,
    -0.009999999776482582,
    -0.009999999776482582,
    -0.009999999776482582,
    -0.009999999776482582,
    -0.009999999776482582,
    -0.009999999776482582,
    -0.009999999776482582,
    -0.009999999776482582,
    -0.009999999776482582,
    -0.009999999776482582,
    -0.009999999776482582,
    -0.009999999776482582,
    -0.009999999776482582,
    -0.009999999776482582,
    -0.009999999776482582,
    -0.009999999776482582,
    -0.009999999776482582,
    -0.009999999776482582,
    -0.009999999776482582,
    -0.009999999776482582,
    -0.009999999776482582,
    -0.009999999776482582,
    -0.009999999776482582,
    -0.009999999776482582,
    -0.009999999776482582,
    -0.009999999776482582,
    -0.009999999776482582,
    -0.009999999776482582,
    -0.009999999776482582,
    -0.009999999776482582,
    -0.009999999776482582,
    -0.009999999776482582,
    -0.009999999776482582,
    -0.009999999776482582,
    -0.009999999776482582,
    -0.009999999776482582,
    -0.009999999776482582,
    -0.009999999776482582,
    -0.009999999776482582,
    -0.009999999776482582,
    -0.009999999776482582,
    -0.009999999776482582,
    -0.009999999776482582,
    -0.009999999776482582,
    -0.009999999776482582,
    -0.009999999776482582,
    -0.009999999776482582,
    -0.009999999776482582,
    -0.009999999776482582,
    -0.009999999776482582,
    -0.009999999776482582,
    -0.009999999776482582,
    -0.009999999776482582,
    -0.009999999776482582,
    -0.009999999776482582,
    -0.009999999776482582,
    -0.009999999776482582,
    -0.009999999776482582,
    -0.009999999776482582,
    -0.009999999776482582
  ],
  "initial_ascii": [
    "LEGEND:",
    "#: wall",
    ".: background",
    "k: dpolice",
    "l: rpolice",
    "c: crate",
    "j: lpolice",
    "t: target",
    "@: target, crate",
    "i: upolice",
    "",
    "MAP:",
    "###############",
    "#.............#",
    "#..kkkkkkkk...#",
    "#.lccccc..j...#",
    "#.lct@@ttcj...#",
    "#.l.t@t@tcj...#",
    "#.lc@@tttcj...#",
    "#.lct@tt@cj...#",
    "#.l.tt@@t.j...#",
    "#.l.......j...#",
    "#.lc..cc..j...#",
    "#..iiiiiiii...#",
    "###############"
  ],
  "state_data": {
    "score": 17,
    "win": false,
    "step": 100
  },
  "heuristics": [
    -20.0,
    -17.0,
    -12.0,
    -7.0,
    -8.0,
    -8.0,
    -8.0,
    -9.0,
    -9.0,
    -9.0,
    -9.0,
    -9.0,
    -9.0,
    -9.0,
    -9.0,
    -9.0,
    -9.0,
    -9.0,
    -9.0,
    -9.0,
    -9.0,
    -9.0,
    -9.0,
    -9.0,
    -9.0,
    -9.0,
    -9.0,
    -9.0,
    -9.0,
    -9.0,
    -9.0,
    -9.0,
    -9.0,
    -9.0,
    -9.0,
    -9.0,
    -9.0,
    -9.0,
    -9.0,
    -9.0,
    -9.0,
    -9.0,
    -9.0,
    -9.0,
    -9.0,
    -9.0,
    -9.0,
    -9.0,
    -9.0,
    -9.0,
    -9.0,
    -9.0,
    -9.0,
    -9.0,
    -9.0,
    -9.0,
    -9.0,
    -9.0,
    -9.0,
    -9.0,
    -9.0,
    -9.0,
    -9.0,
    -9.0,
    -9.0,
    -9.0,
    -9.0,
    -9.0,
    -9.0,
    -9.0,
    -9.0,
    -9.0,
    -9.0,
    -9.0,
    -9.0,
    -9.0,
    -9.0,
    -9.0,
    -9.0,
    -9.0,
    -9.0,
    -9.0,
    -9.0,
    -9.0,
    -9.0,
    -9.0,
    -9.0,
    -9.0,
    -9.0,
    -9.0,
    -9.0,
    -9.0,
    -9.0,
    -9.0,
    -9.0,
    -9.0,
    -9.0,
    -9.0,
    -9.0,
    -9.0
  ],
  "final_ascii": [
    "LEGEND:",
    "#: wall",
    ".: background",
    "k: dpolice",
    "l: rpolice",
    "j: lpolice",
    "\u0a1d: target, dpolice",
    "@: target, crate",
    "i: upolice",
    "\u1a0e: target, rpolice",
    "c: crate",
    "",
    "MAP:",
    "###############",
    "#.............#",
    "#.............#",
    "#..k.lj.......#",
    "#..l\u0a1d\u0a1d\u0a1d\u0a1d\u0a1djk...#",
    "#..l@@@@@kj...#",
    "#..i\u1a0e@@@@cj...#",
    "#...\u1a0e@@@@cj...#",
    "#...\u1a0e@@@@cj...#",
    "#...lcccccj...#",
    "#..liiiiiij...#",
    "#.........i...#",
    "###############"
  ]
}