{
  "model": "o3-mini",
  "game": "atlas shrank",
  "level": 0,
  "run": 4,
  "win": false,
  "action_sequence": [
    3,
    3,
    3,
    3,
    3,
    3,
    2,
    3,
    3,
    3,
    3,
    3,
    3,
    3,
    3,
    3,
    3,
    3,
    3,
    3,
    3,
    3,
    3,
    3,
    3,
    3,
    3,
    3,
    3,
    3,
    3,
    3,
    3,
    3,
    3,
    3,
    3,
    3,
    3,
    3,
    3,
    3,
    3,
    3,
    3,
    3,
    3,
    3,
    3,
    3,
    3,
    3,
    3,
    3,
    3,
    3,
    3,
    3,
    3,
    3,
    3,
    3,
    3,
    3,
    3,
    3,
    3,
    3,
    3,
    3,
    3,
    3,
    3,
    3,
    3,
    3,
    3,
    3,
    3,
    3,
    3,
    3,
    3,
    3,
    3,
    3,
    3,
    3,
    3,
    3,
    3,
    3,
    3,
    3,
    3,
    3,
    3,
    3,
    3,
    3
  ],
  "reward_sequence": [
    -0.009999999776482582,
    -0.009999999776482582,
    -0.009999999776482582,
    -0.009999999776482582,
    -0.009999999776482582,
    -0.009999999776482582,
    0.9900000095367432,
    -0.009999999776482582,
    -0.009999999776482582,
    -0.009999999776482582,
    -0.009999999776482582,
    -0.009999999776482582,
    -0.009999999776482582,
    -0.009999999776482582,
    -0.009999999776482582,
    -0.009999999776482582,
    -0.009999999776482582,
    -0.009999999776482582,
    -0.009999999776482582,
    -0.009999999776482582,
    -0.009999999776482582,
    -0.009999999776482582,
    -0.009999999776482582,
    -0.009999999776482582,
    -0.009999999776482582,
    -0.009999999776482582,
    -0.009999999776482582,
    -0.009999999776482582,
    -0.009999999776482582,
    -0.009999999776482582,
    -0.009999999776482582,
    -0.009999999776482582,
    -0.009999999776482582,
    -0.009999999776482582,
    -0.009999999776482582,
    -0.009999999776482582,
    -0.009999999776482582,
    -0.009999999776482582,
    -0.009999999776482582,
    -0.009999999776482582,
    -0.009999999776482582,
    -0.009999999776482582,
    -0.009999999776482582,
    -0.009999999776482582,
    -0.009999999776482582,
    -0.009999999776482582,
    -0.009999999776482582,
    -0.009999999776482582,
    -0.009999999776482582,
    -0.009999999776482582,
    -0.009999999776482582,
    -0.009999999776482582,
    -0.009999999776482582,
    -0.009999999776482582,
    -0.009999999776482582,
    -0.009999999776482582,
    -0.009999999776482582,
    -0.009999999776482582,
    -0.009999999776482582,
    -0.009999999776482582,
    -0.009999999776482582,
    -0.009999999776482582,
    -0.009999999776482582,
    -0.009999999776482582,
    -0.009999999776482582,
    -0.009999999776482582,
    -0.009999999776482582,
    -0.009999999776482582,
    -0.009999999776482582,
    -0.009999999776482582,
    -0.009999999776482582,
    -0.009999999776482582,
    -0.009999999776482582,
    -0.009999999776482582,
    -0.009999999776482582,
    -0.009999999776482582,
    -0.009999999776482582,
    -0.009999999776482582,
    -0.009999999776482582,
    -0.009999999776482582,
    -0.009999999776482582,
    -0.009999999776482582,
    -0.009999999776482582,
    -0.009999999776482582,
    -0.009999999776482582,
    -0.009999999776482582,
    -0.009999999776482582,
    -0.009999999776482582,
    -0.009999999776482582,
    -0.009999999776482582,
    -0.009999999776482582,
    -0.009999999776482582,
    -0.009999999776482582,
    -0.009999999776482582,
    -0.009999999776482582,
    -0.009999999776482582,
    -0.009999999776482582,
    -0.009999999776482582,
    -0.009999999776482582,
    -0.009999999776482582
  ],
  "initial_ascii": [
    "LEGEND:",
    "#: wallsolo",
    "\u22a9: wallrl",
    "\u0811: wallud",
    ".: background",
    "o: exit",
    "\u0a14: wallr",
    "\u1673: wallm",
    "p: players",
    "*: crate, massive",
    "\u129f: walld",
    "",
    "MAP:",
    "#\u22a9\u22a9\u22a9\u22a9\u22a9\u22a9\u22a9\u22a9\u22a9\u22a9\u22a9\u22a9\u22a9#",
    "\u0811.......o.....\u0811",
    "\u0811.......#.....\u0811",
    "\u0811......#\u0a14.....\u0811",
    "\u0811.....#\u1673\u0a14.....\u0811",
    "\u0811.p..#\u1673\u1673\u0a14**...\u0811",
    "#\u22a9\u22a9\u22a9\u22a9\u129f\u129f\u129f\u129f\u22a9\u22a9\u22a9\u22a9\u22a9#"
  ],
  "state_data": {
    "score": 0,
    "win": false,
    "step": 100
  },
  "heuristics": [
    -10.0,
    -10.0,
    -10.0,
    -10.0,
    -10.0,
    -10.0,
    -9.0,
    -9.0,
    -9.0,
    -9.0,
    -9.0,
    -9.0,
    -9.0,
    -9.0,
    -9.0,
    -9.0,
    -9.0,
    -9.0,
    -9.0,
    -9.0,
    -9.0,
    -9.0,
    -9.0,
    -9.0,
    -9.0,
    -9.0,
    -9.0,
    -9.0,
    -9.0,
    -9.0,
    -9.0,
    -9.0,
    -9.0,
    -9.0,
    -9.0,
    -9.0,
    -9.0,
    -9.0,
    -9.0,
    -9.0,
    -9.0,
    -9.0,
    -9.0,
    -9.0,
    -9.0,
    -9.0,
    -9.0,
    -9.0,
    -9.0,
    -9.0,
    -9.0,
    -9.0,
    -9.0,
    -9.0,
    -9.0,
    -9.0,
    -9.0,
    -9.0,
    -9.0,
    -9.0,
    -9.0,
    -9.0,
    -9.0,
    -9.0,
    -9.0,
    -9.0,
    -9.0,
    -9.0,
    -9.0,
    -9.0,
    -9.0,
    -9.0,
    -9.0,
    -9.0,
    -9.0,
    -9.0,
    -9.0,
    -9.0,
    -9.0,
    -9.0,
    -9.0,
    -9.0,
    -9.0,
    -9.0,
    -9.0,
    -9.0,
    -9.0,
    -9.0,
    -9.0,
    -9.0,
    -9.0,
    -9.0,
    -9.0,
    -9.0,
    -9.0,
    -9.0,
    -9.0,
    -9.0,
    -9.0,
    -9.0
  ],
  "final_ascii": [
    "LEGEND:",
    "#: wallsolo",
    "\u22a9: wallrl",
    "\u0811: wallud",
    ".: background",
    "o: exit",
    "\u0a14: wallr",
    "\u1673: wallm",
    "\u25ed: playerr",
    "*: crate, massive",
    "\u129f: walld",
    "",
    "MAP:",
    "#\u22a9\u22a9\u22a9\u22a9\u22a9\u22a9\u22a9\u22a9\u22a9\u22a9\u22a9\u22a9\u22a9#",
    "\u0811.......o.....\u0811",
    "\u0811.......#.....\u0811",
    "\u0811......#\u0a14.....\u0811",
    "\u0811.....#\u1673\u0a14.....\u0811",
    "\u0811..\u25ed.#\u1673\u1673\u0a14**...\u0811",
    "#\u22a9\u22a9\u22a9\u22a9\u129f\u129f\u129f\u129f\u22a9\u22a9\u22a9\u22a9\u22a9#"
  ]
}