{
  "model": "o3-mini",
  "game": "atlas shrank",
  "level": 2,
  "run": 5,
  "win": false,
  "action_sequence": [
    3,
    3,
    3,
    3,
    3,
    3,
    3,
    3,
    3,
    0,
    3,
    3,
    3,
    3,
    3,
    3,
    3,
    3,
    3,
    3,
    3,
    3,
    3,
    3,
    3,
    3,
    3,
    3,
    3,
    3,
    3,
    3,
    3,
    3,
    3,
    3,
    3,
    3,
    3,
    3,
    3,
    3,
    3,
    3,
    3,
    3,
    3,
    3,
    3,
    3,
    3,
    3,
    3,
    3,
    3,
    3,
    3,
    3,
    3,
    3,
    3,
    3,
    3,
    3,
    3,
    3,
    3,
    3,
    3,
    3,
    3,
    3,
    3,
    3,
    3,
    3,
    3,
    3,
    3,
    3,
    3,
    3,
    3,
    3,
    3,
    3,
    3,
    3,
    3,
    3,
    3,
    3,
    3,
    3,
    3,
    3,
    3,
    3,
    3,
    3
  ],
  "reward_sequence": [
    -0.009999999776482582,
    -0.009999999776482582,
    -0.009999999776482582,
    -0.009999999776482582,
    -0.009999999776482582,
    -0.009999999776482582,
    -0.009999999776482582,
    -0.009999999776482582,
    -0.009999999776482582,
    -1.0099999904632568,
    -0.009999999776482582,
    -0.009999999776482582,
    -0.009999999776482582,
    -0.009999999776482582,
    -0.009999999776482582,
    -0.009999999776482582,
    -0.009999999776482582,
    -0.009999999776482582,
    -0.009999999776482582,
    -0.009999999776482582,
    -0.009999999776482582,
    -0.009999999776482582,
    -0.009999999776482582,
    -0.009999999776482582,
    -0.009999999776482582,
    -0.009999999776482582,
    -0.009999999776482582,
    -0.009999999776482582,
    -0.009999999776482582,
    -0.009999999776482582,
    -0.009999999776482582,
    -0.009999999776482582,
    -0.009999999776482582,
    -0.009999999776482582,
    -0.009999999776482582,
    -0.009999999776482582,
    -0.009999999776482582,
    -0.009999999776482582,
    -0.009999999776482582,
    -0.009999999776482582,
    -0.009999999776482582,
    -0.009999999776482582,
    -0.009999999776482582,
    -0.009999999776482582,
    -0.009999999776482582,
    -0.009999999776482582,
    -0.009999999776482582,
    -0.009999999776482582,
    -0.009999999776482582,
    -0.009999999776482582,
    -0.009999999776482582,
    -0.009999999776482582,
    -0.009999999776482582,
    -0.009999999776482582,
    -0.009999999776482582,
    -0.009999999776482582,
    -0.009999999776482582,
    -0.009999999776482582,
    -0.009999999776482582,
    -0.009999999776482582,
    -0.009999999776482582,
    -0.009999999776482582,
    -0.009999999776482582,
    -0.009999999776482582,
    -0.009999999776482582,
    -0.009999999776482582,
    -0.009999999776482582,
    -0.009999999776482582,
    -0.009999999776482582,
    -0.009999999776482582,
    -0.009999999776482582,
    -0.009999999776482582,
    -0.009999999776482582,
    -0.009999999776482582,
    -0.009999999776482582,
    -0.009999999776482582,
    -0.009999999776482582,
    -0.009999999776482582,
    -0.009999999776482582,
    -0.009999999776482582,
    -0.009999999776482582,
    -0.009999999776482582,
    -0.009999999776482582,
    -0.009999999776482582,
    -0.009999999776482582,
    -0.009999999776482582,
    -0.009999999776482582,
    -0.009999999776482582,
    -0.009999999776482582,
    -0.009999999776482582,
    -0.009999999776482582,
    -0.009999999776482582,
    -0.009999999776482582,
    -0.009999999776482582,
    -0.009999999776482582,
    -0.009999999776482582,
    -0.009999999776482582,
    -0.009999999776482582,
    -0.009999999776482582,
    -0.009999999776482582
  ],
  "initial_ascii": [
    "LEGEND:",
    "#: wallsolo",
    "\u2a00: wallu",
    "\u16c4: wallrl",
    "\u2527: walll",
    "\u2995: wallm",
    "\u126a: walld",
    "\u24ad: wallr",
    ".: background",
    "\u1409: wallud",
    "*: crate, massive",
    "o: exit",
    "p: players",
    "",
    "MAP:",
    "#\u2a00\u2a00\u2a00\u2a00\u2a00\u2a00\u2a00\u2a00\u2a00\u2a00\u2a00\u16c4\u16c4\u16c4\u16c4\u16c4#",
    "\u2527\u2995\u2995\u2995\u2995\u2995\u2995\u2995\u2995\u126a\u2995\u24ad.....\u1409",
    "\u2527\u2995\u2995\u2995\u2995\u2995\u2995\u2995\u24ad*\u2527\u24ad.....\u1409",
    "\u2527\u2995\u2995\u2995\u126a\u126a\u126a\u126a#*##.....\u1409",
    "\u2527\u2995\u2995\u24ad.....*....o..\u1409",
    "\u2527\u2995\u2995\u24ad.....*.#\u2a00\u2a00\u2a00\u2a00\u2a00\u24ad",
    "\u2527\u2995\u2995\u24ad.....*.\u2527\u2995\u2995\u2995\u2995\u2995\u24ad",
    "\u2527\u2995\u2995\u24ad.....*#\u2995\u2995\u2995\u2995\u2995\u2995\u24ad",
    "\u2527\u2995\u2995\u2995#....*\u2527\u2995\u2995\u2995\u2995\u2995\u2995\u24ad",
    "\u2527\u2995\u2995\u2995\u2995#..p*\u2527\u2995\u2995\u2995\u2995\u2995\u2995\u24ad",
    "#\u126a\u126a\u126a\u126a\u126a\u16c4\u16c4\u16c4\u16c4\u126a\u126a\u126a\u126a\u126a\u126a\u126a#"
  ],
  "state_data": {
    "score": 0,
    "win": false,
    "step": 100
  },
  "heuristics": [
    -11.0,
    -11.0,
    -11.0,
    -11.0,
    -11.0,
    -11.0,
    -11.0,
    -11.0,
    -11.0,
    -12.0,
    -12.0,
    -12.0,
    -12.0,
    -12.0,
    -12.0,
    -12.0,
    -12.0,
    -12.0,
    -12.0,
    -12.0,
    -12.0,
    -12.0,
    -12.0,
    -12.0,
    -12.0,
    -12.0,
    -12.0,
    -12.0,
    -12.0,
    -12.0,
    -12.0,
    -12.0,
    -12.0,
    -12.0,
    -12.0,
    -12.0,
    -12.0,
    -12.0,
    -12.0,
    -12.0,
    -12.0,
    -12.0,
    -12.0,
    -12.0,
    -12.0,
    -12.0,
    -12.0,
    -12.0,
    -12.0,
    -12.0,
    -12.0,
    -12.0,
    -12.0,
    -12.0,
    -12.0,
    -12.0,
    -12.0,
    -12.0,
    -12.0,
    -12.0,
    -12.0,
    -12.0,
    -12.0,
    -12.0,
    -12.0,
    -12.0,
    -12.0,
    -12.0,
    -12.0,
    -12.0,
    -12.0,
    -12.0,
    -12.0,
    -12.0,
    -12.0,
    -12.0,
    -12.0,
    -12.0,
    -12.0,
    -12.0,
    -12.0,
    -12.0,
    -12.0,
    -12.0,
    -12.0,
    -12.0,
    -12.0,
    -12.0,
    -12.0,
    -12.0,
    -12.0,
    -12.0,
    -12.0,
    -12.0,
    -12.0,
    -12.0,
    -12.0,
    -12.0,
    -12.0,
    -12.0
  ],
  "final_ascii": [
    "LEGEND:",
    "#: wallsolo",
    "\u2a00: wallu",
    "\u16c4: wallrl",
    "\u2527: walll",
    "\u2995: wallm",
    "\u126a: walld",
    "\u24ad: wallr",
    ".: background",
    "\u1409: wallud",
    "*: crate, massive",
    "o: exit",
    "\u23c2: playerl",
    "",
    "MAP:",
    "#\u2a00\u2a00\u2a00\u2a00\u2a00\u2a00\u2a00\u2a00\u2a00\u2a00\u2a00\u16c4\u16c4\u16c4\u16c4\u16c4#",
    "\u2527\u2995\u2995\u2995\u2995\u2995\u2995\u2995\u2995\u126a\u2995\u24ad.....\u1409",
    "\u2527\u2995\u2995\u2995\u2995\u2995\u2995\u2995\u24ad*\u2527\u24ad.....\u1409",
    "\u2527\u2995\u2995\u2995\u126a\u126a\u126a\u126a#*##.....\u1409",
    "\u2527\u2995\u2995\u24ad.....*....o..\u1409",
    "\u2527\u2995\u2995\u24ad.....*.#\u2a00\u2a00\u2a00\u2a00\u2a00\u24ad",
    "\u2527\u2995\u2995\u24ad.....*.\u2527\u2995\u2995\u2995\u2995\u2995\u24ad",
    "\u2527\u2995\u2995\u24ad.....*#\u2995\u2995\u2995\u2995\u2995\u2995\u24ad",
    "\u2527\u2995\u2995\u2995#....*\u2527\u2995\u2995\u2995\u2995\u2995\u2995\u24ad",
    "\u2527\u2995\u2995\u2995\u2995#.\u23c2.*\u2527\u2995\u2995\u2995\u2995\u2995\u2995\u24ad",
    "#\u126a\u126a\u126a\u126a\u126a\u16c4\u16c4\u16c4\u16c4\u126a\u126a\u126a\u126a\u126a\u126a\u126a#"
  ]
}