{
  "model": "o3-mini",
  "game": "atlas shrank",
  "level": 2,
  "run": 4,
  "win": false,
  "action_sequence": [
    3,
    3,
    3,
    3,
    3,
    3,
    3,
    3,
    3,
    3,
    3,
    3,
    3,
    3,
    3,
    3,
    3,
    4,
    3,
    3,
    4,
    3,
    3,
    3,
    3,
    3,
    3,
    3,
    3,
    3,
    3,
    3,
    3,
    3,
    3,
    3,
    3,
    3,
    3,
    3,
    3,
    3,
    3,
    3,
    3,
    3,
    3,
    3,
    3,
    2,
    3,
    3,
    3,
    3,
    3,
    3,
    3,
    3,
    3,
    3,
    3,
    3,
    3,
    3,
    3,
    3,
    3,
    3,
    3,
    3,
    3,
    3,
    3,
    3,
    3,
    3,
    3,
    3,
    3,
    3,
    3,
    3,
    3,
    3,
    3,
    3,
    3,
    3,
    3,
    3,
    3,
    3,
    3,
    3,
    3,
    3,
    3,
    3,
    3,
    3
  ],
  "reward_sequence": [
    -0.009999999776482582,
    -0.009999999776482582,
    -0.009999999776482582,
    -0.009999999776482582,
    -0.009999999776482582,
    -0.009999999776482582,
    -0.009999999776482582,
    -0.009999999776482582,
    -0.009999999776482582,
    -0.009999999776482582,
    -0.009999999776482582,
    -0.009999999776482582,
    -0.009999999776482582,
    -0.009999999776482582,
    -0.009999999776482582,
    -0.009999999776482582,
    -0.009999999776482582,
    -0.009999999776482582,
    -0.009999999776482582,
    -0.009999999776482582,
    -0.009999999776482582,
    -0.009999999776482582,
    -0.009999999776482582,
    -0.009999999776482582,
    -0.009999999776482582,
    -0.009999999776482582,
    -0.009999999776482582,
    -0.009999999776482582,
    -0.009999999776482582,
    -0.009999999776482582,
    -0.009999999776482582,
    -0.009999999776482582,
    -0.009999999776482582,
    -0.009999999776482582,
    -0.009999999776482582,
    -0.009999999776482582,
    -0.009999999776482582,
    -0.009999999776482582,
    -0.009999999776482582,
    -0.009999999776482582,
    -0.009999999776482582,
    -0.009999999776482582,
    -0.009999999776482582,
    -0.009999999776482582,
    -0.009999999776482582,
    -0.009999999776482582,
    -0.009999999776482582,
    -0.009999999776482582,
    -0.009999999776482582,
    -0.009999999776482582,
    -0.009999999776482582,
    -0.009999999776482582,
    -0.009999999776482582,
    -0.009999999776482582,
    -0.009999999776482582,
    -0.009999999776482582,
    -0.009999999776482582,
    -0.009999999776482582,
    -0.009999999776482582,
    -0.009999999776482582,
    -0.009999999776482582,
    -0.009999999776482582,
    -0.009999999776482582,
    -0.009999999776482582,
    -0.009999999776482582,
    -0.009999999776482582,
    -0.009999999776482582,
    -0.009999999776482582,
    -0.009999999776482582,
    -0.009999999776482582,
    -0.009999999776482582,
    -0.009999999776482582,
    -0.009999999776482582,
    -0.009999999776482582,
    -0.009999999776482582,
    -0.009999999776482582,
    -0.009999999776482582,
    -0.009999999776482582,
    -0.009999999776482582,
    -0.009999999776482582,
    -0.009999999776482582,
    -0.009999999776482582,
    -0.009999999776482582,
    -0.009999999776482582,
    -0.009999999776482582,
    -0.009999999776482582,
    -0.009999999776482582,
    -0.009999999776482582,
    -0.009999999776482582,
    -0.009999999776482582,
    -0.009999999776482582,
    -0.009999999776482582,
    -0.009999999776482582,
    -0.009999999776482582,
    -0.009999999776482582,
    -0.009999999776482582,
    -0.009999999776482582,
    -0.009999999776482582,
    -0.009999999776482582,
    -0.009999999776482582
  ],
  "initial_ascii": [
    "LEGEND:",
    "#: wallsolo",
    "\u1014: wallu",
    "\u22a9: wallrl",
    "\u166b: walll",
    "\u1673: wallm",
    "\u129f: walld",
    "\u0a14: wallr",
    ".: background",
    "\u0811: wallud",
    "*: crate, massive",
    "o: exit",
    "p: players",
    "",
    "MAP:",
    "#\u1014\u1014\u1014\u1014\u1014\u1014\u1014\u1014\u1014\u1014\u1014\u22a9\u22a9\u22a9\u22a9\u22a9#",
    "\u166b\u1673\u1673\u1673\u1673\u1673\u1673\u1673\u1673\u129f\u1673\u0a14.....\u0811",
    "\u166b\u1673\u1673\u1673\u1673\u1673\u1673\u1673\u0a14*\u166b\u0a14.....\u0811",
    "\u166b\u1673\u1673\u1673\u129f\u129f\u129f\u129f#*##.....\u0811",
    "\u166b\u1673\u1673\u0a14.....*....o..\u0811",
    "\u166b\u1673\u1673\u0a14.....*.#\u1014\u1014\u1014\u1014\u1014\u0a14",
    "\u166b\u1673\u1673\u0a14.....*.\u166b\u1673\u1673\u1673\u1673\u1673\u0a14",
    "\u166b\u1673\u1673\u0a14.....*#\u1673\u1673\u1673\u1673\u1673\u1673\u0a14",
    "\u166b\u1673\u1673\u1673#....*\u166b\u1673\u1673\u1673\u1673\u1673\u1673\u0a14",
    "\u166b\u1673\u1673\u1673\u1673#..p*\u166b\u1673\u1673\u1673\u1673\u1673\u1673\u0a14",
    "#\u129f\u129f\u129f\u129f\u129f\u22a9\u22a9\u22a9\u22a9\u129f\u129f\u129f\u129f\u129f\u129f\u129f#"
  ],
  "state_data": {
    "score": 0,
    "win": false,
    "step": 100
  },
  "heuristics": [
    -11.0,
    -11.0,
    -11.0,
    -11.0,
    -11.0,
    -11.0,
    -11.0,
    -11.0,
    -11.0,
    -11.0,
    -11.0,
    -11.0,
    -11.0,
    -11.0,
    -11.0,
    -11.0,
    -11.0,
    -11.0,
    -11.0,
    -11.0,
    -11.0,
    -11.0,
    -11.0,
    -11.0,
    -11.0,
    -11.0,
    -11.0,
    -11.0,
    -11.0,
    -11.0,
    -11.0,
    -11.0,
    -11.0,
    -11.0,
    -11.0,
    -11.0,
    -11.0,
    -11.0,
    -11.0,
    -11.0,
    -11.0,
    -11.0,
    -11.0,
    -11.0,
    -11.0,
    -11.0,
    -11.0,
    -11.0,
    -11.0,
    -11.0,
    -11.0,
    -11.0,
    -11.0,
    -11.0,
    -11.0,
    -11.0,
    -11.0,
    -11.0,
    -11.0,
    -11.0,
    -11.0,
    -11.0,
    -11.0,
    -11.0,
    -11.0,
    -11.0,
    -11.0,
    -11.0,
    -11.0,
    -11.0,
    -11.0,
    -11.0,
    -11.0,
    -11.0,
    -11.0,
    -11.0,
    -11.0,
    -11.0,
    -11.0,
    -11.0,
    -11.0,
    -11.0,
    -11.0,
    -11.0,
    -11.0,
    -11.0,
    -11.0,
    -11.0,
    -11.0,
    -11.0,
    -11.0,
    -11.0,
    -11.0,
    -11.0,
    -11.0,
    -11.0,
    -11.0,
    -11.0,
    -11.0,
    -11.0
  ],
  "final_ascii": [
    "LEGEND:",
    "#: wallsolo",
    "\u1014: wallu",
    "\u22a9: wallrl",
    "\u166b: walll",
    "\u1673: wallm",
    "\u129f: walld",
    "\u0a14: wallr",
    ".: background",
    "\u0811: wallud",
    "*: crate, massive",
    "o: exit",
    "\u25ed: playerr",
    "",
    "MAP:",
    "#\u1014\u1014\u1014\u1014\u1014\u1014\u1014\u1014\u1014\u1014\u1014\u22a9\u22a9\u22a9\u22a9\u22a9#",
    "\u166b\u1673\u1673\u1673\u1673\u1673\u1673\u1673\u1673\u129f\u1673\u0a14.....\u0811",
    "\u166b\u1673\u1673\u1673\u1673\u1673\u1673\u1673\u0a14*\u166b\u0a14.....\u0811",
    "\u166b\u1673\u1673\u1673\u129f\u129f\u129f\u129f#*##.....\u0811",
    "\u166b\u1673\u1673\u0a14.....*....o..\u0811",
    "\u166b\u1673\u1673\u0a14.....*.#\u1014\u1014\u1014\u1014\u1014\u0a14",
    "\u166b\u1673\u1673\u0a14.....*.\u166b\u1673\u1673\u1673\u1673\u1673\u0a14",
    "\u166b\u1673\u1673\u0a14.....*#\u1673\u1673\u1673\u1673\u1673\u1673\u0a14",
    "\u166b\u1673\u1673\u1673#....*\u166b\u1673\u1673\u1673\u1673\u1673\u1673\u0a14",
    "\u166b\u1673\u1673\u1673\u1673#..\u25ed*\u166b\u1673\u1673\u1673\u1673\u1673\u1673\u0a14",
    "#\u129f\u129f\u129f\u129f\u129f\u22a9\u22a9\u22a9\u22a9\u129f\u129f\u129f\u129f\u129f\u129f\u129f#"
  ]
}