{
  "model": "o3-mini",
  "game": "atlas shrank",
  "level": 4,
  "run": 2,
  "win": false,
  "action_sequence": [
    2,
    2,
    0,
    2,
    0,
    3,
    3,
    2,
    4,
    3,
    0,
    2,
    4,
    0,
    2,
    0,
    2,
    0,
    3,
    3,
    2,
    0,
    2,
    4,
    4,
    0,
    2,
    0,
    2,
    2,
    4,
    0,
    2,
    0,
    3,
    3,
    2,
    0,
    2,
    4,
    4,
    0,
    2,
    2,
    4,
    0,
    3,
    2,
    0,
    2,
    2,
    4,
    2,
    4,
    0,
    2,
    0,
    2,
    0,
    2,
    4,
    0,
    2,
    0,
    2,
    0,
    2,
    4,
    0,
    2,
    0,
    2,
    2,
    4,
    4,
    4,
    2,
    2,
    4,
    0,
    2,
    0,
    2,
    4,
    0,
    2,
    2,
    2,
    2,
    0,
    2,
    0,
    3,
    3,
    2,
    0,
    2,
    0,
    2,
    0
  ],
  "reward_sequence": [
    0.9900000095367432,
    0.9900000095367432,
    -1.0099999904632568,
    0.9900000095367432,
    -1.0099999904632568,
    -0.009999999776482582,
    -0.009999999776482582,
    0.9900000095367432,
    -0.009999999776482582,
    -0.009999999776482582,
    -1.0099999904632568,
    0.9900000095367432,
    -0.009999999776482582,
    -1.0099999904632568,
    0.9900000095367432,
    -1.0099999904632568,
    0.9900000095367432,
    -1.0099999904632568,
    -0.009999999776482582,
    -0.009999999776482582,
    0.9900000095367432,
    -1.0099999904632568,
    0.9900000095367432,
    -0.009999999776482582,
    -0.009999999776482582,
    -1.0099999904632568,
    0.9900000095367432,
    -1.0099999904632568,
    0.9900000095367432,
    -0.009999999776482582,
    -0.009999999776482582,
    -1.0099999904632568,
    0.9900000095367432,
    -1.0099999904632568,
    -0.009999999776482582,
    -0.009999999776482582,
    0.9900000095367432,
    -1.0099999904632568,
    0.9900000095367432,
    -0.009999999776482582,
    -0.009999999776482582,
    -1.0099999904632568,
    0.9900000095367432,
    -0.009999999776482582,
    -0.009999999776482582,
    -1.0099999904632568,
    -0.009999999776482582,
    0.9900000095367432,
    -1.0099999904632568,
    0.9900000095367432,
    -0.009999999776482582,
    -0.009999999776482582,
    -0.009999999776482582,
    -0.009999999776482582,
    -1.0099999904632568,
    0.9900000095367432,
    -1.0099999904632568,
    0.9900000095367432,
    -1.0099999904632568,
    0.9900000095367432,
    -0.009999999776482582,
    -1.0099999904632568,
    0.9900000095367432,
    -1.0099999904632568,
    0.9900000095367432,
    -1.0099999904632568,
    0.9900000095367432,
    -0.009999999776482582,
    -1.0099999904632568,
    0.9900000095367432,
    -1.0099999904632568,
    0.9900000095367432,
    -0.009999999776482582,
    -0.009999999776482582,
    -0.009999999776482582,
    -0.009999999776482582,
    -0.009999999776482582,
    -0.009999999776482582,
    -0.009999999776482582,
    -1.0099999904632568,
    0.9900000095367432,
    -1.0099999904632568,
    0.9900000095367432,
    -0.009999999776482582,
    -1.0099999904632568,
    0.9900000095367432,
    -0.009999999776482582,
    -0.009999999776482582,
    -0.009999999776482582,
    -1.0099999904632568,
    0.9900000095367432,
    -1.0099999904632568,
    -0.009999999776482582,
    -0.009999999776482582,
    0.9900000095367432,
    -1.0099999904632568,
    0.9900000095367432,
    -1.0099999904632568,
    0.9900000095367432,
    -1.0099999904632568
  ],
  "initial_ascii": [
    "LEGEND:",
    "*: crate, massive",
    "#: wallsolo",
    "\u172f: wallu",
    "\u11d9: wallrl",
    "\u1a46: wallr",
    ".: background",
    "\u18e0: wallud",
    "\u144e: walll",
    "o: exit",
    "\u2688: wallm",
    "\u2932: walld",
    "x: door",
    "\u047d: playerr",
    "t: switch",
    "",
    "MAP:",
    "*#\u172f\u172f\u11d9#*#\u172f\u11d9\u11d9\u11d9\u172f\u11d9\u11d9\u11d9\u11d9#",
    "#*#\u1a46.##.#...#....\u18e0",
    "\u144e#.#..\u18e0..........\u18e0",
    "\u18e0.....#*........o\u18e0",
    "\u18e0......#\u11d9#.....#\u172f\u1a46",
    "\u18e0.........#....\u144e\u2688\u1a46",
    "\u18e0......*..*....\u144e\u2688\u1a46",
    "\u18e0....#\u11d9\u11d9\u11d9\u11d9\u11d9\u11d9\u11d9\u11d9\u11d9\u2932\u2932\u1a46",
    "\u18e0...#............\u18e0",
    "\u18e0**..............\u18e0",
    "#\u11d9\u11d9\u11d9#...#\u172f\u172f\u172f\u172f\u172f\u172f\u172f\u172f\u1a46",
    "****.#..#\u2688\u2688\u2688\u2688\u2688\u2688\u2688\u2688\u1a46",
    "****..#..#\u2932\u2932\u2688\u2688\u2688\u2688\u2688\u1a46",
    "****...#....#\u2932\u2932\u2932\u2932\u1a46",
    "****....#.......*\u18e0",
    "*#\u11d9#....\u144e#......*\u18e0",
    "*.....#\u172f\u2688\u2688#...#\u172f\u172f\u1a46",
    "#......#\u2932#....\u144e\u2688\u2688\u1a46",
    "*.......x..#\u172f\u172f\u2688\u2688\u2688\u1a46",
    "##.#....x.#\u2688\u2688\u2688\u2688\u2688\u2688\u1a46",
    "..\u047d*.*ttx#\u2688\u2688\u2688\u2688\u2688\u2688\u2688\u1a46",
    "#\u11d9\u11d9\u11d9\u11d9\u11d9\u11d9\u11d9\u11d9\u2932\u2932\u2932\u2932\u2932\u2932\u2932\u2932#"
  ],
  "state_data": {
    "score": 0,
    "win": false,
    "step": 100
  },
  "heuristics": [
    -31.0,
    -30.0,
    -31.0,
    -30.0,
    -31.0,
    -31.0,
    -31.0,
    -30.0,
    -30.0,
    -30.0,
    -31.0,
    -30.0,
    -30.0,
    -31.0,
    -30.0,
    -31.0,
    -30.0,
    -31.0,
    -31.0,
    -31.0,
    -30.0,
    -31.0,
    -30.0,
    -30.0,
    -30.0,
    -31.0,
    -30.0,
    -31.0,
    -30.0,
    -30.0,
    -30.0,
    -31.0,
    -30.0,
    -31.0,
    -31.0,
    -31.0,
    -30.0,
    -31.0,
    -30.0,
    -30.0,
    -30.0,
    -31.0,
    -30.0,
    -30.0,
    -30.0,
    -31.0,
    -31.0,
    -30.0,
    -31.0,
    -30.0,
    -30.0,
    -30.0,
    -30.0,
    -30.0,
    -31.0,
    -30.0,
    -31.0,
    -30.0,
    -31.0,
    -30.0,
    -30.0,
    -31.0,
    -30.0,
    -31.0,
    -30.0,
    -31.0,
    -30.0,
    -30.0,
    -31.0,
    -30.0,
    -31.0,
    -30.0,
    -30.0,
    -30.0,
    -30.0,
    -30.0,
    -30.0,
    -30.0,
    -30.0,
    -31.0,
    -30.0,
    -31.0,
    -30.0,
    -30.0,
    -31.0,
    -30.0,
    -30.0,
    -30.0,
    -30.0,
    -31.0,
    -30.0,
    -31.0,
    -31.0,
    -31.0,
    -30.0,
    -31.0,
    -30.0,
    -31.0,
    -30.0,
    -31.0
  ],
  "final_ascii": [
    "LEGEND:",
    "*: crate, massive",
    "#: wallsolo",
    "\u172f: wallu",
    "\u11d9: wallrl",
    "\u1a46: wallr",
    ".: background",
    "\u18e0: wallud",
    "\u144e: walll",
    "o: exit",
    "\u2688: wallm",
    "\u2932: walld",
    "x: door",
    "\u1253: playerl",
    "t: switch",
    "",
    "MAP:",
    "*#\u172f\u172f\u11d9#*#\u172f\u11d9\u11d9\u11d9\u172f\u11d9\u11d9\u11d9\u11d9#",
    "#*#\u1a46.##.#...#....\u18e0",
    "\u144e#.#..\u18e0..........\u18e0",
    "\u18e0.....#*........o\u18e0",
    "\u18e0......#\u11d9#.....#\u172f\u1a46",
    "\u18e0.........#....\u144e\u2688\u1a46",
    "\u18e0......*..*....\u144e\u2688\u1a46",
    "\u18e0....#\u11d9\u11d9\u11d9\u11d9\u11d9\u11d9\u11d9\u11d9\u11d9\u2932\u2932\u1a46",
    "\u18e0...#............\u18e0",
    "\u18e0**..............\u18e0",
    "#\u11d9\u11d9\u11d9#...#\u172f\u172f\u172f\u172f\u172f\u172f\u172f\u172f\u1a46",
    "****.#..#\u2688\u2688\u2688\u2688\u2688\u2688\u2688\u2688\u1a46",
    "****..#..#\u2932\u2932\u2688\u2688\u2688\u2688\u2688\u1a46",
    "****...#....#\u2932\u2932\u2932\u2932\u1a46",
    "****....#.......*\u18e0",
    "*#\u11d9#....\u144e#......*\u18e0",
    "*.....#\u172f\u2688\u2688#...#\u172f\u172f\u1a46",
    "#......#\u2932#....\u144e\u2688\u2688\u1a46",
    "*.......x..#\u172f\u172f\u2688\u2688\u2688\u1a46",
    "##.#....x.#\u2688\u2688\u2688\u2688\u2688\u2688\u1a46",
    "..\u1253.**ttx#\u2688\u2688\u2688\u2688\u2688\u2688\u2688\u1a46",
    "#\u11d9\u11d9\u11d9\u11d9\u11d9\u11d9\u11d9\u11d9\u2932\u2932\u2932\u2932\u2932\u2932\u2932\u2932#"
  ]
}