{
  "model": "o3-mini",
  "game": "Zen_Puzzle_Garden",
  "level": 0,
  "run": 1,
  "win": false,
  "action_sequence": [
    2,
    2,
    2,
    1,
    0,
    1,
    2,
    2,
    2,
    2,
    3,
    3,
    3,
    0,
    0,
    3,
    3,
    3,
    0,
    1,
    1,
    0,
    1,
    2,
    4,
    4,
    4,
    4,
    4,
    4,
    4,
    4,
    4,
    2,
    4,
    4,
    4,
    4,
    4,
    4,
    4,
    4,
    4,
    4,
    4,
    4,
    4,
    4,
    4,
    4,
    4,
    4,
    4,
    0,
    0,
    4,
    4,
    4,
    4,
    4,
    4,
    4,
    4,
    4,
    0,
    4,
    4,
    4,
    0,
    4,
    4,
    4,
    4,
    4,
    0,
    4,
    4,
    4,
    4,
    4,
    4,
    4,
    4,
    4,
    4,
    4,
    4,
    4,
    4,
    4,
    4,
    4,
    4,
    4,
    4,
    4,
    4,
    4,
    4,
    4
  ],
  "reward_sequence": [
    -0.009999999776482582,
    -0.009999999776482582,
    0.9900000095367432,
    0.9900000095367432,
    0.9900000095367432,
    0.9900000095367432,
    0.9900000095367432,
    0.9900000095367432,
    0.9900000095367432,
    0.9900000095367432,
    0.9900000095367432,
    0.9900000095367432,
    0.9900000095367432,
    0.9900000095367432,
    0.9900000095367432,
    0.9900000095367432,
    0.9900000095367432,
    0.9900000095367432,
    -0.009999999776482582,
    -0.009999999776482582,
    0.9900000095367432,
    0.9900000095367432,
    0.9900000095367432,
    0.9900000095367432,
    -0.009999999776482582,
    -0.009999999776482582,
    -0.009999999776482582,
    -0.009999999776482582,
    -0.009999999776482582,
    -0.009999999776482582,
    -0.009999999776482582,
    -0.009999999776482582,
    -0.009999999776482582,
    -0.009999999776482582,
    -0.009999999776482582,
    -0.009999999776482582,
    -0.009999999776482582,
    -0.009999999776482582,
    -0.009999999776482582,
    -0.009999999776482582,
    -0.009999999776482582,
    -0.009999999776482582,
    -0.009999999776482582,
    -0.009999999776482582,
    -0.009999999776482582,
    -0.009999999776482582,
    -0.009999999776482582,
    -0.009999999776482582,
    -0.009999999776482582,
    -0.009999999776482582,
    -0.009999999776482582,
    -0.009999999776482582,
    -0.009999999776482582,
    -0.009999999776482582,
    -0.009999999776482582,
    -0.009999999776482582,
    -0.009999999776482582,
    -0.009999999776482582,
    -0.009999999776482582,
    -0.009999999776482582,
    -0.009999999776482582,
    -0.009999999776482582,
    -0.009999999776482582,
    -0.009999999776482582,
    -0.009999999776482582,
    -0.009999999776482582,
    -0.009999999776482582,
    -0.009999999776482582,
    -0.009999999776482582,
    -0.009999999776482582,
    -0.009999999776482582,
    -0.009999999776482582,
    -0.009999999776482582,
    -0.009999999776482582,
    -0.009999999776482582,
    -0.009999999776482582,
    -0.009999999776482582,
    -0.009999999776482582,
    -0.009999999776482582,
    -0.009999999776482582,
    -0.009999999776482582,
    -0.009999999776482582,
    -0.009999999776482582,
    -0.009999999776482582,
    -0.009999999776482582,
    -0.009999999776482582,
    -0.009999999776482582,
    -0.009999999776482582,
    -0.009999999776482582,
    -0.009999999776482582,
    -0.009999999776482582,
    -0.009999999776482582,
    -0.009999999776482582,
    -0.009999999776482582,
    -0.009999999776482582,
    -0.009999999776482582,
    -0.009999999776482582,
    -0.009999999776482582,
    -0.009999999776482582,
    -0.009999999776482582
  ],
  "initial_ascii": [
    "LEGEND:",
    ";: background",
    ".: unbrushedsand",
    "p: player",
    "o: rock",
    "",
    "MAP:",
    ";;;;;;;;;;;;",
    ";;;;;;;;;;;;",
    ";;;;;;;;;;;;",
    ";;;......;;;",
    ";;;......;;;",
    ";;;......;;;",
    ";;p..oo..;;;",
    ";;;......;;;",
    ";;;......;;;",
    ";;;;;;;;;;;;",
    ";;;;;;;;;;;;",
    ";;;;;;;;;;;;"
  ],
  "state_data": {
    "score": -14,
    "win": false,
    "step": 100
  },
  "heuristics": [
    -34.0,
    -34.0,
    -33.0,
    -32.0,
    -31.0,
    -30.0,
    -29.0,
    -28.0,
    -27.0,
    -26.0,
    -25.0,
    -24.0,
    -23.0,
    -22.0,
    -21.0,
    -20.0,
    -19.0,
    -18.0,
    -18.0,
    -18.0,
    -17.0,
    -16.0,
    -15.0,
    -14.0,
    -14.0,
    -14.0,
    -14.0,
    -14.0,
    -14.0,
    -14.0,
    -14.0,
    -14.0,
    -14.0,
    -14.0,
    -14.0,
    -14.0,
    -14.0,
    -14.0,
    -14.0,
    -14.0,
    -14.0,
    -14.0,
    -14.0,
    -14.0,
    -14.0,
    -14.0,
    -14.0,
    -14.0,
    -14.0,
    -14.0,
    -14.0,
    -14.0,
    -14.0,
    -14.0,
    -14.0,
    -14.0,
    -14.0,
    -14.0,
    -14.0,
    -14.0,
    -14.0,
    -14.0,
    -14.0,
    -14.0,
    -14.0,
    -14.0,
    -14.0,
    -14.0,
    -14.0,
    -14.0,
    -14.0,
    -14.0,
    -14.0,
    -14.0,
    -14.0,
    -14.0,
    -14.0,
    -14.0,
    -14.0,
    -14.0,
    -14.0,
    -14.0,
    -14.0,
    -14.0,
    -14.0,
    -14.0,
    -14.0,
    -14.0,
    -14.0,
    -14.0,
    -14.0,
    -14.0,
    -14.0,
    -14.0,
    -14.0,
    -14.0,
    -14.0,
    -14.0,
    -14.0,
    -14.0
  ],
  "final_ascii": [
    "LEGEND:",
    ";: background",
    ".: unbrushedsand",
    "\u1914: vbrushedsand",
    "\u29f2: hbrushedsand",
    "\u234c: unbrushedsand, player",
    "o: rock",
    "",
    "MAP:",
    ";;;;;;;;;;;;",
    ";;;;;;;;;;;;",
    ";;;;;;;;;;;;",
    ";;;.\u1914\u1914...;;;",
    ";;;\u1914\u29f2\u1914...;;;",
    ";;;\u29f2\u234c\u1914\u29f2\u29f2.;;;",
    ";;;\u29f2\u1914oo\u1914.;;;",
    ";;;\u1914\u29f2..\u1914.;;;",
    ";;;\u29f2\u29f2\u29f2\u29f2\u1914.;;;",
    ";;;;;;;;;;;;",
    ";;;;;;;;;;;;",
    ";;;;;;;;;;;;"
  ]
}