{
  "model": "o3-mini",
  "game": "atlas shrank",
  "level": 9,
  "run": 1,
  "win": false,
  "action_sequence": [
    0,
    2,
    4,
    4,
    2,
    0,
    2,
    2,
    3,
    3,
    3,
    3,
    3,
    3,
    3,
    2,
    3,
    0,
    0,
    3,
    3,
    0,
    2,
    2,
    3,
    3,
    3,
    3,
    3,
    0,
    2,
    2,
    3,
    2,
    2,
    2,
    2,
    2,
    2,
    3,
    2,
    2,
    2,
    2,
    2,
    2,
    3,
    3,
    1,
    3,
    3,
    3,
    3,
    3,
    3,
    3,
    3,
    3,
    3,
    3,
    3,
    1,
    3,
    3,
    3,
    3,
    3,
    3,
    3,
    3,
    3,
    3,
    3,
    3,
    3,
    3,
    3,
    3,
    3,
    3,
    3,
    3,
    3,
    3,
    3,
    3,
    3,
    3,
    3,
    3,
    3,
    3,
    3,
    3,
    3,
    3,
    3,
    3,
    3,
    3
  ],
  "reward_sequence": [
    0.9900000095367432,
    -1.0099999904632568,
    -0.009999999776482582,
    -0.009999999776482582,
    -0.009999999776482582,
    0.9900000095367432,
    -1.0099999904632568,
    -0.009999999776482582,
    -0.009999999776482582,
    -0.009999999776482582,
    -0.009999999776482582,
    -0.009999999776482582,
    -0.009999999776482582,
    -0.009999999776482582,
    -0.009999999776482582,
    -1.0099999904632568,
    -0.009999999776482582,
    0.9900000095367432,
    0.9900000095367432,
    -1.0099999904632568,
    -0.009999999776482582,
    0.9900000095367432,
    -1.0099999904632568,
    -0.009999999776482582,
    -0.009999999776482582,
    -0.009999999776482582,
    -0.009999999776482582,
    -0.009999999776482582,
    -0.009999999776482582,
    0.9900000095367432,
    -1.0099999904632568,
    -0.009999999776482582,
    -0.009999999776482582,
    -1.0099999904632568,
    -1.0099999904632568,
    -1.0099999904632568,
    -1.0099999904632568,
    -1.0099999904632568,
    -1.0099999904632568,
    -0.009999999776482582,
    -1.0099999904632568,
    -1.0099999904632568,
    -1.0099999904632568,
    -1.0099999904632568,
    -1.0099999904632568,
    -1.0099999904632568,
    -1.0099999904632568,
    -0.009999999776482582,
    -0.009999999776482582,
    -0.009999999776482582,
    -0.009999999776482582,
    -0.009999999776482582,
    -0.009999999776482582,
    -0.009999999776482582,
    -0.009999999776482582,
    -0.009999999776482582,
    -0.009999999776482582,
    -0.009999999776482582,
    -0.009999999776482582,
    -0.009999999776482582,
    -0.009999999776482582,
    -0.009999999776482582,
    -0.009999999776482582,
    -0.009999999776482582,
    -0.009999999776482582,
    -0.009999999776482582,
    -0.009999999776482582,
    -0.009999999776482582,
    -0.009999999776482582,
    -0.009999999776482582,
    -0.009999999776482582,
    -0.009999999776482582,
    -0.009999999776482582,
    -0.009999999776482582,
    -0.009999999776482582,
    -0.009999999776482582,
    -0.009999999776482582,
    -0.009999999776482582,
    -0.009999999776482582,
    -0.009999999776482582,
    -0.009999999776482582,
    -0.009999999776482582,
    -0.009999999776482582,
    -0.009999999776482582,
    -0.009999999776482582,
    -0.009999999776482582,
    -0.009999999776482582,
    -0.009999999776482582,
    -0.009999999776482582,
    -0.009999999776482582,
    -0.009999999776482582,
    -0.009999999776482582,
    -0.009999999776482582,
    -0.009999999776482582,
    -0.009999999776482582,
    -0.009999999776482582,
    -0.009999999776482582,
    -0.009999999776482582,
    -0.009999999776482582,
    -0.009999999776482582
  ],
  "initial_ascii": [
    "LEGEND:",
    ".: background",
    "#: wallsolo",
    "*: crate, massive",
    "o: exit",
    "\u1128: wallu",
    "\u0d1f: wallm",
    "\u13ad: walld",
    "s: wallud",
    "x: door",
    "\u0aa8: wallrl",
    "\u075f: walll",
    "\u1804: wallr",
    "\u1e03: playerl",
    "t: switch",
    "",
    "MAP:",
    ".....................##*#*****....*...................",
    "..o....##.#.#\u1128\u1128\u1128\u1128#....##******...**.........#.........",
    "..#.#\u1128\u1128\u0d1f\u0d1f\u1128\u0d1f\u1128\u0d1f\u0d1f\u0d1f\u0d1f\u13ad\u0d1f#....#\u1128\u1128#*********........s........*",
    "#\u1128\u0d1f\u1128\u0d1f\u13ad\u13ad\u13ad\u13ad\u13ad\u13ad\u13ad\u13ad\u13ad\u13ad#.s.##..x#\u13ad\u13ad\u0aa8\u0aa8\u0aa8\u0aa8\u0aa8\u0aa8\u0aa8\u0aa8#........s........#",
    "\u075f\u0d1f\u0d1f\u13ad\u1804............s..s..x....................s.........",
    "\u075f\u13ad#.s............#..#.*x....................s.........",
    "s.*.s................#\u0aa8\u0aa8\u0aa8#..................#.........",
    "s***s............#*....*.\u1e03.**.........t.*..#.........*",
    "\u075f\u0aa8\u0aa8\u0aa8#...........#\u0d1f\u1128\u1128\u1128\u1128\u1128\u1128\u1128\u1128\u1128\u1128\u1128\u1128\u1128\u1128\u1128\u1128\u1128\u1128\u1128#.#\u0aa8\u0aa8\u0aa8\u1804.........#",
    "s..............#\u0d1f\u0d1f\u0d1f\u0d1f\u0d1f\u0d1f\u0d1f\u13ad\u0d1f\u13ad\u0d1f\u13ad\u0d1f\u13ad\u13ad\u13ad\u13ad\u13ad\u13ad\u13ad\u13ad\u13ad\u0aa8#...##.........",
    "s.............#\u0d1f\u0d1f\u0d1f\u0d1f\u0d1f\u0d1f\u0d1f#.s.s.s...............s**.......",
    "s............#\u0d1f\u0d1f\u0d1f\u0d1f\u0d1f\u0d1f\u0d1f#..#.#.#...............\u075f\u0aa8\u1128#......",
    "s............\u075f\u0d1f\u0d1f\u0d1f\u0d1f\u0d1f\u0d1f\u1804..#*#*#*#..............s.\u075f\u13ad\u0aa8\u0aa8\u0aa8\u1128\u1128#",
    "s............\u075f\u0d1f\u0d1f\u0d1f\u0d1f\u13ad\u13ad#..#*#*#*#..............s.s....#\u13ad\u1804",
    "s*...........\u075f\u0d1f\u0d1f\u13ad#......#.#.#...............s.s......s",
    "s*.......#\u1128\u1128\u1128\u0d1f\u13ad#........#...................s.s......s",
    "s*......#\u13ad\u0d1f\u0d1f\u13ad#..............................s.s......s",
    "s*.....#..##............*...................s.s......s",
    "s**...**......*.......#.#.#.#..........t....s.s.....#\u1804",
    "#\u0aa8\u0aa8\u0aa8#*#\u0aa8\u0aa8\u0aa8\u0aa8\u0aa8#**#\u0aa8\u0aa8\u0aa8\u0aa8\u0aa8\u0aa8\u13ad\u0aa8\u13ad\u0aa8\u13ad\u0aa8\u13ad\u0aa8\u0aa8\u0aa8\u0aa8\u0aa8\u0aa8\u0aa8\u0aa8\u0aa8\u0aa8\u0aa8\u0aa8#*#\u13ad\u0aa8\u13ad\u0aa8#*#\u0aa8\u13ad#"
  ],
  "state_data": {
    "score": 0,
    "win": false,
    "step": 100
  },
  "heuristics": [
    -29.0,
    -30.0,
    -30.0,
    -30.0,
    -30.0,
    -29.0,
    -30.0,
    -30.0,
    -30.0,
    -30.0,
    -30.0,
    -30.0,
    -30.0,
    -30.0,
    -30.0,
    -31.0,
    -31.0,
    -30.0,
    -29.0,
    -30.0,
    -30.0,
    -29.0,
    -30.0,
    -30.0,
    -30.0,
    -30.0,
    -30.0,
    -30.0,
    -30.0,
    -29.0,
    -30.0,
    -30.0,
    -30.0,
    -31.0,
    -32.0,
    -33.0,
    -34.0,
    -35.0,
    -36.0,
    -36.0,
    -37.0,
    -38.0,
    -39.0,
    -40.0,
    -41.0,
    -42.0,
    -43.0,
    -43.0,
    -43.0,
    -43.0,
    -43.0,
    -43.0,
    -43.0,
    -43.0,
    -43.0,
    -43.0,
    -43.0,
    -43.0,
    -43.0,
    -43.0,
    -43.0,
    -43.0,
    -43.0,
    -43.0,
    -43.0,
    -43.0,
    -43.0,
    -43.0,
    -43.0,
    -43.0,
    -43.0,
    -43.0,
    -43.0,
    -43.0,
    -43.0,
    -43.0,
    -43.0,
    -43.0,
    -43.0,
    -43.0,
    -43.0,
    -43.0,
    -43.0,
    -43.0,
    -43.0,
    -43.0,
    -43.0,
    -43.0,
    -43.0,
    -43.0,
    -43.0,
    -43.0,
    -43.0,
    -43.0,
    -43.0,
    -43.0,
    -43.0,
    -43.0,
    -43.0,
    -43.0
  ],