{
  "model": "o3-mini",
  "game": "Travelling_salesman",
  "level": 2,
  "run": 3,
  "win": false,
  "action_sequence": [
    2,
    4,
    0,
    4,
    4,
    1,
    0,
    3,
    4,
    3,
    3,
    3,
    4,
    1,
    1,
    2,
    2,
    3,
    4,
    4,
    4,
    0,
    4,
    4,
    3,
    4,
    4,
    4,
    4,
    3,
    4,
    4,
    2,
    4,
    2,
    4,
    4,
    3,
    4,
    3,
    3,
    4,
    3,
    3,
    4,
    4,
    3,
    3,
    3,
    4,
    4,
    4,
    4,
    4,
    4,
    4,
    4,
    4,
    3,
    3,
    4,
    4,
    3,
    3,
    4,
    4,
    3,
    3,
    4,
    3,
    4,
    4,
    3,
    4,
    3,
    3,
    4,
    4,
    3,
    4,
    4,
    3,
    4,
    4,
    4,
    4,
    3,
    4,
    4,
    3,
    4,
    3,
    3,
    1,
    4,
    4,
    3,
    3,
    4,
    4
  ],
  "reward_sequence": [
    1.9900000095367432,
    -0.009999999776482582,
    -0.009999999776482582,
    -0.009999999776482582,
    -0.009999999776482582,
    0.9900000095367432,
    0.9900000095367432,
    -0.009999999776482582,
    -0.009999999776482582,
    -0.009999999776482582,
    -0.009999999776482582,
    -0.009999999776482582,
    -0.009999999776482582,
    0.9900000095367432,
    0.9900000095367432,
    0.9900000095367432,
    0.9900000095367432,
    0.9900000095367432,
    -0.009999999776482582,
    -0.009999999776482582,
    -0.009999999776482582,
    0.9900000095367432,
    -0.009999999776482582,
    -0.009999999776482582,
    -0.009999999776482582,
    -0.009999999776482582,
    -0.009999999776482582,
    -0.009999999776482582,
    -0.009999999776482582,
    -0.009999999776482582,
    -0.009999999776482582,
    -0.009999999776482582,
    -0.009999999776482582,
    -0.009999999776482582,
    -0.009999999776482582,
    -0.009999999776482582,
    -0.009999999776482582,
    -0.009999999776482582,
    -0.009999999776482582,
    -0.009999999776482582,
    -0.009999999776482582,
    -0.009999999776482582,
    -0.009999999776482582,
    -0.009999999776482582,
    -0.009999999776482582,
    -0.009999999776482582,
    -0.009999999776482582,
    -0.009999999776482582,
    -0.009999999776482582,
    -0.009999999776482582,
    -0.009999999776482582,
    -0.009999999776482582,
    -0.009999999776482582,
    -0.009999999776482582,
    -0.009999999776482582,
    -0.009999999776482582,
    -0.009999999776482582,
    -0.009999999776482582,
    -0.009999999776482582,
    -0.009999999776482582,
    -0.009999999776482582,
    -0.009999999776482582,
    -0.009999999776482582,
    -0.009999999776482582,
    -0.009999999776482582,
    -0.009999999776482582,
    -0.009999999776482582,
    -0.009999999776482582,
    -0.009999999776482582,
    -0.009999999776482582,
    -0.009999999776482582,
    -0.009999999776482582,
    -0.009999999776482582,
    -0.009999999776482582,
    -0.009999999776482582,
    -0.009999999776482582,
    -0.009999999776482582,
    -0.009999999776482582,
    -0.009999999776482582,
    -0.009999999776482582,
    -0.009999999776482582,
    -0.009999999776482582,
    -0.009999999776482582,
    -0.009999999776482582,
    -0.009999999776482582,
    -0.009999999776482582,
    -0.009999999776482582,
    -0.009999999776482582,
    -0.009999999776482582,
    -0.009999999776482582,
    -0.009999999776482582,
    -0.009999999776482582,
    -0.009999999776482582,
    -0.009999999776482582,
    -0.009999999776482582,
    -0.009999999776482582,
    -0.009999999776482582,
    -0.009999999776482582,
    -0.009999999776482582,
    -0.009999999776482582
  ],
  "initial_ascii": [
    "LEGEND:",
    "\u1164: nodeseen",
    "\u26d1: hlinkseen",
    "\u29d2: nodeseen, player",
    ".: background",
    "o: node",
    "-: hlink",
    "|: vlink",
    "",
    "MAP:",
    "\u1164\u26d1\u29d2.o-o",
    "|.|.|.|",
    "o-o-o.o",
    "|.|...|",
    "o.o-o-o",
    "|.|.|.|",
    "o-o-o-o"
  ],
  "state_data": {
    "score": -6,
    "win": false,
    "step": 100
  },
  "heuristics": [
    -14.0,
    -14.0,
    -14.0,
    -14.0,
    -14.0,
    -13.0,
    -12.0,
    -12.0,
    -12.0,
    -12.0,
    -12.0,
    -12.0,
    -12.0,
    -11.0,
    -10.0,
    -9.0,
    -8.0,
    -7.0,
    -7.0,
    -7.0,
    -7.0,
    -6.0,
    -6.0,
    -6.0,
    -6.0,
    -6.0,
    -6.0,
    -6.0,
    -6.0,
    -6.0,
    -6.0,
    -6.0,
    -6.0,
    -6.0,
    -6.0,
    -6.0,
    -6.0,
    -6.0,
    -6.0,
    -6.0,
    -6.0,
    -6.0,
    -6.0,
    -6.0,
    -6.0,
    -6.0,
    -6.0,
    -6.0,
    -6.0,
    -6.0,
    -6.0,
    -6.0,
    -6.0,
    -6.0,
    -6.0,
    -6.0,
    -6.0,
    -6.0,
    -6.0,
    -6.0,
    -6.0,
    -6.0,
    -6.0,
    -6.0,
    -6.0,
    -6.0,
    -6.0,
    -6.0,
    -6.0,
    -6.0,
    -6.0,
    -6.0,
    -6.0,
    -6.0,
    -6.0,
    -6.0,
    -6.0,
    -6.0,
    -6.0,
    -6.0,
    -6.0,
    -6.0,
    -6.0,
    -6.0,
    -6.0,
    -6.0,
    -6.0,
    -6.0,
    -6.0,
    -6.0,
    -6.0,
    -6.0,
    -6.0,
    -6.0,
    -6.0,
    -6.0,
    -6.0,
    -6.0,
    -6.0,
    -6.0
  ],
  "final_ascii": [
    "LEGEND:",
    "\u1164: nodeseen",
    "\u26d1: hlinkseen",
    ".: background",
    "o: node",
    "-: hlink",
    "|: vlink",
    "\u2146: vlinkseen",
    "\u29d2: nodeseen, player",
    "",
    "MAP:",
    "\u1164\u26d1\u1164.o-o",
    "|.\u2146.|.|",
    "\u1164\u26d1\u1164-o.o",
    "\u2146.|...|",
    "\u1164.\u29d2\u26d1\u1164-o",
    "\u2146.|.\u2146.|",
    "\u1164\u26d1\u1164\u26d1\u1164-o"
  ]
}