{
  "model": "o3-mini",
  "game": "atlas shrank",
  "level": 4,
  "run": 1,
  "win": false,
  "action_sequence": [
    2,
    2,
    0,
    2,
    2,
    0,
    2,
    4,
    4,
    4,
    4,
    4,
    0,
    3,
    2,
    0,
    2,
    3,
    4,
    0,
    2,
    0,
    2,
    0,
    2,
    2,
    0,
    2,
    0,
    2,
    4,
    4,
    4,
    0,
    2,
    4,
    4,
    0,
    2,
    4,
    4,
    2,
    4,
    0,
    2,
    4,
    0,
    2,
    0,
    2,
    2,
    4,
    0,
    2,
    2,
    0,
    3,
    2,
    4,
    0,
    2,
    2,
    0,
    3,
    3,
    2,
    4,
    0,
    2,
    0,
    2,
    4,
    0,
    2,
    0,
    2,
    0,
    3,
    2,
    0,
    2,
    4,
    4,
    0,
    3,
    3,
    2,
    4,
    4,
    0,
    3,
    3,
    3,
    2,
    0,
    3,
    2,
    0,
    2,
    4
  ],
  "reward_sequence": [
    0.9900000095367432,
    0.9900000095367432,
    -1.0099999904632568,
    0.9900000095367432,
    -0.009999999776482582,
    -1.0099999904632568,
    0.9900000095367432,
    -0.009999999776482582,
    -0.009999999776482582,
    -0.009999999776482582,
    -0.009999999776482582,
    -0.009999999776482582,
    -1.0099999904632568,
    -0.009999999776482582,
    0.9900000095367432,
    -1.0099999904632568,
    0.9900000095367432,
    -0.009999999776482582,
    -0.009999999776482582,
    -1.0099999904632568,
    0.9900000095367432,
    -1.0099999904632568,
    0.9900000095367432,
    -1.0099999904632568,
    0.9900000095367432,
    -0.009999999776482582,
    -1.0099999904632568,
    0.9900000095367432,
    -1.0099999904632568,
    0.9900000095367432,
    -0.009999999776482582,
    -0.009999999776482582,
    -0.009999999776482582,
    -1.0099999904632568,
    0.9900000095367432,
    -0.009999999776482582,
    -0.009999999776482582,
    -1.0099999904632568,
    0.9900000095367432,
    -0.009999999776482582,
    -0.009999999776482582,
    -0.009999999776482582,
    -0.009999999776482582,
    -1.0099999904632568,
    0.9900000095367432,
    -0.009999999776482582,
    -1.0099999904632568,
    0.9900000095367432,
    -1.0099999904632568,
    0.9900000095367432,
    -0.009999999776482582,
    -0.009999999776482582,
    -1.0099999904632568,
    0.9900000095367432,
    -0.009999999776482582,
    -1.0099999904632568,
    -0.009999999776482582,
    0.9900000095367432,
    -0.009999999776482582,
    -1.0099999904632568,
    0.9900000095367432,
    -0.009999999776482582,
    -1.0099999904632568,
    -0.009999999776482582,
    -0.009999999776482582,
    0.9900000095367432,
    -0.009999999776482582,
    -1.0099999904632568,
    0.9900000095367432,
    -1.0099999904632568,
    0.9900000095367432,
    -0.009999999776482582,
    -1.0099999904632568,
    0.9900000095367432,
    -1.0099999904632568,
    0.9900000095367432,
    -1.0099999904632568,
    -0.009999999776482582,
    0.9900000095367432,
    -1.0099999904632568,
    0.9900000095367432,
    -0.009999999776482582,
    -0.009999999776482582,
    -1.0099999904632568,
    -0.009999999776482582,
    -0.009999999776482582,
    0.9900000095367432,
    -0.009999999776482582,
    -0.009999999776482582,
    -1.0099999904632568,
    -0.009999999776482582,
    -0.009999999776482582,
    -0.009999999776482582,
    0.9900000095367432,
    -1.0099999904632568,
    -0.009999999776482582,
    0.9900000095367432,
    -1.0099999904632568,
    0.9900000095367432,
    -0.009999999776482582
  ],
  "initial_ascii": [
    "LEGEND:",
    "*: crate, massive",
    "#: wallsolo",
    "\u11e7: wallu",
    "\u236f: wallrl",
    "\u2766: wallr",
    ".: background",
    "\u21da: wallud",
    "\u11ad: walll",
    "o: exit",
    "\u0870: wallm",
    "\u02f2: walld",
    "x: door",
    "\u124d: playerr",
    "t: switch",
    "",
    "MAP:",
    "*#\u11e7\u11e7\u236f#*#\u11e7\u236f\u236f\u236f\u11e7\u236f\u236f\u236f\u236f#",
    "#*#\u2766.##.#...#....\u21da",
    "\u11ad#.#..\u21da..........\u21da",
    "\u21da.....#*........o\u21da",
    "\u21da......#\u236f#.....#\u11e7\u2766",
    "\u21da.........#....\u11ad\u0870\u2766",
    "\u21da......*..*....\u11ad\u0870\u2766",
    "\u21da....#\u236f\u236f\u236f\u236f\u236f\u236f\u236f\u236f\u236f\u02f2\u02f2\u2766",
    "\u21da...#............\u21da",
    "\u21da**..............\u21da",
    "#\u236f\u236f\u236f#...#\u11e7\u11e7\u11e7\u11e7\u11e7\u11e7\u11e7\u11e7\u2766",
    "****.#..#\u0870\u0870\u0870\u0870\u0870\u0870\u0870\u0870\u2766",
    "****..#..#\u02f2\u02f2\u0870\u0870\u0870\u0870\u0870\u2766",
    "****...#....#\u02f2\u02f2\u02f2\u02f2\u2766",
    "****....#.......*\u21da",
    "*#\u236f#....\u11ad#......*\u21da",
    "*.....#\u11e7\u0870\u0870#...#\u11e7\u11e7\u2766",
    "#......#\u02f2#....\u11ad\u0870\u0870\u2766",
    "*.......x..#\u11e7\u11e7\u0870\u0870\u0870\u2766",
    "##.#....x.#\u0870\u0870\u0870\u0870\u0870\u0870\u2766",
    "..\u124d*.*ttx#\u0870\u0870\u0870\u0870\u0870\u0870\u0870\u2766",
    "#\u236f\u236f\u236f\u236f\u236f\u236f\u236f\u236f\u02f2\u02f2\u02f2\u02f2\u02f2\u02f2\u02f2\u02f2#"
  ],
  "state_data": {
    "score": 0,
    "win": false,
    "step": 100
  },
  "heuristics": [
    -31.0,
    -30.0,
    -31.0,
    -30.0,
    -30.0,
    -31.0,
    -30.0,
    -30.0,
    -30.0,
    -30.0,
    -30.0,
    -30.0,
    -31.0,
    -31.0,
    -30.0,
    -31.0,
    -30.0,
    -30.0,
    -30.0,
    -31.0,
    -30.0,
    -31.0,
    -30.0,
    -31.0,
    -30.0,
    -30.0,
    -31.0,
    -30.0,
    -31.0,
    -30.0,
    -30.0,
    -30.0,
    -30.0,
    -31.0,
    -30.0,
    -30.0,
    -30.0,
    -31.0,
    -30.0,
    -30.0,
    -30.0,
    -30.0,
    -30.0,
    -31.0,
    -30.0,
    -30.0,
    -31.0,
    -30.0,
    -31.0,
    -30.0,
    -30.0,
    -30.0,
    -31.0,
    -30.0,
    -30.0,
    -31.0,
    -31.0,
    -30.0,
    -30.0,
    -31.0,
    -30.0,
    -30.0,
    -31.0,
    -31.0,
    -31.0,
    -30.0,
    -30.0,
    -31.0,
    -30.0,
    -31.0,
    -30.0,
    -30.0,
    -31.0,
    -30.0,
    -31.0,
    -30.0,
    -31.0,
    -31.0,
    -30.0,
    -31.0,
    -30.0,
    -30.0,
    -30.0,
    -31.0,
    -31.0,
    -31.0,
    -30.0,
    -30.0,
    -30.0,
    -31.0,
    -31.0,
    -31.0,
    -31.0,
    -30.0,
    -31.0,
    -31.0,
    -30.0,
    -31.0,
    -30.0,
    -30.0
  ],
  "final_ascii": [
    "LEGEND:",
    "*: crate, massive",
    "#: wallsolo",
    "\u11e7: wallu",
    "\u236f: wallrl",
    "\u2766: wallr",
    ".: background",
    "\u21da: wallud",
    "\u11ad: walll",
    "o: exit",
    "\u0870: wallm",
    "\u02f2: walld",
    "x: door",
    "\u124d: playerr",
    "t: switch",
    "",
    "MAP:",
    "*#\u11e7\u11e7\u236f#*#\u11e7\u236f\u236f\u236f\u11e7\u236f\u236f\u236f\u236f#",
    "#*#\u2766.##.#...#....\u21da",
    "\u11ad#.#..\u21da..........\u21da",
    "\u21da.....#*........o\u21da",
    "\u21da......#\u236f#.....#\u11e7\u2766",
    "\u21da.........#....\u11ad\u0870\u2766",
    "\u21da......*..*....\u11ad\u0870\u2766",
    "\u21da....#\u236f\u236f\u236f\u236f\u236f\u236f\u236f\u236f\u236f\u02f2\u02f2\u2766",
    "\u21da...#............\u21da",
    "\u21da**..............\u21da",
    "#\u236f\u236f\u236f#...#\u11e7\u11e7\u11e7\u11e7\u11e7\u11e7\u11e7\u11e7\u2766",
    "****.#..#\u0870\u0870\u0870\u0870\u0870\u0870\u0870\u0870\u2766",
    "****..#..#\u02f2\u02f2\u0870\u0870\u0870\u0870\u0870\u2766",
    "****...#....#\u02f2\u02f2\u02f2\u02f2\u2766",
    "****....#.......*\u21da",
    "*#\u236f#....\u11ad#......*\u21da",
    "*.....#\u11e7\u0870\u0870#...#\u11e7\u11e7\u2766",
    "#......#\u02f2#....\u11ad\u0870\u0870\u2766",
    "*.......x..#\u11e7\u11e7\u0870\u0870\u0870\u2766",
    "##.#....x.#\u0870\u0870\u0870\u0870\u0870\u0870\u2766",
    "...\u124d**ttx#\u0870\u0870\u0870\u0870\u0870\u0870\u0870\u2766",
    "#\u236f\u236f\u236f\u236f\u236f\u236f\u236f\u236f\u02f2\u02f2\u02f2\u02f2\u02f2\u02f2\u02f2\u02f2#"
  ]
}