{
  "model": "o3-mini",
  "game": "kettle",
  "level": 5,
  "run": 3,
  "win": false,
  "action_sequence": [
    3,
    1,
    0,
    0,
    2,
    0,
    3,
    0,
    2,
    0,
    0,
    0,
    0,
    0,
    0,
    0,
    3,
    4,
    4,
    0,
    4,
    2,
    2,
    0,
    0,
    4,
    0,
    0,
    0,
    0,
    2,
    2,
    0,
    2,
    4,
    0,
    2,
    0,
    4,
    2,
    0,
    3,
    4,
    4,
    2,
    2,
    0,
    0,
    0,
    4,
    2,
    0,
    4,
    1,
    4,
    4,
    0,
    4,
    4,
    4,
    4,
    0,
    0,
    0,
    4,
    1,
    4,
    0,
    4,
    2,
    0,
    0,
    3,
    4,
    4,
    1,
    4,
    4,
    4,
    0,
    4,
    4,
    3,
    1,
    0,
    2,
    0,
    1,
    3,
    4,
    2,
    2,
    0,
    0,
    4,
    0,
    0,
    4,
    0,
    2
  ],
  "reward_sequence": [
    3.990000009536743,
    3.990000009536743,
    3.990000009536743,
    -0.009999999776482582,
    0.9900000095367432,
    -0.009999999776482582,
    -0.009999999776482582,
    -0.009999999776482582,
    -0.009999999776482582,
    -0.009999999776482582,
    -0.009999999776482582,
    -0.009999999776482582,
    -0.009999999776482582,
    -0.009999999776482582,
    -0.009999999776482582,
    -0.009999999776482582,
    -0.009999999776482582,
    -0.009999999776482582,
    -0.009999999776482582,
    -0.009999999776482582,
    -0.009999999776482582,
    -0.009999999776482582,
    -0.009999999776482582,
    -0.009999999776482582,
    -0.009999999776482582,
    -0.009999999776482582,
    -0.009999999776482582,
    -0.009999999776482582,
    -0.009999999776482582,
    -0.009999999776482582,
    -0.009999999776482582,
    -0.009999999776482582,
    -0.009999999776482582,
    -0.009999999776482582,
    -0.009999999776482582,
    -0.009999999776482582,
    -0.009999999776482582,
    -0.009999999776482582,
    -0.009999999776482582,
    -0.009999999776482582,
    -0.009999999776482582,
    -0.009999999776482582,
    -0.009999999776482582,
    -0.009999999776482582,
    -0.009999999776482582,
    -0.009999999776482582,
    -0.009999999776482582,
    -0.009999999776482582,
    -0.009999999776482582,
    -0.009999999776482582,
    -0.009999999776482582,
    -0.009999999776482582,
    -0.009999999776482582,
    -0.009999999776482582,
    -0.009999999776482582,
    -0.009999999776482582,
    -0.009999999776482582,
    -0.009999999776482582,
    -0.009999999776482582,
    -0.009999999776482582,
    -0.009999999776482582,
    -0.009999999776482582,
    -0.009999999776482582,
    -0.009999999776482582,
    -0.009999999776482582,
    -0.009999999776482582,
    -0.009999999776482582,
    -0.009999999776482582,
    -0.009999999776482582,
    -0.009999999776482582,
    -0.009999999776482582,
    -0.009999999776482582,
    -0.009999999776482582,
    -0.009999999776482582,
    -0.009999999776482582,
    -0.009999999776482582,
    -0.009999999776482582,
    -0.009999999776482582,
    -0.009999999776482582,
    -0.009999999776482582,
    -0.009999999776482582,
    -0.009999999776482582,
    -0.009999999776482582,
    -0.009999999776482582,
    -0.009999999776482582,
    -0.009999999776482582,
    -0.009999999776482582,
    -0.009999999776482582,
    -0.009999999776482582,
    -0.009999999776482582,
    -0.009999999776482582,
    -0.009999999776482582,
    -0.009999999776482582,
    -0.009999999776482582,
    -0.009999999776482582,
    -0.009999999776482582,
    -0.009999999776482582,
    -0.009999999776482582,
    -0.009999999776482582,
    -0.009999999776482582
  ],
  "initial_ascii": [
    "LEGEND:",
    "#: wall",
    ".: background",
    "k: dpolice",
    "l: rpolice",
    "c: crate",
    "j: lpolice",
    "t: target",
    "@: target, crate",
    "i: upolice",
    "",
    "MAP:",
    "###############",
    "#.............#",
    "#.............#",
    "#....kkkkkk...#",
    "#...lcc..ccj..#",
    "#...l.tttt.j..#",
    "#...lct@@tcj..#",
    "#...lcttt@cj..#",
    "#...lc@@t@cj..#",
    "#...liiiiiij..#",
    "#.............#",
    "#.............#",
    "###############"
  ],
  "state_data": {
    "score": 13,
    "win": false,
    "step": 100
  },
  "heuristics": [
    -12.0,
    -8.0,
    -4.0,
    -4.0,
    -3.0,
    -3.0,
    -3.0,
    -3.0,
    -3.0,
    -3.0,
    -3.0,
    -3.0,
    -3.0,
    -3.0,
    -3.0,
    -3.0,
    -3.0,
    -3.0,
    -3.0,
    -3.0,
    -3.0,
    -3.0,
    -3.0,
    -3.0,
    -3.0,
    -3.0,
    -3.0,
    -3.0,
    -3.0,
    -3.0,
    -3.0,
    -3.0,
    -3.0,
    -3.0,
    -3.0,
    -3.0,
    -3.0,
    -3.0,
    -3.0,
    -3.0,
    -3.0,
    -3.0,
    -3.0,
    -3.0,
    -3.0,
    -3.0,
    -3.0,
    -3.0,
    -3.0,
    -3.0,
    -3.0,
    -3.0,
    -3.0,
    -3.0,
    -3.0,
    -3.0,
    -3.0,
    -3.0,
    -3.0,
    -3.0,
    -3.0,
    -3.0,
    -3.0,
    -3.0,
    -3.0,
    -3.0,
    -3.0,
    -3.0,
    -3.0,
    -3.0,
    -3.0,
    -3.0,
    -3.0,
    -3.0,
    -3.0,
    -3.0,
    -3.0,
    -3.0,
    -3.0,
    -3.0,
    -3.0,
    -3.0,
    -3.0,
    -3.0,
    -3.0,
    -3.0,
    -3.0,
    -3.0,
    -3.0,
    -3.0,
    -3.0,
    -3.0,
    -3.0,
    -3.0,
    -3.0,
    -3.0,
    -3.0,
    -3.0,
    -3.0,
    -3.0
  ],
  "final_ascii": [
    "LEGEND:",
    "#: wall",
    ".: background",
    "l: rpolice",
    "k: dpolice",
    "j: lpolice",
    "c: crate",
    "@: target, crate",
    "\u01ba: target, lpolice",
    "i: upolice",
    "",
    "MAP:",
    "###############",
    "#.............#",
    "#.............#",
    "#.............#",
    "#...lkkkkkj...#",
    "#...lc@@@\u01ba....#",
    "#...lc@@@\u01ba....#",
    "#....l@@@\u01bak...#",
    "#...lc@@@@j...#",
    "#...liiiiiij..#",
    "#.............#",
    "#.............#",
    "###############"
  ]
}