{
  "model": "o3-mini",
  "game": "sokoban_basic",
  "level": 1,
  "run": 5,
  "win": false,
  "action_sequence": [
    2,
    3,
    0,
    2,
    0,
    0,
    2,
    1,
    3,
    1,
    3,
    0,
    0,
    1,
    1,
    1,
    2,
    0,
    1,
    3,
    2,
    0,
    2,
    0,
    2,
    0,
    2,
    2,
    1,
    2,
    3,
    0,
    2,
    3,
    3,
    1,
    1,
    0,
    3,
    3,
    1,
    0,
    1,
    0,
    3,
    2,
    0,
    3,
    1,
    3,
    1,
    2,
    2,
    3,
    2,
    1,
    0,
    0,
    0,
    2,
    2,
    3,
    1,
    3,
    1,
    3,
    1,
    3,
    1,
    3,
    1,
    0,
    0,
    2,
    0,
    2,
    0,
    2,
    0,
    3,
    1,
    2,
    0,
    2,
    2,
    3,
    1,
    0,
    0,
    2,
    0,
    2,
    0,
    2,
    0,
    2,
    2,
    3,
    1,
    3
  ],
  "reward_sequence": [
    -0.009999999776482582,
    -0.009999999776482582,
    -0.009999999776482582,
    -0.009999999776482582,
    -0.009999999776482582,
    -0.009999999776482582,
    -0.009999999776482582,
    -0.009999999776482582,
    -0.009999999776482582,
    -0.009999999776482582,
    -0.009999999776482582,
    -0.009999999776482582,
    -0.009999999776482582,
    -0.009999999776482582,
    -0.009999999776482582,
    -0.009999999776482582,
    -0.009999999776482582,
    -0.009999999776482582,
    -0.009999999776482582,
    -0.009999999776482582,
    -0.009999999776482582,
    -0.009999999776482582,
    -0.009999999776482582,
    -0.009999999776482582,
    -0.009999999776482582,
    -0.009999999776482582,
    -0.009999999776482582,
    -1.0099999904632568,
    -0.009999999776482582,
    -0.009999999776482582,
    -0.009999999776482582,
    -0.009999999776482582,
    -0.009999999776482582,
    -1.0099999904632568,
    -1.0099999904632568,
    -0.009999999776482582,
    -0.009999999776482582,
    -0.009999999776482582,
    -1.0099999904632568,
    -1.0099999904632568,
    -0.009999999776482582,
    -1.0099999904632568,
    -0.009999999776482582,
    -0.009999999776482582,
    -1.0099999904632568,
    -0.009999999776482582,
    -0.009999999776482582,
    -1.0099999904632568,
    -0.009999999776482582,
    -0.009999999776482582,
    -0.009999999776482582,
    -0.009999999776482582,
    -0.009999999776482582,
    -0.009999999776482582,
    -0.009999999776482582,
    -0.009999999776482582,
    -0.009999999776482582,
    -0.009999999776482582,
    -0.009999999776482582,
    -0.009999999776482582,
    -0.009999999776482582,
    -0.009999999776482582,
    -0.009999999776482582,
    -0.009999999776482582,
    -0.009999999776482582,
    -0.009999999776482582,
    -0.009999999776482582,
    -0.009999999776482582,
    -0.009999999776482582,
    -0.009999999776482582,
    -0.009999999776482582,
    -0.009999999776482582,
    -0.009999999776482582,
    -0.009999999776482582,
    -0.009999999776482582,
    -0.009999999776482582,
    -0.009999999776482582,
    -0.009999999776482582,
    -0.009999999776482582,
    -0.009999999776482582,
    -0.009999999776482582,
    -0.009999999776482582,
    -0.009999999776482582,
    -0.009999999776482582,
    -0.009999999776482582,
    -0.009999999776482582,
    -0.009999999776482582,
    -0.009999999776482582,
    -0.009999999776482582,
    -0.009999999776482582,
    -0.009999999776482582,
    -0.009999999776482582,
    -0.009999999776482582,
    -0.009999999776482582,
    -0.009999999776482582,
    -0.009999999776482582,
    -0.009999999776482582,
    -0.009999999776482582,
    -0.009999999776482582,
    -0.009999999776482582
  ],
  "initial_ascii": [
    "LEGEND:",
    "#: wall",
    ".: background",
    "p: player",
    "*: crate",
    "@: target, crate",
    "o: target",
    "",
    "MAP:",
    "######",
    "#....#",
    "#.#.p#",
    "#.*@.#",
    "#.o@.#",
    "#....#",
    "######"
  ],
  "state_data": {
    "score": 0,
    "win": false,
    "step": 100
  },
  "heuristics": [
    -1.0,
    -1.0,
    -1.0,
    -1.0,
    -1.0,
    -1.0,
    -1.0,
    -1.0,
    -1.0,
    -1.0,
    -1.0,
    -1.0,
    -1.0,
    -1.0,
    -1.0,
    -1.0,
    -1.0,
    -1.0,
    -1.0,
    -1.0,
    -1.0,
    -1.0,
    -1.0,
    -1.0,
    -1.0,
    -1.0,
    -1.0,
    -2.0,
    -2.0,
    -2.0,
    -2.0,
    -2.0,
    -2.0,
    -3.0,
    -4.0,
    -4.0,
    -4.0,
    -4.0,
    -5.0,
    -6.0,
    -6.0,
    -7.0,
    -7.0,
    -7.0,
    -8.0,
    -8.0,
    -8.0,
    -9.0,
    -9.0,
    -9.0,
    -9.0,
    -9.0,
    -9.0,
    -9.0,
    -9.0,
    -9.0,
    -9.0,
    -9.0,
    -9.0,
    -9.0,
    -9.0,
    -9.0,
    -9.0,
    -9.0,
    -9.0,
    -9.0,
    -9.0,
    -9.0,
    -9.0,
    -9.0,
    -9.0,
    -9.0,
    -9.0,
    -9.0,
    -9.0,
    -9.0,
    -9.0,
    -9.0,
    -9.0,
    -9.0,
    -9.0,
    -9.0,
    -9.0,
    -9.0,
    -9.0,
    -9.0,
    -9.0,
    -9.0,
    -9.0,
    -9.0,
    -9.0,
    -9.0,
    -9.0,
    -9.0,
    -9.0,
    -9.0,
    -9.0,
    -9.0,
    -9.0,
    -9.0
  ],
  "final_ascii": [
    "LEGEND:",
    "#: wall",
    "*: crate",
    ".: background",
    "p: player",
    "o: target",
    "",
    "MAP:",
    "######",
    "#*.**#",
    "#.#p.#",
    "#..o.#",
    "#.oo.#",
    "#....#",
    "######"
  ]
}