{
  "model": "o3-mini",
  "game": "limerick",
  "level": 8,
  "run": 4,
  "win": false,
  "action_sequence": [
    3,
    3,
    3,
    2,
    3,
    3,
    3,
    2,
    2,
    2,
    2,
    0,
    3,
    2,
    2,
    3,
    3,
    2,
    2,
    3,
    2,
    3,
    2,
    2,
    2,
    2,
    3,
    3,
    2,
    3,
    2,
    2,
    2,
    2,
    2,
    3,
    2,
    3,
    3,
    2,
    2,
    2,
    3,
    3,
    2,
    3,
    3,
    3,
    3,
    3,
    2,
    2,
    2,
    3,
    3,
    2,
    2,
    2,
    3,
    2,
    2,
    2,
    0,
    2,
    3,
    3,
    3,
    2,
    2,
    2,
    2,
    3,
    3,
    2,
    2,
    3,
    2,
    3,
    3,
    3,
    3,
    3,
    3,
    3,
    3,
    3,
    2,
    3,
    2,
    2,
    3,
    4,
    3,
    2,
    2,
    3,
    2,
    3,
    2,
    3
  ],
  "reward_sequence": [
    0.9900000095367432,
    0.9900000095367432,
    0.9900000095367432,
    0.9900000095367432,
    0.9900000095367432,
    0.9900000095367432,
    0.9900000095367432,
    -0.009999999776482582,
    -0.009999999776482582,
    -0.009999999776482582,
    -0.009999999776482582,
    -3.009999990463257,
    -0.009999999776482582,
    -0.009999999776482582,
    -0.009999999776482582,
    -0.009999999776482582,
    -0.009999999776482582,
    -0.009999999776482582,
    -0.009999999776482582,
    -0.009999999776482582,
    -0.009999999776482582,
    -0.009999999776482582,
    -0.009999999776482582,
    -0.009999999776482582,
    -0.009999999776482582,
    -0.009999999776482582,
    -0.009999999776482582,
    -0.009999999776482582,
    -0.009999999776482582,
    -0.009999999776482582,
    -0.009999999776482582,
    -0.009999999776482582,
    -0.009999999776482582,
    -0.009999999776482582,
    -0.009999999776482582,
    -0.009999999776482582,
    -0.009999999776482582,
    -0.009999999776482582,
    -0.009999999776482582,
    -0.009999999776482582,
    -0.009999999776482582,
    -0.009999999776482582,
    -0.009999999776482582,
    -0.009999999776482582,
    -0.009999999776482582,
    -0.009999999776482582,
    -0.009999999776482582,
    -0.009999999776482582,
    -0.009999999776482582,
    -0.009999999776482582,
    -0.009999999776482582,
    -0.009999999776482582,
    -0.009999999776482582,
    -0.009999999776482582,
    -0.009999999776482582,
    -0.009999999776482582,
    -0.009999999776482582,
    -0.009999999776482582,
    -0.009999999776482582,
    -0.009999999776482582,
    -0.009999999776482582,
    -0.009999999776482582,
    -0.009999999776482582,
    -0.009999999776482582,
    -0.009999999776482582,
    -0.009999999776482582,
    -0.009999999776482582,
    -0.009999999776482582,
    -0.009999999776482582,
    -0.009999999776482582,
    -0.009999999776482582,
    -0.009999999776482582,
    -0.009999999776482582,
    -0.009999999776482582,
    -0.009999999776482582,
    -0.009999999776482582,
    -0.009999999776482582,
    -0.009999999776482582,
    -0.009999999776482582,
    -0.009999999776482582,
    -0.009999999776482582,
    -0.009999999776482582,
    -0.009999999776482582,
    -0.009999999776482582,
    -0.009999999776482582,
    -0.009999999776482582,
    -0.009999999776482582,
    -0.009999999776482582,
    -0.009999999776482582,
    -0.009999999776482582,
    -0.009999999776482582,
    -0.009999999776482582,
    -0.009999999776482582,
    -0.009999999776482582,
    -0.009999999776482582,
    -0.009999999776482582,
    -0.009999999776482582,
    -0.009999999776482582,
    -0.009999999776482582,
    -0.009999999776482582
  ],
  "initial_ascii": [
    "LEGEND:",
    "#: wall",
    ".: background",
    "c: crate",
    "e: exit",
    "\u11f1: playerhead2",
    "\u2969: playerbodyv",
    "",
    "MAP:",
    "###################",
    "#.................#",
    "#...c.............#",
    "#...c.............#",
    "#...c.............#",
    "#...ccc...........#",
    "#...ccc.c.........#",
    "#..cccc.cc.......e#",
    "#..cccc.cc.......c#",
    "#..ccccccc.....c.c#",
    "#..ccccccc...c.c.c#",
    "#.ccccccccc..c.c.c#",
    "#\u11f1ccccccccc..c.c.c#",
    "#\u2969cccccccccccc.ccc#",
    "###################"
  ],
  "state_data": {
    "score": 0,
    "win": false,
    "step": 100
  },
  "heuristics": [
    -21.0,
    -20.0,
    -19.0,
    -18.0,
    -17.0,
    -16.0,
    -15.0,
    -15.0,
    -15.0,
    -15.0,
    -15.0,
    -18.0,
    -18.0,
    -18.0,
    -18.0,
    -18.0,
    -18.0,
    -18.0,
    -18.0,
    -18.0,
    -18.0,
    -18.0,
    -18.0,
    -18.0,
    -18.0,
    -18.0,
    -18.0,
    -18.0,
    -18.0,
    -18.0,
    -18.0,
    -18.0,
    -18.0,
    -18.0,
    -18.0,
    -18.0,
    -18.0,
    -18.0,
    -18.0,
    -18.0,
    -18.0,
    -18.0,
    -18.0,
    -18.0,
    -18.0,
    -18.0,
    -18.0,
    -18.0,
    -18.0,
    -18.0,
    -18.0,
    -18.0,
    -18.0,
    -18.0,
    -18.0,
    -18.0,
    -18.0,
    -18.0,
    -18.0,
    -18.0,
    -18.0,
    -18.0,
    -18.0,
    -18.0,
    -18.0,
    -18.0,
    -18.0,
    -18.0,
    -18.0,
    -18.0,
    -18.0,
    -18.0,
    -18.0,
    -18.0,
    -18.0,
    -18.0,
    -18.0,
    -18.0,
    -18.0,
    -18.0,
    -18.0,
    -18.0,
    -18.0,
    -18.0,
    -18.0,
    -18.0,
    -18.0,
    -18.0,
    -18.0,
    -18.0,
    -18.0,
    -18.0,
    -18.0,
    -18.0,
    -18.0,
    -18.0,
    -18.0,
    -18.0,
    -18.0,
    -18.0
  ],
  "final_ascii": [
    "LEGEND:",
    "#: wall",
    ".: background",
    "c: crate",
    "\u2969: playerbodyv",
    "\u284e: playerbodyh",
    "e: exit",
    "p: playerhead1",
    "",
    "MAP:",
    "###################",
    "#.................#",
    "#...c.............#",
    "#...c.............#",
    "#...c.............#",
    "#...ccc...........#",
    "#...ccc.c.........#",
    "#\u2969\u284ecccc.cc.......e#",
    "#\u2969\u2969cccc.cc.......c#",
    "#p\u2969ccccccc.....c.c#",
    "#\u284e\u2969ccccccc...c.c.c#",
    "#\u2969ccccccccc..c.c.c#",
    "#\u2969ccccccccc..c.c.c#",
    "#\u2969cccccccccccc.ccc#",
    "###################"
  ]
}