{
  "model": "o3-mini",
  "game": "Take_Heart_Lass",
  "level": 10,
  "run": 2,
  "win": false,
  "action_sequence": [
    1,
    2,
    2,
    3,
    0,
    3,
    2,
    2,
    2,
    2,
    2,
    2,
    2,
    4,
    0,
    2,
    0,
    2,
    0,
    2,
    0,
    2,
    0,
    2,
    0,
    2,
    0,
    2,
    0,
    2,
    0,
    2,
    0,
    2,
    0,
    2,
    0,
    2,
    0,
    2,
    0,
    2,
    0,
    2,
    0,
    2,
    0,
    2,
    0,
    2,
    0,
    0,
    2,
    2,
    0,
    2,
    0,
    0,
    2,
    2,
    0,
    0,
    2,
    2,
    0,
    2,
    0,
    2,
    0,
    2,
    0,
    2,
    0,
    2,
    0,
    2,
    0,
    2,
    0,
    2,
    0,
    2,
    0,
    2,
    0,
    2,
    0,
    2,
    0,
    2,
    0,
    1,
    1,
    3,
    2,
    0,
    2,
    0,
    2,
    0
  ],
  "reward_sequence": [
    -1.0099999904632568,
    0.9900000095367432,
    -0.009999999776482582,
    0.9900000095367432,
    -1.0099999904632568,
    -1.0099999904632568,
    -0.009999999776482582,
    0.9900000095367432,
    0.9900000095367432,
    0.9900000095367432,
    0.9900000095367432,
    0.9900000095367432,
    0.9900000095367432,
    -0.009999999776482582,
    -1.0099999904632568,
    0.9900000095367432,
    -1.0099999904632568,
    0.9900000095367432,
    -1.0099999904632568,
    0.9900000095367432,
    -1.0099999904632568,
    0.9900000095367432,
    -1.0099999904632568,
    0.9900000095367432,
    -1.0099999904632568,
    0.9900000095367432,
    -1.0099999904632568,
    0.9900000095367432,
    -1.0099999904632568,
    0.9900000095367432,
    -1.0099999904632568,
    0.9900000095367432,
    -1.0099999904632568,
    0.9900000095367432,
    -1.0099999904632568,
    0.9900000095367432,
    -1.0099999904632568,
    0.9900000095367432,
    -1.0099999904632568,
    0.9900000095367432,
    -1.0099999904632568,
    0.9900000095367432,
    -1.0099999904632568,
    0.9900000095367432,
    -1.0099999904632568,
    0.9900000095367432,
    -1.0099999904632568,
    0.9900000095367432,
    -1.0099999904632568,
    0.9900000095367432,
    -1.0099999904632568,
    -1.0099999904632568,
    0.9900000095367432,
    0.9900000095367432,
    -1.0099999904632568,
    0.9900000095367432,
    -1.0099999904632568,
    -1.0099999904632568,
    0.9900000095367432,
    0.9900000095367432,
    -1.0099999904632568,
    -1.0099999904632568,
    0.9900000095367432,
    0.9900000095367432,
    -1.0099999904632568,
    0.9900000095367432,
    -1.0099999904632568,
    0.9900000095367432,
    -1.0099999904632568,
    0.9900000095367432,
    -1.0099999904632568,
    0.9900000095367432,
    -1.0099999904632568,
    0.9900000095367432,
    -1.0099999904632568,
    0.9900000095367432,
    -1.0099999904632568,
    0.9900000095367432,
    -1.0099999904632568,
    0.9900000095367432,
    -1.0099999904632568,
    0.9900000095367432,
    -1.0099999904632568,
    0.9900000095367432,
    -1.0099999904632568,
    0.9900000095367432,
    -1.0099999904632568,
    0.9900000095367432,
    -1.0099999904632568,
    0.9900000095367432,
    -1.0099999904632568,
    0.9900000095367432,
    -0.009999999776482582,
    -1.0099999904632568,
    0.9900000095367432,
    -1.0099999904632568,
    0.9900000095367432,
    -1.0099999904632568,
    0.9900000095367432,
    -1.0099999904632568
  ],
  "initial_ascii": [
    "LEGEND:",
    "#: wall",
    "s: newdespairwall",
    ".: background",
    "\u1192: newdespair",
    "z: altolddespair",
    "x: olddespair",
    "*: crate",
    "o: target",
    "p: player",
    "h: oldhope",
    "\u1e03: newhope",
    "",
    "MAP:",
    "########s#s#",
    "#.....\u1192zxzxs",
    "#.##.##.s#s#",
    "#......*...#",
    "#.*..#.#.#o#",
    "#..p*.*.*#.#",
    "####.###...#",
    "#h\u1e03........#",
    "############"
  ],
  "state_data": {
    "score": 0,
    "win": false,
    "step": 100
  },
  "heuristics": [
    -8.0,
    -7.0,
    -7.0,
    -6.0,
    -7.0,
    -8.0,
    -8.0,
    -7.0,
    -6.0,
    -5.0,
    -4.0,
    -3.0,
    -2.0,
    -2.0,
    -3.0,
    -2.0,
    -3.0,
    -2.0,
    -3.0,
    -2.0,
    -3.0,
    -2.0,
    -3.0,
    -2.0,
    -3.0,
    -2.0,
    -3.0,
    -2.0,
    -3.0,
    -2.0,
    -3.0,
    -2.0,
    -3.0,
    -2.0,
    -3.0,
    -2.0,
    -3.0,
    -2.0,
    -3.0,
    -2.0,
    -3.0,
    -2.0,
    -3.0,
    -2.0,
    -3.0,
    -2.0,
    -3.0,
    -2.0,
    -3.0,
    -2.0,
    -3.0,
    -4.0,
    -3.0,
    -2.0,
    -3.0,
    -2.0,
    -3.0,
    -4.0,
    -3.0,
    -2.0,
    -3.0,
    -4.0,
    -3.0,
    -2.0,
    -3.0,
    -2.0,
    -3.0,
    -2.0,
    -3.0,
    -2.0,
    -3.0,
    -2.0,
    -3.0,
    -2.0,
    -3.0,
    -2.0,
    -3.0,
    -2.0,
    -3.0,
    -2.0,
    -3.0,
    -2.0,
    -3.0,
    -2.0,
    -3.0,
    -2.0,
    -3.0,
    -2.0,
    -3.0,
    -2.0,
    -3.0,
    -2.0,
    -2.0,
    -3.0,
    -2.0,
    -3.0,
    -2.0,
    -3.0,
    -2.0,
    -3.0
  ],
  "final_ascii": [
    "LEGEND:",
    "\u16ed: despairwall",
    "#: wall",
    "h: oldhope",
    "\u1a23: oldhope, player",
    "*: crate",
    "o: target",
    ".: background",
    "",
    "MAP:",
    "\u16ed##########\u16ed",
    "#hhhhhhhhhh#",
    "#h##h##h###\u16ed",
    "#hhhhhhh\u1a23h*\u16ed",
    "#h*hh#h#h#o\u16ed",
    "#hhhh**.*#h#",
    "####h###hhh#",
    "#hhhhhhhhhh#",
    "###########\u16ed"
  ]
}