{
  "model": "o3-mini",
  "game": "blocks",
  "level": 0,
  "run": 5,
  "win": false,
  "action_sequence": [
    2,
    2,
    1,
    1,
    1,
    4,
    4,
    4,
    2,
    4,
    4,
    4,
    4,
    4,
    4,
    2,
    4,
    4,
    4,
    4,
    4,
    4,
    2,
    2,
    4,
    4,
    4,
    4,
    4,
    4,
    4,
    4,
    4,
    2,
    4,
    4,
    0,
    2,
    4,
    0,
    2,
    4,
    4,
    2,
    4,
    4,
    4,
    4,
    4,
    0,
    2,
    2,
    4,
    4,
    4,
    4,
    4,
    2,
    3,
    4,
    4,
    4,
    1,
    0,
    2,
    3,
    4,
    4,
    1,
    3,
    4,
    1,
    3,
    1,
    3,
    0,
    2,
    4,
    4,
    0,
    2,
    1,
    3,
    1,
    0,
    4,
    2,
    3,
    4,
    4,
    4,
    4,
    4,
    4,
    4,
    1,
    3,
    4,
    1,
    3
  ],
  "reward_sequence": [
    1.9900000095367432,
    0.9900000095367432,
    -1.0099999904632568,
    -0.009999999776482582,
    -0.009999999776482582,
    -0.009999999776482582,
    -0.009999999776482582,
    -0.009999999776482582,
    -0.009999999776482582,
    -0.009999999776482582,
    -0.009999999776482582,
    -0.009999999776482582,
    -0.009999999776482582,
    -0.009999999776482582,
    -0.009999999776482582,
    -0.009999999776482582,
    -0.009999999776482582,
    -0.009999999776482582,
    -0.009999999776482582,
    -0.009999999776482582,
    -0.009999999776482582,
    -0.009999999776482582,
    0.9900000095367432,
    -1.0099999904632568,
    -0.009999999776482582,
    -0.009999999776482582,
    -0.009999999776482582,
    -0.009999999776482582,
    -0.009999999776482582,
    -0.009999999776482582,
    -0.009999999776482582,
    -0.009999999776482582,
    -0.009999999776482582,
    0.9900000095367432,
    -0.009999999776482582,
    -0.009999999776482582,
    -3.009999990463257,
    2.990000009536743,
    -0.009999999776482582,
    -3.009999990463257,
    2.990000009536743,
    -0.009999999776482582,
    -0.009999999776482582,
    -1.0099999904632568,
    -0.009999999776482582,
    -0.009999999776482582,
    -0.009999999776482582,
    -0.009999999776482582,
    -0.009999999776482582,
    -3.009999990463257,
    2.990000009536743,
    0.9900000095367432,
    -0.009999999776482582,
    -0.009999999776482582,
    -0.009999999776482582,
    -0.009999999776482582,
    -0.009999999776482582,
    0.9900000095367432,
    -0.009999999776482582,
    -0.009999999776482582,
    -0.009999999776482582,
    -0.009999999776482582,
    -0.009999999776482582,
    -3.009999990463257,
    2.990000009536743,
    -0.009999999776482582,
    -0.009999999776482582,
    -0.009999999776482582,
    -0.009999999776482582,
    -0.009999999776482582,
    -0.009999999776482582,
    -0.009999999776482582,
    -0.009999999776482582,
    -0.009999999776482582,
    -0.009999999776482582,
    -2.009999990463257,
    1.9900000095367432,
    -0.009999999776482582,
    -0.009999999776482582,
    -2.009999990463257,
    1.9900000095367432,
    -0.009999999776482582,
    -0.009999999776482582,
    -0.009999999776482582,
    -3.009999990463257,
    -0.009999999776482582,
    2.990000009536743,
    -0.009999999776482582,
    -0.009999999776482582,
    -0.009999999776482582,
    -0.009999999776482582,
    -0.009999999776482582,
    -0.009999999776482582,
    -0.009999999776482582,
    -0.009999999776482582,
    -0.009999999776482582,
    -0.009999999776482582,
    -0.009999999776482582,
    -0.009999999776482582,
    -0.009999999776482582
  ],
  "initial_ascii": [
    "LEGEND:",
    "w: wall",
    ".: background",
    "g: goal",
    "p: player",
    "",
    "MAP:",
    "wwwwwwwwwwwww",
    "w..gw...gw.pw",
    "w..ww...ww..w",
    "w..w..w..w..w",
    "w.p...w....gw",
    "ww..wwwwwwwww",
    "w.p........gw",
    "w..w..w.wwwww",
    "w..w.......pw",
    "w.pw..gwwwwww",
    "wwwwwwwwwwwww"
  ],
  "state_data": {
    "score": 1,
    "win": false,
    "step": 100
  },
  "heuristics": [
    -16.0,
    -15.0,
    -16.0,
    -16.0,
    -16.0,
    -16.0,
    -16.0,
    -16.0,
    -16.0,
    -16.0,
    -16.0,
    -16.0,
    -16.0,
    -16.0,
    -16.0,
    -16.0,
    -16.0,
    -16.0,
    -16.0,
    -16.0,
    -16.0,
    -16.0,
    -15.0,
    -16.0,
    -16.0,
    -16.0,
    -16.0,
    -16.0,
    -16.0,
    -16.0,
    -16.0,
    -16.0,
    -16.0,
    -15.0,
    -15.0,
    -15.0,
    -18.0,
    -15.0,
    -15.0,
    -18.0,
    -15.0,
    -15.0,
    -15.0,
    -16.0,
    -16.0,
    -16.0,
    -16.0,
    -16.0,
    -16.0,
    -19.0,
    -16.0,
    -15.0,
    -15.0,
    -15.0,
    -15.0,
    -15.0,
    -15.0,
    -14.0,
    -14.0,
    -14.0,
    -14.0,
    -14.0,
    -14.0,
    -17.0,
    -14.0,
    -14.0,
    -14.0,
    -14.0,
    -14.0,
    -14.0,
    -14.0,
    -14.0,
    -14.0,
    -14.0,
    -14.0,
    -16.0,
    -14.0,
    -14.0,
    -14.0,
    -16.0,
    -14.0,
    -14.0,
    -14.0,
    -14.0,
    -17.0,
    -17.0,
    -14.0,
    -14.0,
    -14.0,
    -14.0,
    -14.0,
    -14.0,
    -14.0,
    -14.0,
    -14.0,
    -14.0,
    -14.0,
    -14.0,
    -14.0,
    -14.0
  ],
  "final_ascii": [
    "LEGEND:",
    "w: wall",
    ".: background",
    "g: goal",
    "p: player",
    "\u0f4d: goal, player",
    "",
    "MAP:",
    "wwwwwwwwwwwww",
    "w..gw...gw..w",
    "w..ww...ww..w",
    "w..w..w..w.pw",
    "w..p..w....gw",
    "ww..wwwwwwwww",
    "w..........\u0f4dw",
    "w..w..w.wwwww",
    "w.pw.......pw",
    "w..w..gwwwwww",
    "wwwwwwwwwwwww"
  ]
}