{
  "model": "o3-mini",
  "game": "Take_Heart_Lass",
  "level": 11,
  "run": 1,
  "win": false,
  "action_sequence": [
    0,
    3,
    2,
    2,
    2,
    4,
    1,
    3,
    2,
    0,
    4,
    1,
    1,
    1,
    0,
    1,
    1,
    0,
    0,
    0,
    1,
    0,
    1,
    1,
    0,
    1,
    0,
    1,
    0,
    1,
    1,
    1,
    0,
    0,
    0,
    1,
    1,
    1,
    0,
    0,
    0,
    0,
    1,
    0,
    1,
    1,
    0,
    1,
    1,
    0,
    1,
    0,
    0,
    0,
    0,
    1,
    0,
    0,
    1,
    0,
    0,
    1,
    1,
    1,
    1,
    0,
    1,
    1,
    0,
    1,
    0,
    1,
    0,
    0,
    1,
    1,
    0,
    0,
    0,
    1,
    0,
    1,
    0,
    0,
    0,
    0,
    1,
    0,
    0,
    2,
    0,
    1,
    1,
    0,
    0,
    0,
    1,
    0,
    0,
    1
  ],
  "reward_sequence": [
    -1.0099999904632568,
    0.9900000095367432,
    0.9900000095367432,
    -1.0099999904632568,
    -1.0099999904632568,
    -0.009999999776482582,
    -1.0099999904632568,
    0.9900000095367432,
    -1.0099999904632568,
    -0.009999999776482582,
    -0.009999999776482582,
    -0.009999999776482582,
    -0.009999999776482582,
    -0.009999999776482582,
    -0.009999999776482582,
    -0.009999999776482582,
    -0.009999999776482582,
    -0.009999999776482582,
    -0.009999999776482582,
    -0.009999999776482582,
    -0.009999999776482582,
    -0.009999999776482582,
    -0.009999999776482582,
    -0.009999999776482582,
    -0.009999999776482582,
    -0.009999999776482582,
    -0.009999999776482582,
    -0.009999999776482582,
    -0.009999999776482582,
    -0.009999999776482582,
    -0.009999999776482582,
    -0.009999999776482582,
    -0.009999999776482582,
    -0.009999999776482582,
    -0.009999999776482582,
    -0.009999999776482582,
    -0.009999999776482582,
    -0.009999999776482582,
    -0.009999999776482582,
    -0.009999999776482582,
    -0.009999999776482582,
    -0.009999999776482582,
    -0.009999999776482582,
    -0.009999999776482582,
    -0.009999999776482582,
    -0.009999999776482582,
    -0.009999999776482582,
    -0.009999999776482582,
    -0.009999999776482582,
    -0.009999999776482582,
    -0.009999999776482582,
    -0.009999999776482582,
    -0.009999999776482582,
    -0.009999999776482582,
    -0.009999999776482582,
    -0.009999999776482582,
    -0.009999999776482582,
    -0.009999999776482582,
    -0.009999999776482582,
    -0.009999999776482582,
    -0.009999999776482582,
    -0.009999999776482582,
    -0.009999999776482582,
    -0.009999999776482582,
    -0.009999999776482582,
    -0.009999999776482582,
    -0.009999999776482582,
    -0.009999999776482582,
    -0.009999999776482582,
    -0.009999999776482582,
    -0.009999999776482582,
    -0.009999999776482582,
    -0.009999999776482582,
    -0.009999999776482582,
    -0.009999999776482582,
    -0.009999999776482582,
    -0.009999999776482582,
    -0.009999999776482582,
    -0.009999999776482582,
    -0.009999999776482582,
    -0.009999999776482582,
    -0.009999999776482582,
    -0.009999999776482582,
    -0.009999999776482582,
    -0.009999999776482582,
    -0.009999999776482582,
    -0.009999999776482582,
    -0.009999999776482582,
    -0.009999999776482582,
    -0.009999999776482582,
    -0.009999999776482582,
    -0.009999999776482582,
    -0.009999999776482582,
    -0.009999999776482582,
    -0.009999999776482582,
    -0.009999999776482582,
    -0.009999999776482582,
    -0.009999999776482582,
    -0.009999999776482582,
    -0.009999999776482582
  ],
  "initial_ascii": [
    "LEGEND:",
    "#: wall",
    ".: background",
    "*: crate",
    "h: oldhope",
    "o: target",
    "\u1874: newhope",
    "\u2321: newdespair",
    "p: player",
    "z: altolddespair",
    "x: olddespair",
    "\u1e20: newdespairwall",
    "",
    "MAP:",
    "##################",
    "#..*.#h#o........#",
    "#...*.\u1874#######.#.#",
    "#.##.#########.#*#",
    "#\u1874#.....*...\u2321#.#.#",
    "#h#...#p...#z.*h*#",
    "###...#.#*##\u2321..#.#",
    "#...##z\u2321....#*.xz#",
    "#.*...\u2321...*...xzx\u1e20",
    "\u1e20x...#.*....\u1e20xzxz#",
    "#\u1e20###########\u1e20#\u1e20##"
  ],
  "state_data": {
    "score": 0,
    "win": false,
    "step": 100
  },
  "heuristics": [
    -5.0,
    -4.0,
    -3.0,
    -4.0,
    -5.0,
    -5.0,
    -6.0,
    -5.0,
    -6.0,
    -6.0,
    -6.0,
    -6.0,
    -6.0,
    -6.0,
    -6.0,
    -6.0,
    -6.0,
    -6.0,
    -6.0,
    -6.0,
    -6.0,
    -6.0,
    -6.0,
    -6.0,
    -6.0,
    -6.0,
    -6.0,
    -6.0,
    -6.0,
    -6.0,
    -6.0,
    -6.0,
    -6.0,
    -6.0,
    -6.0,
    -6.0,
    -6.0,
    -6.0,
    -6.0,
    -6.0,
    -6.0,
    -6.0,
    -6.0,
    -6.0,
    -6.0,
    -6.0,
    -6.0,
    -6.0,
    -6.0,
    -6.0,
    -6.0,
    -6.0,
    -6.0,
    -6.0,
    -6.0,
    -6.0,
    -6.0,
    -6.0,
    -6.0,
    -6.0,
    -6.0,
    -6.0,
    -6.0,
    -6.0,
    -6.0,
    -6.0,
    -6.0,
    -6.0,
    -6.0,
    -6.0,
    -6.0,
    -6.0,
    -6.0,
    -6.0,
    -6.0,
    -6.0,
    -6.0,
    -6.0,
    -6.0,
    -6.0,
    -6.0,
    -6.0,
    -6.0,
    -6.0,
    -6.0,
    -6.0,
    -6.0,
    -6.0,
    -6.0,
    -6.0,
    -6.0,
    -6.0,
    -6.0,
    -6.0,
    -6.0,
    -6.0,
    -6.0,
    -6.0,
    -6.0,
    -6.0
  ],
  "final_ascii": [
    "LEGEND:",
    "#: wall",
    "\u1870: despairwall",
    "h: oldhope",
    "*: crate",
    ".: background",
    "o: target",
    "z: altolddespair",
    "x: olddespair",
    "p: player",
    "",
    "MAP:",
    "#######\u1870\u1870\u1870\u1870\u1870\u1870\u1870\u1870\u1870\u1870\u1870",
    "#hh*.#h#o........\u1870",
    "#hhh*hh#\u1870\u1870\u1870\u1870\u1870\u1870.#.\u1870",
    "#h##.##\u1870\u1870\u1870\u1870\u1870\u1870\u1870.#*\u1870",
    "#h#zxzxzxzxp*\u1870.#.\u1870",
    "#h#xzx\u1870xz.z\u1870..*h*\u1870",
    "\u1870##zxz\u1870z#*\u1870\u1870x..#.\u1870",
    "\u1870..x\u1870\u1870zxz...\u1870*.xz\u1870",
    "\u1870.*.xzx.x.*...xzx\u1870",
    "\u1870x.xz\u1870.*....\u1870xzxz\u1870",
    "\u1870\u1870\u1870\u1870\u1870\u1870\u1870\u1870\u1870\u1870\u1870\u1870\u1870\u1870\u1870\u1870\u1870\u1870"
  ]
}