{
  "model": "o3-mini",
  "game": "limerick",
  "level": 1,
  "run": 4,
  "win": false,
  "action_sequence": [
    2,
    2,
    3,
    3,
    2,
    2,
    3,
    2,
    2,
    3,
    3,
    3,
    0,
    0,
    3,
    3,
    3,
    3,
    2,
    2,
    3,
    3,
    3,
    3,
    2,
    2,
    3,
    3,
    2,
    2,
    3,
    3,
    3,
    3,
    2,
    3,
    2,
    2,
    3,
    3,
    3,
    0,
    3,
    3,
    3,
    3,
    3,
    3,
    3,
    3,
    3,
    3,
    3,
    3,
    3,
    3,
    3,
    3,
    3,
    3,
    3,
    3,
    3,
    3,
    3,
    3,
    3,
    3,
    3,
    3,
    3,
    3,
    3,
    3,
    3,
    3,
    3,
    3,
    3,
    3,
    3,
    3,
    3,
    3,
    3,
    3,
    3,
    3,
    3,
    3,
    3,
    3,
    3,
    3,
    3,
    3,
    3,
    3,
    3,
    3
  ],
  "reward_sequence": [
    0.9900000095367432,
    -8.010000228881836,
    -0.009999999776482582,
    -0.009999999776482582,
    0.9900000095367432,
    0.9900000095367432,
    0.9900000095367432,
    -0.009999999776482582,
    0.9900000095367432,
    0.9900000095367432,
    0.9900000095367432,
    0.9900000095367432,
    -2.009999990463257,
    -1.0099999904632568,
    0.9900000095367432,
    0.9900000095367432,
    0.9900000095367432,
    -0.009999999776482582,
    -0.009999999776482582,
    0.9900000095367432,
    0.9900000095367432,
    0.9900000095367432,
    0.9900000095367432,
    -0.009999999776482582,
    -2.009999990463257,
    0.9900000095367432,
    0.9900000095367432,
    0.9900000095367432,
    -1.0099999904632568,
    0.9900000095367432,
    0.9900000095367432,
    0.9900000095367432,
    0.9900000095367432,
    -0.009999999776482582,
    -2.009999990463257,
    -0.009999999776482582,
    0.9900000095367432,
    0.9900000095367432,
    0.9900000095367432,
    0.9900000095367432,
    0.9900000095367432,
    -3.009999990463257,
    -0.009999999776482582,
    -0.009999999776482582,
    -0.009999999776482582,
    -0.009999999776482582,
    -0.009999999776482582,
    -0.009999999776482582,
    -0.009999999776482582,
    -0.009999999776482582,
    -0.009999999776482582,
    -0.009999999776482582,
    -0.009999999776482582,
    -0.009999999776482582,
    -0.009999999776482582,
    -0.009999999776482582,
    -0.009999999776482582,
    -0.009999999776482582,
    -0.009999999776482582,
    -0.009999999776482582,
    -0.009999999776482582,
    -0.009999999776482582,
    -0.009999999776482582,
    -0.009999999776482582,
    -0.009999999776482582,
    -0.009999999776482582,
    -0.009999999776482582,
    -0.009999999776482582,
    -0.009999999776482582,
    -0.009999999776482582,
    -0.009999999776482582,
    -0.009999999776482582,
    -0.009999999776482582,
    -0.009999999776482582,
    -0.009999999776482582,
    -0.009999999776482582,
    -0.009999999776482582,
    -0.009999999776482582,
    -0.009999999776482582,
    -0.009999999776482582,
    -0.009999999776482582,
    -0.009999999776482582,
    -0.009999999776482582,
    -0.009999999776482582,
    -0.009999999776482582,
    -0.009999999776482582,
    -0.009999999776482582,
    -0.009999999776482582,
    -0.009999999776482582,
    -0.009999999776482582,
    -0.009999999776482582,
    -0.009999999776482582,
    -0.009999999776482582,
    -0.009999999776482582,
    -0.009999999776482582,
    -0.009999999776482582,
    -0.009999999776482582,
    -0.009999999776482582,
    -0.009999999776482582,
    -0.009999999776482582
  ],
  "initial_ascii": [
    "LEGEND:",
    "#: wall",
    ".: background",
    "\u284e: playerbodyh",
    "p: playerhead1",
    "e: exit",
    "",
    "MAP:",
    "###################",
    "#.................#",
    "#.................#",
    "#.................#",
    "#..\u284ep...........e.#",
    "#####.........#####",
    "#####.............#",
    "#####.............#",
    "#####.............#",
    "#####.............#",
    "#####.....#########",
    "#####.............#",
    "#####.............#",
    "#####.............#",
    "###################",
    "###################",
    "###################"
  ],
  "state_data": {
    "score": 0,
    "win": false,
    "step": 100
  },
  "heuristics": [
    -12.0,
    -20.0,
    -20.0,
    -20.0,
    -19.0,
    -18.0,
    -17.0,
    -17.0,
    -16.0,
    -15.0,
    -14.0,
    -13.0,
    -15.0,
    -16.0,
    -15.0,
    -14.0,
    -13.0,
    -13.0,
    -13.0,
    -12.0,
    -11.0,
    -10.0,
    -9.0,
    -9.0,
    -11.0,
    -10.0,
    -9.0,
    -8.0,
    -9.0,
    -8.0,
    -7.0,
    -6.0,
    -5.0,
    -5.0,
    -7.0,
    -7.0,
    -6.0,
    -5.0,
    -4.0,
    -3.0,
    -2.0,
    -5.0,
    -5.0,
    -5.0,
    -5.0,
    -5.0,
    -5.0,
    -5.0,
    -5.0,
    -5.0,
    -5.0,
    -5.0,
    -5.0,
    -5.0,
    -5.0,
    -5.0,
    -5.0,
    -5.0,
    -5.0,
    -5.0,
    -5.0,
    -5.0,
    -5.0,
    -5.0,
    -5.0,
    -5.0,
    -5.0,
    -5.0,
    -5.0,
    -5.0,
    -5.0,
    -5.0,
    -5.0,
    -5.0,
    -5.0,
    -5.0,
    -5.0,
    -5.0,
    -5.0,
    -5.0,
    -5.0,
    -5.0,
    -5.0,
    -5.0,
    -5.0,
    -5.0,
    -5.0,
    -5.0,
    -5.0,
    -5.0,
    -5.0,
    -5.0,
    -5.0,
    -5.0,
    -5.0,
    -5.0,
    -5.0,
    -5.0,
    -5.0,
    -5.0
  ],
  "final_ascii": [
    "LEGEND:",
    "#: wall",
    ".: background",
    "\u284e: playerbodyh",
    "\u2969: playerbodyv",
    "e: exit",
    "p: playerhead1",
    "",
    "MAP:",
    "###################",
    "#.................#",
    "#.................#",
    "#.................#",
    "#..\u284e\u284e\u2969..........e.#",
    "#####\u2969........#####",
    "#####\u2969...\u284e\u2969..\u284e\u2969\u2969\u284e.#",
    "#####\u2969...\u2969\u2969\u284e\u2969\u2969\u2969\u2969\u2969.#",
    "#####\u2969.\u284e\u2969\u2969\u2969\u2969\u2969\u2969\u2969p\u2969.#",
    "#####\u2969.\u2969\u284e\u2969\u284e\u2969\u284e\u2969\u284e\u284e\u2969.#",
    "#####\u2969.\u2969\u2969\u284e#########",
    "#####\u2969.\u2969\u284e\u2969........#",
    "#####\u2969.\u284e\u2969\u2969........#",
    "#####\u284e\u284e\u2969\u284e\u2969........#",
    "###################",
    "###################",
    "###################"
  ]
}