{
  "model": "o3-mini",
  "game": "kettle",
  "level": 9,
  "run": 5,
  "win": false,
  "action_sequence": [
    2,
    1,
    3,
    2,
    1,
    2,
    4,
    2,
    0,
    4,
    0,
    4,
    4,
    4,
    0,
    0,
    2,
    0,
    4,
    2,
    0,
    3,
    0,
    0,
    0,
    0,
    0,
    4,
    4,
    3,
    0,
    1,
    3,
    0,
    3,
    2,
    0,
    1,
    0,
    2,
    4,
    4,
    0,
    0,
    4,
    1,
    3,
    0,
    4,
    2,
    4,
    2,
    4,
    2,
    0,
    0,
    2,
    4,
    4,
    4,
    2,
    4,
    1,
    0,
    4,
    0,
    0,
    2,
    0,
    2,
    3,
    0,
    4,
    3,
    4,
    0,
    4,
    2,
    0,
    4,
    1,
    0,
    4,
    2,
    0,
    0,
    4,
    4,
    0,
    0,
    3,
    4,
    4,
    2,
    4,
    4,
    0,
    0,
    0,
    3
  ],
  "reward_sequence": [
    5.989999771118164,
    5.989999771118164,
    4.989999771118164,
    4.989999771118164,
    4.989999771118164,
    -0.009999999776482582,
    -0.009999999776482582,
    -4.010000228881836,
    5.989999771118164,
    -0.009999999776482582,
    2.990000009536743,
    -0.009999999776482582,
    -0.009999999776482582,
    -0.009999999776482582,
    0.9900000095367432,
    -0.009999999776482582,
    -0.009999999776482582,
    -0.009999999776482582,
    -0.009999999776482582,
    -0.009999999776482582,
    -0.009999999776482582,
    0.9900000095367432,
    -0.009999999776482582,
    -0.009999999776482582,
    -0.009999999776482582,
    -0.009999999776482582,
    -0.009999999776482582,
    -0.009999999776482582,
    -0.009999999776482582,
    0.9900000095367432,
    -0.009999999776482582,
    -0.009999999776482582,
    -0.009999999776482582,
    -0.009999999776482582,
    -0.009999999776482582,
    -0.009999999776482582,
    -0.009999999776482582,
    -0.009999999776482582,
    -0.009999999776482582,
    -0.009999999776482582,
    -0.009999999776482582,
    -0.009999999776482582,
    -0.009999999776482582,
    -0.009999999776482582,
    -0.009999999776482582,
    -0.009999999776482582,
    -0.009999999776482582,
    -0.009999999776482582,
    -0.009999999776482582,
    -0.009999999776482582,
    -0.009999999776482582,
    -0.009999999776482582,
    -0.009999999776482582,
    -0.009999999776482582,
    -0.009999999776482582,
    -0.009999999776482582,
    -0.009999999776482582,
    -0.009999999776482582,
    -0.009999999776482582,
    -0.009999999776482582,
    -0.009999999776482582,
    -0.009999999776482582,
    -0.009999999776482582,
    -0.009999999776482582,
    -0.009999999776482582,
    -0.009999999776482582,
    -0.009999999776482582,
    -0.009999999776482582,
    -0.009999999776482582,
    -0.009999999776482582,
    -0.009999999776482582,
    -0.009999999776482582,
    -0.009999999776482582,
    -0.009999999776482582,
    -0.009999999776482582,
    -0.009999999776482582,
    -0.009999999776482582,
    -0.009999999776482582,
    -0.009999999776482582,
    -0.009999999776482582,
    -0.009999999776482582,
    -0.009999999776482582,
    -0.009999999776482582,
    -0.009999999776482582,
    -0.009999999776482582,
    -0.009999999776482582,
    -0.009999999776482582,
    -0.009999999776482582,
    -0.009999999776482582,
    -0.009999999776482582,
    -0.009999999776482582,
    -0.009999999776482582,
    -0.009999999776482582,
    -0.009999999776482582,
    -0.009999999776482582,
    -0.009999999776482582,
    -0.009999999776482582,
    -0.009999999776482582,
    -0.009999999776482582,
    -0.009999999776482582
  ],
  "initial_ascii": [
    "LEGEND:",
    "#: wall",
    ".: background",
    "k: dpolice",
    "l: rpolice",
    "c: crate",
    "j: lpolice",
    "@: target, crate",
    "t: target",
    "i: upolice",
    "",
    "MAP:",
    "###############",
    "#.kkkkkkkkkk..#",
    "#.lccc.c...cj.#",
    "#.lc........j.#",
    "#.lc@t@tt...j.#",
    "#.lct@@@t...j.#",
    "#.l.@ttt@..cj.#",
    "#.lctt@@t..cj.#",
    "#.l.ttttt...j.#",
    "#.l.........j.#",
    "#.l........cj.#",
    "#.l...c.c.ccj.#",
    "#.iiiiiiiiii..#",
    "###############"
  ],
  "state_data": {
    "score": 13,
    "win": false,
    "step": 100
  },
  "heuristics": [
    -47.0,
    -41.0,
    -36.0,
    -31.0,
    -26.0,
    -26.0,
    -26.0,
    -30.0,
    -24.0,
    -24.0,
    -21.0,
    -21.0,
    -21.0,
    -21.0,
    -20.0,
    -20.0,
    -20.0,
    -20.0,
    -20.0,
    -20.0,
    -20.0,
    -19.0,
    -19.0,
    -19.0,
    -19.0,
    -19.0,
    -19.0,
    -19.0,
    -19.0,
    -18.0,
    -18.0,
    -18.0,
    -18.0,
    -18.0,
    -18.0,
    -18.0,
    -18.0,
    -18.0,
    -18.0,
    -18.0,
    -18.0,
    -18.0,
    -18.0,
    -18.0,
    -18.0,
    -18.0,
    -18.0,
    -18.0,
    -18.0,
    -18.0,
    -18.0,
    -18.0,
    -18.0,
    -18.0,
    -18.0,
    -18.0,
    -18.0,
    -18.0,
    -18.0,
    -18.0,
    -18.0,
    -18.0,
    -18.0,
    -18.0,
    -18.0,
    -18.0,
    -18.0,
    -18.0,
    -18.0,
    -18.0,
    -18.0,
    -18.0,
    -18.0,
    -18.0,
    -18.0,
    -18.0,
    -18.0,
    -18.0,
    -18.0,
    -18.0,
    -18.0,
    -18.0,
    -18.0,
    -18.0,
    -18.0,
    -18.0,
    -18.0,
    -18.0,
    -18.0,
    -18.0,
    -18.0,
    -18.0,
    -18.0,
    -18.0,
    -18.0,
    -18.0,
    -18.0,
    -18.0,
    -18.0,
    -18.0
  ],
  "final_ascii": [
    "LEGEND:",
    "#: wall",
    ".: background",
    "k: dpolice",
    "l: rpolice",
    "j: lpolice",
    "t: target",
    "\u2842: target, rpolice",
    "@: target, crate",
    "c: crate",
    "i: upolice",
    "\u1ec3: target, dpolice",
    "\u1722: target, upolice",
    "\u23ac: target, lpolice",
    "",
    "MAP:",
    "###############",
    "#.k...........#",
    "#.lj..........#",
    "#...lkkkkkkkj.#",
    "#...t\u2842@@@ccj..#",
    "#..kt\u2842@@@cj...#",
    "#..i\u1ec3\u2842@@@ccj..#",
    "#.i.\u1722\u2842@@@ccj..#",
    "#...tt\u2842@\u23accii..#",
    "#.....lcji....#",
    "#....lcccj....#",
    "#...liiiij....#",
    "#.............#",
    "###############"
  ]
}