{
  "model": "o3-mini",
  "game": "atlas shrank",
  "level": 10,
  "run": 5,
  "win": false,
  "action_sequence": [
    2,
    3,
    0,
    0,
    2,
    2,
    0,
    0,
    0,
    2,
    0,
    0,
    2,
    0,
    2,
    0,
    0,
    0,
    0,
    0,
    0,
    3,
    2,
    0,
    2,
    0,
    0,
    0,
    0,
    0,
    2,
    0,
    0,
    0,
    0,
    0,
    0,
    0,
    2,
    0,
    2,
    2,
    3,
    2,
    0,
    0,
    0,
    0,
    3,
    0,
    0,
    3,
    2,
    0,
    0,
    0,
    0,
    0,
    0,
    0,
    0,
    3,
    3,
    0,
    2,
    2,
    0,
    0,
    0,
    2,
    0,
    0,
    0,
    2,
    2,
    0,
    0,
    3,
    2,
    2,
    0,
    2,
    3,
    0,
    0,
    0,
    0,
    2,
    3,
    0,
    0,
    0,
    0,
    0,
    0,
    2,
    0,
    0,
    0,
    0
  ],
  "reward_sequence": [
    -1.0099999904632568,
    -0.009999999776482582,
    0.9900000095367432,
    -0.009999999776482582,
    -1.0099999904632568,
    -1.0099999904632568,
    0.9900000095367432,
    0.9900000095367432,
    -0.009999999776482582,
    -1.0099999904632568,
    0.9900000095367432,
    -0.009999999776482582,
    -1.0099999904632568,
    0.9900000095367432,
    -1.0099999904632568,
    0.9900000095367432,
    -0.009999999776482582,
    -0.009999999776482582,
    -0.009999999776482582,
    -0.009999999776482582,
    -0.009999999776482582,
    -0.009999999776482582,
    -1.0099999904632568,
    0.9900000095367432,
    -1.0099999904632568,
    0.9900000095367432,
    -0.009999999776482582,
    -0.009999999776482582,
    -0.009999999776482582,
    -0.009999999776482582,
    -1.0099999904632568,
    0.9900000095367432,
    -0.009999999776482582,
    -0.009999999776482582,
    -0.009999999776482582,
    -0.009999999776482582,
    -0.009999999776482582,
    -0.009999999776482582,
    -1.0099999904632568,
    0.9900000095367432,
    -1.0099999904632568,
    -1.0099999904632568,
    -0.009999999776482582,
    -1.0099999904632568,
    0.9900000095367432,
    0.9900000095367432,
    0.9900000095367432,
    -0.009999999776482582,
    -0.009999999776482582,
    -0.009999999776482582,
    -0.009999999776482582,
    -0.009999999776482582,
    -1.0099999904632568,
    0.9900000095367432,
    -0.009999999776482582,
    -0.009999999776482582,
    -0.009999999776482582,
    -0.009999999776482582,
    -0.009999999776482582,
    -0.009999999776482582,
    -0.009999999776482582,
    -0.009999999776482582,
    -0.009999999776482582,
    -0.009999999776482582,
    -1.0099999904632568,
    -1.0099999904632568,
    0.9900000095367432,
    0.9900000095367432,
    -0.009999999776482582,
    -1.0099999904632568,
    0.9900000095367432,
    -0.009999999776482582,
    -0.009999999776482582,
    -1.0099999904632568,
    -1.0099999904632568,
    0.9900000095367432,
    0.9900000095367432,
    -0.009999999776482582,
    -1.0099999904632568,
    -1.0099999904632568,
    0.9900000095367432,
    -1.0099999904632568,
    -0.009999999776482582,
    0.9900000095367432,
    0.9900000095367432,
    -0.009999999776482582,
    -0.009999999776482582,
    -1.0099999904632568,
    -0.009999999776482582,
    0.9900000095367432,
    -0.009999999776482582,
    -0.009999999776482582,
    -0.009999999776482582,
    -0.009999999776482582,
    -0.009999999776482582,
    -1.0099999904632568,
    0.9900000095367432,
    -0.009999999776482582,
    -0.009999999776482582,
    -0.009999999776482582
  ],
  "initial_ascii": [
    "LEGEND:",
    "*: crate, massive",
    "#: wallsolo",
    ".: background",
    "\u25e3: wallrl",
    "\u27a1: wallu",
    "\u26bb: wallud",
    "\u276d: walll",
    "\u124c: wallr",
    "\u26da: wallm",
    "\u0133: walld",
    "e: dooro",
    "o: exit",
    "\u1ec3: playerr",
    "@: crate, switch, massive",
    "",
    "MAP:",
    "*#***#*.#...##....#...........#\u25e3\u27a1\u25e3\u27a1\u25e3\u27a1#...............*#................#",
    "*\u26bb***\u26bb*.....\u26bb.....*...........#.#.#.#................*\u26bb................\u26bb",
    "*\u26bb***\u276d#.....\u26bb.....**...#.#....*.*.*..................#\u124c................\u26bb",
    "*\u26bb***#......\u26bb.....##...\u26bb.\u26bb....#\u27a1\u25e3\u25e3\u25e3\u27a1\u27a1#...............\u276d#................\u26bb",
    "*\u26bb***......*#.....#\u124c*..\u26bb.\u26bb....\u276d\u124c***#\u26da\u124c...............\u26bb*................\u26bb",
    "*\u26bb**#......#......*#\u25e3\u27a1\u27a1#.#\u27a1\u27a1\u27a1\u25e3\u0133\u0133\u25e3#**#\u124c...............\u276d#................\u26bb",
    "*\u26bb**.......\u26bb......***##...#\u26da#....##**\u276d\u27a1\u25e3#............##..........*.....\u26bb",
    "*\u26bb**.......\u26bb......***......#......\u276d#*##*\u26bb............ee..........##....\u26bb",
    "#\u124c*#\u27a1\u27a1\u27a1\u27a1\u27a1\u27a1\u27a1\u26da\u27a1\u27a1\u27a1\u27a1\u27a1#****............\u276d\u124c****\u26bb............ee............#...\u26bb",
    "\u276d\u124c*\u276d\u26da\u26da\u26da\u26da\u26da\u26da\u26da\u26da\u26da\u26da\u26da\u26da\u26da\u26da#****.....#..o..\u276d\u124c*#**\u26bb.\u1ec3...@.@.@..ee....@.@.@...**..\u26bb",
    "#\u0133\u25e3\u0133\u0133\u0133\u0133\u0133\u0133\u0133\u0133\u0133\u0133\u0133\u0133\u0133\u0133\u0133\u0133\u25e3\u25e3\u25e3\u25e3\u25e3\u25e3\u25e3\u25e3\u25e3\u0133\u25e3\u25e3\u25e3\u25e3\u25e3\u0133#*##*#\u25e3\u25e3\u25e3\u25e3\u25e3\u25e3\u25e3\u25e3\u25e3\u25e3\u25e3\u25e3\u25e3\u25e3\u25e3\u25e3\u25e3\u25e3\u25e3\u25e3\u25e3\u25e3\u25e3\u25e3\u25e3\u25e3\u25e3\u25e3\u25e3\u25e3#"
  ],
  "state_data": {
    "score": 0,
    "win": false,
    "step": 100
  },
  "heuristics": [
    -11.0,
    -11.0,
    -10.0,
    -10.0,
    -11.0,
    -12.0,
    -11.0,
    -10.0,
    -10.0,
    -11.0,
    -10.0,
    -10.0,
    -11.0,
    -10.0,
    -11.0,
    -10.0,
    -10.0,
    -10.0,
    -10.0,
    -10.0,
    -10.0,
    -10.0,
    -11.0,
    -10.0,
    -11.0,
    -10.0,
    -10.0,
    -10.0,
    -10.0,
    -10.0,
    -11.0,
    -10.0,
    -10.0,
    -10.0,
    -10.0,
    -10.0,
    -10.0,
    -10.0,
    -11.0,
    -10.0,
    -11.0,
    -12.0,
    -12.0,
    -13.0,
    -12.0,
    -11.0,
    -10.0,
    -10.0,
    -10.0,
    -10.0,
    -10.0,
    -10.0,
    -11.0,
    -10.0,
    -10.0,
    -10.0,
    -10.0,
    -10.0,
    -10.0,
    -10.0,
    -10.0,
    -10.0,
    -10.0,
    -10.0,
    -11.0,
    -12.0,
    -11.0,
    -10.0,
    -10.0,
    -11.0,
    -10.0,
    -10.0,
    -10.0,
    -11.0,
    -12.0,
    -11.0,
    -10.0,
    -10.0,
    -11.0,
    -12.0,
    -11.0,
    -12.0,
    -12.0,
    -11.0,
    -10.0,
    -10.0,
    -10.0,
    -11.0,
    -11.0,
    -10.0,
    -10.0,
    -10.0,
    -10.0,
    -10.0,
    -10.0,
    -11.0,
    -10.0,
    -10.0,
    -10.0,
    -10.0
  ],