{
  "model": "o3-mini",
  "game": "atlas shrank",
  "level": 7,
  "run": 5,
  "win": false,
  "action_sequence": [
    3,
    3,
    3,
    3,
    3,
    3,
    3,
    2,
    3,
    3,
    3,
    3,
    3,
    3,
    3,
    3,
    3,
    3,
    3,
    3,
    3,
    3,
    3,
    3,
    3,
    3,
    3,
    3,
    3,
    3,
    3,
    3,
    3,
    3,
    3,
    3,
    3,
    3,
    3,
    3,
    3,
    3,
    3,
    3,
    3,
    3,
    3,
    3,
    3,
    2,
    3,
    3,
    3,
    3,
    3,
    3,
    3,
    3,
    3,
    3,
    3,
    3,
    3,
    3,
    3,
    3,
    3,
    3,
    3,
    3,
    3,
    3,
    3,
    3,
    3,
    3,
    3,
    3,
    3,
    3,
    3,
    3,
    2,
    3,
    3,
    3,
    3,
    3,
    3,
    3,
    3,
    3,
    3,
    3,
    3,
    3,
    3,
    3,
    3,
    3
  ],
  "reward_sequence": [
    -0.009999999776482582,
    -0.009999999776482582,
    -0.009999999776482582,
    -0.009999999776482582,
    -0.009999999776482582,
    -0.009999999776482582,
    -0.009999999776482582,
    0.9900000095367432,
    -0.009999999776482582,
    -0.009999999776482582,
    -0.009999999776482582,
    -0.009999999776482582,
    -0.009999999776482582,
    -0.009999999776482582,
    -0.009999999776482582,
    -0.009999999776482582,
    -0.009999999776482582,
    -0.009999999776482582,
    -0.009999999776482582,
    -0.009999999776482582,
    -0.009999999776482582,
    -0.009999999776482582,
    -0.009999999776482582,
    -0.009999999776482582,
    -0.009999999776482582,
    -0.009999999776482582,
    -0.009999999776482582,
    -0.009999999776482582,
    -0.009999999776482582,
    -0.009999999776482582,
    -0.009999999776482582,
    -0.009999999776482582,
    -0.009999999776482582,
    -0.009999999776482582,
    -0.009999999776482582,
    -0.009999999776482582,
    -0.009999999776482582,
    -0.009999999776482582,
    -0.009999999776482582,
    -0.009999999776482582,
    -0.009999999776482582,
    -0.009999999776482582,
    -0.009999999776482582,
    -0.009999999776482582,
    -0.009999999776482582,
    -0.009999999776482582,
    -0.009999999776482582,
    -0.009999999776482582,
    -0.009999999776482582,
    -0.009999999776482582,
    -0.009999999776482582,
    -0.009999999776482582,
    -0.009999999776482582,
    -0.009999999776482582,
    -0.009999999776482582,
    -0.009999999776482582,
    -0.009999999776482582,
    -0.009999999776482582,
    -0.009999999776482582,
    -0.009999999776482582,
    -0.009999999776482582,
    -0.009999999776482582,
    -0.009999999776482582,
    -0.009999999776482582,
    -0.009999999776482582,
    -0.009999999776482582,
    -0.009999999776482582,
    -0.009999999776482582,
    -0.009999999776482582,
    -0.009999999776482582,
    -0.009999999776482582,
    -0.009999999776482582,
    -0.009999999776482582,
    -0.009999999776482582,
    -0.009999999776482582,
    -0.009999999776482582,
    -0.009999999776482582,
    -0.009999999776482582,
    -0.009999999776482582,
    -0.009999999776482582,
    -0.009999999776482582,
    -0.009999999776482582,
    -0.009999999776482582,
    -0.009999999776482582,
    -0.009999999776482582,
    -0.009999999776482582,
    -0.009999999776482582,
    -0.009999999776482582,
    -0.009999999776482582,
    -0.009999999776482582,
    -0.009999999776482582,
    -0.009999999776482582,
    -0.009999999776482582,
    -0.009999999776482582,
    -0.009999999776482582,
    -0.009999999776482582,
    -0.009999999776482582,
    -0.009999999776482582,
    -0.009999999776482582,
    -0.009999999776482582
  ],
  "initial_ascii": [
    "LEGEND:",
    "#: wallsolo",
    "\u2a00: wallu",
    "\u16c4: wallrl",
    "\u2527: walll",
    "\u24ad: wallr",
    ".: background",
    "x: door",
    "\u1409: wallud",
    "*: crate, massive",
    "t: switch",
    "o: exit",
    "\u126a: walld",
    "\u2995: wallm",
    "p: players",
    "",
    "MAP:",
    "#\u2a00\u16c4\u16c4\u16c4\u16c4\u16c4\u16c4\u16c4\u16c4\u16c4\u16c4\u16c4\u16c4\u16c4\u16c4\u16c4#",
    "\u2527\u24ad...........x...\u1409",
    "\u2527\u24ad...........x.*.\u1409",
    "\u2527\u24ad.........t#\u16c4\u16c4#.\u1409",
    "\u2527\u24ad..........\u1409....\u1409",
    "\u2527\u24ad..........\u1409....\u1409",
    "\u2527\u24ad...***#\u2a00\u16c4\u16c4#.##x#",
    "\u2527\u24ad...***\u2527\u24ad.o..#\u126a#*",
    "\u2527\u24ad...***\u2527\u2995\u16c4#.....#",
    "\u2527\u24ad.p.***\u2527\u24ad.......\u1409",
    "#\u126a\u16c4\u16c4\u16c4\u16c4\u16c4\u16c4\u126a\u126a\u16c4\u16c4\u16c4\u16c4\u16c4\u16c4\u16c4#"
  ],
  "state_data": {
    "score": 0,
    "win": false,
    "step": 100
  },
  "heuristics": [
    -10.0,
    -10.0,
    -10.0,
    -10.0,
    -10.0,
    -10.0,
    -10.0,
    -9.0,
    -9.0,
    -9.0,
    -9.0,
    -9.0,
    -9.0,
    -9.0,
    -9.0,
    -9.0,
    -9.0,
    -9.0,
    -9.0,
    -9.0,
    -9.0,
    -9.0,
    -9.0,
    -9.0,
    -9.0,
    -9.0,
    -9.0,
    -9.0,
    -9.0,
    -9.0,
    -9.0,
    -9.0,
    -9.0,
    -9.0,
    -9.0,
    -9.0,
    -9.0,
    -9.0,
    -9.0,
    -9.0,
    -9.0,
    -9.0,
    -9.0,
    -9.0,
    -9.0,
    -9.0,
    -9.0,
    -9.0,
    -9.0,
    -9.0,
    -9.0,
    -9.0,
    -9.0,
    -9.0,
    -9.0,
    -9.0,
    -9.0,
    -9.0,
    -9.0,
    -9.0,
    -9.0,
    -9.0,
    -9.0,
    -9.0,
    -9.0,
    -9.0,
    -9.0,
    -9.0,
    -9.0,
    -9.0,
    -9.0,
    -9.0,
    -9.0,
    -9.0,
    -9.0,
    -9.0,
    -9.0,
    -9.0,
    -9.0,
    -9.0,
    -9.0,
    -9.0,
    -9.0,
    -9.0,
    -9.0,
    -9.0,
    -9.0,
    -9.0,
    -9.0,
    -9.0,
    -9.0,
    -9.0,
    -9.0,
    -9.0,
    -9.0,
    -9.0,
    -9.0,
    -9.0,
    -9.0,
    -9.0
  ],
  "final_ascii": [
    "LEGEND:",
    "#: wallsolo",
    "\u2a00: wallu",
    "\u16c4: wallrl",
    "\u2527: walll",
    "\u24ad: wallr",
    ".: background",
    "x: door",
    "\u1409: wallud",
    "*: crate, massive",
    "t: switch",
    "o: exit",
    "\u126a: walld",
    "\u2995: wallm",
    "\u0a26: playerr",
    "",
    "MAP:",
    "#\u2a00\u16c4\u16c4\u16c4\u16c4\u16c4\u16c4\u16c4\u16c4\u16c4\u16c4\u16c4\u16c4\u16c4\u16c4\u16c4#",
    "\u2527\u24ad...........x...\u1409",
    "\u2527\u24ad...........x.*.\u1409",
    "\u2527\u24ad.........t#\u16c4\u16c4#.\u1409",
    "\u2527\u24ad..........\u1409....\u1409",
    "\u2527\u24ad..........\u1409....\u1409",
    "\u2527\u24ad...***#\u2a00\u16c4\u16c4#.##x#",
    "\u2527\u24ad...***\u2527\u24ad.o..#\u126a#*",
    "\u2527\u24ad...***\u2527\u2995\u16c4#.....#",
    "\u2527\u24ad..\u0a26***\u2527\u24ad.......\u1409",
    "#\u126a\u16c4\u16c4\u16c4\u16c4\u16c4\u16c4\u126a\u126a\u16c4\u16c4\u16c4\u16c4\u16c4\u16c4\u16c4#"
  ]
}