{
  "model": "o3-mini",
  "game": "slidings",
  "level": 6,
  "run": 6,
  "win": true,
  "action_sequence": [
    3,
    3,
    1,
    3,
    1,
    3,
    3,
    1,
    3,
    3,
    3,
    1,
    3,
    1,
    3,
    3,
    3,
    1,
    1,
    1,
    3,
    3,
    3,
    3,
    3,
    3,
    2,
    0,
    3,
    3,
    3,
    3,
    1,
    2,
    3,
    0,
    3,
    1,
    1,
    1,
    1,
    1,
    4,
    1,
    3,
    1,
    3,
    1
  ],
  "reward_sequence": [
    -0.009999999776482582,
    -0.009999999776482582,
    -0.009999999776482582,
    -0.009999999776482582,
    -0.009999999776482582,
    -0.009999999776482582,
    -0.009999999776482582,
    -0.009999999776482582,
    -0.009999999776482582,
    -0.009999999776482582,
    -0.009999999776482582,
    -0.009999999776482582,
    -0.009999999776482582,
    -0.009999999776482582,
    -0.009999999776482582,
    -0.009999999776482582,
    -0.009999999776482582,
    -0.009999999776482582,
    -0.009999999776482582,
    -0.009999999776482582,
    -0.009999999776482582,
    -0.009999999776482582,
    -0.009999999776482582,
    -0.009999999776482582,
    -0.009999999776482582,
    -0.009999999776482582,
    -1.0099999904632568,
    0.9900000095367432,
    -0.009999999776482582,
    -0.009999999776482582,
    -0.009999999776482582,
    -0.009999999776482582,
    -0.009999999776482582,
    -1.0099999904632568,
    -0.009999999776482582,
    0.9900000095367432,
    -0.009999999776482582,
    -0.009999999776482582,
    -0.009999999776482582,
    -0.009999999776482582,
    -0.009999999776482582,
    -0.009999999776482582,
    -1.0099999904632568,
    -3.009999990463257,
    2.990000009536743,
    -3.009999990463257,
    2.990000009536743,
    4.989999771118164
  ],
  "initial_ascii": [
    "LEGEND:",
    "#: overwall",
    "m: count",
    ".: background",
    "o: target",
    "p: player",
    "a: balla",
    "b: ballb",
    "n: countend",
    "e: ballc, overwall",
    "",
    "MAP:",
    "#mmmmmmm",
    "#.o.#p.m",
    "#...#abn",
    "#......#",
    "#...#..#",
    "#...#..#",
    "#######e"
  ],
  "state_data": {
    "score": 0,
    "win": true,
    "step": 48
  },
  "heuristics": [
    -3.0,
    -3.0,
    -3.0,
    -3.0,
    -3.0,
    -3.0,
    -3.0,
    -3.0,
    -3.0,
    -3.0,
    -3.0,
    -3.0,
    -3.0,
    -3.0,
    -3.0,
    -3.0,
    -3.0,
    -3.0,
    -3.0,
    -3.0,
    -3.0,
    -3.0,
    -3.0,
    -3.0,
    -3.0,
    -3.0,
    -4.0,
    -3.0,
    -3.0,
    -3.0,
    -3.0,
    -3.0,
    -3.0,
    -4.0,
    -4.0,
    -3.0,
    -3.0,
    -3.0,
    -3.0,
    -3.0,
    -3.0,
    -3.0,
    -4.0,
    -7.0,
    -4.0,
    -7.0,
    -4.0,
    0.0
  ],
  "final_ascii": [
    "LEGEND:",
    "#: overwall",
    ".: background",
    "o: target",
    "c: ballc",
    "a: balla",
    "\u1f1c: deadplayer",
    "d: ballb, overwall",
    "",
    "MAP:",
    "########",
    "#.o.#c.#",
    "#...#.a#",
    "#......#",
    "#...#..#",
    "#...#\u1f1c.#",
    "#######d"
  ]
}