{
  "model": "o3-mini",
  "game": "limerick",
  "level": 6,
  "run": 3,
  "win": false,
  "action_sequence": [
    3,
    2,
    3,
    3,
    2,
    3,
    2,
    3,
    2,
    3,
    2,
    3,
    2,
    2,
    2,
    2,
    3,
    3,
    2,
    2,
    3,
    3,
    3,
    3,
    3,
    3,
    3,
    4,
    3,
    3,
    3,
    3,
    3,
    3,
    0,
    3,
    3,
    4,
    3,
    0,
    4,
    4,
    0,
    3,
    3,
    4,
    4,
    3,
    3,
    4,
    3,
    3,
    3,
    0,
    3,
    3,
    3,
    3,
    4,
    3,
    4,
    3,
    4,
    4,
    3,
    3,
    0,
    0,
    3,
    3,
    3,
    3,
    4,
    4,
    3,
    3,
    4,
    0,
    3,
    0,
    3,
    3,
    0,
    0,
    3,
    3,
    3,
    2,
    3,
    4,
    3,
    0,
    3,
    3,
    2,
    3,
    3,
    3,
    3,
    0
  ],
  "reward_sequence": [
    -1.0099999904632568,
    1.9900000095367432,
    -0.009999999776482582,
    -0.009999999776482582,
    0.9900000095367432,
    -1.0099999904632568,
    1.9900000095367432,
    -0.009999999776482582,
    0.9900000095367432,
    -1.0099999904632568,
    -0.009999999776482582,
    -1.0099999904632568,
    0.9900000095367432,
    2.990000009536743,
    0.9900000095367432,
    0.9900000095367432,
    -1.0099999904632568,
    -1.0099999904632568,
    0.9900000095367432,
    2.990000009536743,
    -0.009999999776482582,
    -0.009999999776482582,
    -0.009999999776482582,
    -0.009999999776482582,
    -0.009999999776482582,
    -0.009999999776482582,
    -0.009999999776482582,
    -0.009999999776482582,
    -0.009999999776482582,
    -0.009999999776482582,
    -0.009999999776482582,
    -0.009999999776482582,
    -0.009999999776482582,
    -0.009999999776482582,
    -0.009999999776482582,
    -0.009999999776482582,
    -0.009999999776482582,
    -0.009999999776482582,
    -0.009999999776482582,
    -0.009999999776482582,
    -0.009999999776482582,
    -0.009999999776482582,
    -0.009999999776482582,
    -0.009999999776482582,
    -0.009999999776482582,
    -0.009999999776482582,
    -0.009999999776482582,
    -0.009999999776482582,
    -0.009999999776482582,
    -0.009999999776482582,
    -0.009999999776482582,
    -0.009999999776482582,
    -0.009999999776482582,
    -0.009999999776482582,
    -0.009999999776482582,
    -0.009999999776482582,
    -0.009999999776482582,
    -0.009999999776482582,
    -0.009999999776482582,
    -0.009999999776482582,
    -0.009999999776482582,
    -0.009999999776482582,
    -0.009999999776482582,
    -0.009999999776482582,
    -0.009999999776482582,
    -0.009999999776482582,
    -0.009999999776482582,
    -0.009999999776482582,
    -0.009999999776482582,
    -0.009999999776482582,
    -0.009999999776482582,
    -0.009999999776482582,
    -0.009999999776482582,
    -0.009999999776482582,
    -0.009999999776482582,
    -0.009999999776482582,
    -0.009999999776482582,
    -0.009999999776482582,
    -0.009999999776482582,
    -0.009999999776482582,
    -0.009999999776482582,
    -0.009999999776482582,
    -0.009999999776482582,
    -0.009999999776482582,
    -0.009999999776482582,
    -0.009999999776482582,
    -0.009999999776482582,
    -0.009999999776482582,
    -0.009999999776482582,
    -0.009999999776482582,
    -0.009999999776482582,
    -0.009999999776482582,
    -0.009999999776482582,
    -0.009999999776482582,
    -0.009999999776482582,
    -0.009999999776482582,
    -0.009999999776482582,
    -0.009999999776482582,
    -0.009999999776482582,
    -0.009999999776482582
  ],
  "initial_ascii": [
    "LEGEND:",
    "#: wall",
    ".: background",
    "c: crate",
    "\u1d85: playerhead2",
    "\u0c28: playerbodyv",
    "e: exit",
    "",
    "MAP:",
    "###################",
    "#.................#",
    "#...............c.#",
    "#............####.#",
    "#.................#",
    "#..\u1d85....#...#.#...#",
    "#..\u0c28....#...#.#e..#",
    "#.###############.#",
    "#.###############.#",
    "#.#...#...#...#...#",
    "#...#...#...#...#.#",
    "###################",
    "#.................#",
    "#.................#",
    "###################"
  ],
  "state_data": {
    "score": 0,
    "win": false,
    "step": 100
  },
  "heuristics": [
    -13.0,
    -11.0,
    -11.0,
    -11.0,
    -10.0,
    -11.0,
    -9.0,
    -9.0,
    -8.0,
    -9.0,
    -9.0,
    -10.0,
    -9.0,
    -6.0,
    -5.0,
    -4.0,
    -5.0,
    -6.0,
    -5.0,
    -2.0,
    -2.0,
    -2.0,
    -2.0,
    -2.0,
    -2.0,
    -2.0,
    -2.0,
    -2.0,
    -2.0,
    -2.0,
    -2.0,
    -2.0,
    -2.0,
    -2.0,
    -2.0,
    -2.0,
    -2.0,
    -2.0,
    -2.0,
    -2.0,
    -2.0,
    -2.0,
    -2.0,
    -2.0,
    -2.0,
    -2.0,
    -2.0,
    -2.0,
    -2.0,
    -2.0,
    -2.0,
    -2.0,
    -2.0,
    -2.0,
    -2.0,
    -2.0,
    -2.0,
    -2.0,
    -2.0,
    -2.0,
    -2.0,
    -2.0,
    -2.0,
    -2.0,
    -2.0,
    -2.0,
    -2.0,
    -2.0,
    -2.0,
    -2.0,
    -2.0,
    -2.0,
    -2.0,
    -2.0,
    -2.0,
    -2.0,
    -2.0,
    -2.0,
    -2.0,
    -2.0,
    -2.0,
    -2.0,
    -2.0,
    -2.0,
    -2.0,
    -2.0,
    -2.0,
    -2.0,
    -2.0,
    -2.0,
    -2.0,
    -2.0,
    -2.0,
    -2.0,
    -2.0,
    -2.0,
    -2.0,
    -2.0,
    -2.0,
    -2.0
  ],
  "final_ascii": [
    "LEGEND:",
    "#: wall",
    ".: background",
    "c: crate",
    "\u0e45: playerbodyh",
    "\u0c28: playerbodyv",
    "p: playerhead1",
    "e: exit",
    "",
    "MAP:",
    "###################",
    "#.................#",
    "#...............c.#",
    "#............####.#",
    "#......\u0e45\u0e45\u0c28.\u0e45\u0e45\u0c28....#",
    "#..\u0e45\u0c28\u0e45\u0c28\u0c28#\u0c28.\u0c28#\u0c28#...#",
    "#..\u0c28\u0e45\u0c28\u0e45\u0c28#\u0e45\u0e45\u0c28#p#e..#",
    "#.###############.#",
    "#.###############.#",
    "#.#...#...#...#...#",
    "#...#...#...#...#.#",
    "###################",
    "#.................#",
    "#.................#",
    "###################"
  ]
}