{
  "model": "o3-mini",
  "game": "limerick",
  "level": 5,
  "run": 4,
  "win": true,
  "action_sequence": [
    3,
    3,
    3,
    3,
    3,
    3,
    3,
    3,
    3,
    3,
    3,
    3,
    3,
    3,
    3,
    3,
    3,
    3,
    3,
    3,
    3,
    3,
    3,
    3,
    3,
    3,
    3,
    3,
    3,
    0,
    0,
    3,
    3,
    2,
    2,
    3,
    3,
    3,
    3,
    3,
    3,
    3,
    3,
    3,
    3,
    3,
    3,
    2,
    2,
    3,
    3,
    0,
    0,
    3,
    3,
    3,
    0,
    0
  ],
  "reward_sequence": [
    0.9900000095367432,
    0.9900000095367432,
    0.9900000095367432,
    -0.009999999776482582,
    -0.009999999776482582,
    -0.009999999776482582,
    -0.009999999776482582,
    -0.009999999776482582,
    -0.009999999776482582,
    -0.009999999776482582,
    -0.009999999776482582,
    -0.009999999776482582,
    -0.009999999776482582,
    -0.009999999776482582,
    -0.009999999776482582,
    -0.009999999776482582,
    -0.009999999776482582,
    -0.009999999776482582,
    -0.009999999776482582,
    -0.009999999776482582,
    -0.009999999776482582,
    -0.009999999776482582,
    -0.009999999776482582,
    -0.009999999776482582,
    -0.009999999776482582,
    -0.009999999776482582,
    -0.009999999776482582,
    -0.009999999776482582,
    -0.009999999776482582,
    -0.009999999776482582,
    0.9900000095367432,
    0.9900000095367432,
    0.9900000095367432,
    -1.0099999904632568,
    -1.0099999904632568,
    0.9900000095367432,
    0.9900000095367432,
    0.9900000095367432,
    -0.009999999776482582,
    -0.009999999776482582,
    -0.009999999776482582,
    -0.009999999776482582,
    -0.009999999776482582,
    -0.009999999776482582,
    -0.009999999776482582,
    -0.009999999776482582,
    -0.009999999776482582,
    -2.009999990463257,
    -1.0099999904632568,
    0.9900000095367432,
    0.9900000095367432,
    0.9900000095367432,
    0.9900000095367432,
    0.9900000095367432,
    0.9900000095367432,
    0.9900000095367432,
    0.9900000095367432,
    1.9900000095367432
  ],
  "initial_ascii": [
    "LEGEND:",
    "#: wall",
    ".: background",
    "e: exit",
    "\u11f1: playerhead2",
    "\u2969: playerbodyv",
    "",
    "MAP:",
    "###################",
    "#..#.#....#..#....#",
    "#..#.#.e..#..######",
    "#########.#..#....#",
    "#....#..#.####....#",
    "#....#..#....######",
    "#########....#.#..#",
    "#....#..#....#.#..#",
    "#########.#########",
    "#....#....#..#....#",
    "######....#..#....#",
    "#.#..#....#########",
    "#.#..####\u11f1#..#..#.#",
    "#.#..#..#\u2969#..#..#.#",
    "###################"
  ],
  "state_data": {
    "score": 1,
    "win": true,
    "step": 58
  },
  "heuristics": [
    -12.0,
    -11.0,
    -10.0,
    -10.0,
    -10.0,
    -10.0,
    -10.0,
    -10.0,
    -10.0,
    -10.0,
    -10.0,
    -10.0,
    -10.0,
    -10.0,
    -10.0,
    -10.0,
    -10.0,
    -10.0,
    -10.0,
    -10.0,
    -10.0,
    -10.0,
    -10.0,
    -10.0,
    -10.0,
    -10.0,
    -10.0,
    -10.0,
    -10.0,
    -10.0,
    -9.0,
    -8.0,
    -7.0,
    -8.0,
    -9.0,
    -8.0,
    -7.0,
    -6.0,
    -6.0,
    -6.0,
    -6.0,
    -6.0,
    -6.0,
    -6.0,
    -6.0,
    -6.0,
    -6.0,
    -8.0,
    -9.0,
    -8.0,
    -7.0,
    -6.0,
    -5.0,
    -4.0,
    -3.0,
    -2.0,
    -1.0,
    0.0
  ],
  "final_ascii": [
    "LEGEND:",
    "#: wall",
    ".: background",
    "\u22af: exit, playerhead1",
    "\u284e: playerbodyh",
    "\u2969: playerbodyv",
    "",
    "MAP:",
    "###################",
    "#..#.#....#..#....#",
    "#..#.#.\u22af\u284e\u284e#..######",
    "#########\u2969#..#....#",
    "#....#..#\u2969####....#",
    "#....#..#\u2969\u284e\u284e.######",
    "#########\u284e\u2969\u2969.#.#..#",
    "#....#..#\u2969\u284e\u2969.#.#..#",
    "#########\u2969#########",
    "#....#.\u284e\u284e\u2969#..#....#",
    "######.\u2969\u2969\u284e#..#....#",
    "#.#..#.\u2969\u284e\u2969#########",
    "#.#..####\u2969#..#..#.#",
    "#.#..#..#\u2969#..#..#.#",
    "###################"
  ]
}