{
  "model": "o3-mini",
  "game": "kettle",
  "level": 4,
  "run": 5,
  "win": false,
  "action_sequence": [
    4,
    2,
    1,
    0,
    4,
    2,
    1,
    1,
    0,
    0,
    3,
    2,
    3,
    1,
    0,
    1,
    1,
    4,
    3,
    0,
    2,
    1,
    0,
    1,
    1,
    2,
    0,
    1,
    0,
    0,
    3,
    4,
    4,
    2,
    2,
    0,
    0,
    4,
    4,
    0,
    4,
    1,
    2,
    3,
    4,
    1,
    1,
    2,
    0,
    0,
    4,
    1,
    0,
    3,
    0,
    0,
    3,
    1,
    0,
    3,
    3,
    1,
    0,
    3,
    3,
    0,
    0,
    0,
    3,
    3,
    3,
    3,
    2,
    3,
    2,
    0,
    0,
    4,
    3,
    3,
    0,
    0,
    4,
    0,
    0,
    3,
    4,
    2,
    0,
    1,
    0,
    1,
    3,
    0,
    2,
    3,
    1,
    4,
    4,
    0
  ],
  "reward_sequence": [
    -0.009999999776482582,
    2.990000009536743,
    2.990000009536743,
    2.990000009536743,
    -0.009999999776482582,
    -1.0099999904632568,
    -0.009999999776482582,
    -0.009999999776482582,
    -0.009999999776482582,
    -0.009999999776482582,
    -0.009999999776482582,
    -0.009999999776482582,
    -0.009999999776482582,
    -0.009999999776482582,
    -0.009999999776482582,
    -0.009999999776482582,
    -0.009999999776482582,
    -0.009999999776482582,
    -0.009999999776482582,
    -0.009999999776482582,
    -0.009999999776482582,
    -0.009999999776482582,
    -0.009999999776482582,
    -0.009999999776482582,
    -0.009999999776482582,
    -0.009999999776482582,
    -0.009999999776482582,
    -0.009999999776482582,
    -0.009999999776482582,
    -0.009999999776482582,
    -0.009999999776482582,
    -0.009999999776482582,
    -0.009999999776482582,
    -0.009999999776482582,
    -0.009999999776482582,
    -0.009999999776482582,
    -0.009999999776482582,
    -0.009999999776482582,
    -0.009999999776482582,
    -0.009999999776482582,
    -0.009999999776482582,
    -0.009999999776482582,
    -0.009999999776482582,
    -0.009999999776482582,
    -0.009999999776482582,
    -0.009999999776482582,
    -0.009999999776482582,
    -0.009999999776482582,
    -0.009999999776482582,
    -0.009999999776482582,
    -0.009999999776482582,
    -0.009999999776482582,
    -0.009999999776482582,
    -0.009999999776482582,
    -0.009999999776482582,
    -0.009999999776482582,
    -0.009999999776482582,
    -0.009999999776482582,
    -0.009999999776482582,
    -0.009999999776482582,
    -0.009999999776482582,
    -0.009999999776482582,
    -0.009999999776482582,
    -0.009999999776482582,
    -0.009999999776482582,
    -0.009999999776482582,
    -0.009999999776482582,
    -0.009999999776482582,
    -0.009999999776482582,
    -0.009999999776482582,
    -0.009999999776482582,
    -0.009999999776482582,
    -0.009999999776482582,
    -0.009999999776482582,
    -0.009999999776482582,
    -0.009999999776482582,
    -0.009999999776482582,
    -0.009999999776482582,
    -0.009999999776482582,
    -0.009999999776482582,
    -0.009999999776482582,
    -0.009999999776482582,
    -0.009999999776482582,
    -0.009999999776482582,
    -0.009999999776482582,
    -0.009999999776482582,
    -0.009999999776482582,
    -0.009999999776482582,
    -0.009999999776482582,
    -0.009999999776482582,
    -0.009999999776482582,
    -0.009999999776482582,
    -0.009999999776482582,
    -0.009999999776482582,
    -0.009999999776482582,
    -0.009999999776482582,
    -0.009999999776482582,
    -0.009999999776482582,
    -0.009999999776482582,
    -0.009999999776482582
  ],
  "initial_ascii": [
    "LEGEND:",
    "#: wall",
    ".: background",
    "k: dpolice",
    "l: rpolice",
    "c: crate",
    "j: lpolice",
    "t: target",
    "@: target, crate",
    "i: upolice",
    "",
    "MAP:",
    "###############",
    "#.............#",
    "#.............#",
    "#....kkkkkk...#",
    "#...lc.c..cj..#",
    "#...lcttt..j..#",
    "#...l.t@@..j..#",
    "#...l.ttt..j..#",
    "#...lc...ccj..#",
    "#....iiiiii...#",
    "#.............#",
    "#.............#",
    "###############"
  ],
  "state_data": {
    "score": 4,
    "win": false,
    "step": 100
  },
  "heuristics": [
    -14.0,
    -11.0,
    -8.0,
    -5.0,
    -5.0,
    -6.0,
    -6.0,
    -6.0,
    -6.0,
    -6.0,
    -6.0,
    -6.0,
    -6.0,
    -6.0,
    -6.0,
    -6.0,
    -6.0,
    -6.0,
    -6.0,
    -6.0,
    -6.0,
    -6.0,
    -6.0,
    -6.0,
    -6.0,
    -6.0,
    -6.0,
    -6.0,
    -6.0,
    -6.0,
    -6.0,
    -6.0,
    -6.0,
    -6.0,
    -6.0,
    -6.0,
    -6.0,
    -6.0,
    -6.0,
    -6.0,
    -6.0,
    -6.0,
    -6.0,
    -6.0,
    -6.0,
    -6.0,
    -6.0,
    -6.0,
    -6.0,
    -6.0,
    -6.0,
    -6.0,
    -6.0,
    -6.0,
    -6.0,
    -6.0,
    -6.0,
    -6.0,
    -6.0,
    -6.0,
    -6.0,
    -6.0,
    -6.0,
    -6.0,
    -6.0,
    -6.0,
    -6.0,
    -6.0,
    -6.0,
    -6.0,
    -6.0,
    -6.0,
    -6.0,
    -6.0,
    -6.0,
    -6.0,
    -6.0,
    -6.0,
    -6.0,
    -6.0,
    -6.0,
    -6.0,
    -6.0,
    -6.0,
    -6.0,
    -6.0,
    -6.0,
    -6.0,
    -6.0,
    -6.0,
    -6.0,
    -6.0,
    -6.0,
    -6.0,
    -6.0,
    -6.0,
    -6.0,
    -6.0,
    -6.0,
    -6.0
  ],
  "final_ascii": [
    "LEGEND:",
    "#: wall",
    ".: background",
    "k: dpolice",
    "l: rpolice",
    "j: lpolice",
    "i: upolice",
    "\u2842: target, rpolice",
    "\u1ec3: target, dpolice",
    "@: target, crate",
    "c: crate",
    "",
    "MAP:",
    "###############",
    "#.............#",
    "#.............#",
    "#....k........#",
    "#....lk...kj..#",
    "#....i\u2842\u1ec3\u1ec3kj...#",
    "#.....\u2842@@cj...#",
    "#.....\u2842@@cj...#",
    "#.....lcccj...#",
    "#.....iiiii...#",
    "#.............#",
    "#.............#",
    "###############"
  ]
}