{
  "model": "o3-mini",
  "game": "atlas shrank",
  "level": 7,
  "run": 1,
  "win": false,
  "action_sequence": [
    3,
    3,
    3,
    3,
    3,
    3,
    2,
    3,
    3,
    3,
    3,
    3,
    3,
    3,
    3,
    3,
    3,
    3,
    3,
    3,
    3,
    3,
    3,
    3,
    3,
    3,
    3,
    3,
    3,
    3,
    3,
    3,
    3,
    3,
    3,
    3,
    3,
    3,
    3,
    3,
    3,
    3,
    3,
    3,
    3,
    3,
    3,
    3,
    3,
    3,
    3,
    3,
    3,
    3,
    3,
    3,
    3,
    3,
    3,
    3,
    3,
    3,
    3,
    3,
    3,
    3,
    3,
    3,
    3,
    3,
    3,
    3,
    3,
    3,
    3,
    3,
    3,
    3,
    3,
    3,
    3,
    3,
    3,
    3,
    3,
    3,
    3,
    3,
    3,
    3,
    3,
    3,
    3,
    3,
    3,
    3,
    3,
    3,
    3,
    3
  ],
  "reward_sequence": [
    -0.009999999776482582,
    -0.009999999776482582,
    -0.009999999776482582,
    -0.009999999776482582,
    -0.009999999776482582,
    -0.009999999776482582,
    0.9900000095367432,
    -0.009999999776482582,
    -0.009999999776482582,
    -0.009999999776482582,
    -0.009999999776482582,
    -0.009999999776482582,
    -0.009999999776482582,
    -0.009999999776482582,
    -0.009999999776482582,
    -0.009999999776482582,
    -0.009999999776482582,
    -0.009999999776482582,
    -0.009999999776482582,
    -0.009999999776482582,
    -0.009999999776482582,
    -0.009999999776482582,
    -0.009999999776482582,
    -0.009999999776482582,
    -0.009999999776482582,
    -0.009999999776482582,
    -0.009999999776482582,
    -0.009999999776482582,
    -0.009999999776482582,
    -0.009999999776482582,
    -0.009999999776482582,
    -0.009999999776482582,
    -0.009999999776482582,
    -0.009999999776482582,
    -0.009999999776482582,
    -0.009999999776482582,
    -0.009999999776482582,
    -0.009999999776482582,
    -0.009999999776482582,
    -0.009999999776482582,
    -0.009999999776482582,
    -0.009999999776482582,
    -0.009999999776482582,
    -0.009999999776482582,
    -0.009999999776482582,
    -0.009999999776482582,
    -0.009999999776482582,
    -0.009999999776482582,
    -0.009999999776482582,
    -0.009999999776482582,
    -0.009999999776482582,
    -0.009999999776482582,
    -0.009999999776482582,
    -0.009999999776482582,
    -0.009999999776482582,
    -0.009999999776482582,
    -0.009999999776482582,
    -0.009999999776482582,
    -0.009999999776482582,
    -0.009999999776482582,
    -0.009999999776482582,
    -0.009999999776482582,
    -0.009999999776482582,
    -0.009999999776482582,
    -0.009999999776482582,
    -0.009999999776482582,
    -0.009999999776482582,
    -0.009999999776482582,
    -0.009999999776482582,
    -0.009999999776482582,
    -0.009999999776482582,
    -0.009999999776482582,
    -0.009999999776482582,
    -0.009999999776482582,
    -0.009999999776482582,
    -0.009999999776482582,
    -0.009999999776482582,
    -0.009999999776482582,
    -0.009999999776482582,
    -0.009999999776482582,
    -0.009999999776482582,
    -0.009999999776482582,
    -0.009999999776482582,
    -0.009999999776482582,
    -0.009999999776482582,
    -0.009999999776482582,
    -0.009999999776482582,
    -0.009999999776482582,
    -0.009999999776482582,
    -0.009999999776482582,
    -0.009999999776482582,
    -0.009999999776482582,
    -0.009999999776482582,
    -0.009999999776482582,
    -0.009999999776482582,
    -0.009999999776482582,
    -0.009999999776482582,
    -0.009999999776482582,
    -0.009999999776482582,
    -0.009999999776482582
  ],
  "initial_ascii": [
    "LEGEND:",
    "#: wallsolo",
    "\u11e7: wallu",
    "\u236f: wallrl",
    "\u11ad: walll",
    "\u2766: wallr",
    ".: background",
    "x: door",
    "\u21da: wallud",
    "*: crate, massive",
    "t: switch",
    "o: exit",
    "\u02f2: walld",
    "\u0870: wallm",
    "p: players",
    "",
    "MAP:",
    "#\u11e7\u236f\u236f\u236f\u236f\u236f\u236f\u236f\u236f\u236f\u236f\u236f\u236f\u236f\u236f\u236f#",
    "\u11ad\u2766...........x...\u21da",
    "\u11ad\u2766...........x.*.\u21da",
    "\u11ad\u2766.........t#\u236f\u236f#.\u21da",
    "\u11ad\u2766..........\u21da....\u21da",
    "\u11ad\u2766..........\u21da....\u21da",
    "\u11ad\u2766...***#\u11e7\u236f\u236f#.##x#",
    "\u11ad\u2766...***\u11ad\u2766.o..#\u02f2#*",
    "\u11ad\u2766...***\u11ad\u0870\u236f#.....#",
    "\u11ad\u2766.p.***\u11ad\u2766.......\u21da",
    "#\u02f2\u236f\u236f\u236f\u236f\u236f\u236f\u02f2\u02f2\u236f\u236f\u236f\u236f\u236f\u236f\u236f#"
  ],
  "state_data": {
    "score": 0,
    "win": false,
    "step": 100
  },
  "heuristics": [
    -10.0,
    -10.0,
    -10.0,
    -10.0,
    -10.0,
    -10.0,
    -9.0,
    -9.0,
    -9.0,
    -9.0,
    -9.0,
    -9.0,
    -9.0,
    -9.0,
    -9.0,
    -9.0,
    -9.0,
    -9.0,
    -9.0,
    -9.0,
    -9.0,
    -9.0,
    -9.0,
    -9.0,
    -9.0,
    -9.0,
    -9.0,
    -9.0,
    -9.0,
    -9.0,
    -9.0,
    -9.0,
    -9.0,
    -9.0,
    -9.0,
    -9.0,
    -9.0,
    -9.0,
    -9.0,
    -9.0,
    -9.0,
    -9.0,
    -9.0,
    -9.0,
    -9.0,
    -9.0,
    -9.0,
    -9.0,
    -9.0,
    -9.0,
    -9.0,
    -9.0,
    -9.0,
    -9.0,
    -9.0,
    -9.0,
    -9.0,
    -9.0,
    -9.0,
    -9.0,
    -9.0,
    -9.0,
    -9.0,
    -9.0,
    -9.0,
    -9.0,
    -9.0,
    -9.0,
    -9.0,
    -9.0,
    -9.0,
    -9.0,
    -9.0,
    -9.0,
    -9.0,
    -9.0,
    -9.0,
    -9.0,
    -9.0,
    -9.0,
    -9.0,
    -9.0,
    -9.0,
    -9.0,
    -9.0,
    -9.0,
    -9.0,
    -9.0,
    -9.0,
    -9.0,
    -9.0,
    -9.0,
    -9.0,
    -9.0,
    -9.0,
    -9.0,
    -9.0,
    -9.0,
    -9.0,
    -9.0
  ],
  "final_ascii": [
    "LEGEND:",
    "#: wallsolo",
    "\u11e7: wallu",
    "\u236f: wallrl",
    "\u11ad: walll",
    "\u2766: wallr",
    ".: background",
    "x: door",
    "\u21da: wallud",
    "*: crate, massive",
    "t: switch",
    "o: exit",
    "\u02f2: walld",
    "\u0870: wallm",
    "\u124d: playerr",
    "",
    "MAP:",
    "#\u11e7\u236f\u236f\u236f\u236f\u236f\u236f\u236f\u236f\u236f\u236f\u236f\u236f\u236f\u236f\u236f#",
    "\u11ad\u2766...........x...\u21da",
    "\u11ad\u2766...........x.*.\u21da",
    "\u11ad\u2766.........t#\u236f\u236f#.\u21da",
    "\u11ad\u2766..........\u21da....\u21da",
    "\u11ad\u2766..........\u21da....\u21da",
    "\u11ad\u2766...***#\u11e7\u236f\u236f#.##x#",
    "\u11ad\u2766...***\u11ad\u2766.o..#\u02f2#*",
    "\u11ad\u2766...***\u11ad\u0870\u236f#.....#",
    "\u11ad\u2766..\u124d***\u11ad\u2766.......\u21da",
    "#\u02f2\u236f\u236f\u236f\u236f\u236f\u236f\u02f2\u02f2\u236f\u236f\u236f\u236f\u236f\u236f\u236f#"
  ]
}