{
  "model": "o3-mini",
  "game": "sokoban_match3",
  "level": 1,
  "run": 6,
  "win": false,
  "action_sequence": [
    3,
    3,
    3,
    1,
    2,
    2,
    0,
    2,
    1,
    3,
    0,
    2,
    2,
    2,
    0,
    2,
    2,
    2,
    2,
    2,
    0,
    1,
    2,
    2,
    3,
    0,
    2,
    0,
    2,
    0,
    2,
    1,
    3,
    3,
    1,
    2,
    3,
    3,
    1,
    2,
    0,
    1,
    0,
    3,
    3,
    1,
    2,
    2,
    0,
    3,
    1,
    3,
    1,
    3,
    1,
    2,
    1,
    3,
    0,
    2,
    0,
    3,
    0,
    1,
    2,
    2,
    0,
    1,
    3,
    2,
    1,
    0,
    2,
    3,
    1,
    0,
    2,
    1,
    3,
    0,
    3,
    3,
    1,
    3,
    0,
    1,
    3,
    2,
    1,
    3,
    1,
    0,
    1,
    3,
    3,
    1,
    3,
    2,
    1,
    2
  ],
  "reward_sequence": [
    -0.009999999776482582,
    -1.0099999904632568,
    -0.009999999776482582,
    -0.009999999776482582,
    -0.009999999776482582,
    -0.009999999776482582,
    -0.009999999776482582,
    -0.009999999776482582,
    -0.009999999776482582,
    -0.009999999776482582,
    -0.009999999776482582,
    -0.009999999776482582,
    -0.009999999776482582,
    -0.009999999776482582,
    -0.009999999776482582,
    -0.009999999776482582,
    -0.009999999776482582,
    -0.009999999776482582,
    -0.009999999776482582,
    -0.009999999776482582,
    -0.009999999776482582,
    -0.009999999776482582,
    -0.009999999776482582,
    -0.009999999776482582,
    -2.009999990463257,
    -0.009999999776482582,
    -0.009999999776482582,
    -0.009999999776482582,
    -0.009999999776482582,
    -0.009999999776482582,
    -0.009999999776482582,
    -0.009999999776482582,
    -0.009999999776482582,
    -0.009999999776482582,
    -0.009999999776482582,
    -1.0099999904632568,
    -0.009999999776482582,
    -0.009999999776482582,
    -0.009999999776482582,
    -0.009999999776482582,
    -0.009999999776482582,
    -0.009999999776482582,
    -0.009999999776482582,
    -0.009999999776482582,
    -0.009999999776482582,
    -0.009999999776482582,
    -0.009999999776482582,
    -0.009999999776482582,
    -0.009999999776482582,
    -0.009999999776482582,
    -0.009999999776482582,
    -0.009999999776482582,
    -0.009999999776482582,
    -0.009999999776482582,
    -0.009999999776482582,
    -0.009999999776482582,
    0.9900000095367432,
    -0.009999999776482582,
    -0.009999999776482582,
    -0.009999999776482582,
    -0.009999999776482582,
    -0.009999999776482582,
    -0.009999999776482582,
    -0.009999999776482582,
    -0.009999999776482582,
    -0.009999999776482582,
    -0.009999999776482582,
    -0.009999999776482582,
    -0.009999999776482582,
    -0.009999999776482582,
    -0.009999999776482582,
    -0.009999999776482582,
    -0.009999999776482582,
    -0.009999999776482582,
    -0.009999999776482582,
    -0.009999999776482582,
    -0.009999999776482582,
    -1.0099999904632568,
    -0.009999999776482582,
    -0.009999999776482582,
    -0.009999999776482582,
    -0.009999999776482582,
    -0.009999999776482582,
    -0.009999999776482582,
    -0.009999999776482582,
    -0.009999999776482582,
    -0.009999999776482582,
    -0.009999999776482582,
    -0.009999999776482582,
    -0.009999999776482582,
    -0.009999999776482582,
    -0.009999999776482582,
    -0.009999999776482582,
    -0.009999999776482582,
    -0.009999999776482582,
    -0.009999999776482582,
    -0.009999999776482582,
    -0.009999999776482582,
    -0.009999999776482582,
    -0.009999999776482582
  ],
  "initial_ascii": [
    "LEGEND:",
    ".: background",
    "#: wall",
    "o: target",
    "*: crate",
    "\u1f1c: target, player",
    "",
    "MAP:",
    ".#######.",
    ".#.....#.",
    ".#o##..##",
    "##.##.*.#",
    "#.*..**.#",
    "#.\u1f1coo.#.#",
    "#.......#",
    "#########"
  ],
  "state_data": {
    "score": 1,
    "win": false,
    "step": 100
  },
  "heuristics": [
    -7.0,
    -8.0,
    -8.0,
    -8.0,
    -8.0,
    -8.0,
    -8.0,
    -8.0,
    -8.0,
    -8.0,
    -8.0,
    -8.0,
    -8.0,
    -8.0,
    -8.0,
    -8.0,
    -8.0,
    -8.0,
    -8.0,
    -8.0,
    -8.0,
    -8.0,
    -8.0,
    -8.0,
    -10.0,
    -10.0,
    -10.0,
    -10.0,
    -10.0,
    -10.0,
    -10.0,
    -10.0,
    -10.0,
    -10.0,
    -10.0,
    -11.0,
    -11.0,
    -11.0,
    -11.0,
    -11.0,
    -11.0,
    -11.0,
    -11.0,
    -11.0,
    -11.0,
    -11.0,
    -11.0,
    -11.0,
    -11.0,
    -11.0,
    -11.0,
    -11.0,
    -11.0,
    -11.0,
    -11.0,
    -11.0,
    -10.0,
    -10.0,
    -10.0,
    -10.0,
    -10.0,
    -10.0,
    -10.0,
    -10.0,
    -10.0,
    -10.0,
    -10.0,
    -10.0,
    -10.0,
    -10.0,
    -10.0,
    -10.0,
    -10.0,
    -10.0,
    -10.0,
    -10.0,
    -10.0,
    -11.0,
    -11.0,
    -11.0,
    -11.0,
    -11.0,
    -11.0,
    -11.0,
    -11.0,
    -11.0,
    -11.0,
    -11.0,
    -11.0,
    -11.0,
    -11.0,
    -11.0,
    -11.0,
    -11.0,
    -11.0,
    -11.0,
    -11.0,
    -11.0,
    -11.0,
    -11.0
  ],
  "final_ascii": [
    "LEGEND:",
    ".: background",
    "#: wall",
    "*: crate",
    "@: target, crate",
    "p: player",
    "o: target",
    "",
    "MAP:",
    ".#######.",
    ".#...**#.",
    ".#@##..##",
    "##.##..p#",
    "#.......#",
    "#.ooo.#.#",
    "#......*#",
    "#########"
  ]
}