{
  "model": "o3-mini",
  "game": "kettle",
  "level": 10,
  "run": 3,
  "win": false,
  "action_sequence": [
    1,
    2,
    4,
    3,
    1,
    4,
    0,
    0,
    0,
    2,
    3,
    4,
    4,
    0,
    3,
    1,
    0,
    1,
    4,
    3,
    1,
    4,
    4,
    3,
    1,
    4,
    1,
    3,
    3,
    4,
    3,
    1,
    1,
    3,
    3,
    3,
    3,
    3,
    0,
    3,
    3,
    3,
    3,
    0,
    4,
    3,
    3,
    3,
    0,
    4,
    2,
    4,
    1,
    3,
    3,
    0,
    4,
    4,
    0,
    0,
    3,
    4,
    4,
    3,
    0,
    1,
    3,
    3,
    2,
    2,
    0,
    3,
    1,
    1,
    3,
    3,
    0,
    0,
    3,
    3,
    0,
    3,
    3,
    3,
    3,
    4,
    1,
    4,
    1,
    4,
    0,
    1,
    0,
    1,
    4,
    3,
    3,
    1,
    1,
    2
  ],
  "reward_sequence": [
    6.989999771118164,
    7.989999771118164,
    -0.009999999776482582,
    8.989999771118164,
    5.989999771118164,
    -0.009999999776482582,
    4.989999771118164,
    4.989999771118164,
    4.989999771118164,
    5.989999771118164,
    4.989999771118164,
    -0.009999999776482582,
    -0.009999999776482582,
    -0.009999999776482582,
    1.9900000095367432,
    -0.009999999776482582,
    -0.009999999776482582,
    -0.009999999776482582,
    -0.009999999776482582,
    -0.009999999776482582,
    -0.009999999776482582,
    -0.009999999776482582,
    -0.009999999776482582,
    -0.009999999776482582,
    -0.009999999776482582,
    -0.009999999776482582,
    -0.009999999776482582,
    -0.009999999776482582,
    -0.009999999776482582,
    -0.009999999776482582,
    -0.009999999776482582,
    -0.009999999776482582,
    -0.009999999776482582,
    -0.009999999776482582,
    -0.009999999776482582,
    -0.009999999776482582,
    -0.009999999776482582,
    -0.009999999776482582,
    -0.009999999776482582,
    -0.009999999776482582,
    -0.009999999776482582,
    -0.009999999776482582,
    -0.009999999776482582,
    -0.009999999776482582,
    -0.009999999776482582,
    -0.009999999776482582,
    -0.009999999776482582,
    -0.009999999776482582,
    -0.009999999776482582,
    -0.009999999776482582,
    -0.009999999776482582,
    -0.009999999776482582,
    -0.009999999776482582,
    -0.009999999776482582,
    -0.009999999776482582,
    -0.009999999776482582,
    -0.009999999776482582,
    -0.009999999776482582,
    -0.009999999776482582,
    -0.009999999776482582,
    -0.009999999776482582,
    -0.009999999776482582,
    -0.009999999776482582,
    -0.009999999776482582,
    -0.009999999776482582,
    -0.009999999776482582,
    -0.009999999776482582,
    -0.009999999776482582,
    -0.009999999776482582,
    -0.009999999776482582,
    -0.009999999776482582,
    -0.009999999776482582,
    -0.009999999776482582,
    -0.009999999776482582,
    -0.009999999776482582,
    -0.009999999776482582,
    -0.009999999776482582,
    -0.009999999776482582,
    -0.009999999776482582,
    -0.009999999776482582,
    -0.009999999776482582,
    -0.009999999776482582,
    -0.009999999776482582,
    -0.009999999776482582,
    -0.009999999776482582,
    -0.009999999776482582,
    -0.009999999776482582,
    -0.009999999776482582,
    -0.009999999776482582,
    -0.009999999776482582,
    -0.009999999776482582,
    -0.009999999776482582,
    -0.009999999776482582,
    -0.009999999776482582,
    -0.009999999776482582,
    -0.009999999776482582,
    -0.009999999776482582,
    -0.009999999776482582,
    -0.009999999776482582,
    -0.009999999776482582
  ],
  "initial_ascii": [
    "LEGEND:",
    "#: wall",
    ".: background",
    "l: rpolice",
    "k: dpolice",
    "j: lpolice",
    "c: crate",
    "@: target, crate",
    "t: target",
    "i: upolice",
    "",
    "MAP:",
    "###############",
    "#.............#",
    "#lkkkkkkkkkkkj#",
    "#lccc.c.c...cj#",
    "#lc.@t@ttt...j#",
    "#l..@ttt@t...j#",
    "#l..t@@ttt..cj#",
    "#lc.@tt@@t..cj#",
    "#l..@@t@@t...j#",
    "#l..t@t@tt..cj#",
    "#lc..c.......j#",
    "#lc....c.....j#",
    "#lcc.c.c.c..cj#",
    "#.iiiiiiiiiii.#",
    "###############"
  ],
  "state_data": {
    "score": 30,
    "win": false,
    "step": 100
  },
  "heuristics": [
    -59.0,
    -51.0,
    -51.0,
    -42.0,
    -36.0,
    -36.0,
    -31.0,
    -26.0,
    -21.0,
    -15.0,
    -10.0,
    -10.0,
    -10.0,
    -10.0,
    -8.0,
    -8.0,
    -8.0,
    -8.0,
    -8.0,
    -8.0,
    -8.0,
    -8.0,
    -8.0,
    -8.0,
    -8.0,
    -8.0,
    -8.0,
    -8.0,
    -8.0,
    -8.0,
    -8.0,
    -8.0,
    -8.0,
    -8.0,
    -8.0,
    -8.0,
    -8.0,
    -8.0,
    -8.0,
    -8.0,
    -8.0,
    -8.0,
    -8.0,
    -8.0,
    -8.0,
    -8.0,
    -8.0,
    -8.0,
    -8.0,
    -8.0,
    -8.0,
    -8.0,
    -8.0,
    -8.0,
    -8.0,
    -8.0,
    -8.0,
    -8.0,
    -8.0,
    -8.0,
    -8.0,
    -8.0,
    -8.0,
    -8.0,
    -8.0,
    -8.0,
    -8.0,
    -8.0,
    -8.0,
    -8.0,
    -8.0,
    -8.0,
    -8.0,
    -8.0,
    -8.0,
    -8.0,
    -8.0,
    -8.0,
    -8.0,
    -8.0,
    -8.0,
    -8.0,
    -8.0,
    -8.0,
    -8.0,
    -8.0,
    -8.0,
    -8.0,
    -8.0,
    -8.0,
    -8.0,
    -8.0,
    -8.0,
    -8.0,
    -8.0,
    -8.0,
    -8.0,
    -8.0,
    -8.0,
    -8.0
  ],
  "final_ascii": [
    "LEGEND:",
    "#: wall",
    ".: background",
    "l: rpolice",
    "k: dpolice",
    "j: lpolice",
    "i: upolice",
    "@: target, crate",
    "\u1d7c: target, dpolice",
    "\u01ba: target, lpolice",
    "c: crate",
    "",
    "MAP:",
    "###############",
    "#.............#",
    "#lkj..........#",
    "#.lkkk.kkkkj..#",
    "#.il@@\u1d7c@@@j...#",
    "#..l@@@@@\u01ba....#",
    "#..l@@@@@\u01ba....#",
    "#..l@@@@@\u01ba.kk.#",
    "#..l@@@@@\u01ba.ii.#",
    "#..l@@@@@\u01ba....#",
    "#..lcciiccj...#",
    "#..iilcciij...#",
    "#...li....ij..#",
    "#.............#",
    "###############"
  ]
}