{
  "model": "o3-mini",
  "game": "Take_Heart_Lass",
  "level": 1,
  "run": 2,
  "win": true,
  "action_sequence": [
    2,
    3,
    2,
    2,
    2,
    1,
    1,
    1,
    2
  ],
  "reward_sequence": [
    0.9900000095367432,
    -1.0099999904632568,
    0.9900000095367432,
    0.9900000095367432,
    0.9900000095367432,
    0.9900000095367432,
    0.9900000095367432,
    0.9900000095367432,
    1.9900000095367432
  ],
  "initial_ascii": [
    "LEGEND:",
    "#: wall",
    "\u1e20: newdespairwall",
    "x: olddespair",
    "\u023f: altnewdespair",
    "f: backflowers",
    ".: background",
    "p: player",
    "z: altolddespair",
    "\u287b: backflowers, newdespair",
    "o: target",
    "",
    "MAP:",
    "#\u1e20#######",
    "\u1e20x\u023ff...f#",
    "#\u023f#.....#",
    "#..pf#..#",
    "#\u023f#..#f.#",
    "\u1e20xz\u287b...o#",
    "#\u1e20#######"
  ],
  "state_data": {
    "score": 1,
    "win": true,
    "step": 9
  },
  "heuristics": [
    -6.0,
    -7.0,
    -6.0,
    -5.0,
    -4.0,
    -3.0,
    -2.0,
    -1.0,
    0.0
  ],
  "final_ascii": [
    "LEGEND:",
    "\u1870: despairwall",
    "x: olddespair",
    "z: altolddespair",
    "\u15b7: backflowers, olddespair",
    "#: wall",
    "\u1e2a: backflowers, altolddespair",
    "\u1e20: newdespairwall",
    ".: background",
    "\u128a: target, player",
    "",
    "MAP:",
    "\u1870\u1870\u1870\u1870\u1870\u1870\u1870\u1870\u1870",
    "\u1870xz\u15b7zxz\u15b7\u1870",
    "\u1870z#zxzxz\u1870",
    "\u1870xzx\u1e2a\u1870zx\u1e20",
    "\u1870z#zx\u1870\u15b7.\u1e20",
    "\u1870xz\u15b7zx.\u128a\u1870",
    "\u1870\u1870\u1870\u1870\u1870\u1870\u1870\u1870\u1870"
  ]
}