{
  "model": "o3-mini",
  "game": "Travelling_salesman",
  "level": 5,
  "run": 5,
  "win": false,
  "action_sequence": [
    3,
    0,
    0,
    0,
    4,
    4,
    2,
    4,
    4,
    4,
    4,
    0,
    3,
    0,
    4,
    0,
    0,
    4,
    1,
    4,
    1,
    4,
    2,
    2,
    3,
    4,
    2,
    2,
    2,
    2,
    4,
    2,
    2,
    2,
    2,
    2,
    2,
    2,
    4,
    2,
    2,
    4,
    4,
    2,
    4,
    4,
    2,
    2,
    4,
    2,
    4,
    2,
    2,
    4,
    4,
    2,
    2,
    4,
    2,
    4,
    4,
    2,
    4,
    2,
    2,
    4,
    2,
    4,
    4,
    2,
    4,
    4,
    4,
    4,
    2,
    2,
    4,
    2,
    2,
    4,
    4,
    2,
    4,
    2,
    4,
    4,
    2,
    4,
    4,
    2,
    2,
    2,
    2,
    2,
    4,
    4,
    4,
    2,
    4,
    2
  ],
  "reward_sequence": [
    1.9900000095367432,
    0.9900000095367432,
    0.9900000095367432,
    0.9900000095367432,
    -0.009999999776482582,
    -0.009999999776482582,
    -0.009999999776482582,
    -0.009999999776482582,
    -0.009999999776482582,
    -0.009999999776482582,
    -0.009999999776482582,
    0.9900000095367432,
    0.9900000095367432,
    0.9900000095367432,
    -0.009999999776482582,
    0.9900000095367432,
    0.9900000095367432,
    -0.009999999776482582,
    0.9900000095367432,
    -0.009999999776482582,
    0.9900000095367432,
    -0.009999999776482582,
    0.9900000095367432,
    0.9900000095367432,
    0.9900000095367432,
    -0.009999999776482582,
    -0.009999999776482582,
    -0.009999999776482582,
    -0.009999999776482582,
    -0.009999999776482582,
    -0.009999999776482582,
    -0.009999999776482582,
    -0.009999999776482582,
    -0.009999999776482582,
    -0.009999999776482582,
    -0.009999999776482582,
    -0.009999999776482582,
    -0.009999999776482582,
    -0.009999999776482582,
    -0.009999999776482582,
    -0.009999999776482582,
    -0.009999999776482582,
    -0.009999999776482582,
    -0.009999999776482582,
    -0.009999999776482582,
    -0.009999999776482582,
    -0.009999999776482582,
    -0.009999999776482582,
    -0.009999999776482582,
    -0.009999999776482582,
    -0.009999999776482582,
    -0.009999999776482582,
    -0.009999999776482582,
    -0.009999999776482582,
    -0.009999999776482582,
    -0.009999999776482582,
    -0.009999999776482582,
    -0.009999999776482582,
    -0.009999999776482582,
    -0.009999999776482582,
    -0.009999999776482582,
    -0.009999999776482582,
    -0.009999999776482582,
    -0.009999999776482582,
    -0.009999999776482582,
    -0.009999999776482582,
    -0.009999999776482582,
    -0.009999999776482582,
    -0.009999999776482582,
    -0.009999999776482582,
    -0.009999999776482582,
    -0.009999999776482582,
    -0.009999999776482582,
    -0.009999999776482582,
    -0.009999999776482582,
    -0.009999999776482582,
    -0.009999999776482582,
    -0.009999999776482582,
    -0.009999999776482582,
    -0.009999999776482582,
    -0.009999999776482582,
    -0.009999999776482582,
    -0.009999999776482582,
    -0.009999999776482582,
    -0.009999999776482582,
    -0.009999999776482582,
    -0.009999999776482582,
    -0.009999999776482582,
    -0.009999999776482582,
    -0.009999999776482582,
    -0.009999999776482582,
    -0.009999999776482582,
    -0.009999999776482582,
    -0.009999999776482582,
    -0.009999999776482582,
    -0.009999999776482582,
    -0.009999999776482582,
    -0.009999999776482582,
    -0.009999999776482582,
    -0.009999999776482582
  ],
  "initial_ascii": [
    "LEGEND:",
    "o: node",
    "-: hlink",
    ".: background",
    "|: vlink",
    "\u125a: nodeseen, player",
    "\u00e7: vlinkseen",
    "\u1f1c: nodeseen",
    "",
    "MAP:",
    "o-o-o-o.o-o.o-o",
    "|.|.|.|.|.|.|.|",
    "o.o.o-o-o-o-o-\u125a",
    "|.|.|.....|.|.\u00e7",
    "o-o-o.....o-o.\u1f1c"
  ],
  "state_data": {
    "score": -7,
    "win": false,
    "step": 100
  },
  "heuristics": [
    -20.0,
    -19.0,
    -18.0,
    -17.0,
    -17.0,
    -17.0,
    -17.0,
    -17.0,
    -17.0,
    -17.0,
    -17.0,
    -16.0,
    -15.0,
    -14.0,
    -14.0,
    -13.0,
    -12.0,
    -12.0,
    -11.0,
    -11.0,
    -10.0,
    -10.0,
    -9.0,
    -8.0,
    -7.0,
    -7.0,
    -7.0,
    -7.0,
    -7.0,
    -7.0,
    -7.0,
    -7.0,
    -7.0,
    -7.0,
    -7.0,
    -7.0,
    -7.0,
    -7.0,
    -7.0,
    -7.0,
    -7.0,
    -7.0,
    -7.0,
    -7.0,
    -7.0,
    -7.0,
    -7.0,
    -7.0,
    -7.0,
    -7.0,
    -7.0,
    -7.0,
    -7.0,
    -7.0,
    -7.0,
    -7.0,
    -7.0,
    -7.0,
    -7.0,
    -7.0,
    -7.0,
    -7.0,
    -7.0,
    -7.0,
    -7.0,
    -7.0,
    -7.0,
    -7.0,
    -7.0,
    -7.0,
    -7.0,
    -7.0,
    -7.0,
    -7.0,
    -7.0,
    -7.0,
    -7.0,
    -7.0,
    -7.0,
    -7.0,
    -7.0,
    -7.0,
    -7.0,
    -7.0,
    -7.0,
    -7.0,
    -7.0,
    -7.0,
    -7.0,
    -7.0,
    -7.0,
    -7.0,
    -7.0,
    -7.0,
    -7.0,
    -7.0,
    -7.0,
    -7.0,
    -7.0,
    -7.0
  ],
  "final_ascii": [
    "LEGEND:",
    "\u1f1c: nodeseen",
    "#: hlinkseen",
    ".: background",
    "o: node",
    "-: hlink",
    "\u00e7: vlinkseen",
    "|: vlink",
    "\u125a: nodeseen, player",
    "",
    "MAP:",
    "\u1f1c#\u1f1c#\u1f1c#\u1f1c.o-o.o-o",
    "\u00e7.|.|.\u00e7.|.|.|.|",
    "\u1f1c.o.\u125a-\u1f1c#\u1f1c#\u1f1c#\u1f1c#\u1f1c",
    "\u00e7.|.\u00e7.....|.|.\u00e7",
    "\u1f1c#\u1f1c#\u1f1c.....o-o.\u1f1c"
  ]
}