{
  "model": "o3-mini",
  "game": "kettle",
  "level": 9,
  "run": 2,
  "win": false,
  "action_sequence": [
    2,
    3,
    2,
    2,
    2,
    0,
    0,
    4,
    0,
    0,
    0,
    0,
    1,
    1,
    0,
    0,
    4,
    3,
    1,
    4,
    4,
    4,
    3,
    4,
    0,
    4,
    1,
    0,
    0,
    0,
    3,
    0,
    2,
    4,
    3,
    0,
    0,
    4,
    3,
    3,
    4,
    0,
    4,
    2,
    4,
    1,
    2,
    1,
    4,
    2,
    0,
    4,
    1,
    0,
    4,
    0,
    4,
    3,
    4,
    0,
    0,
    0,
    1,
    0,
    0,
    2,
    4,
    0,
    1,
    3,
    0,
    0,
    3,
    4,
    4,
    2,
    4,
    4,
    2,
    1,
    1,
    0,
    0,
    1,
    4,
    1,
    0,
    0,
    4,
    0,
    4,
    0,
    0,
    3,
    3,
    2,
    0,
    0,
    4,
    1
  ],
  "reward_sequence": [
    5.989999771118164,
    4.989999771118164,
    4.989999771118164,
    -0.009999999776482582,
    -2.009999990463257,
    5.989999771118164,
    4.989999771118164,
    -0.009999999776482582,
    1.9900000095367432,
    -0.009999999776482582,
    -0.009999999776482582,
    -0.009999999776482582,
    2.990000009536743,
    1.9900000095367432,
    -0.009999999776482582,
    -0.009999999776482582,
    -0.009999999776482582,
    1.9900000095367432,
    -0.009999999776482582,
    -0.009999999776482582,
    -0.009999999776482582,
    -0.009999999776482582,
    0.9900000095367432,
    -0.009999999776482582,
    -0.009999999776482582,
    -0.009999999776482582,
    -0.009999999776482582,
    -0.009999999776482582,
    -0.009999999776482582,
    -0.009999999776482582,
    -0.009999999776482582,
    -0.009999999776482582,
    -0.009999999776482582,
    -0.009999999776482582,
    -0.009999999776482582,
    -0.009999999776482582,
    -0.009999999776482582,
    -0.009999999776482582,
    -0.009999999776482582,
    -0.009999999776482582,
    -0.009999999776482582,
    -0.009999999776482582,
    -0.009999999776482582,
    -0.009999999776482582,
    -0.009999999776482582,
    -0.009999999776482582,
    -0.009999999776482582,
    -0.009999999776482582,
    -0.009999999776482582,
    -0.009999999776482582,
    -0.009999999776482582,
    -0.009999999776482582,
    -0.009999999776482582,
    -0.009999999776482582,
    -0.009999999776482582,
    -0.009999999776482582,
    -0.009999999776482582,
    -0.009999999776482582,
    -0.009999999776482582,
    -0.009999999776482582,
    -0.009999999776482582,
    -0.009999999776482582,
    -0.009999999776482582,
    -0.009999999776482582,
    -0.009999999776482582,
    -0.009999999776482582,
    -0.009999999776482582,
    -0.009999999776482582,
    -0.009999999776482582,
    -0.009999999776482582,
    -0.009999999776482582,
    -0.009999999776482582,
    -0.009999999776482582,
    -0.009999999776482582,
    -0.009999999776482582,
    -0.009999999776482582,
    -0.009999999776482582,
    -0.009999999776482582,
    -0.009999999776482582,
    -0.009999999776482582,
    -0.009999999776482582,
    -0.009999999776482582,
    -0.009999999776482582,
    -0.009999999776482582,
    -0.009999999776482582,
    -0.009999999776482582,
    -0.009999999776482582,
    -0.009999999776482582,
    -0.009999999776482582,
    -0.009999999776482582,
    -0.009999999776482582,
    -0.009999999776482582,
    -0.009999999776482582,
    -0.009999999776482582,
    -0.009999999776482582,
    -0.009999999776482582,
    -0.009999999776482582,
    -0.009999999776482582,
    -0.009999999776482582,
    -0.009999999776482582
  ],
  "initial_ascii": [
    "LEGEND:",
    "#: wall",
    ".: background",
    "k: dpolice",
    "l: rpolice",
    "c: crate",
    "j: lpolice",
    "@: target, crate",
    "t: target",
    "i: upolice",
    "",
    "MAP:",
    "###############",
    "#.kkkkkkkkkk..#",
    "#.lccc.c...cj.#",
    "#.lc........j.#",
    "#.lc@t@tt...j.#",
    "#.lct@@@t...j.#",
    "#.l.@ttt@..cj.#",
    "#.lctt@@t..cj.#",
    "#.l.ttttt...j.#",
    "#.l.........j.#",
    "#.l........cj.#",
    "#.l...c.c.ccj.#",
    "#.iiiiiiiiii..#",
    "###############"
  ],
  "state_data": {
    "score": 13,
    "win": false,
    "step": 100
  },
  "heuristics": [
    -47.0,
    -42.0,
    -37.0,
    -37.0,
    -39.0,
    -33.0,
    -28.0,
    -28.0,
    -26.0,
    -26.0,
    -26.0,
    -26.0,
    -23.0,
    -21.0,
    -21.0,
    -21.0,
    -21.0,
    -19.0,
    -19.0,
    -19.0,
    -19.0,
    -19.0,
    -18.0,
    -18.0,
    -18.0,
    -18.0,
    -18.0,
    -18.0,
    -18.0,
    -18.0,
    -18.0,
    -18.0,
    -18.0,
    -18.0,
    -18.0,
    -18.0,
    -18.0,
    -18.0,
    -18.0,
    -18.0,
    -18.0,
    -18.0,
    -18.0,
    -18.0,
    -18.0,
    -18.0,
    -18.0,
    -18.0,
    -18.0,
    -18.0,
    -18.0,
    -18.0,
    -18.0,
    -18.0,
    -18.0,
    -18.0,
    -18.0,
    -18.0,
    -18.0,
    -18.0,
    -18.0,
    -18.0,
    -18.0,
    -18.0,
    -18.0,
    -18.0,
    -18.0,
    -18.0,
    -18.0,
    -18.0,
    -18.0,
    -18.0,
    -18.0,
    -18.0,
    -18.0,
    -18.0,
    -18.0,
    -18.0,
    -18.0,
    -18.0,
    -18.0,
    -18.0,
    -18.0,
    -18.0,
    -18.0,
    -18.0,
    -18.0,
    -18.0,
    -18.0,
    -18.0,
    -18.0,
    -18.0,
    -18.0,
    -18.0,
    -18.0,
    -18.0,
    -18.0,
    -18.0,
    -18.0,
    -18.0
  ],
  "final_ascii": [
    "LEGEND:",
    "#: wall",
    ".: background",
    "k: dpolice",
    "l: rpolice",
    "c: crate",
    "j: lpolice",
    "t: target",
    "\u1870: target, rpolice",
    "@: target, crate",
    "\u2321: target, dpolice",
    "i: upolice",
    "\u1874: target, upolice",
    "\u023f: target, lpolice",
    "",
    "MAP:",
    "###############",
    "#.....kk......#",
    "#....klcckj...#",
    "#....lcjkck...#",
    "#...t\u1870@@@jck..#",
    "#..k\u2321\u1870@@@cji..#",
    "#..i\u1874\u1870@@@j....#",
    "#...t\u1870@@@cj...#",
    "#.k.t\u1870\u023ft@ci...#",
    "#.i..lcjci....#",
    "#....lccij....#",
    "#...liiij.....#",
    "#.............#",
    "###############"
  ]
}