{
  "model": "o3-mini",
  "game": "Take_Heart_Lass",
  "level": 6,
  "run": 2,
  "win": false,
  "action_sequence": [
    0,
    0,
    3,
    3,
    0,
    0,
    3,
    0,
    1,
    0,
    3,
    3,
    3,
    0,
    3,
    1,
    0,
    3,
    0,
    3,
    1,
    0,
    4,
    4,
    3,
    3,
    2,
    2,
    3,
    2,
    2,
    3,
    2,
    2,
    2,
    3,
    2,
    3,
    3,
    3,
    3,
    4,
    3,
    3,
    3,
    2,
    3,
    3,
    2,
    2,
    3,
    3,
    3,
    4,
    2,
    3,
    2,
    3,
    4,
    4,
    2,
    2,
    3,
    2,
    3,
    1,
    3,
    3,
    1,
    2,
    2,
    2,
    3,
    3,
    2,
    4,
    3,
    3,
    2,
    3,
    3,
    3,
    3,
    3,
    3,
    3,
    1,
    3,
    3,
    4,
    2,
    4,
    2,
    2,
    1,
    3,
    2,
    3,
    4,
    2
  ],
  "reward_sequence": [
    0.9900000095367432,
    0.9900000095367432,
    0.9900000095367432,
    0.9900000095367432,
    0.9900000095367432,
    -0.009999999776482582,
    0.9900000095367432,
    0.9900000095367432,
    -1.0099999904632568,
    -0.009999999776482582,
    -0.009999999776482582,
    -0.009999999776482582,
    -0.009999999776482582,
    -0.009999999776482582,
    -0.009999999776482582,
    -1.0099999904632568,
    0.9900000095367432,
    0.9900000095367432,
    -1.0099999904632568,
    0.9900000095367432,
    -1.0099999904632568,
    -1.0099999904632568,
    -0.009999999776482582,
    -0.009999999776482582,
    -0.009999999776482582,
    -0.009999999776482582,
    -0.009999999776482582,
    -0.009999999776482582,
    -0.009999999776482582,
    -0.009999999776482582,
    -0.009999999776482582,
    -0.009999999776482582,
    -0.009999999776482582,
    -0.009999999776482582,
    -0.009999999776482582,
    -0.009999999776482582,
    -0.009999999776482582,
    -0.009999999776482582,
    -0.009999999776482582,
    -0.009999999776482582,
    -0.009999999776482582,
    -0.009999999776482582,
    -0.009999999776482582,
    -0.009999999776482582,
    -0.009999999776482582,
    -0.009999999776482582,
    -0.009999999776482582,
    -0.009999999776482582,
    -0.009999999776482582,
    -0.009999999776482582,
    -0.009999999776482582,
    -0.009999999776482582,
    -0.009999999776482582,
    -0.009999999776482582,
    -0.009999999776482582,
    -0.009999999776482582,
    -0.009999999776482582,
    -0.009999999776482582,
    -0.009999999776482582,
    -0.009999999776482582,
    -0.009999999776482582,
    -0.009999999776482582,
    -0.009999999776482582,
    -0.009999999776482582,
    -0.009999999776482582,
    -0.009999999776482582,
    -0.009999999776482582,
    -0.009999999776482582,
    -0.009999999776482582,
    -0.009999999776482582,
    -0.009999999776482582,
    -0.009999999776482582,
    -0.009999999776482582,
    -0.009999999776482582,
    -0.009999999776482582,
    -0.009999999776482582,
    -0.009999999776482582,
    -0.009999999776482582,
    -0.009999999776482582,
    -0.009999999776482582,
    -0.009999999776482582,
    -0.009999999776482582,
    -0.009999999776482582,
    -0.009999999776482582,
    -0.009999999776482582,
    -0.009999999776482582,
    -0.009999999776482582,
    -0.009999999776482582,
    -0.009999999776482582,
    -0.009999999776482582,
    -0.009999999776482582,
    -0.009999999776482582,
    -0.009999999776482582,
    -0.009999999776482582,
    -0.009999999776482582,
    -0.009999999776482582,
    -0.009999999776482582,
    -0.009999999776482582,
    -0.009999999776482582,
    -0.009999999776482582
  ],
  "initial_ascii": [
    "LEGEND:",
    "#: wall",
    "\u1e20: newdespairwall",
    ".: background",
    "o: target",
    "\u2321: newdespair",
    "z: altolddespair",
    "x: olddespair",
    "*: crate",
    "p: player",
    "",
    "MAP:",
    "#########\u1e20#",
    "#...o..\u2321zx\u1e20",
    "#.#.....#z#",
    "#...#.#..\u2321#",
    "#.........#",
    "#\u2321.**.**..#",
    "#z\u2321.......#",
    "\u1e20xz\u2321....p.#",
    "#\u1e20#########"
  ],
  "state_data": {
    "score": 0,
    "win": false,
    "step": 100
  },
  "heuristics": [
    -10.0,
    -9.0,
    -8.0,
    -7.0,
    -6.0,
    -6.0,
    -5.0,
    -4.0,
    -5.0,
    -5.0,
    -5.0,
    -5.0,
    -5.0,
    -5.0,
    -5.0,
    -6.0,
    -5.0,
    -4.0,
    -5.0,
    -4.0,
    -5.0,
    -6.0,
    -6.0,
    -6.0,
    -6.0,
    -6.0,
    -6.0,
    -6.0,
    -6.0,
    -6.0,
    -6.0,
    -6.0,
    -6.0,
    -6.0,
    -6.0,
    -6.0,
    -6.0,
    -6.0,
    -6.0,
    -6.0,
    -6.0,
    -6.0,
    -6.0,
    -6.0,
    -6.0,
    -6.0,
    -6.0,
    -6.0,
    -6.0,
    -6.0,
    -6.0,
    -6.0,
    -6.0,
    -6.0,
    -6.0,
    -6.0,
    -6.0,
    -6.0,
    -6.0,
    -6.0,
    -6.0,
    -6.0,
    -6.0,
    -6.0,
    -6.0,
    -6.0,
    -6.0,
    -6.0,
    -6.0,
    -6.0,
    -6.0,
    -6.0,
    -6.0,
    -6.0,
    -6.0,
    -6.0,
    -6.0,
    -6.0,
    -6.0,
    -6.0,
    -6.0,
    -6.0,
    -6.0,
    -6.0,
    -6.0,
    -6.0,
    -6.0,
    -6.0,
    -6.0,
    -6.0,
    -6.0,
    -6.0,
    -6.0,
    -6.0,
    -6.0,
    -6.0,
    -6.0,
    -6.0,
    -6.0,
    -6.0
  ],
  "final_ascii": [
    "LEGEND:",
    "\u1870: despairwall",
    "x: olddespair",
    "z: altolddespair",
    ".: background",
    "o: target",
    "#: wall",
    "*: crate",
    "p: player",
    "",
    "MAP:",
    "\u1870\u1870\u1870\u1870\u1870\u1870\u1870\u1870\u1870\u1870\u1870",
    "\u1870xz.o.zxzx\u1870",
    "\u1870z#z.zxz#z\u1870",
    "\u1870xzx\u1870x\u1870.zx\u1870",
    "\u1870.x.*..*.z\u1870",
    "\u1870*px.xz.zx\u1870",
    "\u1870.xzx.xzxz\u1870",
    "\u1870xzx.*.xzx\u1870",
    "\u1870\u1870\u1870\u1870\u1870\u1870\u1870\u1870\u1870\u1870\u1870"
  ]
}