{
  "model": "o3-mini",
  "game": "Take_Heart_Lass",
  "level": 9,
  "run": 3,
  "win": false,
  "action_sequence": [
    1,
    1,
    1,
    2,
    1,
    2,
    1,
    0,
    2,
    3,
    3,
    3,
    1,
    4,
    1,
    1,
    1,
    1,
    1,
    1,
    4,
    4,
    1,
    1,
    1,
    3,
    1,
    3,
    1,
    1,
    1,
    1,
    1,
    1,
    4,
    1,
    1,
    1,
    1,
    1,
    1,
    1,
    4,
    4,
    1,
    1,
    3,
    1,
    1,
    1,
    1,
    1,
    1,
    1,
    1,
    1,
    1,
    1,
    1,
    1,
    1,
    4,
    1,
    1,
    1,
    4,
    1,
    1,
    1,
    1,
    4,
    1,
    1,
    1,
    1,
    4,
    1,
    1,
    4,
    1,
    1,
    1,
    1,
    1,
    1,
    1,
    1,
    1,
    1,
    1,
    1,
    1,
    1,
    1,
    3,
    1,
    1,
    1,
    1,
    1
  ],
  "reward_sequence": [
    0.9900000095367432,
    0.9900000095367432,
    0.9900000095367432,
    0.9900000095367432,
    0.9900000095367432,
    0.9900000095367432,
    -0.009999999776482582,
    -1.0099999904632568,
    0.9900000095367432,
    -1.0099999904632568,
    -1.0099999904632568,
    -1.0099999904632568,
    -0.009999999776482582,
    -0.009999999776482582,
    -0.009999999776482582,
    -0.009999999776482582,
    -0.009999999776482582,
    -0.009999999776482582,
    -0.009999999776482582,
    -0.009999999776482582,
    -0.009999999776482582,
    -0.009999999776482582,
    -0.009999999776482582,
    -0.009999999776482582,
    -0.009999999776482582,
    -0.009999999776482582,
    -0.009999999776482582,
    -0.009999999776482582,
    -0.009999999776482582,
    -0.009999999776482582,
    -0.009999999776482582,
    -0.009999999776482582,
    -0.009999999776482582,
    -0.009999999776482582,
    -0.009999999776482582,
    -0.009999999776482582,
    -0.009999999776482582,
    -0.009999999776482582,
    -0.009999999776482582,
    -0.009999999776482582,
    -0.009999999776482582,
    -0.009999999776482582,
    -0.009999999776482582,
    -0.009999999776482582,
    -0.009999999776482582,
    -0.009999999776482582,
    -0.009999999776482582,
    -0.009999999776482582,
    -0.009999999776482582,
    -0.009999999776482582,
    -0.009999999776482582,
    -0.009999999776482582,
    -0.009999999776482582,
    -0.009999999776482582,
    -0.009999999776482582,
    -0.009999999776482582,
    -0.009999999776482582,
    -0.009999999776482582,
    -0.009999999776482582,
    -0.009999999776482582,
    -0.009999999776482582,
    -0.009999999776482582,
    -0.009999999776482582,
    -0.009999999776482582,
    -0.009999999776482582,
    -0.009999999776482582,
    -0.009999999776482582,
    -0.009999999776482582,
    -0.009999999776482582,
    -0.009999999776482582,
    -0.009999999776482582,
    -0.009999999776482582,
    -0.009999999776482582,
    -0.009999999776482582,
    -0.009999999776482582,
    -0.009999999776482582,
    -0.009999999776482582,
    -0.009999999776482582,
    -0.009999999776482582,
    -0.009999999776482582,
    -0.009999999776482582,
    -0.009999999776482582,
    -0.009999999776482582,
    -0.009999999776482582,
    -0.009999999776482582,
    -0.009999999776482582,
    -0.009999999776482582,
    -0.009999999776482582,
    -0.009999999776482582,
    -0.009999999776482582,
    -0.009999999776482582,
    -0.009999999776482582,
    -0.009999999776482582,
    -0.009999999776482582,
    -0.009999999776482582,
    -0.009999999776482582,
    -0.009999999776482582,
    -0.009999999776482582,
    -0.009999999776482582,
    -0.009999999776482582
  ],
  "initial_ascii": [
    "LEGEND:",
    "#: wall",
    ".: background",
    "\u27de: newdespairwall",
    "p: player",
    "x: olddespair",
    "\u01ba: altnewdespair",
    "*: crate",
    "h: oldhope",
    "o: target",
    "",
    "MAP:",
    "###########",
    "#.........#",
    "#\u27de#.#p#.#\u27de#",
    "\u27dex\u01ba..*..\u01bax\u27de",
    "###.*.*.#\u27de#",
    "#hh*....\u01bax\u27de",
    "###.#.#.#\u27de#",
    "\u27dex\u01ba......o#",
    "#\u27de#########"
  ],
  "state_data": {
    "score": 0,
    "win": false,
    "step": 100
  },
  "heuristics": [
    -9.0,
    -8.0,
    -7.0,
    -6.0,
    -5.0,
    -4.0,
    -4.0,
    -5.0,
    -4.0,
    -5.0,
    -6.0,
    -7.0,
    -7.0,
    -7.0,
    -7.0,
    -7.0,
    -7.0,
    -7.0,
    -7.0,
    -7.0,
    -7.0,
    -7.0,
    -7.0,
    -7.0,
    -7.0,
    -7.0,
    -7.0,
    -7.0,
    -7.0,
    -7.0,
    -7.0,
    -7.0,
    -7.0,
    -7.0,
    -7.0,
    -7.0,
    -7.0,
    -7.0,
    -7.0,
    -7.0,
    -7.0,
    -7.0,
    -7.0,
    -7.0,
    -7.0,
    -7.0,
    -7.0,
    -7.0,
    -7.0,
    -7.0,
    -7.0,
    -7.0,
    -7.0,
    -7.0,
    -7.0,
    -7.0,
    -7.0,
    -7.0,
    -7.0,
    -7.0,
    -7.0,
    -7.0,
    -7.0,
    -7.0,
    -7.0,
    -7.0,
    -7.0,
    -7.0,
    -7.0,
    -7.0,
    -7.0,
    -7.0,
    -7.0,
    -7.0,
    -7.0,
    -7.0,
    -7.0,
    -7.0,
    -7.0,
    -7.0,
    -7.0,
    -7.0,
    -7.0,
    -7.0,
    -7.0,
    -7.0,
    -7.0,
    -7.0,
    -7.0,
    -7.0,
    -7.0,
    -7.0,
    -7.0,
    -7.0,
    -7.0,
    -7.0,
    -7.0,
    -7.0,
    -7.0,
    -7.0
  ],
  "final_ascii": [
    "LEGEND:",
    "\u2294: despairwall",
    "x: olddespair",
    "z: altolddespair",
    ".: background",
    "*: crate",
    "#: wall",
    "p: player",
    "h: oldhope",
    "o: target",
    "",
    "MAP:",
    "\u2294\u2294\u2294\u2294\u2294\u2294\u2294\u2294\u2294\u2294\u2294",
    "\u2294xzxzx.*.x\u2294",
    "\u2294\u2294\u2294z#z#p\u2294\u2294\u2294",
    "\u2294xzx.xzxzx\u2294",
    "\u2294##.*.xz\u2294\u2294\u2294",
    "#hh*.*.xzx\u2294",
    "\u2294##.#.#z\u2294\u2294\u2294",
    "\u2294xzxzxzx.o\u2294",
    "\u2294\u2294\u2294\u2294\u2294\u2294\u2294\u2294\u2294\u2294\u2294"
  ]
}