{
  "model": "o3-mini",
  "game": "Zen_Puzzle_Garden",
  "level": 3,
  "run": 6,
  "win": true,
  "action_sequence": [
    2,
    0,
    2,
    2,
    2,
    3,
    2,
    2,
    2,
    0,
    3,
    2,
    4,
    4,
    2,
    1,
    4,
    1,
    0,
    0,
    1,
    0,
    0,
    0,
    1,
    0,
    4,
    1,
    3,
    2,
    2,
    2,
    2,
    3,
    1,
    2,
    3,
    2,
    3,
    3,
    3,
    3,
    3,
    1,
    2,
    0,
    2,
    0,
    2,
    0,
    2,
    0,
    2,
    0,
    3,
    1,
    3,
    0,
    2,
    0,
    0,
    0,
    0,
    0,
    0,
    1,
    2,
    3
  ],
  "reward_sequence": [
    -0.009999999776482582,
    -0.009999999776482582,
    -0.009999999776482582,
    -0.009999999776482582,
    0.9900000095367432,
    0.9900000095367432,
    0.9900000095367432,
    0.9900000095367432,
    0.9900000095367432,
    -0.009999999776482582,
    0.9900000095367432,
    0.9900000095367432,
    -0.009999999776482582,
    -0.009999999776482582,
    0.9900000095367432,
    -0.009999999776482582,
    -0.009999999776482582,
    -0.009999999776482582,
    -0.009999999776482582,
    0.9900000095367432,
    0.9900000095367432,
    0.9900000095367432,
    0.9900000095367432,
    0.9900000095367432,
    0.9900000095367432,
    0.9900000095367432,
    -0.009999999776482582,
    0.9900000095367432,
    -0.009999999776482582,
    -0.009999999776482582,
    -0.009999999776482582,
    -0.009999999776482582,
    -0.009999999776482582,
    -0.009999999776482582,
    0.9900000095367432,
    -0.009999999776482582,
    -0.009999999776482582,
    0.9900000095367432,
    -0.009999999776482582,
    -0.009999999776482582,
    -0.009999999776482582,
    -0.009999999776482582,
    -0.009999999776482582,
    -0.009999999776482582,
    -0.009999999776482582,
    -0.009999999776482582,
    -0.009999999776482582,
    -0.009999999776482582,
    -0.009999999776482582,
    -0.009999999776482582,
    -0.009999999776482582,
    -0.009999999776482582,
    -0.009999999776482582,
    -0.009999999776482582,
    -0.009999999776482582,
    -0.009999999776482582,
    -0.009999999776482582,
    -0.009999999776482582,
    -0.009999999776482582,
    -0.009999999776482582,
    -0.009999999776482582,
    -0.009999999776482582,
    -0.009999999776482582,
    -0.009999999776482582,
    -0.009999999776482582,
    -0.009999999776482582,
    0.9900000095367432,
    1.9900000095367432
  ],
  "initial_ascii": [
    "LEGEND:",
    ";: background",
    ".: unbrushedsand",
    "o: rock",
    "p: player",
    "",
    "MAP:",
    ";;;;;;;;;;;;",
    ";;;;;;;;;;;;",
    ";;;;;;;;;;;;",
    ";;;..oo..;;;",
    ";;;o....o;;;",
    ";;p..oo..;;;",
    ";;;o....o;;;",
    ";;;..oo..;;;",
    ";;;;;;;;;;;;",
    ";;;;;;;;;;;;",
    ";;;;;;;;;;;;"
  ],
  "state_data": {
    "score": 0,
    "win": true,
    "step": 68
  },
  "heuristics": [
    -20.0,
    -20.0,
    -20.0,
    -20.0,
    -19.0,
    -18.0,
    -17.0,
    -16.0,
    -15.0,
    -15.0,
    -14.0,
    -13.0,
    -13.0,
    -13.0,
    -12.0,
    -12.0,
    -12.0,
    -12.0,
    -12.0,
    -11.0,
    -10.0,
    -9.0,
    -8.0,
    -7.0,
    -6.0,
    -5.0,
    -5.0,
    -4.0,
    -4.0,
    -4.0,
    -4.0,
    -4.0,
    -4.0,
    -4.0,
    -3.0,
    -3.0,
    -3.0,
    -2.0,
    -2.0,
    -2.0,
    -2.0,
    -2.0,
    -2.0,
    -2.0,
    -2.0,
    -2.0,
    -2.0,
    -2.0,
    -2.0,
    -2.0,
    -2.0,
    -2.0,
    -2.0,
    -2.0,
    -2.0,
    -2.0,
    -2.0,
    -2.0,
    -2.0,
    -2.0,
    -2.0,
    -2.0,
    -2.0,
    -2.0,
    -2.0,
    -2.0,
    -1.0,
    0.0
  ],
  "final_ascii": [
    "LEGEND:",
    ";: background",
    "p: player",
    "\u1f1c: hbrushedsand",
    "\u1cf2: vbrushedsand",
    "o: rock",
    "",
    "MAP:",
    ";;;;;;;;;;;;",
    ";;;;;;;;;;;;",
    ";;;;p;;;;;;;",
    ";;;\u1f1c\u1cf2oo\u1f1c\u1f1c;;;",
    ";;;o\u1f1c\u1f1c\u1f1c\u1cf2o;;;",
    ";;;\u1f1c\u1cf2oo\u1cf2\u1f1c;;;",
    ";;;o\u1cf2\u1f1c\u1f1c\u1f1co;;;",
    ";;;\u1cf2\u1f1coo\u1cf2\u1f1c;;;",
    ";;;;;;;;;;;;",
    ";;;;;;;;;;;;",
    ";;;;;;;;;;;;"
  ]
}