{
  "model": "o3-mini",
  "game": "Travelling_salesman",
  "level": 0,
  "run": 3,
  "win": false,
  "action_sequence": [
    0,
    2,
    4,
    0,
    4,
    2,
    1,
    4,
    4,
    2,
    4,
    2,
    4,
    3,
    4,
    4,
    4,
    4,
    3,
    4,
    4,
    4,
    4,
    4,
    0,
    4,
    3,
    0,
    4,
    3,
    4,
    3,
    4,
    4,
    3,
    3,
    3,
    4,
    4,
    4,
    4,
    4,
    4,
    3,
    4,
    3,
    4,
    4,
    4,
    3,
    3,
    3,
    4,
    3,
    4,
    4,
    4,
    4,
    3,
    4,
    4,
    4,
    3,
    4,
    4,
    4,
    4,
    4,
    4,
    3,
    4,
    4,
    3,
    4,
    3,
    4,
    3,
    4,
    3,
    3,
    4,
    4,
    4,
    4,
    4,
    3,
    4,
    3,
    3,
    4,
    4,
    4,
    3,
    4,
    4,
    4,
    4,
    4,
    4,
    4
  ],
  "reward_sequence": [
    1.9900000095367432,
    -0.009999999776482582,
    -0.009999999776482582,
    0.9900000095367432,
    -0.009999999776482582,
    -0.009999999776482582,
    0.9900000095367432,
    -0.009999999776482582,
    -0.009999999776482582,
    0.9900000095367432,
    -0.009999999776482582,
    0.9900000095367432,
    -0.009999999776482582,
    -0.009999999776482582,
    -0.009999999776482582,
    -0.009999999776482582,
    -0.009999999776482582,
    -0.009999999776482582,
    -0.009999999776482582,
    -0.009999999776482582,
    -0.009999999776482582,
    -0.009999999776482582,
    -0.009999999776482582,
    -0.009999999776482582,
    -0.009999999776482582,
    -0.009999999776482582,
    -0.009999999776482582,
    -0.009999999776482582,
    -0.009999999776482582,
    -0.009999999776482582,
    -0.009999999776482582,
    -0.009999999776482582,
    -0.009999999776482582,
    -0.009999999776482582,
    -0.009999999776482582,
    -0.009999999776482582,
    -0.009999999776482582,
    -0.009999999776482582,
    -0.009999999776482582,
    -0.009999999776482582,
    -0.009999999776482582,
    -0.009999999776482582,
    -0.009999999776482582,
    -0.009999999776482582,
    -0.009999999776482582,
    -0.009999999776482582,
    -0.009999999776482582,
    -0.009999999776482582,
    -0.009999999776482582,
    -0.009999999776482582,
    -0.009999999776482582,
    -0.009999999776482582,
    -0.009999999776482582,
    -0.009999999776482582,
    -0.009999999776482582,
    -0.009999999776482582,
    -0.009999999776482582,
    -0.009999999776482582,
    -0.009999999776482582,
    -0.009999999776482582,
    -0.009999999776482582,
    -0.009999999776482582,
    -0.009999999776482582,
    -0.009999999776482582,
    -0.009999999776482582,
    -0.009999999776482582,
    -0.009999999776482582,
    -0.009999999776482582,
    -0.009999999776482582,
    -0.009999999776482582,
    -0.009999999776482582,
    -0.009999999776482582,
    -0.009999999776482582,
    -0.009999999776482582,
    -0.009999999776482582,
    -0.009999999776482582,
    -0.009999999776482582,
    -0.009999999776482582,
    -0.009999999776482582,
    -0.009999999776482582,
    -0.009999999776482582,
    -0.009999999776482582,
    -0.009999999776482582,
    -0.009999999776482582,
    -0.009999999776482582,
    -0.009999999776482582,
    -0.009999999776482582,
    -0.009999999776482582,
    -0.009999999776482582,
    -0.009999999776482582,
    -0.009999999776482582,
    -0.009999999776482582,
    -0.009999999776482582,
    -0.009999999776482582,
    -0.009999999776482582,
    -0.009999999776482582,
    -0.009999999776482582,
    -0.009999999776482582,
    -0.009999999776482582,
    -0.009999999776482582
  ],
  "initial_ascii": [
    "LEGEND:",
    "o: node",
    "-: hlink",
    "\u29d2: nodeseen, player",
    "\u26d1: hlinkseen",
    "\u1164: nodeseen",
    "|: vlink",
    ".: background",
    "",
    "MAP:",
    "o-\u29d2\u26d1\u1164",
    "|...|",
    "o-o-o",
    "|.|..",
    "o-o.."
  ],
  "state_data": {
    "score": -2,
    "win": false,
    "step": 100
  },
  "heuristics": [
    -6.0,
    -6.0,
    -6.0,
    -5.0,
    -5.0,
    -5.0,
    -4.0,
    -4.0,
    -4.0,
    -3.0,
    -3.0,
    -2.0,
    -2.0,
    -2.0,
    -2.0,
    -2.0,
    -2.0,
    -2.0,
    -2.0,
    -2.0,
    -2.0,
    -2.0,
    -2.0,
    -2.0,
    -2.0,
    -2.0,
    -2.0,
    -2.0,
    -2.0,
    -2.0,
    -2.0,
    -2.0,
    -2.0,
    -2.0,
    -2.0,
    -2.0,
    -2.0,
    -2.0,
    -2.0,
    -2.0,
    -2.0,
    -2.0,
    -2.0,
    -2.0,
    -2.0,
    -2.0,
    -2.0,
    -2.0,
    -2.0,
    -2.0,
    -2.0,
    -2.0,
    -2.0,
    -2.0,
    -2.0,
    -2.0,
    -2.0,
    -2.0,
    -2.0,
    -2.0,
    -2.0,
    -2.0,
    -2.0,
    -2.0,
    -2.0,
    -2.0,
    -2.0,
    -2.0,
    -2.0,
    -2.0,
    -2.0,
    -2.0,
    -2.0,
    -2.0,
    -2.0,
    -2.0,
    -2.0,
    -2.0,
    -2.0,
    -2.0,
    -2.0,
    -2.0,
    -2.0,
    -2.0,
    -2.0,
    -2.0,
    -2.0,
    -2.0,
    -2.0,
    -2.0,
    -2.0,
    -2.0,
    -2.0,
    -2.0,
    -2.0,
    -2.0,
    -2.0,
    -2.0,
    -2.0,
    -2.0
  ],
  "final_ascii": [
    "LEGEND:",
    "\u1164: nodeseen",
    "\u26d1: hlinkseen",
    "\u2146: vlinkseen",
    ".: background",
    "|: vlink",
    "\u29d2: nodeseen, player",
    "o: node",
    "-: hlink",
    "",
    "MAP:",
    "\u1164\u26d1\u1164\u26d1\u1164",
    "\u2146...|",
    "\u1164\u26d1\u1164\u26d1\u29d2",
    "|.|..",
    "o-o.."
  ]
}