{
  "model": "gemini-2.5-pro",
  "game": "constellationz",
  "level": 7,
  "run": 2,
  "win": false,
  "action_sequence": [
    2,
    1,
    2,
    2,
    1,
    1,
    0,
    1,
    3,
    2,
    4,
    4,
    4,
    1,
    1,
    3,
    3,
    4,
    2,
    1,
    3,
    0,
    4,
    2,
    1,
    3,
    1,
    2,
    3,
    1,
    1,
    0,
    1,
    1,
    0,
    1,
    1,
    1,
    4,
    3,
    1,
    1,
    4,
    1,
    1,
    4,
    1,
    1,
    1,
    2,
    1,
    1,
    3,
    0,
    2,
    4,
    2,
    1,
    0,
    1,
    1,
    1,
    0,
    1,
    4,
    1,
    3,
    1,
    4,
    2,
    0,
    4,
    1,
    4,
    4,
    2,
    2,
    3,
    1,
    1,
    1,
    2,
    0,
    2,
    2,
    2,
    1,
    1,
    1,
    4,
    1,
    2,
    0,
    4,
    4,
    1,
    3,
    1,
    1,
    1
  ],
  "reward_sequence": [
    5.989999771118164,
    5.989999771118164,
    5.989999771118164,
    5.989999771118164,
    5.989999771118164,
    30.989999771118164,
    -8.010000228881836,
    -8.010000228881836,
    7.989999771118164,
    -17.010000228881836,
    24.989999771118164,
    -25.010000228881836,
    24.989999771118164,
    -8.010000228881836,
    -8.010000228881836,
    7.989999771118164,
    -17.010000228881836,
    24.989999771118164,
    7.989999771118164,
    -8.010000228881836,
    7.989999771118164,
    -33.0099983215332,
    24.989999771118164,
    7.989999771118164,
    -8.010000228881836,
    7.989999771118164,
    -8.010000228881836,
    7.989999771118164,
    7.989999771118164,
    -8.010000228881836,
    -8.010000228881836,
    -8.010000228881836,
    -5.010000228881836,
    -2.009999990463257,
    -8.010000228881836,
    -17.010000228881836,
    -0.009999999776482582,
    -0.009999999776482582,
    14.989999771118164,
    1.9900000095367432,
    -17.010000228881836,
    -0.009999999776482582,
    14.989999771118164,
    -0.009999999776482582,
    -0.009999999776482582,
    -15.010000228881836,
    -0.009999999776482582,
    -0.009999999776482582,
    -0.009999999776482582,
    9.989999771118164,
    -0.009999999776482582,
    -0.009999999776482582,
    -2.009999990463257,
    -10.010000228881836,
    9.989999771118164,
    -0.009999999776482582,
    9.989999771118164,
    1.9900000095367432,
    -10.010000228881836,
    -0.009999999776482582,
    -0.009999999776482582,
    -0.009999999776482582,
    4.989999771118164,
    -0.009999999776482582,
    -15.010000228881836,
    -0.009999999776482582,
    -2.009999990463257,
    16.989999771118164,
    -15.010000228881836,
    9.989999771118164,
    4.989999771118164,
    -15.010000228881836,
    -0.009999999776482582,
    14.989999771118164,
    -15.010000228881836,
    9.989999771118164,
    9.989999771118164,
    -2.009999990463257,
    1.9900000095367432,
    -0.009999999776482582,
    -0.009999999776482582,
    9.989999771118164,
    -10.010000228881836,
    9.989999771118164,
    9.989999771118164,
    -0.009999999776482582,
    -0.009999999776482582,
    -0.009999999776482582,
    -0.009999999776482582,
    9.989999771118164,
    -0.009999999776482582,
    3.990000009536743,
    -14.010000228881836,
    9.989999771118164,
    -10.010000228881836,
    -0.009999999776482582,
    -2.009999990463257,
    11.989999771118164,
    -0.009999999776482582,
    -0.009999999776482582
  ],
  "initial_ascii": [
    "LEGEND:",
    "#: bordertile",
    ".: background",
    "p: player",
    "o: teleport",
    "t: target",
    "",
    "MAP:",
    "####################################",
    "#..................................#",
    "#..................................#",
    "#.....p............................#",
    "#..................................#",
    "#..................................#",
    "#.......o....o....t....t....t......#",
    "#..................................#",
    "#..................................#",
    "#..................................#",
    "#..................................#",
    "#.......o....o....t.........t......#",
    "#..................................#",
    "#..................................#",
    "#..................................#",
    "#..................................#",
    "#..................................#",
    "####################################"
  ],
  "state_data": {
    "score": 3,
    "win": false,
    "step": 100
  },
  "heuristics": [
    -124.0,
    -118.0,
    -112.0,
    -106.0,
    -100.0,
    -69.0,
    -77.0,
    -85.0,
    -77.0,
    -94.0,
    -69.0,
    -94.0,
    -69.0,
    -77.0,
    -85.0,
    -77.0,
    -94.0,
    -69.0,
    -61.0,
    -69.0,
    -61.0,
    -94.0,
    -69.0,
    -61.0,
    -69.0,
    -61.0,
    -69.0,
    -61.0,
    -53.0,
    -61.0,
    -69.0,
    -77.0,
    -82.0,
    -84.0,
    -92.0,
    -109.0,
    -109.0,
    -109.0,
    -94.0,
    -92.0,
    -109.0,
    -109.0,
    -94.0,
    -94.0,
    -94.0,
    -109.0,
    -109.0,
    -109.0,
    -109.0,
    -99.0,
    -99.0,
    -99.0,
    -101.0,
    -111.0,
    -101.0,
    -101.0,
    -91.0,
    -89.0,
    -99.0,
    -99.0,
    -99.0,
    -99.0,
    -94.0,
    -94.0,
    -109.0,
    -109.0,
    -111.0,
    -94.0,
    -109.0,
    -99.0,
    -94.0,
    -109.0,
    -109.0,
    -94.0,
    -109.0,
    -99.0,
    -89.0,
    -91.0,
    -89.0,
    -89.0,
    -89.0,
    -79.0,
    -89.0,
    -79.0,
    -69.0,
    -69.0,
    -69.0,
    -69.0,
    -69.0,
    -59.0,
    -59.0,
    -55.0,
    -69.0,
    -59.0,
    -69.0,
    -69.0,
    -71.0,
    -59.0,
    -59.0,
    -59.0
  ],
  "final_ascii": [
    "LEGEND:",
    "#: bordertile",
    ".: background",
    "o: teleport",
    "\u1f8c: teleport, player",
    "\u1cb6: target, player",
    "t: target",
    "p: player",
    "",
    "MAP:",
    "####################################",
    "#..................................#",
    "#..................................#",
    "#..................................#",
    "#..................................#",
    "#..................................#",
    "#.......o....\u1f8c....\u1cb6....t....t......#",
    "#..................................#",
    "#..................................#",
    "#..................................#",
    "#..................................#",
    "#.......o....\u1f8c....t.........t......#",
    "#..................................#",
    "#..................................#",
    "#..................................#",
    "#..................................#",
    "#............p....p................#",
    "####################################"
  ]
}