{
  "model": "gemini-2.5-pro",
  "game": "constellationz",
  "level": 10,
  "run": 2,
  "win": false,
  "action_sequence": [
    2,
    1,
    1,
    1,
    1,
    2,
    1,
    1,
    1,
    1,
    1,
    2,
    2,
    1,
    1,
    3,
    1,
    1,
    3,
    1,
    1,
    2,
    4,
    2,
    2,
    2,
    1,
    0,
    2,
    0,
    2,
    3,
    0,
    2,
    0,
    2,
    1,
    0,
    0,
    2,
    1,
    2,
    4,
    0,
    2,
    1,
    1,
    0,
    2,
    1,
    1,
    4,
    1,
    1,
    1,
    1,
    1,
    1,
    0,
    2,
    1,
    1,
    0,
    2,
    1,
    0,
    2,
    2,
    3,
    0,
    1,
    1,
    1,
    4,
    3,
    1,
    1,
    1,
    0,
    1,
    2,
    1,
    4,
    1,
    1,
    1,
    1,
    1,
    0,
    2,
    1,
    3,
    1,
    1,
    1,
    3,
    1,
    1,
    4,
    1
  ],
  "reward_sequence": [
    14.989999771118164,
    -2.009999990463257,
    -4.010000228881836,
    -6.010000228881836,
    -8.010000228881836,
    14.989999771118164,
    -10.010000228881836,
    -0.009999999776482582,
    -0.009999999776482582,
    -0.009999999776482582,
    -0.009999999776482582,
    14.989999771118164,
    14.989999771118164,
    -0.009999999776482582,
    -0.009999999776482582,
    9.989999771118164,
    -10.010000228881836,
    -0.009999999776482582,
    9.989999771118164,
    -10.010000228881836,
    -0.009999999776482582,
    17.989999771118164,
    -3.009999990463257,
    14.989999771118164,
    14.989999771118164,
    14.989999771118164,
    -0.009999999776482582,
    -15.010000228881836,
    14.989999771118164,
    -15.010000228881836,
    14.989999771118164,
    9.989999771118164,
    -15.010000228881836,
    14.989999771118164,
    -15.010000228881836,
    14.989999771118164,
    -10.010000228881836,
    -15.010000228881836,
    -15.010000228881836,
    14.989999771118164,
    -0.009999999776482582,
    14.989999771118164,
    -0.009999999776482582,
    -15.010000228881836,
    14.989999771118164,
    -0.009999999776482582,
    -0.009999999776482582,
    -15.010000228881836,
    14.989999771118164,
    -0.009999999776482582,
    -0.009999999776482582,
    -0.009999999776482582,
    -0.009999999776482582,
    -0.009999999776482582,
    -0.009999999776482582,
    -0.009999999776482582,
    -0.009999999776482582,
    -0.009999999776482582,
    -15.010000228881836,
    14.989999771118164,
    -0.009999999776482582,
    -0.009999999776482582,
    -15.010000228881836,
    14.989999771118164,
    -0.009999999776482582,
    -15.010000228881836,
    14.989999771118164,
    -15.010000228881836,
    9.989999771118164,
    14.989999771118164,
    -10.010000228881836,
    -0.009999999776482582,
    -0.009999999776482582,
    -0.009999999776482582,
    9.989999771118164,
    -10.010000228881836,
    -0.009999999776482582,
    -0.009999999776482582,
    -15.010000228881836,
    -0.009999999776482582,
    14.989999771118164,
    -0.009999999776482582,
    -0.009999999776482582,
    -0.009999999776482582,
    -0.009999999776482582,
    -0.009999999776482582,
    -0.009999999776482582,
    -0.009999999776482582,
    -15.010000228881836,
    14.989999771118164,
    -0.009999999776482582,
    9.989999771118164,
    -10.010000228881836,
    -0.009999999776482582,
    -0.009999999776482582,
    9.989999771118164,
    -10.010000228881836,
    -0.009999999776482582,
    -0.009999999776482582,
    -0.009999999776482582
  ],
  "initial_ascii": [
    "LEGEND:",
    "#: bordertile",
    ".: background",
    "p: player",
    "o: teleport",
    "t: target",
    "",
    "MAP:",
    "##############",
    "#............#",
    "#............#",
    "#............#",
    "#............#",
    "#............#",
    "#..p.........#",
    "#..p.........#",
    "#..p.........#",
    "#..p.........#",
    "#..p...o.....#",
    "#..p.........#",
    "#..p...o..t..#",
    "#..p.........#",
    "#..p.........#",
    "#..p...o.....#",
    "#..p.........#",
    "#..p.........#",
    "#..p.........#",
    "#..p.........#",
    "#............#",
    "#............#",
    "#............#",
    "#............#",
    "#............#",
    "##############"
  ],
  "state_data": {
    "score": 3,
    "win": false,
    "step": 100
  },
  "heuristics": [
    -153.0,
    -155.0,
    -159.0,
    -165.0,
    -173.0,
    -158.0,
    -168.0,
    -168.0,
    -168.0,
    -168.0,
    -168.0,
    -153.0,
    -138.0,
    -138.0,
    -138.0,
    -128.0,
    -138.0,
    -138.0,
    -128.0,
    -138.0,
    -138.0,
    -120.0,
    -123.0,
    -108.0,
    -93.0,
    -78.0,
    -78.0,
    -93.0,
    -78.0,
    -93.0,
    -78.0,
    -68.0,
    -83.0,
    -68.0,
    -83.0,
    -68.0,
    -78.0,
    -93.0,
    -108.0,
    -93.0,
    -93.0,
    -78.0,
    -78.0,
    -93.0,
    -78.0,
    -78.0,
    -78.0,
    -93.0,
    -78.0,
    -78.0,
    -78.0,
    -78.0,
    -78.0,
    -78.0,
    -78.0,
    -78.0,
    -78.0,
    -78.0,
    -93.0,
    -78.0,
    -78.0,
    -78.0,
    -93.0,
    -78.0,
    -78.0,
    -93.0,
    -78.0,
    -93.0,
    -83.0,
    -68.0,
    -78.0,
    -78.0,
    -78.0,
    -78.0,
    -68.0,
    -78.0,
    -78.0,
    -78.0,
    -93.0,
    -93.0,
    -78.0,
    -78.0,
    -78.0,
    -78.0,
    -78.0,
    -78.0,
    -78.0,
    -78.0,
    -93.0,
    -78.0,
    -78.0,
    -68.0,
    -78.0,
    -78.0,
    -78.0,
    -68.0,
    -78.0,
    -78.0,
    -78.0,
    -78.0
  ],
  "final_ascii": [
    "LEGEND:",
    "#: bordertile",
    ".: background",
    "o: teleport",
    "p: player",
    "\u1cb6: target, player",
    "",
    "MAP:",
    "##############",
    "#............#",
    "#............#",
    "#............#",
    "#............#",
    "#............#",
    "#............#",
    "#............#",
    "#............#",
    "#............#",
    "#......o.....#",
    "#.........p..#",
    "#......o..\u1cb6..#",
    "#.........p..#",
    "#.........p..#",
    "#......o..p..#",
    "#.........p..#",
    "#.........p..#",
    "#.........p..#",
    "#.........p..#",
    "#.........p..#",
    "#.........p..#",
    "#.........p..#",
    "#.........p..#",
    "#.........p..#",
    "##############"
  ]
}