{
  "model": "gemini-2.5-pro",
  "game": "slidings",
  "level": 2,
  "run": 1,
  "win": true,
  "action_sequence": [
    2,
    2,
    4,
    2,
    4,
    2,
    0,
    0,
    0,
    2,
    0
  ],
  "reward_sequence": [
    -0.009999999776482582,
    -0.009999999776482582,
    0.9900000095367432,
    -1.0099999904632568,
    -0.009999999776482582,
    0.9900000095367432,
    -1.0099999904632568,
    -0.009999999776482582,
    -0.009999999776482582,
    0.9900000095367432,
    1.9900000095367432
  ],
  "initial_ascii": [
    "LEGEND:",
    "#: wall",
    "m: count",
    "n: countend",
    "p: player",
    "a: balla",
    "o: target",
    ".: background",
    "d: ballb, overwall",
    "e: ballc, overwall",
    "",
    "MAP:",
    "#mmmmn#",
    "#pao..#",
    "##....#",
    "d#####e"
  ],
  "state_data": {
    "score": 0,
    "win": true,
    "step": 11
  },
  "heuristics": [
    -2.0,
    -2.0,
    -1.0,
    -2.0,
    -2.0,
    -1.0,
    -2.0,
    -2.0,
    -2.0,
    -1.0,
    0.0
  ],
  "final_ascii": [
    "LEGEND:",
    "#: wall",
    "\u1ebf: deadplayer",
    ".: background",
    "o: target",
    "a: balla",
    "d: ballb, overwall",
    "e: ballc, overwall",
    "",
    "MAP:",
    "#######",
    "#\u1ebf.o.a#",
    "##....#",
    "d#####e"
  ]
}