{
  "model": "gemini-2.5-pro",
  "game": "limerick",
  "level": 3,
  "run": 1,
  "win": false,
  "action_sequence": [
    3,
    0,
    1,
    0,
    0,
    3,
    3,
    3,
    3,
    3,
    3,
    3,
    1,
    3,
    3,
    3,
    3,
    2,
    4,
    0,
    4,
    3,
    4,
    4,
    4,
    3,
    4,
    4,
    4,
    4,
    3,
    1,
    3,
    4,
    3,
    3,
    4,
    4,
    3,
    3,
    4,
    3,
    3,
    3,
    3,
    2,
    3,
    3,
    3,
    2,
    3,
    3,
    1,
    3,
    4,
    4,
    4,
    1,
    4,
    1,
    0,
    3,
    1,
    3,
    4,
    3,
    1,
    3,
    4,
    4,
    3,
    4,
    3,
    4,
    4,
    3,
    3,
    3,
    4,
    3,
    4,
    4,
    3,
    3,
    3,
    3,
    4,
    3,
    4,
    3,
    4,
    4,
    3,
    4,
    3,
    3,
    3,
    4,
    3,
    2
  ],
  "reward_sequence": [
    0.9900000095367432,
    -2.009999990463257,
    -0.009999999776482582,
    -1.0099999904632568,
    -1.0099999904632568,
    0.9900000095367432,
    0.9900000095367432,
    0.9900000095367432,
    -0.009999999776482582,
    -0.009999999776482582,
    -0.009999999776482582,
    -0.009999999776482582,
    -0.009999999776482582,
    -0.009999999776482582,
    -0.009999999776482582,
    -0.009999999776482582,
    -0.009999999776482582,
    -1.0099999904632568,
    -0.009999999776482582,
    -0.009999999776482582,
    -0.009999999776482582,
    -0.009999999776482582,
    -0.009999999776482582,
    -0.009999999776482582,
    -0.009999999776482582,
    -0.009999999776482582,
    -0.009999999776482582,
    -0.009999999776482582,
    -0.009999999776482582,
    -0.009999999776482582,
    -0.009999999776482582,
    -0.009999999776482582,
    -0.009999999776482582,
    -0.009999999776482582,
    -0.009999999776482582,
    -0.009999999776482582,
    -0.009999999776482582,
    -0.009999999776482582,
    -0.009999999776482582,
    -0.009999999776482582,
    -0.009999999776482582,
    -0.009999999776482582,
    -0.009999999776482582,
    -0.009999999776482582,
    -0.009999999776482582,
    -0.009999999776482582,
    -0.009999999776482582,
    -0.009999999776482582,
    -0.009999999776482582,
    -0.009999999776482582,
    -0.009999999776482582,
    -0.009999999776482582,
    -0.009999999776482582,
    -0.009999999776482582,
    -0.009999999776482582,
    -0.009999999776482582,
    -0.009999999776482582,
    -0.009999999776482582,
    -0.009999999776482582,
    -0.009999999776482582,
    -0.009999999776482582,
    -0.009999999776482582,
    -0.009999999776482582,
    -0.009999999776482582,
    -0.009999999776482582,
    -0.009999999776482582,
    -0.009999999776482582,
    -0.009999999776482582,
    -0.009999999776482582,
    -0.009999999776482582,
    -0.009999999776482582,
    -0.009999999776482582,
    -0.009999999776482582,
    -0.009999999776482582,
    -0.009999999776482582,
    -0.009999999776482582,
    -0.009999999776482582,
    -0.009999999776482582,
    -0.009999999776482582,
    -0.009999999776482582,
    -0.009999999776482582,
    -0.009999999776482582,
    -0.009999999776482582,
    -0.009999999776482582,
    -0.009999999776482582,
    -0.009999999776482582,
    -0.009999999776482582,
    -0.009999999776482582,
    -0.009999999776482582,
    -0.009999999776482582,
    -0.009999999776482582,
    -0.009999999776482582,
    -0.009999999776482582,
    -0.009999999776482582,
    -0.009999999776482582,
    -0.009999999776482582,
    -0.009999999776482582,
    -0.009999999776482582,
    -0.009999999776482582,
    -0.009999999776482582
  ],
  "initial_ascii": [
    "LEGEND:",
    "#: wall",
    ".: background",
    "e: exit",
    "\u051f: playerhead2",
    "\u0181: playerbodyv",
    "",
    "MAP:",
    "###################",
    "#..#...........#..#",
    "#..#.....e.....#..#",
    "#..#....###....#..#",
    "#..#...........#..#",
    "#..#...........#..#",
    "#..#...........#..#",
    "#..#...........#..#",
    "#..#...........#..#",
    "#..#...........#..#",
    "#..#...........#..#",
    "#..#...........#..#",
    "#..#.....\u051f.....#..#",
    "#..#.....\u0181.....#..#",
    "###################"
  ],
  "state_data": {
    "score": 0,
    "win": false,
    "step": 100
  },
  "heuristics": [
    -10.0,
    -12.0,
    -12.0,
    -13.0,
    -14.0,
    -13.0,
    -12.0,
    -11.0,
    -11.0,
    -11.0,
    -11.0,
    -11.0,
    -11.0,
    -11.0,
    -11.0,
    -11.0,
    -11.0,
    -12.0,
    -12.0,
    -12.0,
    -12.0,
    -12.0,
    -12.0,
    -12.0,
    -12.0,
    -12.0,
    -12.0,
    -12.0,
    -12.0,
    -12.0,
    -12.0,
    -12.0,
    -12.0,
    -12.0,
    -12.0,
    -12.0,
    -12.0,
    -12.0,
    -12.0,
    -12.0,
    -12.0,
    -12.0,
    -12.0,
    -12.0,
    -12.0,
    -12.0,
    -12.0,
    -12.0,
    -12.0,
    -12.0,
    -12.0,
    -12.0,
    -12.0,
    -12.0,
    -12.0,
    -12.0,
    -12.0,
    -12.0,
    -12.0,
    -12.0,
    -12.0,
    -12.0,
    -12.0,
    -12.0,
    -12.0,
    -12.0,
    -12.0,
    -12.0,
    -12.0,
    -12.0,
    -12.0,
    -12.0,
    -12.0,
    -12.0,
    -12.0,
    -12.0,
    -12.0,
    -12.0,
    -12.0,
    -12.0,
    -12.0,
    -12.0,
    -12.0,
    -12.0,
    -12.0,
    -12.0,
    -12.0,
    -12.0,
    -12.0,
    -12.0,
    -12.0,
    -12.0,
    -12.0,
    -12.0,
    -12.0,
    -12.0,
    -12.0,
    -12.0,
    -12.0,
    -12.0
  ],
  "final_ascii": [
    "LEGEND:",
    "#: wall",
    ".: background",
    "e: exit",
    "\u1ebf: playerbodyh",
    "\u0181: playerbodyv",
    "p: playerhead1",
    "",
    "MAP:",
    "###################",
    "#..#...........#..#",
    "#..#.....e.....#..#",
    "#..#....###....#..#",
    "#..#...........#..#",
    "#..#...........#..#",
    "#..#...........#..#",
    "#..#...........#..#",
    "#..#...........#..#",
    "#..#...........#..#",
    "#..#..\u1ebf\u0181.......#..#",
    "#..#..\u0181\u0181.......#..#",
    "#..#..\u0181p\u0181\u1ebf.....#..#",
    "#..#..\u0181\u1ebf\u1ebf\u0181.....#..#",
    "###################"
  ]
}