{
  "model": "gemini-2.5-pro",
  "game": "kettle",
  "level": 8,
  "run": 1,
  "win": false,
  "action_sequence": [
    2,
    1,
    1,
    2,
    0,
    0,
    3,
    0,
    0,
    3,
    3,
    3,
    0,
    0,
    2,
    3,
    3,
    1,
    0,
    0,
    3,
    0,
    3,
    0,
    1,
    0,
    0,
    0,
    0,
    3,
    0,
    3,
    0,
    3,
    3,
    0,
    0,
    3,
    3,
    0,
    3,
    3,
    3,
    2,
    0,
    0,
    0,
    3,
    2,
    3,
    3,
    0,
    2,
    0,
    0,
    0,
    0,
    0,
    3,
    3,
    0,
    3,
    3,
    0,
    3,
    3,
    3,
    3,
    3,
    0,
    3,
    0,
    0,
    0,
    0,
    3,
    0,
    0,
    3,
    3,
    3,
    0,
    0,
    0,
    3,
    3,
    3,
    0,
    3,
    0,
    0,
    2,
    0,
    3,
    0,
    3,
    3,
    3,
    0,
    3
  ],
  "reward_sequence": [
    5.989999771118164,
    4.989999771118164,
    4.989999771118164,
    4.989999771118164,
    3.990000009536743,
    3.990000009536743,
    4.989999771118164,
    -0.009999999776482582,
    -0.009999999776482582,
    1.9900000095367432,
    -0.009999999776482582,
    -0.009999999776482582,
    -0.009999999776482582,
    -0.009999999776482582,
    -0.009999999776482582,
    -0.009999999776482582,
    -0.009999999776482582,
    -0.009999999776482582,
    -0.009999999776482582,
    -0.009999999776482582,
    -0.009999999776482582,
    -0.009999999776482582,
    -0.009999999776482582,
    -0.009999999776482582,
    -0.009999999776482582,
    -0.009999999776482582,
    -0.009999999776482582,
    -0.009999999776482582,
    -0.009999999776482582,
    -0.009999999776482582,
    -0.009999999776482582,
    -0.009999999776482582,
    -0.009999999776482582,
    -0.009999999776482582,
    -0.009999999776482582,
    -0.009999999776482582,
    -0.009999999776482582,
    -0.009999999776482582,
    -0.009999999776482582,
    -0.009999999776482582,
    -0.009999999776482582,
    -0.009999999776482582,
    -0.009999999776482582,
    -0.009999999776482582,
    -0.009999999776482582,
    -0.009999999776482582,
    -0.009999999776482582,
    -0.009999999776482582,
    -0.009999999776482582,
    -0.009999999776482582,
    -0.009999999776482582,
    -0.009999999776482582,
    -0.009999999776482582,
    -0.009999999776482582,
    -0.009999999776482582,
    -0.009999999776482582,
    -0.009999999776482582,
    -0.009999999776482582,
    -0.009999999776482582,
    -0.009999999776482582,
    -0.009999999776482582,
    -0.009999999776482582,
    -0.009999999776482582,
    -0.009999999776482582,
    -0.009999999776482582,
    -0.009999999776482582,
    -0.009999999776482582,
    -0.009999999776482582,
    -0.009999999776482582,
    -0.009999999776482582,
    -0.009999999776482582,
    -0.009999999776482582,
    -0.009999999776482582,
    -0.009999999776482582,
    -0.009999999776482582,
    -0.009999999776482582,
    -0.009999999776482582,
    -0.009999999776482582,
    -0.009999999776482582,
    -0.009999999776482582,
    -0.009999999776482582,
    -0.009999999776482582,
    -0.009999999776482582,
    -0.009999999776482582,
    -0.009999999776482582,
    -0.009999999776482582,
    -0.009999999776482582,
    -0.009999999776482582,
    -0.009999999776482582,
    -0.009999999776482582,
    -0.009999999776482582,
    -0.009999999776482582,
    -0.009999999776482582,
    -0.009999999776482582,
    -0.009999999776482582,
    -0.009999999776482582,
    -0.009999999776482582,
    -0.009999999776482582,
    -0.009999999776482582,
    -0.009999999776482582
  ],
  "initial_ascii": [
    "LEGEND:",
    "#: wall",
    ".: background",
    "k: dpolice",
    "l: rpolice",
    "c: crate",
    "j: lpolice",
    "@: target, crate",
    "t: target",
    "i: upolice",
    "",
    "MAP:",
    "###############",
    "#.............#",
    "#..kkkkkkkkk..#",
    "#..lccccc...j.#",
    "#..l........j.#",
    "#..lc@tttt..j.#",
    "#..lctt@tt.cj.#",
    "#..lctt@@t.cj.#",
    "#..l.@@tt@.cj.#",
    "#..l.t@t@t..j.#",
    "#..l........j.#",
    "#..lcc.c.c.cj.#",
    "#..iiiiiiiii..#",
    "###############"
  ],
  "state_data": {
    "score": 22,
    "win": false,
    "step": 100
  },
  "heuristics": [
    -33.0,
    -28.0,
    -23.0,
    -18.0,
    -14.0,
    -10.0,
    -5.0,
    -5.0,
    -5.0,
    -3.0,
    -3.0,
    -3.0,
    -3.0,
    -3.0,
    -3.0,
    -3.0,
    -3.0,
    -3.0,
    -3.0,
    -3.0,
    -3.0,
    -3.0,
    -3.0,
    -3.0,
    -3.0,
    -3.0,
    -3.0,
    -3.0,
    -3.0,
    -3.0,
    -3.0,
    -3.0,
    -3.0,
    -3.0,
    -3.0,
    -3.0,
    -3.0,
    -3.0,
    -3.0,
    -3.0,
    -3.0,
    -3.0,
    -3.0,
    -3.0,
    -3.0,
    -3.0,
    -3.0,
    -3.0,
    -3.0,
    -3.0,
    -3.0,
    -3.0,
    -3.0,
    -3.0,
    -3.0,
    -3.0,
    -3.0,
    -3.0,
    -3.0,
    -3.0,
    -3.0,
    -3.0,
    -3.0,
    -3.0,
    -3.0,
    -3.0,
    -3.0,
    -3.0,
    -3.0,
    -3.0,
    -3.0,
    -3.0,
    -3.0,
    -3.0,
    -3.0,
    -3.0,
    -3.0,
    -3.0,
    -3.0,
    -3.0,
    -3.0,
    -3.0,
    -3.0,
    -3.0,
    -3.0,
    -3.0,
    -3.0,
    -3.0,
    -3.0,
    -3.0,
    -3.0,
    -3.0,
    -3.0,
    -3.0,
    -3.0,
    -3.0,
    -3.0,
    -3.0,
    -3.0,
    -3.0
  ],
  "final_ascii": [
    "LEGEND:",
    "#: wall",
    ".: background",
    "k: dpolice",
    "l: rpolice",
    "j: lpolice",
    "i: upolice",
    "@: target, crate",
    "\u1c6c: target, lpolice",
    "c: crate",
    "",
    "MAP:",
    "###############",
    "#.............#",
    "#.............#",
    "#..k.lj.......#",
    "#..lkkkkkkkj..#",
    "#..il@@@@@jk..#",
    "#...l@@@@\u1c6c.i..#",
    "#...l@@@@\u1c6c....#",
    "#...l@@@@@j...#",
    "#...l@@@\u1c6c@....#",
    "#...licccij...#",
    "#...iliiiji...#",
    "#.............#",
    "###############"
  ]
}