{
  "model": "gemini-2.5-pro",
  "game": "Take_Heart_Lass",
  "level": 8,
  "run": 1,
  "win": true,
  "action_sequence": [
    1,
    1,
    3,
    0,
    0,
    0,
    0,
    0,
    1,
    0,
    1,
    0,
    1,
    0,
    1
  ],
  "reward_sequence": [
    0.9900000095367432,
    0.9900000095367432,
    -1.0099999904632568,
    0.9900000095367432,
    0.9900000095367432,
    -0.009999999776482582,
    0.9900000095367432,
    0.9900000095367432,
    0.9900000095367432,
    0.9900000095367432,
    0.9900000095367432,
    0.9900000095367432,
    0.9900000095367432,
    0.9900000095367432,
    1.9900000095367432
  ],
  "initial_ascii": [
    "LEGEND:",
    "#: wall",
    ".: background",
    "\u0111: newhope",
    "h: oldhope",
    "\u1c6c: altnewdespair",
    "\u01b4: newdespairwall",
    "x: olddespair",
    "p: player",
    "z: altolddespair",
    "o: target",
    "",
    "MAP:",
    "###########",
    "#.......\u0111h#",
    "#\u1c6c.......\u0111#",
    "\u01b4x\u1c6c.....p.#",
    "#zx\u1c6c......#",
    "\u01b4xzx\u1c6c.....#",
    "#.xzx\u1c6c....#",
    "#o.xzx\u1c6c...#",
    "###\u01b4#\u01b4#####"
  ],
  "state_data": {
    "score": 1,
    "win": true,
    "step": 15
  },
  "heuristics": [
    -11.0,
    -10.0,
    -11.0,
    -10.0,
    -9.0,
    -9.0,
    -8.0,
    -7.0,
    -6.0,
    -5.0,
    -4.0,
    -3.0,
    -2.0,
    -1.0,
    0.0
  ],
  "final_ascii": [
    "LEGEND:",
    "\u1d34: despairwall",
    "#: wall",
    "h: oldhope",
    "\u1729: target, player",
    "",
    "MAP:",
    "\u1d34##########",
    "#hhhhhhhhh#",
    "#hhhhhhhhh#",
    "#hhhhhhhhh#",
    "#hhhhhhhhh#",
    "#hhhhhhhhh#",
    "#hhhhhhhhh#",
    "\u1d34\u1729hhhhhhhh#",
    "\u1d34\u1d34########\u1d34"
  ]
}