{
  "model": "gemini-2.5-pro",
  "game": "Take_Heart_Lass",
  "level": 6,
  "run": 1,
  "win": false,
  "action_sequence": [
    3,
    0,
    0,
    1,
    3,
    4,
    3,
    0,
    0,
    0,
    1,
    0,
    1,
    3,
    1,
    3,
    0,
    2,
    2,
    1,
    0,
    1,
    1,
    0,
    1,
    1,
    1,
    3,
    1,
    0,
    0,
    0,
    1,
    1,
    3,
    1,
    0,
    1,
    0,
    3,
    2,
    0,
    0,
    0,
    0,
    1,
    3,
    0,
    0,
    3,
    3,
    1,
    2,
    3,
    2,
    0,
    0,
    0,
    0,
    1,
    0,
    1,
    1,
    0,
    0,
    0,
    0,
    1,
    1,
    3,
    3,
    1,
    0,
    0,
    0,
    0,
    3,
    0,
    0,
    0,
    0,
    0,
    3,
    0,
    1,
    0,
    0,
    0,
    0,
    0,
    3,
    1,
    1,
    0,
    1,
    0,
    0,
    0,
    1,
    0
  ],
  "reward_sequence": [
    0.9900000095367432,
    0.9900000095367432,
    0.9900000095367432,
    -1.0099999904632568,
    0.9900000095367432,
    -0.009999999776482582,
    0.9900000095367432,
    0.9900000095367432,
    -0.009999999776482582,
    -0.009999999776482582,
    -0.009999999776482582,
    -0.009999999776482582,
    -0.009999999776482582,
    0.9900000095367432,
    -1.0099999904632568,
    0.9900000095367432,
    0.9900000095367432,
    -1.0099999904632568,
    -1.0099999904632568,
    -0.009999999776482582,
    0.9900000095367432,
    -1.0099999904632568,
    -0.009999999776482582,
    -0.009999999776482582,
    -0.009999999776482582,
    -0.009999999776482582,
    -0.009999999776482582,
    0.9900000095367432,
    -1.0099999904632568,
    -0.009999999776482582,
    -0.009999999776482582,
    -0.009999999776482582,
    -0.009999999776482582,
    -0.009999999776482582,
    0.9900000095367432,
    -1.0099999904632568,
    -0.009999999776482582,
    -0.009999999776482582,
    -0.009999999776482582,
    0.9900000095367432,
    -1.0099999904632568,
    0.9900000095367432,
    0.9900000095367432,
    0.9900000095367432,
    -1.0099999904632568,
    -1.0099999904632568,
    -0.009999999776482582,
    -0.009999999776482582,
    -0.009999999776482582,
    -0.009999999776482582,
    -0.009999999776482582,
    -1.0099999904632568,
    0.9900000095367432,
    0.9900000095367432,
    -1.0099999904632568,
    0.9900000095367432,
    -0.009999999776482582,
    -0.009999999776482582,
    -0.009999999776482582,
    -0.009999999776482582,
    -0.009999999776482582,
    -0.009999999776482582,
    -0.009999999776482582,
    -0.009999999776482582,
    -0.009999999776482582,
    -0.009999999776482582,
    -0.009999999776482582,
    -0.009999999776482582,
    -0.009999999776482582,
    -0.009999999776482582,
    -0.009999999776482582,
    -0.009999999776482582,
    -0.009999999776482582,
    -0.009999999776482582,
    -0.009999999776482582,
    -0.009999999776482582,
    -0.009999999776482582,
    -0.009999999776482582,
    -0.009999999776482582,
    -0.009999999776482582,
    -0.009999999776482582,
    -0.009999999776482582,
    -0.009999999776482582,
    -0.009999999776482582,
    -0.009999999776482582,
    -0.009999999776482582,
    -0.009999999776482582,
    -0.009999999776482582,
    -0.009999999776482582,
    -0.009999999776482582,
    -0.009999999776482582,
    -0.009999999776482582,
    -0.009999999776482582,
    -0.009999999776482582,
    -0.009999999776482582,
    -0.009999999776482582,
    -0.009999999776482582,
    -0.009999999776482582,
    -0.009999999776482582,
    -0.009999999776482582
  ],
  "initial_ascii": [
    "LEGEND:",
    "#: wall",
    "\u01b4: newdespairwall",
    ".: background",
    "o: target",
    "\u0d85: newdespair",
    "z: altolddespair",
    "x: olddespair",
    "*: crate",
    "p: player",
    "",
    "MAP:",
    "#########\u01b4#",
    "#...o..\u0d85zx\u01b4",
    "#.#.....#z#",
    "#...#.#..\u0d85#",
    "#.........#",
    "#\u0d85.**.**..#",
    "#z\u0d85......p#",
    "\u01b4xz\u0d85......#",
    "#\u01b4#########"
  ],
  "state_data": {
    "score": 0,
    "win": false,
    "step": 100
  },
  "heuristics": [
    -10.0,
    -9.0,
    -8.0,
    -9.0,
    -8.0,
    -8.0,
    -7.0,
    -6.0,
    -6.0,
    -6.0,
    -6.0,
    -6.0,
    -6.0,
    -5.0,
    -6.0,
    -5.0,
    -4.0,
    -5.0,
    -6.0,
    -6.0,
    -5.0,
    -6.0,
    -6.0,
    -6.0,
    -6.0,
    -6.0,
    -6.0,
    -5.0,
    -6.0,
    -6.0,
    -6.0,
    -6.0,
    -6.0,
    -6.0,
    -5.0,
    -6.0,
    -6.0,
    -6.0,
    -6.0,
    -5.0,
    -6.0,
    -5.0,
    -4.0,
    -3.0,
    -4.0,
    -5.0,
    -5.0,
    -5.0,
    -5.0,
    -5.0,
    -5.0,
    -6.0,
    -5.0,
    -4.0,
    -5.0,
    -4.0,
    -4.0,
    -4.0,
    -4.0,
    -4.0,
    -4.0,
    -4.0,
    -4.0,
    -4.0,
    -4.0,
    -4.0,
    -4.0,
    -4.0,
    -4.0,
    -4.0,
    -4.0,
    -4.0,
    -4.0,
    -4.0,
    -4.0,
    -4.0,
    -4.0,
    -4.0,
    -4.0,
    -4.0,
    -4.0,
    -4.0,
    -4.0,
    -4.0,
    -4.0,
    -4.0,
    -4.0,
    -4.0,
    -4.0,
    -4.0,
    -4.0,
    -4.0,
    -4.0,
    -4.0,
    -4.0,
    -4.0,
    -4.0,
    -4.0,
    -4.0,
    -4.0
  ],
  "final_ascii": [
    "LEGEND:",
    "\u1d34: despairwall",
    "x: olddespair",
    "z: altolddespair",
    ".: background",
    "o: target",
    "#: wall",
    "*: crate",
    "p: player",
    "",
    "MAP:",
    "\u1d34\u1d34\u1d34\u1d34\u1d34\u1d34\u1d34\u1d34\u1d34\u1d34\u1d34",
    "\u1d34xz.o.zxzx\u1d34",
    "\u1d34z#z.zxz#z\u1d34",
    "\u1d34xzx\u1d34x\u1d34x.x\u1d34",
    "\u1d34zx.*...*.\u1d34",
    "\u1d34xzxp.*..x\u1d34",
    "\u1d34zx.xz.zxz\u1d34",
    "\u1d34x.*.xzxzx\u1d34",
    "\u1d34\u1d34\u1d34\u1d34\u1d34\u1d34\u1d34\u1d34\u1d34\u1d34\u1d34"
  ]
}