{
  "model": "gemini-2.5-pro",
  "game": "Travelling_salesman",
  "level": 11,
  "run": 1,
  "win": false,
  "action_sequence": [
    0,
    0,
    1,
    0,
    1,
    0,
    1,
    1,
    1,
    3,
    0,
    1,
    1,
    0,
    1,
    0,
    1,
    2,
    2,
    2,
    2,
    2,
    2,
    2,
    1,
    2,
    3,
    3,
    0,
    1,
    0,
    2,
    1,
    1,
    1,
    2,
    4,
    2,
    1,
    2,
    3,
    2,
    3,
    2,
    1,
    1,
    3,
    1,
    1,
    3,
    3,
    3,
    2,
    2,
    1,
    1,
    2,
    0,
    1,
    1,
    3,
    1,
    1,
    1,
    1,
    2,
    2,
    1,
    0,
    3,
    2,
    3,
    1,
    1,
    2,
    2,
    1,
    1,
    1,
    2,
    3,
    0,
    1,
    0,
    3,
    0,
    2,
    3,
    1,
    1,
    1,
    1,
    3,
    1,
    2,
    3,
    1,
    1,
    1,
    1
  ],
  "reward_sequence": [
    1.9900000095367432,
    0.9900000095367432,
    -0.009999999776482582,
    0.9900000095367432,
    -0.009999999776482582,
    0.9900000095367432,
    0.9900000095367432,
    -0.009999999776482582,
    -0.009999999776482582,
    -0.009999999776482582,
    0.9900000095367432,
    0.9900000095367432,
    0.9900000095367432,
    0.9900000095367432,
    0.9900000095367432,
    0.9900000095367432,
    0.9900000095367432,
    0.9900000095367432,
    0.9900000095367432,
    0.9900000095367432,
    0.9900000095367432,
    0.9900000095367432,
    0.9900000095367432,
    0.9900000095367432,
    -0.009999999776482582,
    0.9900000095367432,
    0.9900000095367432,
    0.9900000095367432,
    0.9900000095367432,
    0.9900000095367432,
    0.9900000095367432,
    -0.009999999776482582,
    -0.009999999776482582,
    -0.009999999776482582,
    -0.009999999776482582,
    -0.009999999776482582,
    -0.009999999776482582,
    -0.009999999776482582,
    -0.009999999776482582,
    -0.009999999776482582,
    -0.009999999776482582,
    -0.009999999776482582,
    -0.009999999776482582,
    -0.009999999776482582,
    -0.009999999776482582,
    -0.009999999776482582,
    -0.009999999776482582,
    -0.009999999776482582,
    -0.009999999776482582,
    -0.009999999776482582,
    -0.009999999776482582,
    -0.009999999776482582,
    -0.009999999776482582,
    -0.009999999776482582,
    -0.009999999776482582,
    -0.009999999776482582,
    -0.009999999776482582,
    -0.009999999776482582,
    -0.009999999776482582,
    -0.009999999776482582,
    -0.009999999776482582,
    -0.009999999776482582,
    -0.009999999776482582,
    -0.009999999776482582,
    -0.009999999776482582,
    -0.009999999776482582,
    -0.009999999776482582,
    -0.009999999776482582,
    -0.009999999776482582,
    -0.009999999776482582,
    -0.009999999776482582,
    -0.009999999776482582,
    -0.009999999776482582,
    -0.009999999776482582,
    -0.009999999776482582,
    -0.009999999776482582,
    -0.009999999776482582,
    -0.009999999776482582,
    -0.009999999776482582,
    -0.009999999776482582,
    -0.009999999776482582,
    -0.009999999776482582,
    -0.009999999776482582,
    -0.009999999776482582,
    -0.009999999776482582,
    -0.009999999776482582,
    -0.009999999776482582,
    -0.009999999776482582,
    -0.009999999776482582,
    -0.009999999776482582,
    -0.009999999776482582,
    -0.009999999776482582,
    -0.009999999776482582,
    -0.009999999776482582,
    -0.009999999776482582,
    -0.009999999776482582,
    -0.009999999776482582,
    -0.009999999776482582,
    -0.009999999776482582,
    -0.009999999776482582
  ],
  "initial_ascii": [
    "LEGEND:",
    "o: node",
    "-: hlink",
    ".: background",
    "|: vlink",
    "\u1837: nodeseen, player",
    "\u051f: hlinkseen",
    "\u1ebf: nodeseen",
    "",
    "MAP:",
    "o-o.o-o.....o-o-o-o.",
    "|.|.|.|.....|...|.|.",
    "o.o-o.o-o-o-o.o-o.o.",
    "|.|.|.|...|.|.|.|.|.",
    "o.o-o-o-o-o-\u1837\u051f\u1ebf.o.o.",
    "|.|...|.....|.|.|.|.",
    "o-o.o-o.....o-o.o-o.",
    "..|.|.........|.|...",
    "..o.o.........o-o...",
    "..|.|...........|...",
    "..o-o.........o-o...",
    "..|.|.........|.|...",
    "o-o.o-o.....o-o-o-o.",
    "|.....|.....|...|.|.",
    "o-o-o-o-o-o-o-o-o.o.",
    "|...|.|...|.....|.|.",
    "o-o-o.o-o-o-o.o-o.o.",
    "|.....|.....|.|.|.|.",
    "o-o-o-o.....o-o-o-o."
  ],
  "state_data": {
    "score": -54,
    "win": false,
    "step": 100
  },
  "heuristics": [
    -78.0,
    -77.0,
    -77.0,
    -76.0,
    -76.0,
    -75.0,
    -74.0,
    -74.0,
    -74.0,
    -74.0,
    -73.0,
    -72.0,
    -71.0,
    -70.0,
    -69.0,
    -68.0,
    -67.0,
    -66.0,
    -65.0,
    -64.0,
    -63.0,
    -62.0,
    -61.0,
    -60.0,
    -60.0,
    -59.0,
    -58.0,
    -57.0,
    -56.0,
    -55.0,
    -54.0,
    -54.0,
    -54.0,
    -54.0,
    -54.0,
    -54.0,
    -54.0,
    -54.0,
    -54.0,
    -54.0,
    -54.0,
    -54.0,
    -54.0,
    -54.0,
    -54.0,
    -54.0,
    -54.0,
    -54.0,
    -54.0,
    -54.0,
    -54.0,
    -54.0,
    -54.0,
    -54.0,
    -54.0,
    -54.0,
    -54.0,
    -54.0,
    -54.0,
    -54.0,
    -54.0,
    -54.0,
    -54.0,
    -54.0,
    -54.0,
    -54.0,
    -54.0,
    -54.0,
    -54.0,
    -54.0,
    -54.0,
    -54.0,
    -54.0,
    -54.0,
    -54.0,
    -54.0,
    -54.0,
    -54.0,
    -54.0,
    -54.0,
    -54.0,
    -54.0,
    -54.0,
    -54.0,
    -54.0,
    -54.0,
    -54.0,
    -54.0,
    -54.0,
    -54.0,
    -54.0,
    -54.0,
    -54.0,
    -54.0,
    -54.0,
    -54.0,
    -54.0,
    -54.0,
    -54.0,
    -54.0
  ],
  "final_ascii": [
    "LEGEND:",
    "o: node",
    "-: hlink",
    ".: background",
    "|: vlink",
    "\u1ebf: nodeseen",
    "\u051f: hlinkseen",
    "\u2398: vlinkseen",
    "\u1837: nodeseen, player",
    "",
    "MAP:",
    "o-o.o-o.....o-o-o-o.",
    "|.|.|.|.....|...|.|.",
    "o.o-o.o-o-o-o.o-o.o.",
    "|.|.|.|...|.|.|.|.|.",
    "o.o-o-\u1ebf\u051f\u1ebf\u051f\u1ebf\u051f\u1ebf\u051f\u1ebf.o.o.",
    "|.|...\u2398.....|.|.|.|.",
    "o-o.\u1ebf\u051f\u1ebf.....o-o.o-o.",
    "..|.\u2398.........|.|...",
    "..o.\u1ebf.........o-o...",
    "..|.\u2398...........|...",
    "..\u1ebf\u051f\u1ebf.........\u1ebf\u051f\u1ebf...",
    "..\u2398.|.........\u2398.\u2398...",
    "\u1ebf\u051f\u1ebf.o-o.....\u1837\u051f\u1ebf-\u1ebf-o.",
    "\u2398.....|.....|...\u2398.|.",
    "\u1ebf\u051f\u1ebf\u051f\u1ebf\u051f\u1ebf\u051f\u1ebf\u051f\u1ebf\u051f\u1ebf\u051f\u1ebf\u051f\u1ebf.o.",
    "|...|.|...|.....|.|.",
    "o-o-o.o-o-o-o.o-o.o.",
    "|.....|.....|.|.|.|.",
    "o-o-o-o.....o-o-o-o."
  ]
}