{
  "model": "gemini-2.5-pro",
  "game": "sokoban_basic",
  "level": 0,
  "run": 1,
  "win": false,
  "action_sequence": [
    3,
    1,
    1,
    3,
    2,
    0,
    2,
    3,
    1,
    0,
    1,
    2,
    3,
    0,
    1,
    1,
    3,
    2,
    3,
    1,
    4,
    0,
    0,
    1,
    3,
    2,
    2,
    1,
    3,
    4,
    0,
    1,
    2,
    3,
    1,
    3,
    1,
    3,
    1,
    1,
    3,
    1,
    3,
    1,
    3,
    1,
    0,
    4,
    2,
    4,
    4,
    3,
    1,
    1,
    3,
    0,
    1,
    3,
    3,
    1,
    1,
    2,
    1,
    4,
    3,
    1,
    3,
    1,
    4,
    4,
    1,
    3,
    3,
    1,
    1,
    3,
    0,
    3,
    1,
    0,
    2,
    3,
    1,
    3,
    1,
    1,
    0,
    2,
    4,
    3,
    0,
    3,
    1,
    2,
    1,
    1,
    4,
    4,
    1,
    3
  ],
  "reward_sequence": [
    -0.009999999776482582,
    -0.009999999776482582,
    -0.009999999776482582,
    -0.009999999776482582,
    -0.009999999776482582,
    -0.009999999776482582,
    -0.009999999776482582,
    -0.009999999776482582,
    -0.009999999776482582,
    -0.009999999776482582,
    -0.009999999776482582,
    -1.0099999904632568,
    -0.009999999776482582,
    -0.009999999776482582,
    -0.009999999776482582,
    -0.009999999776482582,
    -0.009999999776482582,
    -0.009999999776482582,
    -0.009999999776482582,
    -0.009999999776482582,
    -0.009999999776482582,
    -0.009999999776482582,
    -0.009999999776482582,
    -0.009999999776482582,
    -0.009999999776482582,
    -0.009999999776482582,
    -0.009999999776482582,
    -0.009999999776482582,
    -0.009999999776482582,
    -0.009999999776482582,
    -0.009999999776482582,
    -0.009999999776482582,
    -0.009999999776482582,
    -0.009999999776482582,
    -0.009999999776482582,
    -0.009999999776482582,
    -0.009999999776482582,
    -0.009999999776482582,
    -0.009999999776482582,
    -0.009999999776482582,
    -0.009999999776482582,
    -0.009999999776482582,
    -0.009999999776482582,
    -0.009999999776482582,
    -0.009999999776482582,
    -0.009999999776482582,
    -0.009999999776482582,
    -0.009999999776482582,
    -0.009999999776482582,
    -0.009999999776482582,
    -0.009999999776482582,
    -0.009999999776482582,
    -0.009999999776482582,
    -0.009999999776482582,
    -0.009999999776482582,
    -0.009999999776482582,
    -0.009999999776482582,
    -0.009999999776482582,
    -0.009999999776482582,
    -0.009999999776482582,
    -0.009999999776482582,
    -0.009999999776482582,
    -0.009999999776482582,
    -0.009999999776482582,
    -0.009999999776482582,
    -0.009999999776482582,
    -0.009999999776482582,
    -0.009999999776482582,
    -0.009999999776482582,
    -0.009999999776482582,
    -0.009999999776482582,
    -0.009999999776482582,
    -0.009999999776482582,
    -0.009999999776482582,
    -0.009999999776482582,
    -0.009999999776482582,
    -0.009999999776482582,
    -0.009999999776482582,
    -0.009999999776482582,
    -0.009999999776482582,
    -0.009999999776482582,
    -0.009999999776482582,
    -0.009999999776482582,
    -0.009999999776482582,
    -0.009999999776482582,
    -0.009999999776482582,
    -0.009999999776482582,
    -0.009999999776482582,
    -0.009999999776482582,
    -0.009999999776482582,
    -0.009999999776482582,
    -0.009999999776482582,
    -0.009999999776482582,
    -0.009999999776482582,
    -0.009999999776482582,
    -0.009999999776482582,
    -0.009999999776482582,
    -0.009999999776482582,
    -0.009999999776482582,
    -0.009999999776482582
  ],
  "initial_ascii": [
    "LEGEND:",
    "#: wall",
    ".: background",
    "o: target",
    "p: player",
    "@: target, crate",
    "*: crate",
    "",
    "MAP:",
    "####..",
    "#.o#..",
    "#.p###",
    "#@...#",
    "#..*.#",
    "#..###",
    "####.."
  ],
  "state_data": {
    "score": 1,
    "win": false,
    "step": 100
  },
  "heuristics": [
    -3.0,
    -3.0,
    -3.0,
    -3.0,
    -3.0,
    -3.0,
    -3.0,
    -3.0,
    -3.0,
    -3.0,
    -3.0,
    -4.0,
    -4.0,
    -4.0,
    -4.0,
    -4.0,
    -4.0,
    -4.0,
    -4.0,
    -4.0,
    -4.0,
    -4.0,
    -4.0,
    -4.0,
    -4.0,
    -4.0,
    -4.0,
    -4.0,
    -4.0,
    -4.0,
    -4.0,
    -4.0,
    -4.0,
    -4.0,
    -4.0,
    -4.0,
    -4.0,
    -4.0,
    -4.0,
    -4.0,
    -4.0,
    -4.0,
    -4.0,
    -4.0,
    -4.0,
    -4.0,
    -4.0,
    -4.0,
    -4.0,
    -4.0,
    -4.0,
    -4.0,
    -4.0,
    -4.0,
    -4.0,
    -4.0,
    -4.0,
    -4.0,
    -4.0,
    -4.0,
    -4.0,
    -4.0,
    -4.0,
    -4.0,
    -4.0,
    -4.0,
    -4.0,
    -4.0,
    -4.0,
    -4.0,
    -4.0,
    -4.0,
    -4.0,
    -4.0,
    -4.0,
    -4.0,
    -4.0,
    -4.0,
    -4.0,
    -4.0,
    -4.0,
    -4.0,
    -4.0,
    -4.0,
    -4.0,
    -4.0,
    -4.0,
    -4.0,
    -4.0,
    -4.0,
    -4.0,
    -4.0,
    -4.0,
    -4.0,
    -4.0,
    -4.0,
    -4.0,
    -4.0,
    -4.0,
    -4.0
  ],
  "final_ascii": [
    "LEGEND:",
    "#: wall",
    ".: background",
    "o: target",
    "@: target, crate",
    "p: player",
    "*: crate",
    "",
    "MAP:",
    "####..",
    "#.o#..",
    "#..###",
    "#@.p.#",
    "#...*#",
    "#..###",
    "####.."
  ]
}