{
  "model": "gemini-2.5-pro",
  "game": "kettle",
  "level": 10,
  "run": 1,
  "win": false,
  "action_sequence": [
    0,
    2,
    2,
    0,
    1,
    1,
    0,
    3,
    3,
    3,
    2,
    2,
    3,
    1,
    0,
    0,
    0,
    0,
    3,
    0,
    0,
    0,
    2,
    0,
    0,
    0,
    0,
    3,
    0,
    3,
    0,
    0,
    2,
    0,
    0,
    0,
    0,
    0,
    3,
    3,
    3,
    3,
    3,
    0,
    2,
    2,
    0,
    2,
    3,
    0,
    3,
    2,
    0,
    0,
    1,
    3,
    3,
    0,
    0,
    3,
    0,
    3,
    2,
    2,
    1,
    4,
    0,
    3,
    0,
    0,
    0,
    0,
    2,
    0,
    2,
    2,
    1,
    0,
    2,
    3,
    2,
    1,
    3,
    3,
    0,
    3,
    3,
    3,
    0,
    0,
    0,
    3,
    2,
    0,
    0,
    2,
    3,
    3,
    2,
    2
  ],
  "reward_sequence": [
    4.989999771118164,
    7.989999771118164,
    5.989999771118164,
    4.989999771118164,
    6.989999771118164,
    5.989999771118164,
    4.989999771118164,
    8.989999771118164,
    4.989999771118164,
    3.990000009536743,
    -0.009999999776482582,
    -0.009999999776482582,
    -0.009999999776482582,
    -0.009999999776482582,
    -0.009999999776482582,
    -0.009999999776482582,
    -0.009999999776482582,
    -0.009999999776482582,
    -0.009999999776482582,
    -0.009999999776482582,
    -0.009999999776482582,
    -0.009999999776482582,
    -0.009999999776482582,
    -0.009999999776482582,
    -0.009999999776482582,
    -0.009999999776482582,
    -0.009999999776482582,
    -0.009999999776482582,
    -0.009999999776482582,
    -0.009999999776482582,
    -0.009999999776482582,
    -0.009999999776482582,
    -0.009999999776482582,
    -0.009999999776482582,
    -0.009999999776482582,
    -0.009999999776482582,
    -0.009999999776482582,
    -0.009999999776482582,
    -0.009999999776482582,
    -0.009999999776482582,
    -0.009999999776482582,
    -0.009999999776482582,
    -0.009999999776482582,
    -0.009999999776482582,
    -0.009999999776482582,
    -0.009999999776482582,
    -0.009999999776482582,
    -0.009999999776482582,
    -0.009999999776482582,
    -0.009999999776482582,
    -0.009999999776482582,
    -0.009999999776482582,
    -0.009999999776482582,
    -0.009999999776482582,
    -0.009999999776482582,
    -0.009999999776482582,
    -0.009999999776482582,
    -0.009999999776482582,
    -0.009999999776482582,
    -0.009999999776482582,
    -0.009999999776482582,
    -0.009999999776482582,
    -0.009999999776482582,
    -0.009999999776482582,
    -0.009999999776482582,
    -0.009999999776482582,
    -0.009999999776482582,
    -0.009999999776482582,
    -0.009999999776482582,
    -0.009999999776482582,
    -0.009999999776482582,
    -0.009999999776482582,
    -0.009999999776482582,
    -0.009999999776482582,
    -0.009999999776482582,
    -0.009999999776482582,
    -0.009999999776482582,
    -0.009999999776482582,
    -0.009999999776482582,
    -0.009999999776482582,
    -0.009999999776482582,
    -0.009999999776482582,
    -0.009999999776482582,
    -0.009999999776482582,
    -0.009999999776482582,
    -0.009999999776482582,
    -0.009999999776482582,
    -0.009999999776482582,
    -0.009999999776482582,
    -0.009999999776482582,
    -0.009999999776482582,
    -0.009999999776482582,
    -0.009999999776482582,
    -0.009999999776482582,
    -0.009999999776482582,
    -0.009999999776482582,
    -0.009999999776482582,
    -0.009999999776482582,
    -0.009999999776482582,
    -0.009999999776482582
  ],
  "initial_ascii": [
    "LEGEND:",
    "#: wall",
    ".: background",
    "k: dpolice",
    "l: rpolice",
    "c: crate",
    "j: lpolice",
    "@: target, crate",
    "t: target",
    "i: upolice",
    "",
    "MAP:",
    "###############",
    "#.kkkkkkkkkkk.#",
    "#lccc.c.c..cj.#",
    "#l....c.....j.#",
    "#lc.@ttttt..j.#",
    "#l..@ttt@t..j.#",
    "#l..t@@ttt.cj.#",
    "#lc.@tt@@t.cj.#",
    "#l..@@t@@t..j.#",
    "#l..t@t@tt.cj.#",
    "#lc..c......j.#",
    "#lc....c....j.#",
    "#lcc.c.c.c.cj.#",
    "#.iiiiiiiiiii.#",
    "###############"
  ],
  "state_data": {
    "score": 32,
    "win": false,
    "step": 100
  },
  "heuristics": [
    -61.0,
    -53.0,
    -47.0,
    -42.0,
    -35.0,
    -29.0,
    -24.0,
    -15.0,
    -10.0,
    -6.0,
    -6.0,
    -6.0,
    -6.0,
    -6.0,
    -6.0,
    -6.0,
    -6.0,
    -6.0,
    -6.0,
    -6.0,
    -6.0,
    -6.0,
    -6.0,
    -6.0,
    -6.0,
    -6.0,
    -6.0,
    -6.0,
    -6.0,
    -6.0,
    -6.0,
    -6.0,
    -6.0,
    -6.0,
    -6.0,
    -6.0,
    -6.0,
    -6.0,
    -6.0,
    -6.0,
    -6.0,
    -6.0,
    -6.0,
    -6.0,
    -6.0,
    -6.0,
    -6.0,
    -6.0,
    -6.0,
    -6.0,
    -6.0,
    -6.0,
    -6.0,
    -6.0,
    -6.0,
    -6.0,
    -6.0,
    -6.0,
    -6.0,
    -6.0,
    -6.0,
    -6.0,
    -6.0,
    -6.0,
    -6.0,
    -6.0,
    -6.0,
    -6.0,
    -6.0,
    -6.0,
    -6.0,
    -6.0,
    -6.0,
    -6.0,
    -6.0,
    -6.0,
    -6.0,
    -6.0,
    -6.0,
    -6.0,
    -6.0,
    -6.0,
    -6.0,
    -6.0,
    -6.0,
    -6.0,
    -6.0,
    -6.0,
    -6.0,
    -6.0,
    -6.0,
    -6.0,
    -6.0,
    -6.0,
    -6.0,
    -6.0,
    -6.0,
    -6.0,
    -6.0,
    -6.0
  ],
  "final_ascii": [
    "LEGEND:",
    "#: wall",
    ".: background",
    "k: dpolice",
    "l: rpolice",
    "j: lpolice",
    "@: target, crate",
    "i: upolice",
    "\u1d34: target, rpolice",
    "c: crate",
    "",
    "MAP:",
    "###############",
    "#.............#",
    "#..k.lj....k..#",
    "#..lkkkkkkkj..#",
    "#.kl@@@@@@jik.#",
    "#.i.\u1d34@@@@@j.i.#",
    "#...\u1d34@@@@@j...#",
    "#...\u1d34@@@@@j...#",
    "#...\u1d34@@@@@j...#",
    "#..l@@@@@@j...#",
    "#..lcciiiij...#",
    "#..iilccj.i...#",
    "#...lij.......#",
    "#.............#",
    "###############"
  ]
}