{
  "model": "gemini-2.5-pro",
  "game": "limerick",
  "level": 0,
  "run": 1,
  "win": false,
  "action_sequence": [
    2,
    2,
    2,
    2,
    2,
    2,
    1,
    3,
    3,
    3,
    3,
    2,
    2,
    3,
    2,
    2,
    3,
    3,
    3,
    3,
    0,
    4,
    4,
    4,
    4,
    4,
    4,
    4,
    1,
    4,
    1,
    4,
    2,
    4,
    1,
    4,
    4,
    1,
    4,
    1,
    4,
    4,
    4,
    4,
    0,
    1,
    4,
    1,
    4,
    4,
    4,
    3,
    1,
    4,
    4,
    4,
    4,
    4,
    4,
    1,
    4,
    0,
    4,
    4,
    4,
    1,
    4,
    3,
    4,
    4,
    1,
    1,
    1,
    4,
    4,
    1,
    4,
    4,
    1,
    4,
    4,
    1,
    4,
    4,
    4,
    4,
    3,
    4,
    1,
    4,
    4,
    1,
    1,
    4,
    4,
    4,
    0,
    4,
    4,
    3
  ],
  "reward_sequence": [
    0.9900000095367432,
    0.9900000095367432,
    0.9900000095367432,
    0.9900000095367432,
    -0.009999999776482582,
    -0.009999999776482582,
    -0.009999999776482582,
    -1.0099999904632568,
    -1.0099999904632568,
    -1.0099999904632568,
    -0.009999999776482582,
    1.9900000095367432,
    2.990000009536743,
    -0.009999999776482582,
    0.9900000095367432,
    0.9900000095367432,
    -1.0099999904632568,
    -1.0099999904632568,
    -1.0099999904632568,
    -0.009999999776482582,
    0.9900000095367432,
    -0.009999999776482582,
    -0.009999999776482582,
    -0.009999999776482582,
    -0.009999999776482582,
    -0.009999999776482582,
    -0.009999999776482582,
    -0.009999999776482582,
    -0.009999999776482582,
    -0.009999999776482582,
    -0.009999999776482582,
    -0.009999999776482582,
    -0.009999999776482582,
    -0.009999999776482582,
    -0.009999999776482582,
    -0.009999999776482582,
    -0.009999999776482582,
    -0.009999999776482582,
    -0.009999999776482582,
    -0.009999999776482582,
    -0.009999999776482582,
    -0.009999999776482582,
    -0.009999999776482582,
    -0.009999999776482582,
    -0.009999999776482582,
    -0.009999999776482582,
    -0.009999999776482582,
    -0.009999999776482582,
    -0.009999999776482582,
    -0.009999999776482582,
    -0.009999999776482582,
    -0.009999999776482582,
    -0.009999999776482582,
    -0.009999999776482582,
    -0.009999999776482582,
    -0.009999999776482582,
    -0.009999999776482582,
    -0.009999999776482582,
    -0.009999999776482582,
    -0.009999999776482582,
    -0.009999999776482582,
    -0.009999999776482582,
    -0.009999999776482582,
    -0.009999999776482582,
    -0.009999999776482582,
    -0.009999999776482582,
    -0.009999999776482582,
    -0.009999999776482582,
    -0.009999999776482582,
    -0.009999999776482582,
    -0.009999999776482582,
    -0.009999999776482582,
    -0.009999999776482582,
    -0.009999999776482582,
    -0.009999999776482582,
    -0.009999999776482582,
    -0.009999999776482582,
    -0.009999999776482582,
    -0.009999999776482582,
    -0.009999999776482582,
    -0.009999999776482582,
    -0.009999999776482582,
    -0.009999999776482582,
    -0.009999999776482582,
    -0.009999999776482582,
    -0.009999999776482582,
    -0.009999999776482582,
    -0.009999999776482582,
    -0.009999999776482582,
    -0.009999999776482582,
    -0.009999999776482582,
    -0.009999999776482582,
    -0.009999999776482582,
    -0.009999999776482582,
    -0.009999999776482582,
    -0.009999999776482582,
    -0.009999999776482582,
    -0.009999999776482582,
    -0.009999999776482582,
    -0.009999999776482582
  ],
  "initial_ascii": [
    "LEGEND:",
    "#: wall",
    ".: background",
    "\u1ebf: playerbodyh",
    "p: playerhead1",
    "e: exit",
    "",
    "MAP:",
    "###################",
    "#.................#",
    "#.................#",
    "#............#....#",
    "#............#....#",
    "#.......#...##....#",
    "#..\u1ebfp...#...##..e.#",
    "###################",
    "###################",
    "..#...#...#...#...#",
    "#...#...#...#...#..",
    "###################",
    "###################",
    "###################",
    "###################"
  ],
  "state_data": {
    "score": 0,
    "win": false,
    "step": 100
  },
  "heuristics": [
    -12.0,
    -11.0,
    -10.0,
    -9.0,
    -9.0,
    -9.0,
    -9.0,
    -10.0,
    -11.0,
    -12.0,
    -12.0,
    -10.0,
    -7.0,
    -7.0,
    -6.0,
    -5.0,
    -6.0,
    -7.0,
    -8.0,
    -8.0,
    -7.0,
    -7.0,
    -7.0,
    -7.0,
    -7.0,
    -7.0,
    -7.0,
    -7.0,
    -7.0,
    -7.0,
    -7.0,
    -7.0,
    -7.0,
    -7.0,
    -7.0,
    -7.0,
    -7.0,
    -7.0,
    -7.0,
    -7.0,
    -7.0,
    -7.0,
    -7.0,
    -7.0,
    -7.0,
    -7.0,
    -7.0,
    -7.0,
    -7.0,
    -7.0,
    -7.0,
    -7.0,
    -7.0,
    -7.0,
    -7.0,
    -7.0,
    -7.0,
    -7.0,
    -7.0,
    -7.0,
    -7.0,
    -7.0,
    -7.0,
    -7.0,
    -7.0,
    -7.0,
    -7.0,
    -7.0,
    -7.0,
    -7.0,
    -7.0,
    -7.0,
    -7.0,
    -7.0,
    -7.0,
    -7.0,
    -7.0,
    -7.0,
    -7.0,
    -7.0,
    -7.0,
    -7.0,
    -7.0,
    -7.0,
    -7.0,
    -7.0,
    -7.0,
    -7.0,
    -7.0,
    -7.0,
    -7.0,
    -7.0,
    -7.0,
    -7.0,
    -7.0,
    -7.0,
    -7.0,
    -7.0,
    -7.0,
    -7.0
  ],
  "final_ascii": [
    "LEGEND:",
    "#: wall",
    ".: background",
    "\u1ebf: playerbodyh",
    "\u0181: playerbodyv",
    "p: playerhead1",
    "e: exit",
    "",
    "MAP:",
    "###################",
    "#.................#",
    "#.................#",
    "#......\u1ebf\u0181.\u0181\u1ebf.#....#",
    "#......\u0181\u1ebf\u0181\u0181\u0181.#....#",
    "#......\u0181#\u0181p\u0181##....#",
    "#..\u1ebf\u1ebf\u1ebf\u1ebf\u0181#\u1ebf\u1ebf\u0181##..e.#",
    "###################",
    "###################",
    "..#...#...#...#...#",
    "#...#...#...#...#..",
    "###################",
    "###################",
    "###################",
    "###################"
  ]
}