{
  "model": "gemini-2.5-pro",
  "game": "slidings",
  "level": 6,
  "run": 1,
  "win": true,
  "action_sequence": [
    0,
    4,
    1,
    4,
    4,
    1,
    1,
    4,
    4,
    2,
    3,
    0,
    1,
    4,
    4,
    4,
    0,
    0,
    0,
    0,
    3,
    2,
    4,
    3
  ],
  "reward_sequence": [
    -0.009999999776482582,
    -1.0099999904632568,
    -3.009999990463257,
    1.9900000095367432,
    1.9900000095367432,
    -3.009999990463257,
    -0.009999999776482582,
    -1.0099999904632568,
    1.9900000095367432,
    -0.009999999776482582,
    0.9900000095367432,
    0.9900000095367432,
    -2.009999990463257,
    -1.0099999904632568,
    -1.0099999904632568,
    1.9900000095367432,
    1.9900000095367432,
    -0.009999999776482582,
    -0.009999999776482582,
    -0.009999999776482582,
    1.9900000095367432,
    -0.009999999776482582,
    -5.010000228881836,
    6.989999771118164
  ],
  "initial_ascii": [
    "LEGEND:",
    "#: wall",
    "m: count",
    ".: background",
    "o: target",
    "p: player",
    "a: balla",
    "b: ballb",
    "n: countend",
    "e: ballc, overwall",
    "",
    "MAP:",
    "#mmmmmmm",
    "#.o.#p.m",
    "#...#abn",
    "#......#",
    "#...#..#",
    "#...#..#",
    "#######e"
  ],
  "state_data": {
    "score": 0,
    "win": true,
    "step": 24
  },
  "heuristics": [
    -3.0,
    -4.0,
    -7.0,
    -5.0,
    -3.0,
    -6.0,
    -6.0,
    -7.0,
    -5.0,
    -5.0,
    -4.0,
    -3.0,
    -5.0,
    -6.0,
    -7.0,
    -5.0,
    -3.0,
    -3.0,
    -3.0,
    -3.0,
    -1.0,
    -1.0,
    -6.0,
    0.0
  ],
  "final_ascii": [
    "LEGEND:",
    "#: wall",
    ".: background",
    "o: target",
    "b: ballb",
    "\u1ebf: deadplayer",
    "a: balla",
    "e: ballc, overwall",
    "",
    "MAP:",
    "########",
    "#.ob#\u1ebf.#",
    "#...#..#",
    "#......#",
    "#...#..#",
    "#...#a.#",
    "#######e"
  ]
}