{
  "model": "gemini-2.5-pro",
  "game": "Travelling_salesman",
  "level": 6,
  "run": 1,
  "win": false,
  "action_sequence": [
    3,
    0,
    3,
    0,
    3,
    2,
    2,
    2,
    2,
    1,
    1,
    0,
    3,
    1,
    0,
    1,
    0,
    1,
    2,
    2,
    2,
    3,
    1,
    3,
    3,
    1,
    3,
    3,
    3,
    3,
    3,
    3,
    3,
    3,
    1,
    3,
    3,
    0,
    3,
    3,
    3,
    1,
    1,
    3,
    3,
    4,
    3,
    3,
    3,
    3,
    3,
    3,
    3,
    1,
    1,
    3,
    0,
    3,
    3,
    0,
    1,
    3,
    3,
    3,
    3,
    3,
    1,
    1,
    3,
    4,
    1,
    1,
    1,
    3,
    0,
    3,
    1,
    3,
    3,
    3,
    3,
    0,
    0,
    3,
    3,
    3,
    1,
    1,
    3,
    1,
    1,
    3,
    0,
    4,
    3,
    4,
    1,
    3,
    3,
    1
  ],
  "reward_sequence": [
    1.9900000095367432,
    0.9900000095367432,
    -0.009999999776482582,
    0.9900000095367432,
    0.9900000095367432,
    0.9900000095367432,
    0.9900000095367432,
    0.9900000095367432,
    0.9900000095367432,
    0.9900000095367432,
    0.9900000095367432,
    0.9900000095367432,
    -0.009999999776482582,
    0.9900000095367432,
    0.9900000095367432,
    -0.009999999776482582,
    0.9900000095367432,
    0.9900000095367432,
    0.9900000095367432,
    0.9900000095367432,
    0.9900000095367432,
    0.9900000095367432,
    -0.009999999776482582,
    -0.009999999776482582,
    -0.009999999776482582,
    -0.009999999776482582,
    -0.009999999776482582,
    -0.009999999776482582,
    -0.009999999776482582,
    -0.009999999776482582,
    -0.009999999776482582,
    -0.009999999776482582,
    -0.009999999776482582,
    -0.009999999776482582,
    -0.009999999776482582,
    -0.009999999776482582,
    -0.009999999776482582,
    -0.009999999776482582,
    -0.009999999776482582,
    -0.009999999776482582,
    -0.009999999776482582,
    -0.009999999776482582,
    -0.009999999776482582,
    -0.009999999776482582,
    -0.009999999776482582,
    -0.009999999776482582,
    -0.009999999776482582,
    -0.009999999776482582,
    -0.009999999776482582,
    -0.009999999776482582,
    -0.009999999776482582,
    -0.009999999776482582,
    -0.009999999776482582,
    -0.009999999776482582,
    -0.009999999776482582,
    -0.009999999776482582,
    -0.009999999776482582,
    -0.009999999776482582,
    -0.009999999776482582,
    -0.009999999776482582,
    -0.009999999776482582,
    -0.009999999776482582,
    -0.009999999776482582,
    -0.009999999776482582,
    -0.009999999776482582,
    -0.009999999776482582,
    -0.009999999776482582,
    -0.009999999776482582,
    -0.009999999776482582,
    -0.009999999776482582,
    -0.009999999776482582,
    -0.009999999776482582,
    -0.009999999776482582,
    -0.009999999776482582,
    -0.009999999776482582,
    -0.009999999776482582,
    -0.009999999776482582,
    -0.009999999776482582,
    -0.009999999776482582,
    -0.009999999776482582,
    -0.009999999776482582,
    -0.009999999776482582,
    -0.009999999776482582,
    -0.009999999776482582,
    -0.009999999776482582,
    -0.009999999776482582,
    -0.009999999776482582,
    -0.009999999776482582,
    -0.009999999776482582,
    -0.009999999776482582,
    -0.009999999776482582,
    -0.009999999776482582,
    -0.009999999776482582,
    -0.009999999776482582,
    -0.009999999776482582,
    -0.009999999776482582,
    -0.009999999776482582,
    -0.009999999776482582,
    -0.009999999776482582,
    -0.009999999776482582
  ],
  "initial_ascii": [
    "LEGEND:",
    "o: node",
    "-: hlink",
    "|: vlink",
    ".: background",
    "\u1837: nodeseen, player",
    "\u2398: vlinkseen",
    "\u1ebf: nodeseen",
    "",
    "MAP:",
    "o-o-o-o-o",
    "|...|...|",
    "o-o-\u1837-o-o",
    "|...\u2398...|",
    "o-o-\u1ebf-o-o",
    "|.|...|.|",
    "o.o-o-o.o",
    "|.|...|.|",
    "o-o-o-o-o"
  ],
  "state_data": {
    "score": -5,
    "win": false,
    "step": 100
  },
  "heuristics": [
    -23.0,
    -22.0,
    -22.0,
    -21.0,
    -20.0,
    -19.0,
    -18.0,
    -17.0,
    -16.0,
    -15.0,
    -14.0,
    -13.0,
    -13.0,
    -12.0,
    -11.0,
    -11.0,
    -10.0,
    -9.0,
    -8.0,
    -7.0,
    -6.0,
    -5.0,
    -5.0,
    -5.0,
    -5.0,
    -5.0,
    -5.0,
    -5.0,
    -5.0,
    -5.0,
    -5.0,
    -5.0,
    -5.0,
    -5.0,
    -5.0,
    -5.0,
    -5.0,
    -5.0,
    -5.0,
    -5.0,
    -5.0,
    -5.0,
    -5.0,
    -5.0,
    -5.0,
    -5.0,
    -5.0,
    -5.0,
    -5.0,
    -5.0,
    -5.0,
    -5.0,
    -5.0,
    -5.0,
    -5.0,
    -5.0,
    -5.0,
    -5.0,
    -5.0,
    -5.0,
    -5.0,
    -5.0,
    -5.0,
    -5.0,
    -5.0,
    -5.0,
    -5.0,
    -5.0,
    -5.0,
    -5.0,
    -5.0,
    -5.0,
    -5.0,
    -5.0,
    -5.0,
    -5.0,
    -5.0,
    -5.0,
    -5.0,
    -5.0,
    -5.0,
    -5.0,
    -5.0,
    -5.0,
    -5.0,
    -5.0,
    -5.0,
    -5.0,
    -5.0,
    -5.0,
    -5.0,
    -5.0,
    -5.0,
    -5.0,
    -5.0,
    -5.0,
    -5.0,
    -5.0,
    -5.0,
    -5.0
  ],
  "final_ascii": [
    "LEGEND:",
    "\u1ebf: nodeseen",
    "\u051f: hlinkseen",
    "\u2398: vlinkseen",
    ".: background",
    "|: vlink",
    "-: hlink",
    "o: node",
    "\u1837: nodeseen, player",
    "",
    "MAP:",
    "\u1ebf\u051f\u1ebf\u051f\u1ebf\u051f\u1ebf\u051f\u1ebf",
    "\u2398...|...\u2398",
    "\u1ebf\u051f\u1ebf\u051f\u1ebf-o-\u1ebf",
    "|...\u2398...\u2398",
    "o-o-\u1ebf-\u1ebf\u051f\u1ebf",
    "|.|...\u2398.|",
    "o.\u1ebf\u051f\u1ebf\u051f\u1ebf.\u1837",
    "|.\u2398...|.\u2398",
    "o-\u1ebf\u051f\u1ebf\u051f\u1ebf\u051f\u1ebf"
  ]
}