{
  "model": "gemini-2.5-pro",
  "game": "Travelling_salesman",
  "level": 2,
  "run": 1,
  "win": false,
  "action_sequence": [
    2,
    1,
    0,
    1,
    1,
    2,
    0,
    2,
    3,
    0,
    0,
    3,
    2,
    2,
    2,
    3,
    3,
    3,
    2,
    3,
    2,
    3,
    3,
    2,
    2,
    2,
    3,
    3,
    3,
    3,
    2,
    3,
    2,
    3,
    3,
    3,
    3,
    3,
    1,
    2,
    2,
    3,
    3,
    2,
    1,
    2,
    4,
    1,
    1,
    3,
    3,
    3,
    0,
    3,
    3,
    3,
    3,
    1,
    2,
    2,
    1,
    1,
    2,
    2,
    1,
    3,
    3,
    2,
    3,
    1,
    2,
    3,
    4,
    3,
    3,
    0,
    2,
    3,
    2,
    3,
    2,
    3,
    4,
    3,
    3,
    2,
    3,
    2,
    3,
    3,
    1,
    2,
    4,
    3,
    1,
    3,
    3,
    2,
    3,
    2
  ],
  "reward_sequence": [
    1.9900000095367432,
    0.9900000095367432,
    0.9900000095367432,
    0.9900000095367432,
    0.9900000095367432,
    0.9900000095367432,
    -0.009999999776482582,
    0.9900000095367432,
    0.9900000095367432,
    0.9900000095367432,
    -0.009999999776482582,
    -0.009999999776482582,
    -0.009999999776482582,
    -0.009999999776482582,
    -0.009999999776482582,
    -0.009999999776482582,
    -0.009999999776482582,
    -0.009999999776482582,
    -0.009999999776482582,
    -0.009999999776482582,
    -0.009999999776482582,
    -0.009999999776482582,
    -0.009999999776482582,
    -0.009999999776482582,
    -0.009999999776482582,
    -0.009999999776482582,
    -0.009999999776482582,
    -0.009999999776482582,
    -0.009999999776482582,
    -0.009999999776482582,
    -0.009999999776482582,
    -0.009999999776482582,
    -0.009999999776482582,
    -0.009999999776482582,
    -0.009999999776482582,
    -0.009999999776482582,
    -0.009999999776482582,
    -0.009999999776482582,
    -0.009999999776482582,
    -0.009999999776482582,
    -0.009999999776482582,
    -0.009999999776482582,
    -0.009999999776482582,
    -0.009999999776482582,
    -0.009999999776482582,
    -0.009999999776482582,
    -0.009999999776482582,
    -0.009999999776482582,
    -0.009999999776482582,
    -0.009999999776482582,
    -0.009999999776482582,
    -0.009999999776482582,
    -0.009999999776482582,
    -0.009999999776482582,
    -0.009999999776482582,
    -0.009999999776482582,
    -0.009999999776482582,
    -0.009999999776482582,
    -0.009999999776482582,
    -0.009999999776482582,
    -0.009999999776482582,
    -0.009999999776482582,
    -0.009999999776482582,
    -0.009999999776482582,
    -0.009999999776482582,
    -0.009999999776482582,
    -0.009999999776482582,
    -0.009999999776482582,
    -0.009999999776482582,
    -0.009999999776482582,
    -0.009999999776482582,
    -0.009999999776482582,
    -0.009999999776482582,
    -0.009999999776482582,
    -0.009999999776482582,
    -0.009999999776482582,
    -0.009999999776482582,
    -0.009999999776482582,
    -0.009999999776482582,
    -0.009999999776482582,
    -0.009999999776482582,
    -0.009999999776482582,
    -0.009999999776482582,
    -0.009999999776482582,
    -0.009999999776482582,
    -0.009999999776482582,
    -0.009999999776482582,
    -0.009999999776482582,
    -0.009999999776482582,
    -0.009999999776482582,
    -0.009999999776482582,
    -0.009999999776482582,
    -0.009999999776482582,
    -0.009999999776482582,
    -0.009999999776482582,
    -0.009999999776482582,
    -0.009999999776482582,
    -0.009999999776482582,
    -0.009999999776482582,
    -0.009999999776482582
  ],
  "initial_ascii": [
    "LEGEND:",
    "\u1ebf: nodeseen",
    "\u051f: hlinkseen",
    "\u1837: nodeseen, player",
    ".: background",
    "o: node",
    "-: hlink",
    "|: vlink",
    "",
    "MAP:",
    "\u1ebf\u051f\u1837.o-o",
    "|.|.|.|",
    "o-o-o.o",
    "|.|...|",
    "o.o-o-o",
    "|.|.|.|",
    "o-o-o-o"
  ],
  "state_data": {
    "score": -6,
    "win": false,
    "step": 100
  },
  "heuristics": [
    -14.0,
    -13.0,
    -12.0,
    -11.0,
    -10.0,
    -9.0,
    -9.0,
    -8.0,
    -7.0,
    -6.0,
    -6.0,
    -6.0,
    -6.0,
    -6.0,
    -6.0,
    -6.0,
    -6.0,
    -6.0,
    -6.0,
    -6.0,
    -6.0,
    -6.0,
    -6.0,
    -6.0,
    -6.0,
    -6.0,
    -6.0,
    -6.0,
    -6.0,
    -6.0,
    -6.0,
    -6.0,
    -6.0,
    -6.0,
    -6.0,
    -6.0,
    -6.0,
    -6.0,
    -6.0,
    -6.0,
    -6.0,
    -6.0,
    -6.0,
    -6.0,
    -6.0,
    -6.0,
    -6.0,
    -6.0,
    -6.0,
    -6.0,
    -6.0,
    -6.0,
    -6.0,
    -6.0,
    -6.0,
    -6.0,
    -6.0,
    -6.0,
    -6.0,
    -6.0,
    -6.0,
    -6.0,
    -6.0,
    -6.0,
    -6.0,
    -6.0,
    -6.0,
    -6.0,
    -6.0,
    -6.0,
    -6.0,
    -6.0,
    -6.0,
    -6.0,
    -6.0,
    -6.0,
    -6.0,
    -6.0,
    -6.0,
    -6.0,
    -6.0,
    -6.0,
    -6.0,
    -6.0,
    -6.0,
    -6.0,
    -6.0,
    -6.0,
    -6.0,
    -6.0,
    -6.0,
    -6.0,
    -6.0,
    -6.0,
    -6.0,
    -6.0,
    -6.0,
    -6.0,
    -6.0,
    -6.0
  ],
  "final_ascii": [
    "LEGEND:",
    "\u1ebf: nodeseen",
    "\u051f: hlinkseen",
    ".: background",
    "o: node",
    "-: hlink",
    "|: vlink",
    "\u2398: vlinkseen",
    "\u1837: nodeseen, player",
    "",
    "MAP:",
    "\u1ebf\u051f\u1ebf.o-o",
    "|.\u2398.|.|",
    "\u1ebf\u051f\u1ebf-o.o",
    "\u2398.|...|",
    "\u1ebf.\u1837\u051f\u1ebf-o",
    "\u2398.|.\u2398.|",
    "\u1ebf\u051f\u1ebf\u051f\u1ebf-o"
  ]
}