{
  "model": "gemini-2.5-pro",
  "game": "atlas shrank",
  "level": 9,
  "run": 1,
  "win": false,
  "action_sequence": [
    2,
    2,
    2,
    2,
    2,
    2,
    2,
    2,
    2,
    2,
    2,
    2,
    2,
    0,
    3,
    3,
    0,
    2,
    4,
    0,
    4,
    4,
    2,
    0,
    0,
    2,
    0,
    3,
    0,
    0,
    2,
    2,
    1,
    3,
    3,
    3,
    3,
    3,
    3,
    3,
    3,
    1,
    3,
    3,
    3,
    3,
    3,
    3,
    0,
    2,
    0,
    3,
    3,
    3,
    3,
    2,
    0,
    4,
    1,
    1,
    3,
    0,
    1,
    0,
    2,
    2,
    0,
    1,
    3,
    3,
    3,
    3,
    0,
    2,
    0,
    3,
    3,
    0,
    2,
    2,
    0,
    1,
    4,
    2,
    2,
    3,
    1,
    3,
    0,
    2,
    4,
    3,
    1,
    3,
    3,
    1,
    3,
    3,
    3,
    3
  ],
  "reward_sequence": [
    -0.009999999776482582,
    -1.0099999904632568,
    -1.0099999904632568,
    -1.0099999904632568,
    -1.0099999904632568,
    -1.0099999904632568,
    -1.0099999904632568,
    -1.0099999904632568,
    -1.0099999904632568,
    -1.0099999904632568,
    -1.0099999904632568,
    -1.0099999904632568,
    -1.0099999904632568,
    -1.0099999904632568,
    -0.009999999776482582,
    -0.009999999776482582,
    1.9900000095367432,
    -1.0099999904632568,
    -1.0099999904632568,
    1.9900000095367432,
    -0.009999999776482582,
    -0.009999999776482582,
    -1.0099999904632568,
    -1.0099999904632568,
    1.9900000095367432,
    -1.0099999904632568,
    -1.0099999904632568,
    -0.009999999776482582,
    1.9900000095367432,
    0.9900000095367432,
    -1.0099999904632568,
    -1.0099999904632568,
    -1.0099999904632568,
    -0.009999999776482582,
    -0.009999999776482582,
    -0.009999999776482582,
    -0.009999999776482582,
    -0.009999999776482582,
    -0.009999999776482582,
    -0.009999999776482582,
    -0.009999999776482582,
    -0.009999999776482582,
    -0.009999999776482582,
    -0.009999999776482582,
    -0.009999999776482582,
    -0.009999999776482582,
    -0.009999999776482582,
    -0.009999999776482582,
    1.9900000095367432,
    -1.0099999904632568,
    -1.0099999904632568,
    -0.009999999776482582,
    -0.009999999776482582,
    -0.009999999776482582,
    -0.009999999776482582,
    -0.009999999776482582,
    0.9900000095367432,
    -1.0099999904632568,
    -0.009999999776482582,
    -0.009999999776482582,
    -0.009999999776482582,
    1.9900000095367432,
    -0.009999999776482582,
    0.9900000095367432,
    -1.0099999904632568,
    -1.0099999904632568,
    -1.0099999904632568,
    -0.009999999776482582,
    -0.009999999776482582,
    -0.009999999776482582,
    -0.009999999776482582,
    -0.009999999776482582,
    1.9900000095367432,
    -1.0099999904632568,
    -1.0099999904632568,
    -0.009999999776482582,
    -0.009999999776482582,
    1.9900000095367432,
    -1.0099999904632568,
    -1.0099999904632568,
    1.9900000095367432,
    -0.009999999776482582,
    -0.009999999776482582,
    -1.0099999904632568,
    -1.0099999904632568,
    -0.009999999776482582,
    -0.009999999776482582,
    -0.009999999776482582,
    1.9900000095367432,
    -1.0099999904632568,
    -1.0099999904632568,
    -0.009999999776482582,
    -0.009999999776482582,
    -0.009999999776482582,
    -0.009999999776482582,
    -0.009999999776482582,
    -0.009999999776482582,
    -0.009999999776482582,
    -0.009999999776482582,
    -0.009999999776482582
  ],
  "initial_ascii": [
    "LEGEND:",
    ".: background",
    "#: wallsolo",
    "*: crate, massive",
    "o: exit",
    "\u23fd: wallu",
    "\u1e29: wallm",
    "\u1cf1: walld",
    "\u1c6e: wallud",
    "x: door",
    "\u282b: wallrl",
    "\u05e9: walll",
    "\u266e: wallr",
    "\u0c33: playerr",
    "t: switch",
    "",
    "MAP:",
    ".....................##*#*****....*...................",
    "..o....##.#.#\u23fd\u23fd\u23fd\u23fd#....##******...**.........#.........",
    "..#.#\u23fd\u23fd\u1e29\u1e29\u23fd\u1e29\u23fd\u1e29\u1e29\u1e29\u1e29\u1cf1\u1e29#....#\u23fd\u23fd#*********........\u1c6e........*",
    "#\u23fd\u1e29\u23fd\u1e29\u1cf1\u1cf1\u1cf1\u1cf1\u1cf1\u1cf1\u1cf1\u1cf1\u1cf1\u1cf1#.\u1c6e.##..x#\u1cf1\u1cf1\u282b\u282b\u282b\u282b\u282b\u282b\u282b\u282b#........\u1c6e........#",
    "\u05e9\u1e29\u1e29\u1cf1\u266e............\u1c6e..\u1c6e..x....................\u1c6e.........",
    "\u05e9\u1cf1#.\u1c6e............#..#.*x....................\u1c6e.........",
    "\u1c6e.*.\u1c6e................#\u282b\u282b\u282b#.\u0c33................#.........",
    "\u1c6e***\u1c6e............#*....*...**.........t.*..#.........*",
    "\u05e9\u282b\u282b\u282b#...........#\u1e29\u23fd\u23fd\u23fd\u23fd\u23fd\u23fd\u23fd\u23fd\u23fd\u23fd\u23fd\u23fd\u23fd\u23fd\u23fd\u23fd\u23fd\u23fd\u23fd#.#\u282b\u282b\u282b\u266e.........#",
    "\u1c6e..............#\u1e29\u1e29\u1e29\u1e29\u1e29\u1e29\u1e29\u1cf1\u1e29\u1cf1\u1e29\u1cf1\u1e29\u1cf1\u1cf1\u1cf1\u1cf1\u1cf1\u1cf1\u1cf1\u1cf1\u1cf1\u282b#...##.........",
    "\u1c6e.............#\u1e29\u1e29\u1e29\u1e29\u1e29\u1e29\u1e29#.\u1c6e.\u1c6e.\u1c6e...............\u1c6e**.......",
    "\u1c6e............#\u1e29\u1e29\u1e29\u1e29\u1e29\u1e29\u1e29#..#.#.#...............\u05e9\u282b\u23fd#......",
    "\u1c6e............\u05e9\u1e29\u1e29\u1e29\u1e29\u1e29\u1e29\u266e..#*#*#*#..............\u1c6e.\u05e9\u1cf1\u282b\u282b\u282b\u23fd\u23fd#",
    "\u1c6e............\u05e9\u1e29\u1e29\u1e29\u1e29\u1cf1\u1cf1#..#*#*#*#..............\u1c6e.\u1c6e....#\u1cf1\u266e",
    "\u1c6e*...........\u05e9\u1e29\u1e29\u1cf1#......#.#.#...............\u1c6e.\u1c6e......\u1c6e",
    "\u1c6e*.......#\u23fd\u23fd\u23fd\u1e29\u1cf1#........#...................\u1c6e.\u1c6e......\u1c6e",
    "\u1c6e*......#\u1cf1\u1e29\u1e29\u1cf1#..............................\u1c6e.\u1c6e......\u1c6e",
    "\u1c6e*.....#..##............*...................\u1c6e.\u1c6e......\u1c6e",
    "\u1c6e**...**......*.......#.#.#.#..........t....\u1c6e.\u1c6e.....#\u266e",
    "#\u282b\u282b\u282b#*#\u282b\u282b\u282b\u282b\u282b#**#\u282b\u282b\u282b\u282b\u282b\u282b\u1cf1\u282b\u1cf1\u282b\u1cf1\u282b\u1cf1\u282b\u282b\u282b\u282b\u282b\u282b\u282b\u282b\u282b\u282b\u282b\u282b#*#\u1cf1\u282b\u1cf1\u282b#*#\u282b\u1cf1#"
  ],
  "state_data": {
    "score": 0,
    "win": false,
    "step": 100
  },
  "heuristics": [
    -30.0,
    -31.0,
    -32.0,
    -33.0,
    -34.0,
    -35.0,
    -36.0,
    -37.0,
    -38.0,
    -39.0,
    -40.0,
    -41.0,
    -42.0,
    -43.0,
    -43.0,
    -43.0,
    -41.0,
    -42.0,
    -43.0,
    -41.0,
    -41.0,
    -41.0,
    -42.0,
    -43.0,
    -41.0,
    -42.0,
    -43.0,
    -43.0,
    -41.0,
    -40.0,
    -41.0,
    -42.0,
    -43.0,
    -43.0,
    -43.0,
    -43.0,
    -43.0,
    -43.0,
    -43.0,
    -43.0,
    -43.0,
    -43.0,
    -43.0,
    -43.0,
    -43.0,
    -43.0,
    -43.0,
    -43.0,
    -41.0,
    -42.0,
    -43.0,
    -43.0,
    -43.0,
    -43.0,
    -43.0,
    -43.0,
    -42.0,
    -43.0,
    -43.0,
    -43.0,
    -43.0,
    -41.0,
    -41.0,
    -40.0,
    -41.0,
    -42.0,
    -43.0,
    -43.0,
    -43.0,
    -43.0,
    -43.0,
    -43.0,
    -41.0,
    -42.0,
    -43.0,
    -43.0,
    -43.0,
    -41.0,
    -42.0,
    -43.0,
    -41.0,
    -41.0,
    -41.0,
    -42.0,
    -43.0,
    -43.0,
    -43.0,
    -43.0,
    -41.0,
    -42.0,
    -43.0,
    -43.0,
    -43.0,
    -43.0,
    -43.0,
    -43.0,
    -43.0,
    -43.0,
    -43.0,
    -43.0
  ],