{
  "model": "o1",
  "game": "atlas shrank",
  "level": 11,
  "run": 1,
  "win": false,
  "action_sequence": [
    2,
    2,
    3,
    2,
    2,
    3,
    3,
    3,
    3,
    3,
    3,
    2,
    3,
    3,
    3,
    3,
    3,
    3,
    3,
    0,
    3,
    3,
    3,
    0,
    3,
    0,
    2,
    2,
    3,
    3,
    3,
    3,
    0,
    3,
    3,
    3,
    3,
    1,
    3,
    0,
    2,
    3,
    0,
    3,
    2,
    3,
    3,
    3,
    3,
    3,
    3,
    3,
    3,
    3,
    3,
    3,
    1,
    1,
    3,
    2,
    3,
    3,
    3,
    3,
    1,
    3,
    3,
    0,
    3,
    0,
    2,
    3,
    3,
    3,
    3,
    2,
    3,
    3,
    3,
    2,
    3,
    3,
    3,
    3,
    3,
    0,
    3,
    3,
    0,
    3,
    3,
    3,
    3,
    3,
    3,
    0,
    2,
    3,
    3,
    3
  ],
  "reward_sequence": [
    0.9900000095367432,
    0.9900000095367432,
    -0.009999999776482582,
    1.9900000095367432,
    0.9900000095367432,
    -0.009999999776482582,
    -0.009999999776482582,
    -0.009999999776482582,
    -0.009999999776482582,
    -0.009999999776482582,
    -0.009999999776482582,
    0.9900000095367432,
    -0.009999999776482582,
    -0.009999999776482582,
    -0.009999999776482582,
    -0.009999999776482582,
    -0.009999999776482582,
    -0.009999999776482582,
    -0.009999999776482582,
    -1.0099999904632568,
    -0.009999999776482582,
    -0.009999999776482582,
    -0.009999999776482582,
    -1.0099999904632568,
    -0.009999999776482582,
    -2.009999990463257,
    1.9900000095367432,
    0.9900000095367432,
    -0.009999999776482582,
    -0.009999999776482582,
    -0.009999999776482582,
    -0.009999999776482582,
    -1.0099999904632568,
    -0.009999999776482582,
    -0.009999999776482582,
    -0.009999999776482582,
    -0.009999999776482582,
    -0.009999999776482582,
    -0.009999999776482582,
    -2.009999990463257,
    1.9900000095367432,
    -0.009999999776482582,
    -2.009999990463257,
    -0.009999999776482582,
    1.9900000095367432,
    -0.009999999776482582,
    -0.009999999776482582,
    -0.009999999776482582,
    -0.009999999776482582,
    -0.009999999776482582,
    -0.009999999776482582,
    -0.009999999776482582,
    -0.009999999776482582,
    -0.009999999776482582,
    -0.009999999776482582,
    -0.009999999776482582,
    -0.009999999776482582,
    -0.009999999776482582,
    -0.009999999776482582,
    0.9900000095367432,
    -0.009999999776482582,
    -0.009999999776482582,
    -0.009999999776482582,
    -0.009999999776482582,
    -0.009999999776482582,
    -0.009999999776482582,
    -0.009999999776482582,
    -1.0099999904632568,
    -0.009999999776482582,
    -2.009999990463257,
    1.9900000095367432,
    -0.009999999776482582,
    -0.009999999776482582,
    -0.009999999776482582,
    -0.009999999776482582,
    0.9900000095367432,
    -0.009999999776482582,
    -0.009999999776482582,
    -0.009999999776482582,
    0.9900000095367432,
    -0.009999999776482582,
    -0.009999999776482582,
    -0.009999999776482582,
    -0.009999999776482582,
    -0.009999999776482582,
    -1.0099999904632568,
    -0.009999999776482582,
    -0.009999999776482582,
    -1.0099999904632568,
    -0.009999999776482582,
    -0.009999999776482582,
    -0.009999999776482582,
    -0.009999999776482582,
    -0.009999999776482582,
    -0.009999999776482582,
    -2.009999990463257,
    1.9900000095367432,
    -0.009999999776482582,
    -0.009999999776482582,
    -0.009999999776482582
  ],
  "initial_ascii": [
    "LEGEND:",
    ".: background",
    "#: wallsolo",
    "\u1029: wallrl",
    "*: crate, massive",
    "\u03c9: wallud",
    "t: switch",
    "\u123c: wallr",
    "o: exit",
    "\u2835: walld",
    "x: door",
    "\u27ba: wallm",
    "\u132f: walll",
    "\u04b6: playerr",
    "",
    "MAP:",
    ".................#\u1029\u1029\u1029\u1029\u1029\u1029\u1029\u1029\u1029\u1029#*#.#.##",
    ".................\u03c9..*........*.....\u03c9",
    ".................\u03c9.t#\u1029#....*#\u1029\u1029\u1029\u1029\u1029\u1029\u123c",
    "#................#.....*...#o......\u03c9",
    "\u03c9.....................#\u1029\u1029\u1029\u1029\u2835\u1029\u1029\u1029#...\u03c9",
    "\u03c9....................#.....**.....*\u03c9",
    "\u03c9................##.#....#\u1029#x#\u1029\u1029\u1029\u1029\u1029\u123c",
    "\u03c9...............#\u27ba\u123c.\u03c9*.......*.....\u03c9",
    "\u03c9.........*..#\u1029\u1029\u2835\u2835\u2835\u1029\u2835\u1029\u1029\u1029\u1029\u1029\u1029#x#\u1029#...\u03c9",
    "\u132f#.....\u04b6.**................*......*\u03c9",
    "#\u2835\u1029\u1029\u1029\u1029\u1029\u1029\u1029\u1029\u1029\u1029\u1029\u1029\u1029\u1029\u1029\u1029\u1029\u1029\u1029\u1029\u1029\u1029\u1029\u1029\u1029#x#\u1029\u1029\u1029\u1029\u1029#",
    "...................................."
  ],
  "state_data": {
    "score": 0,
    "win": false,
    "step": 100
  },
  "heuristics": [
    -27.0,
    -26.0,
    -26.0,
    -24.0,
    -23.0,
    -23.0,
    -23.0,
    -23.0,
    -23.0,
    -23.0,
    -23.0,
    -22.0,
    -22.0,
    -22.0,
    -22.0,
    -22.0,
    -22.0,
    -22.0,
    -22.0,
    -23.0,
    -23.0,
    -23.0,
    -23.0,
    -24.0,
    -24.0,
    -26.0,
    -24.0,
    -23.0,
    -23.0,
    -23.0,
    -23.0,
    -23.0,
    -24.0,
    -24.0,
    -24.0,
    -24.0,
    -24.0,
    -24.0,
    -24.0,
    -26.0,
    -24.0,
    -24.0,
    -26.0,
    -26.0,
    -24.0,
    -24.0,
    -24.0,
    -24.0,
    -24.0,
    -24.0,
    -24.0,
    -24.0,
    -24.0,
    -24.0,
    -24.0,
    -24.0,
    -24.0,
    -24.0,
    -24.0,
    -23.0,
    -23.0,
    -23.0,
    -23.0,
    -23.0,
    -23.0,
    -23.0,
    -23.0,
    -24.0,
    -24.0,
    -26.0,
    -24.0,
    -24.0,
    -24.0,
    -24.0,
    -24.0,
    -23.0,
    -23.0,
    -23.0,
    -23.0,
    -22.0,
    -22.0,
    -22.0,
    -22.0,
    -22.0,
    -22.0,
    -23.0,
    -23.0,
    -23.0,
    -24.0,
    -24.0,
    -24.0,
    -24.0,
    -24.0,
    -24.0,
    -24.0,
    -26.0,
    -24.0,
    -24.0,
    -24.0,
    -24.0
  ],
  "final_ascii": [
    "LEGEND:",
    ".: background",
    "#: wallsolo",
    "\u1029: wallrl",
    "*: crate, massive",
    "\u03c9: wallud",
    "t: switch",
    "\u123c: wallr",
    "o: exit",
    "\u2835: walld",
    "x: door",
    "\u27ba: wallm",
    "\u04b6: playerr",
    "\u132f: walll",
    "",
    "MAP:",
    ".................#\u1029\u1029\u1029\u1029\u1029\u1029\u1029\u1029\u1029\u1029#*#.#.##",
    ".................\u03c9..*........*.....\u03c9",
    ".................\u03c9.t#\u1029#....*#\u1029\u1029\u1029\u1029\u1029\u1029\u123c",
    "#................#.....*...#o......\u03c9",
    "\u03c9.....................#\u1029\u1029\u1029\u1029\u2835\u1029\u1029\u1029#...\u03c9",
    "\u03c9....................#.....**.....*\u03c9",
    "\u03c9................##.#....#\u1029#x#\u1029\u1029\u1029\u1029\u1029\u123c",
    "\u03c9...............#\u27ba\u123c.\u03c9*.......*.....\u03c9",
    "\u03c9........\u04b6...#\u1029\u1029\u2835\u2835\u2835\u1029\u2835\u1029\u1029\u1029\u1029\u1029\u1029#x#\u1029#...\u03c9",
    "\u132f#.......***...............*......*\u03c9",
    "#\u2835\u1029\u1029\u1029\u1029\u1029\u1029\u1029\u1029\u1029\u1029\u1029\u1029\u1029\u1029\u1029\u1029\u1029\u1029\u1029\u1029\u1029\u1029\u1029\u1029\u1029#x#\u1029\u1029\u1029\u1029\u1029#",
    "...................................."
  ]
}