{
  "model": "o1",
  "game": "kettle",
  "level": 8,
  "run": 1,
  "win": false,
  "action_sequence": [
    4,
    4,
    4,
    4,
    1,
    1,
    4,
    3,
    2,
    4,
    4,
    4,
    0,
    4,
    4,
    1,
    1,
    1,
    4,
    4,
    1,
    4,
    4,
    3,
    4,
    4,
    4,
    2,
    4,
    4,
    4,
    2,
    4,
    4,
    0,
    4,
    4,
    4,
    3,
    1,
    4,
    3,
    0,
    0,
    4,
    4,
    2,
    4,
    0,
    0,
    4,
    4,
    4,
    3,
    4,
    0,
    0,
    3,
    4,
    3,
    4,
    4,
    4,
    4,
    4,
    0,
    3,
    4,
    0,
    4,
    4,
    4,
    0,
    4,
    4,
    3,
    4,
    4,
    4,
    4,
    2,
    4,
    4,
    2,
    4,
    4,
    3,
    4,
    0,
    4,
    4,
    4,
    0,
    4,
    4,
    3,
    0,
    4,
    4,
    4
  ],
  "reward_sequence": [
    -0.009999999776482582,
    -0.009999999776482582,
    -0.009999999776482582,
    -0.009999999776482582,
    4.989999771118164,
    4.989999771118164,
    -0.009999999776482582,
    4.989999771118164,
    5.989999771118164,
    -0.009999999776482582,
    -0.009999999776482582,
    -0.009999999776482582,
    3.990000009536743,
    -0.009999999776482582,
    -0.009999999776482582,
    -0.009999999776482582,
    -0.009999999776482582,
    -2.009999990463257,
    -0.009999999776482582,
    -0.009999999776482582,
    -0.009999999776482582,
    -0.009999999776482582,
    -0.009999999776482582,
    -0.009999999776482582,
    -0.009999999776482582,
    -0.009999999776482582,
    -0.009999999776482582,
    0.9900000095367432,
    -0.009999999776482582,
    -0.009999999776482582,
    -0.009999999776482582,
    -0.009999999776482582,
    -0.009999999776482582,
    -0.009999999776482582,
    -0.009999999776482582,
    -0.009999999776482582,
    -0.009999999776482582,
    -0.009999999776482582,
    0.9900000095367432,
    -0.009999999776482582,
    -0.009999999776482582,
    -0.009999999776482582,
    -0.009999999776482582,
    -0.009999999776482582,
    -0.009999999776482582,
    -0.009999999776482582,
    -0.009999999776482582,
    -0.009999999776482582,
    -0.009999999776482582,
    -0.009999999776482582,
    -0.009999999776482582,
    -0.009999999776482582,
    -0.009999999776482582,
    -0.009999999776482582,
    -0.009999999776482582,
    -0.009999999776482582,
    -0.009999999776482582,
    -0.009999999776482582,
    -0.009999999776482582,
    -0.009999999776482582,
    -0.009999999776482582,
    -0.009999999776482582,
    -0.009999999776482582,
    -0.009999999776482582,
    -0.009999999776482582,
    -0.009999999776482582,
    -0.009999999776482582,
    -0.009999999776482582,
    -0.009999999776482582,
    -0.009999999776482582,
    -0.009999999776482582,
    -0.009999999776482582,
    -0.009999999776482582,
    -0.009999999776482582,
    -0.009999999776482582,
    -0.009999999776482582,
    -0.009999999776482582,
    -0.009999999776482582,
    -0.009999999776482582,
    -0.009999999776482582,
    -0.009999999776482582,
    -0.009999999776482582,
    -0.009999999776482582,
    -0.009999999776482582,
    -0.009999999776482582,
    -0.009999999776482582,
    -0.009999999776482582,
    -0.009999999776482582,
    -0.009999999776482582,
    -0.009999999776482582,
    -0.009999999776482582,
    -0.009999999776482582,
    -0.009999999776482582,
    -0.009999999776482582,
    -0.009999999776482582,
    -0.009999999776482582,
    -0.009999999776482582,
    -0.009999999776482582,
    -0.009999999776482582,
    -0.009999999776482582
  ],
  "initial_ascii": [
    "LEGEND:",
    "#: wall",
    ".: background",
    "k: dpolice",
    "l: rpolice",
    "c: crate",
    "j: lpolice",
    "t: target",
    "@: target, crate",
    "i: upolice",
    "",
    "MAP:",
    "###############",
    "#.............#",
    "#..kkkkkkkkk..#",
    "#.lc.cccc...j.#",
    "#.l.........j.#",
    "#.lccttttt..j.#",
    "#.lc.tt@tt.cj.#",
    "#.lc.tt@@t.cj.#",
    "#.l..@@tt@.cj.#",
    "#.l..t@t@t..j.#",
    "#.l.........j.#",
    "#.lc.c.c.c.cj.#",
    "#..iiiiiiiii..#",
    "###############"
  ],
  "state_data": {
    "score": 12,
    "win": false,
    "step": 100
  },
  "heuristics": [
    -39.0,
    -39.0,
    -39.0,
    -39.0,
    -34.0,
    -29.0,
    -29.0,
    -24.0,
    -18.0,
    -18.0,
    -18.0,
    -18.0,
    -14.0,
    -14.0,
    -14.0,
    -14.0,
    -14.0,
    -16.0,
    -16.0,
    -16.0,
    -16.0,
    -16.0,
    -16.0,
    -16.0,
    -16.0,
    -16.0,
    -16.0,
    -15.0,
    -15.0,
    -15.0,
    -15.0,
    -15.0,
    -15.0,
    -15.0,
    -15.0,
    -15.0,
    -15.0,
    -15.0,
    -14.0,
    -14.0,
    -14.0,
    -14.0,
    -14.0,
    -14.0,
    -14.0,
    -14.0,
    -14.0,
    -14.0,
    -14.0,
    -14.0,
    -14.0,
    -14.0,
    -14.0,
    -14.0,
    -14.0,
    -14.0,
    -14.0,
    -14.0,
    -14.0,
    -14.0,
    -14.0,
    -14.0,
    -14.0,
    -14.0,
    -14.0,
    -14.0,
    -14.0,
    -14.0,
    -14.0,
    -14.0,
    -14.0,
    -14.0,
    -14.0,
    -14.0,
    -14.0,
    -14.0,
    -14.0,
    -14.0,
    -14.0,
    -14.0,
    -14.0,
    -14.0,
    -14.0,
    -14.0,
    -14.0,
    -14.0,
    -14.0,
    -14.0,
    -14.0,
    -14.0,
    -14.0,
    -14.0,
    -14.0,
    -14.0,
    -14.0,
    -14.0,
    -14.0,
    -14.0,
    -14.0,
    -14.0
  ],
  "final_ascii": [
    "LEGEND:",
    "#: wall",
    ".: background",
    "l: rpolice",
    "j: lpolice",
    "k: dpolice",
    "\u2594: target, lpolice",
    "t: target",
    "c: crate",
    "\u0436: target, rpolice",
    "@: target, crate",
    "\u04b6: target, dpolice",
    "i: upolice",
    "",
    "MAP:",
    "###############",
    "#.............#",
    "#.............#",
    "#.....lj......#",
    "#.lkj.........#",
    "#..lk\u2594tttt.k..#",
    "#...c\u0436@\u04b6ttkj..#",
    "#..lc\u04b6\u04b6@\u04b6\u04b6cj..#",
    "#..lc@@@@@cj..#",
    "#..lc@@@@@cj..#",
    "#..liccccccj..#",
    "#.li.iiiiiiij.#",
    "#.............#",
    "###############"
  ]
}