{
  "model": "o1",
  "game": "kettle",
  "level": 9,
  "run": 1,
  "win": false,
  "action_sequence": [
    0,
    1,
    4,
    2,
    4,
    4,
    4,
    4,
    4,
    4,
    0,
    3,
    2,
    4,
    0,
    1,
    0,
    4,
    4,
    3,
    4,
    3,
    4,
    2,
    4,
    1,
    4,
    4,
    3,
    4,
    2,
    2,
    4,
    4,
    3,
    4,
    1,
    4,
    1,
    4,
    1,
    2,
    4,
    4,
    1,
    4,
    2,
    3,
    2,
    2,
    4,
    4,
    2,
    2,
    2,
    1,
    4,
    4,
    2,
    4,
    1,
    0,
    4,
    1,
    4,
    0,
    4,
    4,
    4,
    2,
    3,
    4,
    4,
    2,
    4,
    4,
    4,
    3,
    2,
    4,
    3,
    4,
    4,
    4,
    4,
    2,
    0,
    4,
    4,
    2,
    2,
    0,
    0,
    4,
    4,
    4,
    4,
    4,
    4,
    4
  ],
  "reward_sequence": [
    5.989999771118164,
    5.989999771118164,
    -0.009999999776482582,
    5.989999771118164,
    -0.009999999776482582,
    -0.009999999776482582,
    -0.009999999776482582,
    -0.009999999776482582,
    -0.009999999776482582,
    -0.009999999776482582,
    5.989999771118164,
    4.989999771118164,
    4.989999771118164,
    -0.009999999776482582,
    4.989999771118164,
    4.989999771118164,
    -0.009999999776482582,
    -0.009999999776482582,
    -0.009999999776482582,
    4.989999771118164,
    -0.009999999776482582,
    1.9900000095367432,
    -0.009999999776482582,
    -0.009999999776482582,
    -0.009999999776482582,
    -0.009999999776482582,
    -0.009999999776482582,
    -0.009999999776482582,
    -0.009999999776482582,
    -0.009999999776482582,
    -0.009999999776482582,
    -0.009999999776482582,
    -0.009999999776482582,
    -0.009999999776482582,
    -0.009999999776482582,
    -0.009999999776482582,
    -0.009999999776482582,
    -0.009999999776482582,
    -0.009999999776482582,
    -0.009999999776482582,
    -0.009999999776482582,
    -0.009999999776482582,
    -0.009999999776482582,
    -0.009999999776482582,
    -0.009999999776482582,
    -0.009999999776482582,
    -0.009999999776482582,
    -0.009999999776482582,
    -0.009999999776482582,
    -0.009999999776482582,
    -0.009999999776482582,
    -0.009999999776482582,
    -0.009999999776482582,
    -0.009999999776482582,
    -0.009999999776482582,
    -0.009999999776482582,
    -0.009999999776482582,
    -0.009999999776482582,
    -0.009999999776482582,
    -0.009999999776482582,
    -0.009999999776482582,
    -0.009999999776482582,
    -0.009999999776482582,
    -0.009999999776482582,
    -0.009999999776482582,
    -0.009999999776482582,
    -0.009999999776482582,
    -0.009999999776482582,
    -0.009999999776482582,
    -0.009999999776482582,
    -0.009999999776482582,
    -0.009999999776482582,
    -0.009999999776482582,
    -0.009999999776482582,
    -0.009999999776482582,
    -0.009999999776482582,
    -0.009999999776482582,
    -0.009999999776482582,
    -0.009999999776482582,
    -0.009999999776482582,
    -0.009999999776482582,
    -0.009999999776482582,
    -0.009999999776482582,
    -0.009999999776482582,
    -0.009999999776482582,
    -0.009999999776482582,
    -0.009999999776482582,
    -0.009999999776482582,
    -0.009999999776482582,
    -0.009999999776482582,
    -0.009999999776482582,
    -0.009999999776482582,
    -0.009999999776482582,
    -0.009999999776482582,
    -0.009999999776482582,
    -0.009999999776482582,
    -0.009999999776482582,
    -0.009999999776482582,
    -0.009999999776482582,
    -0.009999999776482582
  ],
  "initial_ascii": [
    "LEGEND:",
    "#: wall",
    ".: background",
    "k: dpolice",
    "l: rpolice",
    "c: crate",
    "j: lpolice",
    "@: target, crate",
    "t: target",
    "i: upolice",
    "",
    "MAP:",
    "###############",
    "#.kkkkkkkkkk..#",
    "#lccc..c..cj..#",
    "#lc........j..#",
    "#lc.@t@tt..j..#",
    "#lc.t@@@t..j..#",
    "#l..@ttt@.cj..#",
    "#lc.tt@@t.cj..#",
    "#l..ttttt..j..#",
    "#l.........j..#",
    "#l........cj..#",
    "#l....c.cccj..#",
    "#.iiiiiiiiii..#",
    "###############"
  ],
  "state_data": {
    "score": 23,
    "win": false,
    "step": 100
  },
  "heuristics": [
    -47.0,
    -41.0,
    -41.0,
    -35.0,
    -35.0,
    -35.0,
    -35.0,
    -35.0,
    -35.0,
    -35.0,
    -29.0,
    -24.0,
    -19.0,
    -19.0,
    -14.0,
    -9.0,
    -9.0,
    -9.0,
    -9.0,
    -4.0,
    -4.0,
    -2.0,
    -2.0,
    -2.0,
    -2.0,
    -2.0,
    -2.0,
    -2.0,
    -2.0,
    -2.0,
    -2.0,
    -2.0,
    -2.0,
    -2.0,
    -2.0,
    -2.0,
    -2.0,
    -2.0,
    -2.0,
    -2.0,
    -2.0,
    -2.0,
    -2.0,
    -2.0,
    -2.0,
    -2.0,
    -2.0,
    -2.0,
    -2.0,
    -2.0,
    -2.0,
    -2.0,
    -2.0,
    -2.0,
    -2.0,
    -2.0,
    -2.0,
    -2.0,
    -2.0,
    -2.0,
    -2.0,
    -2.0,
    -2.0,
    -2.0,
    -2.0,
    -2.0,
    -2.0,
    -2.0,
    -2.0,
    -2.0,
    -2.0,
    -2.0,
    -2.0,
    -2.0,
    -2.0,
    -2.0,
    -2.0,
    -2.0,
    -2.0,
    -2.0,
    -2.0,
    -2.0,
    -2.0,
    -2.0,
    -2.0,
    -2.0,
    -2.0,
    -2.0,
    -2.0,
    -2.0,
    -2.0,
    -2.0,
    -2.0,
    -2.0,
    -2.0,
    -2.0,
    -2.0,
    -2.0,
    -2.0,
    -2.0
  ],
  "final_ascii": [
    "LEGEND:",
    "#: wall",
    ".: background",
    "l: rpolice",
    "k: dpolice",
    "j: lpolice",
    "@: target, crate",
    "\u2594: target, lpolice",
    "i: upolice",
    "c: crate",
    "",
    "MAP:",
    "###############",
    "#.............#",
    "#.lk.....kj...#",
    "#..lkkkkkj....#",
    "#..l@@@@@j....#",
    "#..l@@@@\u2594.....#",
    "#..l@@@@@j.k..#",
    "#..l@@@@@j.i..#",
    "#..l@@@@\u2594i....#",
    "#..lciicj.....#",
    "#.kli..ij.....#",
    "#.li....ijk...#",
    "#.i.......i...#",
    "###############"
  ]
}