{
  "model": "o1",
  "game": "slidings",
  "level": 8,
  "run": 1,
  "win": true,
  "action_sequence": [
    1,
    3,
    1,
    3,
    1,
    3,
    1,
    3,
    1,
    0
  ],
  "reward_sequence": [
    -0.009999999776482582,
    -0.009999999776482582,
    -0.009999999776482582,
    -0.009999999776482582,
    -0.009999999776482582,
    -0.009999999776482582,
    -0.009999999776482582,
    -0.009999999776482582,
    -0.009999999776482582,
    2.990000009536743
  ],
  "initial_ascii": [
    "LEGEND:",
    "#: wall",
    "m: count",
    ".: background",
    "n: countend",
    "o: target",
    "a: balla",
    "p: player",
    "b: ballb",
    "e: ballc, overwall",
    "",
    "MAP:",
    "#mmmmmmm",
    "##.....m",
    "##.....n",
    "##..o..#",
    "##a....#",
    "##..p.b#",
    "#######e"
  ],
  "state_data": {
    "score": 0,
    "win": true,
    "step": 10
  },
  "heuristics": [
    -2.0,
    -2.0,
    -2.0,
    -2.0,
    -2.0,
    -2.0,
    -2.0,
    -2.0,
    -2.0,
    0.0
  ],
  "final_ascii": [
    "LEGEND:",
    "#: wall",
    ".: background",
    "o: target",
    "a: balla",
    "\u2733: deadplayer",
    "b: ballb",
    "e: ballc, overwall",
    "",
    "MAP:",
    "########",
    "##.....#",
    "##.....#",
    "##..o..#",
    "##a....#",
    "##\u2733...b#",
    "#######e"
  ]
}