{
  "model": "o1",
  "game": "slidings",
  "level": 6,
  "run": 1,
  "win": true,
  "action_sequence": [
    2,
    0,
    1,
    1,
    4,
    1,
    3,
    1,
    3,
    1,
    3,
    4,
    1
  ],
  "reward_sequence": [
    -1.0099999904632568,
    0.9900000095367432,
    -0.009999999776482582,
    -0.009999999776482582,
    -1.0099999904632568,
    -3.009999990463257,
    2.990000009536743,
    -3.009999990463257,
    2.990000009536743,
    -3.009999990463257,
    2.990000009536743,
    -1.0099999904632568,
    5.989999771118164
  ],
  "initial_ascii": [
    "LEGEND:",
    "#: wall",
    "m: count",
    ".: background",
    "o: target",
    "p: player",
    "n: countend",
    "a: balla",
    "b: ballb",
    "e: ballc, overwall",
    "",
    "MAP:",
    "#mmmmmmm",
    "#.o.#.pn",
    "#...#ab#",
    "#......#",
    "#...#..#",
    "#...#..#",
    "#######e"
  ],
  "state_data": {
    "score": 0,
    "win": true,
    "step": 13
  },
  "heuristics": [
    -4.0,
    -3.0,
    -3.0,
    -3.0,
    -4.0,
    -7.0,
    -4.0,
    -7.0,
    -4.0,
    -7.0,
    -4.0,
    -5.0,
    0.0
  ],
  "final_ascii": [
    "LEGEND:",
    "#: wall",
    ".: background",
    "o: target",
    "b: ballb",
    "c: ballc",
    "\u2733: deadplayer",
    "\u0974: balla, overwall",
    "",
    "MAP:",
    "########",
    "#.o.#b.#",
    "#...#c.#",
    "#......#",
    "#...#..#",
    "#...#.\u2733#",
    "#######\u0974"
  ]
}