{
  "model": "o1",
  "game": "slidings",
  "level": 5,
  "run": 1,
  "win": true,
  "action_sequence": [
    3,
    3,
    3,
    1,
    3,
    2,
    1,
    3,
    4,
    4,
    3,
    1,
    3
  ],
  "reward_sequence": [
    -0.009999999776482582,
    -0.009999999776482582,
    -0.009999999776482582,
    0.9900000095367432,
    -1.0099999904632568,
    0.9900000095367432,
    -0.009999999776482582,
    -0.009999999776482582,
    0.9900000095367432,
    -2.009999990463257,
    -0.009999999776482582,
    -0.009999999776482582,
    5.989999771118164
  ],
  "initial_ascii": [
    "LEGEND:",
    "#: wall",
    "m: count",
    "n: countend",
    "p: player",
    ".: background",
    "a: balla",
    "o: target",
    "b: ballb",
    "e: ballc, overwall",
    "",
    "MAP:",
    "#mmmmmmmn",
    "#p.a....#",
    "#.......#",
    "#.......#",
    "#..o#...#",
    "#.......#",
    "#.......#",
    "#b......#",
    "########e"
  ],
  "state_data": {
    "score": 0,
    "win": true,
    "step": 13
  },
  "heuristics": [
    -5.0,
    -5.0,
    -5.0,
    -4.0,
    -5.0,
    -4.0,
    -4.0,
    -4.0,
    -3.0,
    -5.0,
    -5.0,
    -5.0,
    0.0
  ],
  "final_ascii": [
    "LEGEND:",
    "#: wall",
    "\u2733: deadplayer",
    "b: ballb",
    "c: ballc",
    ".: background",
    "o: target",
    "\u0974: balla, overwall",
    "",
    "MAP:",
    "#########",
    "#\u2733bc....#",
    "#.......#",
    "#.......#",
    "#..o#...#",
    "#.......#",
    "#.......#",
    "#.......#",
    "########\u0974"
  ]
}