{
  "model": "o1",
  "game": "Travelling_salesman",
  "level": 9,
  "run": 1,
  "win": false,
  "action_sequence": [
    1,
    1,
    0,
    3,
    3,
    3,
    2,
    2,
    2,
    2,
    1,
    1,
    0,
    0,
    1,
    2,
    2,
    1,
    0,
    0,
    0,
    0,
    3,
    3,
    3,
    3,
    3,
    3,
    2,
    2,
    4,
    3,
    3,
    2,
    3,
    3,
    3,
    3,
    3,
    4,
    3,
    3,
    2,
    2,
    3,
    3,
    2,
    3,
    3,
    3,
    3,
    3,
    3,
    3,
    3,
    3,
    3,
    3,
    3,
    3,
    3,
    3,
    3,
    3,
    3,
    2,
    3,
    3,
    3,
    3,
    3,
    3,
    3,
    3,
    3,
    3,
    3,
    3,
    3,
    3,
    3,
    3,
    3,
    2,
    2,
    2,
    4,
    3,
    3,
    3,
    3,
    3,
    3,
    3,
    4,
    3,
    3,
    3,
    3,
    3
  ],
  "reward_sequence": [
    1.9900000095367432,
    0.9900000095367432,
    0.9900000095367432,
    0.9900000095367432,
    0.9900000095367432,
    0.9900000095367432,
    0.9900000095367432,
    0.9900000095367432,
    0.9900000095367432,
    0.9900000095367432,
    0.9900000095367432,
    0.9900000095367432,
    0.9900000095367432,
    0.9900000095367432,
    0.9900000095367432,
    0.9900000095367432,
    0.9900000095367432,
    0.9900000095367432,
    0.9900000095367432,
    0.9900000095367432,
    0.9900000095367432,
    0.9900000095367432,
    -0.009999999776482582,
    -0.009999999776482582,
    -0.009999999776482582,
    -0.009999999776482582,
    -0.009999999776482582,
    -0.009999999776482582,
    -0.009999999776482582,
    -0.009999999776482582,
    -0.009999999776482582,
    -0.009999999776482582,
    -0.009999999776482582,
    -0.009999999776482582,
    -0.009999999776482582,
    -0.009999999776482582,
    -0.009999999776482582,
    -0.009999999776482582,
    -0.009999999776482582,
    -0.009999999776482582,
    -0.009999999776482582,
    -0.009999999776482582,
    -0.009999999776482582,
    -0.009999999776482582,
    -0.009999999776482582,
    -0.009999999776482582,
    -0.009999999776482582,
    -0.009999999776482582,
    -0.009999999776482582,
    -0.009999999776482582,
    -0.009999999776482582,
    -0.009999999776482582,
    -0.009999999776482582,
    -0.009999999776482582,
    -0.009999999776482582,
    -0.009999999776482582,
    -0.009999999776482582,
    -0.009999999776482582,
    -0.009999999776482582,
    -0.009999999776482582,
    -0.009999999776482582,
    -0.009999999776482582,
    -0.009999999776482582,
    -0.009999999776482582,
    -0.009999999776482582,
    -0.009999999776482582,
    -0.009999999776482582,
    -0.009999999776482582,
    -0.009999999776482582,
    -0.009999999776482582,
    -0.009999999776482582,
    -0.009999999776482582,
    -0.009999999776482582,
    -0.009999999776482582,
    -0.009999999776482582,
    -0.009999999776482582,
    -0.009999999776482582,
    -0.009999999776482582,
    -0.009999999776482582,
    -0.009999999776482582,
    -0.009999999776482582,
    -0.009999999776482582,
    -0.009999999776482582,
    -0.009999999776482582,
    -0.009999999776482582,
    -0.009999999776482582,
    -0.009999999776482582,
    -0.009999999776482582,
    -0.009999999776482582,
    -0.009999999776482582,
    -0.009999999776482582,
    -0.009999999776482582,
    -0.009999999776482582,
    -0.009999999776482582,
    -0.009999999776482582,
    -0.009999999776482582,
    -0.009999999776482582,
    -0.009999999776482582,
    -0.009999999776482582,
    -0.009999999776482582
  ],
  "initial_ascii": [
    "LEGEND:",
    "o: node",
    "-: hlink",
    "|: vlink",
    ".: background",
    "\u2733: nodeseen",
    "\u0436: vlinkseen",
    "\u2623: nodeseen, player",
    "",
    "MAP:",
    "o-o-o-o-o",
    "|.|.|...|",
    "o.\u2733.o-o.o",
    "|.\u0436...|.|",
    "o-\u2623.o-o-o",
    "|.|.|...|",
    "o-o-o-o-o",
    "|.....|.|",
    "o-o-o-o-o"
  ],
  "state_data": {
    "score": -2,
    "win": false,
    "step": 100
  },
  "heuristics": [
    -23.0,
    -22.0,
    -21.0,
    -20.0,
    -19.0,
    -18.0,
    -17.0,
    -16.0,
    -15.0,
    -14.0,
    -13.0,
    -12.0,
    -11.0,
    -10.0,
    -9.0,
    -8.0,
    -7.0,
    -6.0,
    -5.0,
    -4.0,
    -3.0,
    -2.0,
    -2.0,
    -2.0,
    -2.0,
    -2.0,
    -2.0,
    -2.0,
    -2.0,
    -2.0,
    -2.0,
    -2.0,
    -2.0,
    -2.0,
    -2.0,
    -2.0,
    -2.0,
    -2.0,
    -2.0,
    -2.0,
    -2.0,
    -2.0,
    -2.0,
    -2.0,
    -2.0,
    -2.0,
    -2.0,
    -2.0,
    -2.0,
    -2.0,
    -2.0,
    -2.0,
    -2.0,
    -2.0,
    -2.0,
    -2.0,
    -2.0,
    -2.0,
    -2.0,
    -2.0,
    -2.0,
    -2.0,
    -2.0,
    -2.0,
    -2.0,
    -2.0,
    -2.0,
    -2.0,
    -2.0,
    -2.0,
    -2.0,
    -2.0,
    -2.0,
    -2.0,
    -2.0,
    -2.0,
    -2.0,
    -2.0,
    -2.0,
    -2.0,
    -2.0,
    -2.0,
    -2.0,
    -2.0,
    -2.0,
    -2.0,
    -2.0,
    -2.0,
    -2.0,
    -2.0,
    -2.0,
    -2.0,
    -2.0,
    -2.0,
    -2.0,
    -2.0,
    -2.0,
    -2.0,
    -2.0,
    -2.0
  ],
  "final_ascii": [
    "LEGEND:",
    "\u2733: nodeseen",
    "\u2594: hlinkseen",
    "\u0436: vlinkseen",
    ".: background",
    "|: vlink",
    "o: node",
    "-: hlink",
    "\u2623: nodeseen, player",
    "",
    "MAP:",
    "\u2733\u2594\u2733\u2594\u2733\u2594\u2733\u2594\u2733",
    "\u0436.|.|...\u0436",
    "\u2733.\u2733.o-o.\u2733",
    "\u0436.\u0436...|.\u0436",
    "\u2733-\u2733.\u2733\u2594\u2733\u2594\u2733",
    "\u0436.\u0436.\u0436...|",
    "\u2733\u2594\u2733-\u2733\u2594\u2733\u2594\u2733",
    "|.....|.\u0436",
    "\u2623\u2594\u2733\u2594\u2733\u2594\u2733\u2594\u2733"
  ]
}