{
  "model": "o1",
  "game": "Take_Heart_Lass",
  "level": 7,
  "run": 1,
  "win": false,
  "action_sequence": [
    0,
    1,
    3,
    0,
    2,
    3,
    0,
    2,
    0,
    1,
    2,
    4,
    2,
    0,
    3,
    1,
    0,
    2,
    3,
    1,
    3,
    4,
    1,
    2,
    2,
    2,
    0,
    1,
    3,
    1,
    3,
    2,
    0,
    1,
    3,
    4,
    1,
    3,
    4,
    1,
    3,
    1,
    0,
    0,
    3,
    0,
    4,
    3,
    1,
    2,
    2,
    2,
    2,
    2,
    1,
    0,
    2,
    3,
    1,
    3,
    1,
    1,
    3,
    0,
    0,
    0,
    3,
    3,
    3,
    4,
    4,
    0,
    3,
    0,
    3,
    3,
    3,
    0,
    3,
    3,
    3,
    0,
    0,
    0,
    3,
    3,
    3,
    3,
    3,
    0,
    3,
    0,
    0,
    3,
    0,
    3,
    0,
    0,
    0,
    3
  ],
  "reward_sequence": [
    -1.0099999904632568,
    -1.0099999904632568,
    0.9900000095367432,
    -1.0099999904632568,
    0.9900000095367432,
    0.9900000095367432,
    -1.0099999904632568,
    0.9900000095367432,
    -1.0099999904632568,
    -1.0099999904632568,
    0.9900000095367432,
    -0.009999999776482582,
    0.9900000095367432,
    -1.0099999904632568,
    0.9900000095367432,
    -1.0099999904632568,
    -1.0099999904632568,
    0.9900000095367432,
    0.9900000095367432,
    -1.0099999904632568,
    0.9900000095367432,
    -0.009999999776482582,
    -1.0099999904632568,
    0.9900000095367432,
    -1.0099999904632568,
    -1.0099999904632568,
    0.9900000095367432,
    -1.0099999904632568,
    0.9900000095367432,
    -1.0099999904632568,
    0.9900000095367432,
    -1.0099999904632568,
    0.9900000095367432,
    -1.0099999904632568,
    0.9900000095367432,
    -0.009999999776482582,
    -1.0099999904632568,
    0.9900000095367432,
    -0.009999999776482582,
    -1.0099999904632568,
    0.9900000095367432,
    -1.0099999904632568,
    0.9900000095367432,
    -1.0099999904632568,
    0.9900000095367432,
    -1.0099999904632568,
    -0.009999999776482582,
    0.9900000095367432,
    -1.0099999904632568,
    -0.009999999776482582,
    -0.009999999776482582,
    -0.009999999776482582,
    -0.009999999776482582,
    -0.009999999776482582,
    -1.0099999904632568,
    -1.0099999904632568,
    0.9900000095367432,
    0.9900000095367432,
    -1.0099999904632568,
    0.9900000095367432,
    -1.0099999904632568,
    -1.0099999904632568,
    -0.009999999776482582,
    -0.009999999776482582,
    -0.009999999776482582,
    -0.009999999776482582,
    -0.009999999776482582,
    -0.009999999776482582,
    -0.009999999776482582,
    -0.009999999776482582,
    -0.009999999776482582,
    -0.009999999776482582,
    -0.009999999776482582,
    -0.009999999776482582,
    -0.009999999776482582,
    -0.009999999776482582,
    -0.009999999776482582,
    -0.009999999776482582,
    -0.009999999776482582,
    -0.009999999776482582,
    -0.009999999776482582,
    -0.009999999776482582,
    -0.009999999776482582,
    -0.009999999776482582,
    -0.009999999776482582,
    -0.009999999776482582,
    -0.009999999776482582,
    -0.009999999776482582,
    -0.009999999776482582,
    -0.009999999776482582,
    -0.009999999776482582,
    -0.009999999776482582,
    -0.009999999776482582,
    -0.009999999776482582,
    -0.009999999776482582,
    -0.009999999776482582,
    -0.009999999776482582,
    -0.009999999776482582,
    -0.009999999776482582,
    -0.009999999776482582
  ],
  "initial_ascii": [
    "LEGEND:",
    "#: wall",
    ".: background",
    "o: target",
    "*: crate",
    "p: player",
    "\u2594: altnewdespair",
    "\u03c9: newdespairwall",
    "x: olddespair",
    "",
    "MAP:",
    "###########",
    "#....o....#",
    "#..#####..#",
    "#.#.....#.#",
    "#..*p.*...#",
    "#....*....#",
    "#\u2594..###..\u2594#",
    "\u03c9x\u2594.....\u2594x\u03c9",
    "#\u03c9#######\u03c9#"
  ],
  "state_data": {
    "score": 0,
    "win": false,
    "step": 100
  },
  "heuristics": [
    -4.0,
    -5.0,
    -4.0,
    -5.0,
    -4.0,
    -3.0,
    -4.0,
    -3.0,
    -4.0,
    -5.0,
    -4.0,
    -4.0,
    -3.0,
    -4.0,
    -3.0,
    -4.0,
    -5.0,
    -4.0,
    -3.0,
    -4.0,
    -3.0,
    -3.0,
    -4.0,
    -3.0,
    -4.0,
    -5.0,
    -4.0,
    -5.0,
    -4.0,
    -5.0,
    -4.0,
    -5.0,
    -4.0,
    -5.0,
    -4.0,
    -4.0,
    -5.0,
    -4.0,
    -4.0,
    -5.0,
    -4.0,
    -5.0,
    -4.0,
    -5.0,
    -4.0,
    -5.0,
    -5.0,
    -4.0,
    -5.0,
    -5.0,
    -5.0,
    -5.0,
    -5.0,
    -5.0,
    -6.0,
    -7.0,
    -6.0,
    -5.0,
    -6.0,
    -5.0,
    -6.0,
    -7.0,
    -7.0,
    -7.0,
    -7.0,
    -7.0,
    -7.0,
    -7.0,
    -7.0,
    -7.0,
    -7.0,
    -7.0,
    -7.0,
    -7.0,
    -7.0,
    -7.0,
    -7.0,
    -7.0,
    -7.0,
    -7.0,
    -7.0,
    -7.0,
    -7.0,
    -7.0,
    -7.0,
    -7.0,
    -7.0,
    -7.0,
    -7.0,
    -7.0,
    -7.0,
    -7.0,
    -7.0,
    -7.0,
    -7.0,
    -7.0,
    -7.0,
    -7.0,
    -7.0,
    -7.0
  ],
  "final_ascii": [
    "LEGEND:",
    "\u0436: despairwall",
    "x: olddespair",
    "z: altolddespair",
    ".: background",
    "o: target",
    "*: crate",
    "p: player",
    "",
    "MAP:",
    "\u0436\u0436\u0436\u0436\u0436\u0436\u0436\u0436\u0436\u0436\u0436",
    "\u0436xzx.o.xzx\u0436",
    "\u0436zx\u0436\u0436\u0436\u0436\u0436xz\u0436",
    "\u0436x\u0436xzxzx\u0436x\u0436",
    "\u0436.*.xzx.*.\u0436",
    "\u0436x.xzxzx.x\u0436",
    "\u0436zxp\u0436\u0436\u0436zxz\u0436",
    "\u0436x.*.xzxzx\u0436",
    "\u0436\u0436\u0436\u0436\u0436\u0436\u0436\u0436\u0436\u0436\u0436"
  ]
}