{
  "model": "o1",
  "game": "Take_Heart_Lass",
  "level": 6,
  "run": 2,
  "win": true,
  "action_sequence": [
    3,
    0,
    0,
    0,
    3,
    2,
    3,
    0,
    0,
    0,
    1,
    0,
    3,
    3,
    3,
    1,
    1,
    1,
    2,
    3
  ],
  "reward_sequence": [
    0.9900000095367432,
    0.9900000095367432,
    0.9900000095367432,
    0.9900000095367432,
    0.9900000095367432,
    -1.0099999904632568,
    0.9900000095367432,
    0.9900000095367432,
    0.9900000095367432,
    0.9900000095367432,
    -1.0099999904632568,
    -1.0099999904632568,
    0.9900000095367432,
    0.9900000095367432,
    0.9900000095367432,
    -0.009999999776482582,
    -0.009999999776482582,
    -0.009999999776482582,
    0.9900000095367432,
    1.9900000095367432
  ],
  "initial_ascii": [
    "LEGEND:",
    "#: wall",
    "\u03c9: newdespairwall",
    ".: background",
    "o: target",
    "\u04b6: newdespair",
    "z: altolddespair",
    "x: olddespair",
    "*: crate",
    "p: player",
    "",
    "MAP:",
    "#########\u03c9#",
    "#...o..\u04b6zx\u03c9",
    "#.#.....#z#",
    "#...#.#..\u04b6#",
    "#.........#",
    "#\u04b6.**.**..#",
    "#z\u04b6......p#",
    "\u03c9xz\u04b6......#",
    "#\u03c9#########"
  ],
  "state_data": {
    "score": 1,
    "win": true,
    "step": 20
  },
  "heuristics": [
    -10.0,
    -9.0,
    -8.0,
    -7.0,
    -6.0,
    -7.0,
    -6.0,
    -5.0,
    -4.0,
    -3.0,
    -4.0,
    -5.0,
    -4.0,
    -3.0,
    -2.0,
    -2.0,
    -2.0,
    -2.0,
    -1.0,
    0.0
  ],
  "final_ascii": [
    "LEGEND:",
    "\u0436: despairwall",
    "x: olddespair",
    ".: background",
    "*: crate",
    "\u1029: target, player",
    "z: altolddespair",
    "#: wall",
    "",
    "MAP:",
    "\u0436\u0436\u0436\u0436\u0436\u0436\u0436\u0436\u0436\u0436\u0436",
    "\u0436x.*\u1029.zxzx\u0436",
    "\u0436z#..zxz#z\u0436",
    "\u0436xzx\u0436x\u0436xzx\u0436",
    "\u0436z.zxzxz.z\u0436",
    "\u0436.*..xz.*.\u0436",
    "\u0436z..*.xz.z\u0436",
    "\u0436xzx.xzxzx\u0436",
    "\u0436\u0436\u0436\u0436\u0436\u0436\u0436\u0436\u0436\u0436\u0436"
  ]
}