{
  "model": "o1",
  "game": "Take_Heart_Lass",
  "level": 8,
  "run": 1,
  "win": true,
  "action_sequence": [
    3,
    0,
    0,
    1,
    1,
    2,
    0,
    0,
    0,
    1,
    0,
    1,
    0,
    1,
    1,
    0
  ],
  "reward_sequence": [
    -1.0099999904632568,
    0.9900000095367432,
    0.9900000095367432,
    0.9900000095367432,
    0.9900000095367432,
    -1.0099999904632568,
    0.9900000095367432,
    0.9900000095367432,
    0.9900000095367432,
    0.9900000095367432,
    0.9900000095367432,
    0.9900000095367432,
    0.9900000095367432,
    0.9900000095367432,
    0.9900000095367432,
    1.9900000095367432
  ],
  "initial_ascii": [
    "LEGEND:",
    "#: wall",
    ".: background",
    "\u1b2f: newhope, player",
    "h: oldhope",
    "\u2594: altnewdespair",
    "\u2733: newhope",
    "\u03c9: newdespairwall",
    "x: olddespair",
    "z: altolddespair",
    "o: target",
    "",
    "MAP:",
    "###########",
    "#.......\u1b2fh#",
    "#\u2594.......\u2733#",
    "\u03c9x\u2594.......#",
    "#zx\u2594......#",
    "\u03c9xzx\u2594.....#",
    "#.xzx\u2594....#",
    "#o.xzx\u2594...#",
    "###\u03c9#\u03c9#####"
  ],
  "state_data": {
    "score": 1,
    "win": true,
    "step": 16
  },
  "heuristics": [
    -13.0,
    -12.0,
    -11.0,
    -10.0,
    -9.0,
    -10.0,
    -9.0,
    -8.0,
    -7.0,
    -6.0,
    -5.0,
    -4.0,
    -3.0,
    -2.0,
    -1.0,
    0.0
  ],
  "final_ascii": [
    "LEGEND:",
    "\u0436: despairwall",
    "#: wall",
    "h: oldhope",
    "\u1029: target, player",
    "",
    "MAP:",
    "\u0436##########",
    "#hhhhhhhhh#",
    "#hhhhhhhhh#",
    "#hhhhhhhhh#",
    "#hhhhhhhhh#",
    "#hhhhhhhhh#",
    "#hhhhhhhhh#",
    "\u0436\u1029hhhhhhhh#",
    "\u0436\u0436########\u0436"
  ]
}