{
  "model": "o1",
  "game": "Travelling_salesman",
  "level": 3,
  "run": 2,
  "win": false,
  "action_sequence": [
    2,
    2,
    2,
    1,
    1,
    0,
    0,
    1,
    2,
    2,
    0,
    0,
    0,
    0,
    0,
    0,
    0,
    0,
    0,
    0,
    0,
    0,
    0,
    0,
    0,
    0,
    0,
    0,
    0,
    0,
    0,
    3,
    0,
    0,
    0,
    0,
    4,
    0,
    0,
    0,
    0,
    3,
    0,
    0,
    0,
    0,
    3,
    0,
    0,
    0,
    0,
    0,
    0,
    0,
    0,
    0,
    0,
    0,
    0,
    0,
    0,
    0,
    0,
    0,
    0,
    0,
    0,
    0,
    0,
    0,
    0,
    0,
    0,
    0,
    4,
    0,
    0,
    0,
    0,
    0,
    0,
    3,
    0,
    0,
    0,
    0,
    3,
    0,
    0,
    0,
    0,
    0,
    0,
    0,
    0,
    0,
    0,
    0,
    0,
    0
  ],
  "reward_sequence": [
    1.9900000095367432,
    0.9900000095367432,
    0.9900000095367432,
    0.9900000095367432,
    0.9900000095367432,
    0.9900000095367432,
    0.9900000095367432,
    0.9900000095367432,
    0.9900000095367432,
    0.9900000095367432,
    -0.009999999776482582,
    -0.009999999776482582,
    -0.009999999776482582,
    -0.009999999776482582,
    -0.009999999776482582,
    -0.009999999776482582,
    -0.009999999776482582,
    -0.009999999776482582,
    -0.009999999776482582,
    -0.009999999776482582,
    -0.009999999776482582,
    -0.009999999776482582,
    -0.009999999776482582,
    -0.009999999776482582,
    -0.009999999776482582,
    -0.009999999776482582,
    -0.009999999776482582,
    -0.009999999776482582,
    -0.009999999776482582,
    -0.009999999776482582,
    -0.009999999776482582,
    -0.009999999776482582,
    -0.009999999776482582,
    -0.009999999776482582,
    -0.009999999776482582,
    -0.009999999776482582,
    -0.009999999776482582,
    -0.009999999776482582,
    -0.009999999776482582,
    -0.009999999776482582,
    -0.009999999776482582,
    -0.009999999776482582,
    -0.009999999776482582,
    -0.009999999776482582,
    -0.009999999776482582,
    -0.009999999776482582,
    -0.009999999776482582,
    -0.009999999776482582,
    -0.009999999776482582,
    -0.009999999776482582,
    -0.009999999776482582,
    -0.009999999776482582,
    -0.009999999776482582,
    -0.009999999776482582,
    -0.009999999776482582,
    -0.009999999776482582,
    -0.009999999776482582,
    -0.009999999776482582,
    -0.009999999776482582,
    -0.009999999776482582,
    -0.009999999776482582,
    -0.009999999776482582,
    -0.009999999776482582,
    -0.009999999776482582,
    -0.009999999776482582,
    -0.009999999776482582,
    -0.009999999776482582,
    -0.009999999776482582,
    -0.009999999776482582,
    -0.009999999776482582,
    -0.009999999776482582,
    -0.009999999776482582,
    -0.009999999776482582,
    -0.009999999776482582,
    -0.009999999776482582,
    -0.009999999776482582,
    -0.009999999776482582,
    -0.009999999776482582,
    -0.009999999776482582,
    -0.009999999776482582,
    -0.009999999776482582,
    -0.009999999776482582,
    -0.009999999776482582,
    -0.009999999776482582,
    -0.009999999776482582,
    -0.009999999776482582,
    -0.009999999776482582,
    -0.009999999776482582,
    -0.009999999776482582,
    -0.009999999776482582,
    -0.009999999776482582,
    -0.009999999776482582,
    -0.009999999776482582,
    -0.009999999776482582,
    -0.009999999776482582,
    -0.009999999776482582,
    -0.009999999776482582,
    -0.009999999776482582,
    -0.009999999776482582,
    -0.009999999776482582
  ],
  "initial_ascii": [
    "LEGEND:",
    "\u2733: nodeseen",
    "\u2594: hlinkseen",
    "\u2623: nodeseen, player",
    "-: hlink",
    "o: node",
    "|: vlink",
    ".: background",
    "",
    "MAP:",
    "\u2733\u2594\u2623-o-o",
    "|.|.|.|",
    "o-o.o.o",
    "|...|.|",
    "o-o-o-o",
    "|.|...|",
    "o-o-o-o"
  ],
  "state_data": {
    "score": -5,
    "win": false,
    "step": 100
  },
  "heuristics": [
    -14.0,
    -13.0,
    -12.0,
    -11.0,
    -10.0,
    -9.0,
    -8.0,
    -7.0,
    -6.0,
    -5.0,
    -5.0,
    -5.0,
    -5.0,
    -5.0,
    -5.0,
    -5.0,
    -5.0,
    -5.0,
    -5.0,
    -5.0,
    -5.0,
    -5.0,
    -5.0,
    -5.0,
    -5.0,
    -5.0,
    -5.0,
    -5.0,
    -5.0,
    -5.0,
    -5.0,
    -5.0,
    -5.0,
    -5.0,
    -5.0,
    -5.0,
    -5.0,
    -5.0,
    -5.0,
    -5.0,
    -5.0,
    -5.0,
    -5.0,
    -5.0,
    -5.0,
    -5.0,
    -5.0,
    -5.0,
    -5.0,
    -5.0,
    -5.0,
    -5.0,
    -5.0,
    -5.0,
    -5.0,
    -5.0,
    -5.0,
    -5.0,
    -5.0,
    -5.0,
    -5.0,
    -5.0,
    -5.0,
    -5.0,
    -5.0,
    -5.0,
    -5.0,
    -5.0,
    -5.0,
    -5.0,
    -5.0,
    -5.0,
    -5.0,
    -5.0,
    -5.0,
    -5.0,
    -5.0,
    -5.0,
    -5.0,
    -5.0,
    -5.0,
    -5.0,
    -5.0,
    -5.0,
    -5.0,
    -5.0,
    -5.0,
    -5.0,
    -5.0,
    -5.0,
    -5.0,
    -5.0,
    -5.0,
    -5.0,
    -5.0,
    -5.0,
    -5.0,
    -5.0,
    -5.0,
    -5.0
  ],
  "final_ascii": [
    "LEGEND:",
    "\u2733: nodeseen",
    "\u2594: hlinkseen",
    "|: vlink",
    ".: background",
    "\u0436: vlinkseen",
    "o: node",
    "-: hlink",
    "\u2623: nodeseen, player",
    "",
    "MAP:",
    "\u2733\u2594\u2733\u2594\u2733\u2594\u2733",
    "|.|.|.\u0436",
    "o-o.o.\u2733",
    "|...|.\u0436",
    "o-\u2733\u2594\u2733\u2594\u2733",
    "|.\u0436...|",
    "o-\u2733\u2594\u2733\u2594\u2623"
  ]
}