{
  "model": "4o-mini",
  "game": "Take_Heart_Lass",
  "level": 11,
  "run": 8,
  "win": false,
  "action_sequence": [
    2,
    1,
    1,
    1,
    2,
    2,
    1,
    2,
    4,
    4,
    1,
    3,
    3,
    3,
    2,
    1,
    1,
    1,
    3,
    1,
    2,
    1,
    1,
    2,
    2,
    1,
    3,
    1,
    4,
    1,
    1,
    2,
    1,
    4,
    2,
    0,
    1,
    4,
    1,
    2,
    4,
    2,
    0,
    1,
    4,
    2,
    1,
    1,
    1,
    2,
    1,
    1,
    2,
    1,
    4,
    1,
    4,
    2,
    1,
    2,
    2,
    2,
    1,
    1,
    3,
    4,
    1,
    3,
    1,
    1,
    2,
    4,
    2,
    4,
    3,
    3,
    2,
    2,
    0,
    1,
    3,
    4,
    3,
    4,
    1,
    1,
    2,
    1,
    1,
    1,
    1,
    4,
    2,
    2,
    2,
    0,
    4,
    2,
    4,
    1
  ],
  "reward_sequence": [
    -1.0099999904632568,
    -1.0099999904632568,
    -1.0099999904632568,
    -1.0099999904632568,
    -1.0099999904632568,
    -1.0099999904632568,
    -1.0099999904632568,
    -0.009999999776482582,
    -0.009999999776482582,
    -0.009999999776482582,
    -0.009999999776482582,
    0.9900000095367432,
    -0.009999999776482582,
    -0.009999999776482582,
    -1.0099999904632568,
    -0.009999999776482582,
    -0.009999999776482582,
    -0.009999999776482582,
    -0.009999999776482582,
    -0.009999999776482582,
    -1.0099999904632568,
    -0.009999999776482582,
    -0.009999999776482582,
    -1.0099999904632568,
    -1.0099999904632568,
    -0.009999999776482582,
    -0.009999999776482582,
    -0.009999999776482582,
    -0.009999999776482582,
    -0.009999999776482582,
    -0.009999999776482582,
    -0.009999999776482582,
    -0.009999999776482582,
    -0.009999999776482582,
    -0.009999999776482582,
    -0.009999999776482582,
    -0.009999999776482582,
    -0.009999999776482582,
    -0.009999999776482582,
    -0.009999999776482582,
    -0.009999999776482582,
    -0.009999999776482582,
    -0.009999999776482582,
    -0.009999999776482582,
    -0.009999999776482582,
    -0.009999999776482582,
    -0.009999999776482582,
    -0.009999999776482582,
    -0.009999999776482582,
    -0.009999999776482582,
    -0.009999999776482582,
    -0.009999999776482582,
    -0.009999999776482582,
    -0.009999999776482582,
    -0.009999999776482582,
    -0.009999999776482582,
    -0.009999999776482582,
    -0.009999999776482582,
    -0.009999999776482582,
    -0.009999999776482582,
    -0.009999999776482582,
    -0.009999999776482582,
    -0.009999999776482582,
    -0.009999999776482582,
    -0.009999999776482582,
    -0.009999999776482582,
    -0.009999999776482582,
    -0.009999999776482582,
    -0.009999999776482582,
    -0.009999999776482582,
    -0.009999999776482582,
    -0.009999999776482582,
    -0.009999999776482582,
    -0.009999999776482582,
    -0.009999999776482582,
    -0.009999999776482582,
    -0.009999999776482582,
    -0.009999999776482582,
    -0.009999999776482582,
    -0.009999999776482582,
    -0.009999999776482582,
    -0.009999999776482582,
    -0.009999999776482582,
    -0.009999999776482582,
    -0.009999999776482582,
    -0.009999999776482582,
    -0.009999999776482582,
    -0.009999999776482582,
    -0.009999999776482582,
    -0.009999999776482582,
    -0.009999999776482582,
    -0.009999999776482582,
    -0.009999999776482582,
    -0.009999999776482582,
    -0.009999999776482582,
    -0.009999999776482582,
    -0.009999999776482582,
    -0.009999999776482582,
    -0.009999999776482582,
    -0.009999999776482582
  ],
  "initial_ascii": [
    "LEGEND:",
    "#: wall",
    ".: background",
    "*: crate",
    "h: oldhope",
    "o: target",
    "\u25f4: newhope",
    "\u00ee: newdespair",
    "p: player",
    "z: altolddespair",
    "x: olddespair",
    "\u2104: newdespairwall",
    "",
    "MAP:",
    "##################",
    "#..*.#h#o........#",
    "#...*.\u25f4#######.#.#",
    "#.##.#########.#*#",
    "#\u25f4#.....*...\u00ee#.#.#",
    "#h#...#..p.#z.*h*#",
    "###...#.#*##\u00ee..#.#",
    "#...##z\u00ee....#*.xz#",
    "#.*...\u00ee...*...xzx\u2104",
    "\u2104x...#.*....\u2104xzxz#",
    "#\u2104###########\u2104#\u2104##"
  ],
  "state_data": {
    "score": 0,
    "win": false,
    "step": 100
  },
  "heuristics": [
    -5.0,
    -6.0,
    -7.0,
    -8.0,
    -9.0,
    -10.0,
    -11.0,
    -11.0,
    -11.0,
    -11.0,
    -11.0,
    -10.0,
    -10.0,
    -10.0,
    -11.0,
    -11.0,
    -11.0,
    -11.0,
    -11.0,
    -11.0,
    -12.0,
    -12.0,
    -12.0,
    -13.0,
    -14.0,
    -14.0,
    -14.0,
    -14.0,
    -14.0,
    -14.0,
    -14.0,
    -14.0,
    -14.0,
    -14.0,
    -14.0,
    -14.0,
    -14.0,
    -14.0,
    -14.0,
    -14.0,
    -14.0,
    -14.0,
    -14.0,
    -14.0,
    -14.0,
    -14.0,
    -14.0,
    -14.0,
    -14.0,
    -14.0,
    -14.0,
    -14.0,
    -14.0,
    -14.0,
    -14.0,
    -14.0,
    -14.0,
    -14.0,
    -14.0,
    -14.0,
    -14.0,
    -14.0,
    -14.0,
    -14.0,
    -14.0,
    -14.0,
    -14.0,
    -14.0,
    -14.0,
    -14.0,
    -14.0,
    -14.0,
    -14.0,
    -14.0,
    -14.0,
    -14.0,
    -14.0,
    -14.0,
    -14.0,
    -14.0,
    -14.0,
    -14.0,
    -14.0,
    -14.0,
    -14.0,
    -14.0,
    -14.0,
    -14.0,
    -14.0,
    -14.0,
    -14.0,
    -14.0,
    -14.0,
    -14.0,
    -14.0,
    -14.0,
    -14.0,
    -14.0,
    -14.0,
    -14.0
  ],
  "final_ascii": [
    "LEGEND:",
    "#: wall",
    "\u04be: despairwall",
    "h: oldhope",
    "*: crate",
    ".: background",
    "o: target",
    "x: olddespair",
    "z: altolddespair",
    "p: player",
    "",
    "MAP:",
    "#######\u04be\u04be\u04be\u04be\u04be\u04be\u04be\u04be\u04be\u04be\u04be",
    "#hh*.#h#o........\u04be",
    "#hhh*hh#\u04be\u04be\u04be\u04be\u04be\u04be.#.\u04be",
    "#h##.##\u04be\u04be\u04be\u04be\u04be\u04be\u04be.#*\u04be",
    "#h#.....*.xzx\u04be.#.\u04be",
    "#h#...\u04bex.xz\u04bez.*h*\u04be",
    "\u04be##...\u04bez#z\u04be\u04bex..#.\u04be",
    "\u04be...\u04be\u04bezxzxzx\u04be*.x.\u04be",
    "\u04be.*.xzx.x.xzx.xp*\u04be",
    "\u04bex.xz\u04be.*.*.x\u04bexzx.\u04be",
    "\u04be\u04be\u04be\u04be\u04be\u04be\u04be\u04be\u04be\u04be\u04be\u04be\u04be\u04be\u04be\u04be\u04be\u04be"
  ]
}