{
  "model": "4o-mini",
  "game": "slidings",
  "level": 7,
  "run": 1,
  "win": true,
  "action_sequence": [
    2,
    2,
    2,
    2,
    2,
    2,
    2,
    2,
    2,
    1,
    1,
    4,
    1,
    2,
    2,
    2,
    2,
    2,
    2,
    2,
    2,
    2,
    2,
    1,
    1,
    2,
    3,
    2,
    2,
    2,
    2,
    3,
    0,
    0,
    1
  ],
  "reward_sequence": [
    -0.009999999776482582,
    -0.009999999776482582,
    -0.009999999776482582,
    -0.009999999776482582,
    -0.009999999776482582,
    -0.009999999776482582,
    -0.009999999776482582,
    -0.009999999776482582,
    -0.009999999776482582,
    -1.0099999904632568,
    -0.009999999776482582,
    1.9900000095367432,
    -0.009999999776482582,
    -0.009999999776482582,
    -0.009999999776482582,
    -0.009999999776482582,
    -0.009999999776482582,
    -0.009999999776482582,
    -0.009999999776482582,
    -0.009999999776482582,
    -0.009999999776482582,
    -0.009999999776482582,
    -0.009999999776482582,
    -1.0099999904632568,
    -0.009999999776482582,
    -0.009999999776482582,
    -0.009999999776482582,
    -0.009999999776482582,
    -0.009999999776482582,
    -0.009999999776482582,
    -0.009999999776482582,
    -0.009999999776482582,
    -0.009999999776482582,
    -0.009999999776482582,
    3.990000009536743
  ],
  "initial_ascii": [
    "LEGEND:",
    "#: wall",
    "m: count",
    "n: countend",
    ".: background",
    "p: player",
    "a: balla",
    "o: target",
    "b: ballb",
    "c: ballc",
    "",
    "MAP:",
    "#mmmmmn",
    "#....p#",
    "#a.o..#",
    "#b....#",
    "#.c...#",
    "#######"
  ],
  "final_ascii": [
    "LEGEND:",
    "#: wall",
    ".: background",
    "\u1865: deadplayer",
    "o: target",
    "a: balla",
    "b: ballb",
    "c: ballc",
    "",
    "MAP:",
    "#######",
    "#.....#",
    "#\u1865.o..#",
    "#a....#",
    "#.b..c#",
    "#######"
  ],
  "state_data": {
    "score": 0,
    "win": true,
    "step": 35
  },
  "heuristics": [
    -3.0,
    -3.0,
    -3.0,
    -3.0,
    -3.0,
    -3.0,
    -3.0,
    -3.0,
    -3.0,
    -4.0,
    -4.0,
    -2.0,
    -2.0,
    -2.0,
    -2.0,
    -2.0,
    -2.0,
    -2.0,
    -2.0,
    -2.0,
    -2.0,
    -2.0,
    -2.0,
    -3.0,
    -3.0,
    -3.0,
    -3.0,
    -3.0,
    -3.0,
    -3.0,
    -3.0,
    -3.0,
    -3.0,
    -3.0,
    0.0
  ]
}