{
  "model": "4o-mini",
  "game": "kettle",
  "level": 8,
  "run": 8,
  "win": false,
  "action_sequence": [
    2,
    1,
    0,
    4,
    2,
    4,
    2,
    4,
    1,
    2,
    1,
    1,
    1,
    1,
    1,
    2,
    1,
    3,
    4,
    2,
    1,
    1,
    4,
    2,
    4,
    0,
    1,
    1,
    1,
    4,
    4,
    4,
    4,
    2,
    4,
    2,
    2,
    2,
    2,
    2,
    4,
    1,
    4,
    4,
    3,
    1,
    4,
    1,
    3,
    1,
    1,
    0,
    4,
    1,
    1,
    1,
    4,
    3,
    1,
    4,
    2,
    4,
    1,
    1,
    1,
    2,
    2,
    1,
    2,
    1,
    2,
    1,
    2,
    2,
    4,
    1,
    1,
    1,
    0,
    1,
    0,
    2,
    4,
    2,
    1,
    3,
    1,
    2,
    1,
    2,
    1,
    1,
    1,
    4,
    2,
    2,
    4,
    1,
    2,
    0
  ],
  "reward_sequence": [
    5.989999771118164,
    4.989999771118164,
    3.990000009536743,
    -0.009999999776482582,
    4.989999771118164,
    -0.009999999776482582,
    -1.0099999904632568,
    -0.009999999776482582,
    3.990000009536743,
    -0.009999999776482582,
    -1.0099999904632568,
    -2.009999990463257,
    -0.009999999776482582,
    -0.009999999776482582,
    -0.009999999776482582,
    -0.009999999776482582,
    -0.009999999776482582,
    -0.009999999776482582,
    -0.009999999776482582,
    -0.009999999776482582,
    -0.009999999776482582,
    -0.009999999776482582,
    -0.009999999776482582,
    -0.009999999776482582,
    -0.009999999776482582,
    -0.009999999776482582,
    -0.009999999776482582,
    -0.009999999776482582,
    -0.009999999776482582,
    -0.009999999776482582,
    -0.009999999776482582,
    -0.009999999776482582,
    -0.009999999776482582,
    -0.009999999776482582,
    -0.009999999776482582,
    -0.009999999776482582,
    -0.009999999776482582,
    -0.009999999776482582,
    -0.009999999776482582,
    -0.009999999776482582,
    -0.009999999776482582,
    -0.009999999776482582,
    -0.009999999776482582,
    -0.009999999776482582,
    -0.009999999776482582,
    -0.009999999776482582,
    -0.009999999776482582,
    -0.009999999776482582,
    -0.009999999776482582,
    -0.009999999776482582,
    -0.009999999776482582,
    -0.009999999776482582,
    -0.009999999776482582,
    -0.009999999776482582,
    -0.009999999776482582,
    -0.009999999776482582,
    -0.009999999776482582,
    -0.009999999776482582,
    -0.009999999776482582,
    -0.009999999776482582,
    -0.009999999776482582,
    -0.009999999776482582,
    -0.009999999776482582,
    -0.009999999776482582,
    -0.009999999776482582,
    -0.009999999776482582,
    -0.009999999776482582,
    -0.009999999776482582,
    -0.009999999776482582,
    -0.009999999776482582,
    -0.009999999776482582,
    -0.009999999776482582,
    -0.009999999776482582,
    -0.009999999776482582,
    -0.009999999776482582,
    -0.009999999776482582,
    -0.009999999776482582,
    -0.009999999776482582,
    -0.009999999776482582,
    -0.009999999776482582,
    -0.009999999776482582,
    -0.009999999776482582,
    -0.009999999776482582,
    -0.009999999776482582,
    -0.009999999776482582,
    -0.009999999776482582,
    -0.009999999776482582,
    -0.009999999776482582,
    -0.009999999776482582,
    -0.009999999776482582,
    -0.009999999776482582,
    -0.009999999776482582,
    -0.009999999776482582,
    -0.009999999776482582,
    -0.009999999776482582,
    -0.009999999776482582,
    -0.009999999776482582,
    -0.009999999776482582,
    -0.009999999776482582,
    -0.009999999776482582
  ],
  "initial_ascii": [
    "LEGEND:",
    "#: wall",
    ".: background",
    "k: dpolice",
    "l: rpolice",
    "c: crate",
    "j: lpolice",
    "@: target, crate",
    "t: target",
    "i: upolice",
    "",
    "MAP:",
    "###############",
    "#.............#",
    "#..kkkkkkkkk..#",
    "#..lccccc...j.#",
    "#..l........j.#",
    "#..lc@tttt..j.#",
    "#..lctt@tt.cj.#",
    "#..lctt@@t.cj.#",
    "#..l.@@tt@.cj.#",
    "#..l.t@t@t..j.#",
    "#..l........j.#",
    "#..lcc.c.c.cj.#",
    "#..iiiiiiiii..#",
    "###############"
  ],
  "state_data": {
    "score": 13,
    "win": false,
    "step": 100
  },
  "heuristics": [
    -33.0,
    -28.0,
    -24.0,
    -24.0,
    -19.0,
    -19.0,
    -20.0,
    -20.0,
    -16.0,
    -16.0,
    -17.0,
    -19.0,
    -19.0,
    -19.0,
    -19.0,
    -19.0,
    -19.0,
    -19.0,
    -19.0,
    -19.0,
    -19.0,
    -19.0,
    -19.0,
    -19.0,
    -19.0,
    -19.0,
    -19.0,
    -19.0,
    -19.0,
    -19.0,
    -19.0,
    -19.0,
    -19.0,
    -19.0,
    -19.0,
    -19.0,
    -19.0,
    -19.0,
    -19.0,
    -19.0,
    -19.0,
    -19.0,
    -19.0,
    -19.0,
    -19.0,
    -19.0,
    -19.0,
    -19.0,
    -19.0,
    -19.0,
    -19.0,
    -19.0,
    -19.0,
    -19.0,
    -19.0,
    -19.0,
    -19.0,
    -19.0,
    -19.0,
    -19.0,
    -19.0,
    -19.0,
    -19.0,
    -19.0,
    -19.0,
    -19.0,
    -19.0,
    -19.0,
    -19.0,
    -19.0,
    -19.0,
    -19.0,
    -19.0,
    -19.0,
    -19.0,
    -19.0,
    -19.0,
    -19.0,
    -19.0,
    -19.0,
    -19.0,
    -19.0,
    -19.0,
    -19.0,
    -19.0,
    -19.0,
    -19.0,
    -19.0,
    -19.0,
    -19.0,
    -19.0,
    -19.0,
    -19.0,
    -19.0,
    -19.0,
    -19.0,
    -19.0,
    -19.0,
    -19.0,
    -19.0
  ],
  "final_ascii": [
    "LEGEND:",
    "#: wall",
    ".: background",
    "l: rpolice",
    "k: dpolice",
    "j: lpolice",
    "\u04be: target, rpolice",
    "@: target, crate",
    "\u00ee: target, dpolice",
    "\u0791: target, lpolice",
    "t: target",
    "c: crate",
    "i: upolice",
    "",
    "MAP:",
    "###############",
    "#.............#",
    "#.............#",
    "#...lk..j.....#",
    "#....lkkj.....#",
    "#....\u04be@@\u00ee\u0791.k..#",
    "#....t\u04be@@\u00eekj..#",
    "#....t\u04be@@@cj..#",
    "#....t\u04be@@@cj..#",
    "#....t\u04be@@@cj..#",
    "#..kk.lccccj..#",
    "#..iilcccccj..#",
    "#....iiiiiii..#",
    "###############"
  ]
}