{
  "model": "4o-mini",
  "game": "kettle",
  "level": 8,
  "run": 5,
  "win": false,
  "action_sequence": [
    4,
    2,
    0,
    1,
    2,
    2,
    4,
    2,
    1,
    2,
    2,
    1,
    1,
    1,
    2,
    1,
    2,
    2,
    0,
    1,
    2,
    1,
    2,
    4,
    2,
    1,
    4,
    2,
    1,
    1,
    4,
    4,
    2,
    2,
    1,
    4,
    4,
    1,
    4,
    2,
    2,
    4,
    1,
    1,
    2,
    1,
    0,
    1,
    4,
    1,
    2,
    1,
    1,
    0,
    1,
    1,
    1,
    3,
    2,
    4,
    4,
    1,
    1,
    2,
    2,
    2,
    1,
    0,
    2,
    2,
    2,
    4,
    2,
    2,
    2,
    2,
    2,
    4,
    1,
    1,
    3,
    1,
    4,
    2,
    4,
    2,
    4,
    4,
    2,
    2,
    4,
    1,
    1,
    4,
    2,
    2,
    4,
    4,
    2,
    2
  ],
  "reward_sequence": [
    -0.009999999776482582,
    5.989999771118164,
    3.990000009536743,
    4.989999771118164,
    4.989999771118164,
    -1.0099999904632568,
    -0.009999999776482582,
    -0.009999999776482582,
    1.9900000095367432,
    -0.009999999776482582,
    -2.009999990463257,
    -0.009999999776482582,
    -0.009999999776482582,
    -0.009999999776482582,
    -0.009999999776482582,
    -0.009999999776482582,
    -0.009999999776482582,
    -0.009999999776482582,
    -0.009999999776482582,
    -0.009999999776482582,
    -0.009999999776482582,
    -0.009999999776482582,
    -0.009999999776482582,
    -0.009999999776482582,
    -0.009999999776482582,
    -0.009999999776482582,
    -0.009999999776482582,
    -0.009999999776482582,
    -0.009999999776482582,
    -0.009999999776482582,
    -0.009999999776482582,
    -0.009999999776482582,
    -0.009999999776482582,
    -0.009999999776482582,
    -0.009999999776482582,
    -0.009999999776482582,
    -0.009999999776482582,
    -0.009999999776482582,
    -0.009999999776482582,
    -0.009999999776482582,
    -0.009999999776482582,
    -0.009999999776482582,
    -0.009999999776482582,
    -0.009999999776482582,
    -0.009999999776482582,
    -0.009999999776482582,
    -0.009999999776482582,
    -0.009999999776482582,
    -0.009999999776482582,
    -0.009999999776482582,
    -0.009999999776482582,
    -0.009999999776482582,
    -0.009999999776482582,
    -0.009999999776482582,
    -0.009999999776482582,
    -0.009999999776482582,
    -0.009999999776482582,
    1.9900000095367432,
    -0.009999999776482582,
    -0.009999999776482582,
    -0.009999999776482582,
    -0.009999999776482582,
    -0.009999999776482582,
    -0.009999999776482582,
    -0.009999999776482582,
    -0.009999999776482582,
    -0.009999999776482582,
    -0.009999999776482582,
    -0.009999999776482582,
    -0.009999999776482582,
    -0.009999999776482582,
    -0.009999999776482582,
    -0.009999999776482582,
    -0.009999999776482582,
    -0.009999999776482582,
    -0.009999999776482582,
    -0.009999999776482582,
    -0.009999999776482582,
    -0.009999999776482582,
    -0.009999999776482582,
    1.9900000095367432,
    -0.009999999776482582,
    -0.009999999776482582,
    -0.009999999776482582,
    -0.009999999776482582,
    -0.009999999776482582,
    -0.009999999776482582,
    -0.009999999776482582,
    -0.009999999776482582,
    -0.009999999776482582,
    -0.009999999776482582,
    -0.009999999776482582,
    -0.009999999776482582,
    -0.009999999776482582,
    -0.009999999776482582,
    -0.009999999776482582,
    -0.009999999776482582,
    -0.009999999776482582,
    -0.009999999776482582,
    -0.009999999776482582
  ],
  "initial_ascii": [
    "LEGEND:",
    "#: wall",
    ".: background",
    "k: dpolice",
    "l: rpolice",
    "c: crate",
    "j: lpolice",
    "t: target",
    "@: target, crate",
    "i: upolice",
    "",
    "MAP:",
    "###############",
    "#.............#",
    "#..kkkkkkkkk..#",
    "#.lc.cccc...j.#",
    "#.l.........j.#",
    "#.lccttttt..j.#",
    "#.lc.tt@tt.cj.#",
    "#.lc.tt@@t.cj.#",
    "#.l..@@tt@.cj.#",
    "#.l..t@t@t..j.#",
    "#.l.........j.#",
    "#.lc.c.c.c.cj.#",
    "#..iiiiiiiii..#",
    "###############"
  ],
  "state_data": {
    "score": 14,
    "win": false,
    "step": 100
  },
  "heuristics": [
    -39.0,
    -33.0,
    -29.0,
    -24.0,
    -19.0,
    -20.0,
    -20.0,
    -20.0,
    -18.0,
    -18.0,
    -20.0,
    -20.0,
    -20.0,
    -20.0,
    -20.0,
    -20.0,
    -20.0,
    -20.0,
    -20.0,
    -20.0,
    -20.0,
    -20.0,
    -20.0,
    -20.0,
    -20.0,
    -20.0,
    -20.0,
    -20.0,
    -20.0,
    -20.0,
    -20.0,
    -20.0,
    -20.0,
    -20.0,
    -20.0,
    -20.0,
    -20.0,
    -20.0,
    -20.0,
    -20.0,
    -20.0,
    -20.0,
    -20.0,
    -20.0,
    -20.0,
    -20.0,
    -20.0,
    -20.0,
    -20.0,
    -20.0,
    -20.0,
    -20.0,
    -20.0,
    -20.0,
    -20.0,
    -20.0,
    -20.0,
    -18.0,
    -18.0,
    -18.0,
    -18.0,
    -18.0,
    -18.0,
    -18.0,
    -18.0,
    -18.0,
    -18.0,
    -18.0,
    -18.0,
    -18.0,
    -18.0,
    -18.0,
    -18.0,
    -18.0,
    -18.0,
    -18.0,
    -18.0,
    -18.0,
    -18.0,
    -18.0,
    -16.0,
    -16.0,
    -16.0,
    -16.0,
    -16.0,
    -16.0,
    -16.0,
    -16.0,
    -16.0,
    -16.0,
    -16.0,
    -16.0,
    -16.0,
    -16.0,
    -16.0,
    -16.0,
    -16.0,
    -16.0,
    -16.0,
    -16.0
  ],
  "final_ascii": [
    "LEGEND:",
    "#: wall",
    ".: background",
    "l: rpolice",
    "k: dpolice",
    "j: lpolice",
    "c: crate",
    "t: target",
    "\u04be: target, rpolice",
    "@: target, crate",
    "i: upolice",
    "",
    "MAP:",
    "###############",
    "#.............#",
    "#.............#",
    "#...lkkj...k..#",
    "#....lckkkkj..#",
    "#....t\u04be@@@cj..#",
    "#....tt\u04be@@cj..#",
    "#....t\u04be@@@cj..#",
    "#....t\u04be@@@cj..#",
    "#....t@@\u04be@cj..#",
    "#.....iilccj..#",
    "#..kk..lcccj..#",
    "#..iii..iiii..#",
    "###############"
  ]
}