{
  "model": "4o-mini",
  "game": "kettle",
  "level": 8,
  "run": 4,
  "win": false,
  "action_sequence": [
    1,
    3,
    2,
    2,
    0,
    2,
    2,
    2,
    1,
    4,
    4,
    2,
    2,
    2,
    2,
    1,
    1,
    4,
    1,
    4,
    1,
    1,
    1,
    2,
    2,
    2,
    1,
    4,
    2,
    2,
    4,
    1,
    2,
    1,
    2,
    2,
    1,
    2,
    4,
    4,
    2,
    2,
    1,
    2,
    2,
    2,
    2,
    2,
    1,
    1,
    1,
    2,
    1,
    2,
    1,
    2,
    2,
    2,
    2,
    1,
    2,
    2,
    2,
    4,
    2,
    2,
    4,
    1,
    1,
    1,
    4,
    2,
    1,
    2,
    2,
    2,
    1,
    1,
    4,
    2,
    2,
    2,
    1,
    4,
    4,
    1,
    1,
    3,
    1,
    2,
    4,
    2,
    3,
    1,
    2,
    1,
    1,
    2,
    4,
    1
  ],
  "reward_sequence": [
    4.989999771118164,
    4.989999771118164,
    5.989999771118164,
    4.989999771118164,
    3.990000009536743,
    -1.0099999904632568,
    -0.009999999776482582,
    -0.009999999776482582,
    1.9900000095367432,
    -0.009999999776482582,
    -0.009999999776482582,
    -1.0099999904632568,
    -0.009999999776482582,
    -0.009999999776482582,
    -0.009999999776482582,
    -0.009999999776482582,
    -0.009999999776482582,
    -0.009999999776482582,
    -0.009999999776482582,
    -0.009999999776482582,
    -0.009999999776482582,
    -0.009999999776482582,
    -0.009999999776482582,
    -0.009999999776482582,
    -0.009999999776482582,
    -0.009999999776482582,
    -0.009999999776482582,
    -0.009999999776482582,
    -0.009999999776482582,
    -0.009999999776482582,
    -0.009999999776482582,
    -0.009999999776482582,
    -0.009999999776482582,
    -0.009999999776482582,
    -0.009999999776482582,
    -0.009999999776482582,
    -0.009999999776482582,
    -0.009999999776482582,
    -0.009999999776482582,
    -0.009999999776482582,
    -0.009999999776482582,
    -0.009999999776482582,
    -0.009999999776482582,
    -0.009999999776482582,
    -0.009999999776482582,
    -0.009999999776482582,
    -0.009999999776482582,
    -0.009999999776482582,
    -0.009999999776482582,
    -0.009999999776482582,
    -0.009999999776482582,
    -0.009999999776482582,
    -0.009999999776482582,
    -0.009999999776482582,
    -0.009999999776482582,
    -0.009999999776482582,
    -0.009999999776482582,
    -0.009999999776482582,
    -0.009999999776482582,
    -0.009999999776482582,
    -0.009999999776482582,
    -0.009999999776482582,
    -0.009999999776482582,
    -0.009999999776482582,
    -0.009999999776482582,
    -0.009999999776482582,
    -0.009999999776482582,
    -0.009999999776482582,
    -0.009999999776482582,
    -0.009999999776482582,
    -0.009999999776482582,
    -0.009999999776482582,
    -0.009999999776482582,
    -0.009999999776482582,
    -0.009999999776482582,
    -0.009999999776482582,
    -0.009999999776482582,
    -0.009999999776482582,
    -0.009999999776482582,
    -0.009999999776482582,
    -0.009999999776482582,
    -0.009999999776482582,
    -0.009999999776482582,
    -0.009999999776482582,
    -0.009999999776482582,
    -0.009999999776482582,
    -0.009999999776482582,
    1.9900000095367432,
    -0.009999999776482582,
    -0.009999999776482582,
    -0.009999999776482582,
    -0.009999999776482582,
    -0.009999999776482582,
    -0.009999999776482582,
    -0.009999999776482582,
    -0.009999999776482582,
    -0.009999999776482582,
    -0.009999999776482582,
    -0.009999999776482582,
    -0.009999999776482582
  ],
  "initial_ascii": [
    "LEGEND:",
    "#: wall",
    ".: background",
    "l: rpolice",
    "k: dpolice",
    "j: lpolice",
    "c: crate",
    "t: target",
    "@: target, crate",
    "i: upolice",
    "",
    "MAP:",
    "###############",
    "#.............#",
    "#.............#",
    "#.lkkkkkkkkkj.#",
    "#.lc.cccc...j.#",
    "#.lccttttt..j.#",
    "#.lc.tt@tt.cj.#",
    "#.lc.tt@@t.cj.#",
    "#.l..@@tt@.cj.#",
    "#.l..t@t@t..j.#",
    "#.l.........j.#",
    "#.lc.c.c.c.cj.#",
    "#..iiiiiiiii..#",
    "###############"
  ],
  "state_data": {
    "score": 14,
    "win": false,
    "step": 100
  },
  "heuristics": [
    -34.0,
    -29.0,
    -23.0,
    -18.0,
    -14.0,
    -15.0,
    -15.0,
    -15.0,
    -13.0,
    -13.0,
    -13.0,
    -14.0,
    -14.0,
    -14.0,
    -14.0,
    -14.0,
    -14.0,
    -14.0,
    -14.0,
    -14.0,
    -14.0,
    -14.0,
    -14.0,
    -14.0,
    -14.0,
    -14.0,
    -14.0,
    -14.0,
    -14.0,
    -14.0,
    -14.0,
    -14.0,
    -14.0,
    -14.0,
    -14.0,
    -14.0,
    -14.0,
    -14.0,
    -14.0,
    -14.0,
    -14.0,
    -14.0,
    -14.0,
    -14.0,
    -14.0,
    -14.0,
    -14.0,
    -14.0,
    -14.0,
    -14.0,
    -14.0,
    -14.0,
    -14.0,
    -14.0,
    -14.0,
    -14.0,
    -14.0,
    -14.0,
    -14.0,
    -14.0,
    -14.0,
    -14.0,
    -14.0,
    -14.0,
    -14.0,
    -14.0,
    -14.0,
    -14.0,
    -14.0,
    -14.0,
    -14.0,
    -14.0,
    -14.0,
    -14.0,
    -14.0,
    -14.0,
    -14.0,
    -14.0,
    -14.0,
    -14.0,
    -14.0,
    -14.0,
    -14.0,
    -14.0,
    -14.0,
    -14.0,
    -14.0,
    -12.0,
    -12.0,
    -12.0,
    -12.0,
    -12.0,
    -12.0,
    -12.0,
    -12.0,
    -12.0,
    -12.0,
    -12.0,
    -12.0,
    -12.0
  ],
  "final_ascii": [
    "LEGEND:",
    "#: wall",
    ".: background",
    "l: rpolice",
    "k: dpolice",
    "j: lpolice",
    "c: crate",
    "t: target",
    "\u00ee: target, dpolice",
    "\u04be: target, rpolice",
    "@: target, crate",
    "i: upolice",
    "",
    "MAP:",
    "###############",
    "#.............#",
    "#.............#",
    "#.....lkkk.kj.#",
    "#.....lccckj..#",
    "#....t\u00ee\u04be@@cj..#",
    "#....t@\u04be@@cj..#",
    "#....t\u04be@@@cj..#",
    "#....t\u04be@@@cj..#",
    "#....\u00ee@@\u04be@cj..#",
    "#..kkliicccj..#",
    "#.liii..iiiij.#",
    "#.............#",
    "###############"
  ]
}