{
  "model": "4o-mini",
  "game": "limerick",
  "level": 5,
  "run": 9,
  "win": false,
  "action_sequence": [
    2,
    2,
    2,
    2,
    2,
    2,
    2,
    2,
    2,
    2,
    2,
    2,
    3,
    1,
    3,
    3,
    3,
    1,
    3,
    3,
    2,
    3,
    2,
    2,
    1,
    2,
    2,
    3,
    2,
    2,
    1,
    2,
    1,
    2,
    2,
    1,
    2,
    2,
    3,
    2,
    1,
    2,
    2,
    2,
    3,
    2,
    2,
    2,
    3,
    2,
    2,
    2,
    2,
    2,
    3,
    2,
    1,
    3,
    2,
    3,
    3,
    2,
    3,
    2,
    1,
    2,
    2,
    2,
    2,
    2,
    2,
    2,
    2,
    4,
    2,
    3,
    2,
    3,
    2,
    3,
    2,
    3,
    2,
    3,
    3,
    2,
    3,
    2,
    3,
    3,
    1,
    2,
    2,
    3,
    2,
    1,
    2,
    4,
    1,
    2
  ],
  "reward_sequence": [
    -0.009999999776482582,
    -0.009999999776482582,
    -0.009999999776482582,
    -0.009999999776482582,
    -0.009999999776482582,
    -0.009999999776482582,
    -0.009999999776482582,
    -0.009999999776482582,
    -0.009999999776482582,
    -0.009999999776482582,
    -0.009999999776482582,
    -0.009999999776482582,
    0.9900000095367432,
    -0.009999999776482582,
    0.9900000095367432,
    0.9900000095367432,
    -0.009999999776482582,
    -0.009999999776482582,
    -0.009999999776482582,
    -0.009999999776482582,
    -0.009999999776482582,
    -0.009999999776482582,
    -0.009999999776482582,
    -0.009999999776482582,
    -0.009999999776482582,
    -0.009999999776482582,
    -0.009999999776482582,
    -0.009999999776482582,
    -0.009999999776482582,
    -0.009999999776482582,
    -0.009999999776482582,
    -0.009999999776482582,
    -0.009999999776482582,
    -0.009999999776482582,
    -0.009999999776482582,
    -0.009999999776482582,
    -0.009999999776482582,
    -0.009999999776482582,
    -0.009999999776482582,
    -0.009999999776482582,
    -0.009999999776482582,
    -0.009999999776482582,
    -0.009999999776482582,
    -0.009999999776482582,
    -0.009999999776482582,
    -0.009999999776482582,
    -0.009999999776482582,
    -0.009999999776482582,
    -0.009999999776482582,
    -0.009999999776482582,
    -0.009999999776482582,
    -0.009999999776482582,
    -0.009999999776482582,
    -0.009999999776482582,
    -0.009999999776482582,
    -0.009999999776482582,
    -0.009999999776482582,
    -0.009999999776482582,
    -0.009999999776482582,
    -0.009999999776482582,
    -0.009999999776482582,
    -0.009999999776482582,
    -0.009999999776482582,
    -0.009999999776482582,
    -0.009999999776482582,
    -0.009999999776482582,
    -0.009999999776482582,
    -0.009999999776482582,
    -0.009999999776482582,
    -0.009999999776482582,
    -0.009999999776482582,
    -0.009999999776482582,
    -0.009999999776482582,
    -0.009999999776482582,
    -0.009999999776482582,
    -0.009999999776482582,
    -0.009999999776482582,
    -0.009999999776482582,
    -0.009999999776482582,
    -0.009999999776482582,
    -0.009999999776482582,
    -0.009999999776482582,
    -0.009999999776482582,
    -0.009999999776482582,
    -0.009999999776482582,
    -0.009999999776482582,
    -0.009999999776482582,
    -0.009999999776482582,
    -0.009999999776482582,
    -0.009999999776482582,
    -0.009999999776482582,
    -0.009999999776482582,
    -0.009999999776482582,
    -0.009999999776482582,
    -0.009999999776482582,
    -0.009999999776482582,
    -0.009999999776482582,
    -0.009999999776482582,
    -0.009999999776482582,
    -0.009999999776482582
  ],
  "initial_ascii": [
    "LEGEND:",
    "#: wall",
    ".: background",
    "e: exit",
    "p: playerhead1",
    "",
    "MAP:",
    "###################",
    "#..#.#....#..#....#",
    "#..#.#.e..#..######",
    "#########.#..#....#",
    "#....#..#.####....#",
    "#....#..#....######",
    "#########....#.#..#",
    "#....#..#....#.#..#",
    "#########.#########",
    "#....#....#..#....#",
    "######....#..#....#",
    "#.#..#....#########",
    "#.#..####.#..#..#.#",
    "#.#..#..#p#..#..#.#",
    "###################"
  ],
  "state_data": {
    "score": 0,
    "win": false,
    "step": 100
  },
  "heuristics": [
    -13.0,
    -13.0,
    -13.0,
    -13.0,
    -13.0,
    -13.0,
    -13.0,
    -13.0,
    -13.0,
    -13.0,
    -13.0,
    -13.0,
    -12.0,
    -12.0,
    -11.0,
    -10.0,
    -10.0,
    -10.0,
    -10.0,
    -10.0,
    -10.0,
    -10.0,
    -10.0,
    -10.0,
    -10.0,
    -10.0,
    -10.0,
    -10.0,
    -10.0,
    -10.0,
    -10.0,
    -10.0,
    -10.0,
    -10.0,
    -10.0,
    -10.0,
    -10.0,
    -10.0,
    -10.0,
    -10.0,
    -10.0,
    -10.0,
    -10.0,
    -10.0,
    -10.0,
    -10.0,
    -10.0,
    -10.0,
    -10.0,
    -10.0,
    -10.0,
    -10.0,
    -10.0,
    -10.0,
    -10.0,
    -10.0,
    -10.0,
    -10.0,
    -10.0,
    -10.0,
    -10.0,
    -10.0,
    -10.0,
    -10.0,
    -10.0,
    -10.0,
    -10.0,
    -10.0,
    -10.0,
    -10.0,
    -10.0,
    -10.0,
    -10.0,
    -10.0,
    -10.0,
    -10.0,
    -10.0,
    -10.0,
    -10.0,
    -10.0,
    -10.0,
    -10.0,
    -10.0,
    -10.0,
    -10.0,
    -10.0,
    -10.0,
    -10.0,
    -10.0,
    -10.0,
    -10.0,
    -10.0,
    -10.0,
    -10.0,
    -10.0,
    -10.0,
    -10.0,
    -10.0,
    -10.0,
    -10.0
  ],
  "final_ascii": [
    "LEGEND:",
    "#: wall",
    ".: background",
    "e: exit",
    "\u03fb: playerhead4",
    "\u01f8: playerbodyv",
    "",
    "MAP:",
    "###################",
    "#..#.#....#..#....#",
    "#..#.#.e..#..######",
    "#########.#..#....#",
    "#....#..#.####....#",
    "#....#..#....######",
    "#########....#.#..#",
    "#....#..#....#.#..#",
    "#########.#########",
    "#....#....#..#....#",
    "######...\u03fb#..#....#",
    "#.#..#...\u01f8#########",
    "#.#..####\u01f8#..#..#.#",
    "#.#..#..#\u01f8#..#..#.#",
    "###################"
  ]
}