{
  "model": "4o-mini",
  "game": "slidings",
  "level": 5,
  "run": 3,
  "win": true,
  "action_sequence": [
    2,
    2,
    1,
    1,
    2,
    2,
    2,
    2,
    1,
    2,
    2,
    3,
    2,
    2,
    1,
    2,
    1,
    2,
    1,
    2,
    3,
    2,
    1,
    1,
    2,
    1,
    2,
    2,
    2,
    1,
    2,
    2,
    1,
    2,
    2,
    1,
    1,
    1,
    1,
    1,
    4,
    2
  ],
  "reward_sequence": [
    0.9900000095367432,
    -0.009999999776482582,
    -0.009999999776482582,
    -0.009999999776482582,
    -3.009999990463257,
    -0.009999999776482582,
    -0.009999999776482582,
    -0.009999999776482582,
    -0.009999999776482582,
    -0.009999999776482582,
    -0.009999999776482582,
    -0.009999999776482582,
    -0.009999999776482582,
    -0.009999999776482582,
    -0.009999999776482582,
    -0.009999999776482582,
    -0.009999999776482582,
    -0.009999999776482582,
    -0.009999999776482582,
    -0.009999999776482582,
    -0.009999999776482582,
    -0.009999999776482582,
    -0.009999999776482582,
    -0.009999999776482582,
    -0.009999999776482582,
    -0.009999999776482582,
    -0.009999999776482582,
    -0.009999999776482582,
    -0.009999999776482582,
    -0.009999999776482582,
    -0.009999999776482582,
    -0.009999999776482582,
    -0.009999999776482582,
    -0.009999999776482582,
    -0.009999999776482582,
    -0.009999999776482582,
    -0.009999999776482582,
    -0.009999999776482582,
    -0.009999999776482582,
    -0.009999999776482582,
    3.990000009536743,
    3.990000009536743
  ],
  "initial_ascii": [
    "LEGEND:",
    "#: wall",
    "m: count",
    "n: countend",
    ".: background",
    "p: player",
    "a: balla",
    "o: target",
    "b: ballb",
    "e: ballc, overwall",
    "",
    "MAP:",
    "#mmmmmmn#",
    "#.pa....#",
    "#.......#",
    "#.......#",
    "#..o#...#",
    "#.......#",
    "#.......#",
    "#b......#",
    "########e"
  ],
  "state_data": {
    "score": 0,
    "win": true,
    "step": 42
  },
  "heuristics": [
    -4.0,
    -4.0,
    -4.0,
    -4.0,
    -7.0,
    -7.0,
    -7.0,
    -7.0,
    -7.0,
    -7.0,
    -7.0,
    -7.0,
    -7.0,
    -7.0,
    -7.0,
    -7.0,
    -7.0,
    -7.0,
    -7.0,
    -7.0,
    -7.0,
    -7.0,
    -7.0,
    -7.0,
    -7.0,
    -7.0,
    -7.0,
    -7.0,
    -7.0,
    -7.0,
    -7.0,
    -7.0,
    -7.0,
    -7.0,
    -7.0,
    -7.0,
    -7.0,
    -7.0,
    -7.0,
    -7.0,
    -3.0,
    0.0
  ],
  "final_ascii": [
    "LEGEND:",
    "#: wall",
    ".: background",
    "\u29b1: deadplayer",
    "o: target",
    "a: balla",
    "c: ballc",
    "d: ballb, overwall",
    "",
    "MAP:",
    "#########",
    "#......\u29b1#",
    "#.......#",
    "#.......#",
    "#..o#...#",
    "#.......#",
    "#.......#",
    "#a.....c#",
    "########d"
  ]
}