{
  "model": "4o-mini",
  "game": "Take_Heart_Lass",
  "level": 5,
  "run": 4,
  "win": false,
  "action_sequence": [
    1,
    3,
    1,
    1,
    3,
    1,
    2,
    1,
    1,
    1,
    1,
    1,
    3,
    2,
    4,
    3,
    1,
    1,
    1,
    1,
    1,
    1,
    1,
    1,
    1,
    3,
    1,
    1,
    3,
    1,
    1,
    1,
    1,
    1,
    3,
    1,
    1,
    3,
    1,
    1,
    4,
    1,
    1,
    2,
    1,
    4,
    1,
    1,
    1,
    3,
    1,
    1,
    1,
    1,
    1,
    1,
    1,
    1,
    4,
    1,
    1,
    1,
    1,
    1,
    3,
    3,
    1,
    2,
    4,
    1,
    3,
    3,
    1,
    3,
    1,
    4,
    4,
    3,
    1,
    2,
    4,
    3,
    1,
    1,
    1,
    4,
    1,
    2,
    2,
    1,
    1,
    1,
    1,
    1,
    1,
    1,
    3,
    1,
    3,
    1
  ],
  "reward_sequence": [
    -0.009999999776482582,
    0.9900000095367432,
    -1.0099999904632568,
    -0.009999999776482582,
    0.9900000095367432,
    -1.0099999904632568,
    -0.009999999776482582,
    -0.009999999776482582,
    -0.009999999776482582,
    -0.009999999776482582,
    -0.009999999776482582,
    -0.009999999776482582,
    0.9900000095367432,
    -0.009999999776482582,
    -0.009999999776482582,
    0.9900000095367432,
    -1.0099999904632568,
    -1.0099999904632568,
    -0.009999999776482582,
    -0.009999999776482582,
    -0.009999999776482582,
    -0.009999999776482582,
    -0.009999999776482582,
    -0.009999999776482582,
    -0.009999999776482582,
    0.9900000095367432,
    -1.0099999904632568,
    -0.009999999776482582,
    0.9900000095367432,
    -1.0099999904632568,
    -0.009999999776482582,
    -0.009999999776482582,
    -0.009999999776482582,
    -0.009999999776482582,
    0.9900000095367432,
    -1.0099999904632568,
    -0.009999999776482582,
    0.9900000095367432,
    -1.0099999904632568,
    -0.009999999776482582,
    -0.009999999776482582,
    -0.009999999776482582,
    -0.009999999776482582,
    -0.009999999776482582,
    -0.009999999776482582,
    -0.009999999776482582,
    -0.009999999776482582,
    -0.009999999776482582,
    -0.009999999776482582,
    0.9900000095367432,
    -1.0099999904632568,
    -0.009999999776482582,
    -0.009999999776482582,
    -0.009999999776482582,
    -0.009999999776482582,
    -0.009999999776482582,
    -0.009999999776482582,
    -0.009999999776482582,
    -0.009999999776482582,
    -0.009999999776482582,
    -0.009999999776482582,
    -0.009999999776482582,
    -0.009999999776482582,
    -0.009999999776482582,
    0.9900000095367432,
    0.9900000095367432,
    -1.0099999904632568,
    -0.009999999776482582,
    -0.009999999776482582,
    -1.0099999904632568,
    0.9900000095367432,
    0.9900000095367432,
    -1.0099999904632568,
    0.9900000095367432,
    -1.0099999904632568,
    -0.009999999776482582,
    -0.009999999776482582,
    0.9900000095367432,
    -1.0099999904632568,
    -0.009999999776482582,
    -0.009999999776482582,
    0.9900000095367432,
    -1.0099999904632568,
    -1.0099999904632568,
    -0.009999999776482582,
    -0.009999999776482582,
    -0.009999999776482582,
    -0.009999999776482582,
    -0.009999999776482582,
    -0.009999999776482582,
    -0.009999999776482582,
    -0.009999999776482582,
    -0.009999999776482582,
    -0.009999999776482582,
    -0.009999999776482582,
    -0.009999999776482582,
    0.9900000095367432,
    -1.0099999904632568,
    0.9900000095367432,
    -1.0099999904632568
  ],
  "initial_ascii": [
    "LEGEND:",
    "#: wall",
    "o: target",
    ".: background",
    "*: crate",
    "\u15ed: altnewdespair",
    "\u04fc: newdespairwall",
    "x: olddespair",
    "p: player",
    "z: altolddespair",
    "\u1bcf: newdespair",
    "",
    "MAP:",
    "###########",
    "#o........#",
    "####.##.#.#",
    "#.....*.#.#",
    "#.#.###.#.#",
    "#.#....*..#",
    "#\u15ed#*.#.##.#",
    "\u04fcx\u04fc...p#z\u1bcf#",
    "#\u04fc#########"
  ],
  "state_data": {
    "score": 0,
    "win": false,
    "step": 100
  },
  "heuristics": [
    -11.0,
    -10.0,
    -11.0,
    -11.0,
    -10.0,
    -11.0,
    -11.0,
    -11.0,
    -11.0,
    -11.0,
    -11.0,
    -11.0,
    -10.0,
    -10.0,
    -10.0,
    -9.0,
    -10.0,
    -11.0,
    -11.0,
    -11.0,
    -11.0,
    -11.0,
    -11.0,
    -11.0,
    -11.0,
    -10.0,
    -11.0,
    -11.0,
    -10.0,
    -11.0,
    -11.0,
    -11.0,
    -11.0,
    -11.0,
    -10.0,
    -11.0,
    -11.0,
    -10.0,
    -11.0,
    -11.0,
    -11.0,
    -11.0,
    -11.0,
    -11.0,
    -11.0,
    -11.0,
    -11.0,
    -11.0,
    -11.0,
    -10.0,
    -11.0,
    -11.0,
    -11.0,
    -11.0,
    -11.0,
    -11.0,
    -11.0,
    -11.0,
    -11.0,
    -11.0,
    -11.0,
    -11.0,
    -11.0,
    -11.0,
    -10.0,
    -9.0,
    -10.0,
    -10.0,
    -10.0,
    -11.0,
    -10.0,
    -9.0,
    -10.0,
    -9.0,
    -10.0,
    -10.0,
    -10.0,
    -9.0,
    -10.0,
    -10.0,
    -10.0,
    -9.0,
    -10.0,
    -11.0,
    -11.0,
    -11.0,
    -11.0,
    -11.0,
    -11.0,
    -11.0,
    -11.0,
    -11.0,
    -11.0,
    -11.0,
    -11.0,
    -11.0,
    -10.0,
    -11.0,
    -10.0,
    -11.0
  ],
  "final_ascii": [
    "LEGEND:",
    "\u1d68: despairwall",
    "o: target",
    ".: background",
    "x: olddespair",
    "z: altolddespair",
    "*: crate",
    "#: wall",
    "p: player",
    "",
    "MAP:",
    "\u1d68\u1d68\u1d68\u1d68\u1d68\u1d68\u1d68\u1d68\u1d68\u1d68\u1d68",
    "\u1d68o.xzxzxzx\u1d68",
    "\u1d68\u1d68\u1d68\u1d68x\u1d68\u1d68z\u1d68z\u1d68",
    "\u1d68xzxz.*.\u1d68x\u1d68",
    "\u1d68z\u1d68z###.\u1d68z\u1d68",
    "\u1d68x\u1d68....*.x\u1d68",
    "\u1d68z\u1d68*.#.\u1d68\u1d68z\u1d68",
    "\u1d68x\u1d68...p\u1d68zx\u1d68",
    "\u1d68\u1d68\u1d68\u1d68\u1d68\u1d68\u1d68\u1d68\u1d68\u1d68\u1d68"
  ]
}