{
  "model": "4o-mini",
  "game": "limerick",
  "level": 7,
  "run": 7,
  "win": false,
  "action_sequence": [
    3,
    1,
    1,
    1,
    1,
    1,
    3,
    3,
    3,
    2,
    3,
    3,
    3,
    1,
    3,
    3,
    3,
    3,
    1,
    3,
    1,
    3,
    3,
    3,
    1,
    2,
    1,
    3,
    2,
    3,
    3,
    4,
    3,
    3,
    1,
    3,
    3,
    3,
    1,
    1,
    3,
    3,
    4,
    0,
    3,
    3,
    3,
    2,
    3,
    1,
    3,
    3,
    1,
    1,
    1,
    1,
    1,
    3,
    3,
    1,
    3,
    3,
    3,
    1,
    3,
    3,
    3,
    2,
    3,
    1,
    1,
    3,
    3,
    3,
    2,
    3,
    3,
    3,
    3,
    1,
    3,
    3,
    3,
    3,
    4,
    3,
    1,
    3,
    1,
    1,
    3,
    3,
    1,
    1,
    3,
    1,
    3,
    2,
    2,
    1
  ],
  "reward_sequence": [
    -1.0099999904632568,
    -0.009999999776482582,
    -0.009999999776482582,
    -0.009999999776482582,
    -0.009999999776482582,
    -0.009999999776482582,
    -1.0099999904632568,
    -1.0099999904632568,
    -0.009999999776482582,
    1.9900000095367432,
    -0.009999999776482582,
    -0.009999999776482582,
    -0.009999999776482582,
    -0.009999999776482582,
    -0.009999999776482582,
    -0.009999999776482582,
    -0.009999999776482582,
    -0.009999999776482582,
    -0.009999999776482582,
    -0.009999999776482582,
    -0.009999999776482582,
    -0.009999999776482582,
    -0.009999999776482582,
    -0.009999999776482582,
    -0.009999999776482582,
    -6.010000228881836,
    -0.009999999776482582,
    -0.009999999776482582,
    -0.009999999776482582,
    -0.009999999776482582,
    -0.009999999776482582,
    -0.009999999776482582,
    -0.009999999776482582,
    -0.009999999776482582,
    -0.009999999776482582,
    -0.009999999776482582,
    -0.009999999776482582,
    -0.009999999776482582,
    -0.009999999776482582,
    -0.009999999776482582,
    -0.009999999776482582,
    -0.009999999776482582,
    -0.009999999776482582,
    0.9900000095367432,
    -0.009999999776482582,
    -0.009999999776482582,
    -0.009999999776482582,
    -0.009999999776482582,
    -0.009999999776482582,
    -0.009999999776482582,
    -0.009999999776482582,
    -0.009999999776482582,
    -0.009999999776482582,
    -0.009999999776482582,
    -0.009999999776482582,
    -0.009999999776482582,
    -0.009999999776482582,
    -0.009999999776482582,
    -0.009999999776482582,
    -0.009999999776482582,
    -0.009999999776482582,
    -0.009999999776482582,
    -0.009999999776482582,
    -0.009999999776482582,
    -0.009999999776482582,
    -0.009999999776482582,
    -0.009999999776482582,
    -0.009999999776482582,
    -0.009999999776482582,
    -0.009999999776482582,
    -0.009999999776482582,
    -0.009999999776482582,
    -0.009999999776482582,
    -0.009999999776482582,
    -0.009999999776482582,
    -0.009999999776482582,
    -0.009999999776482582,
    -0.009999999776482582,
    -0.009999999776482582,
    -0.009999999776482582,
    -0.009999999776482582,
    -0.009999999776482582,
    -0.009999999776482582,
    -0.009999999776482582,
    -0.009999999776482582,
    -0.009999999776482582,
    -0.009999999776482582,
    -0.009999999776482582,
    -0.009999999776482582,
    -0.009999999776482582,
    -0.009999999776482582,
    -0.009999999776482582,
    -0.009999999776482582,
    -0.009999999776482582,
    -0.009999999776482582,
    -0.009999999776482582,
    -0.009999999776482582,
    -0.009999999776482582,
    -0.009999999776482582,
    -0.009999999776482582
  ],
  "initial_ascii": [
    "LEGEND:",
    "#: wall",
    ".: background",
    "c: crate",
    "\u14a2: playerhead2",
    "e: exit",
    "\u01f8: playerbodyv",
    "",
    "MAP:",
    "###################",
    "#.................#",
    "#......c...c......#",
    "#.....###.###.....#",
    "#.................#",
    "#......c...c......#",
    "#.....###.###.....#",
    "#..............\u14a2..#",
    "#..e...c...c...\u01f8..#",
    "#.#######.#######.#",
    "#.##...##.##...##.#",
    "#.##.#.##.##.#.##.#",
    "#.##.#.#####.#.##.#",
    "#.................#",
    "###################"
  ],
  "state_data": {
    "score": 0,
    "win": false,
    "step": 100
  },
  "heuristics": [
    -13.0,
    -13.0,
    -13.0,
    -13.0,
    -13.0,
    -13.0,
    -14.0,
    -15.0,
    -15.0,
    -13.0,
    -13.0,
    -13.0,
    -13.0,
    -13.0,
    -13.0,
    -13.0,
    -13.0,
    -13.0,
    -13.0,
    -13.0,
    -13.0,
    -13.0,
    -13.0,
    -13.0,
    -13.0,
    -19.0,
    -19.0,
    -19.0,
    -19.0,
    -19.0,
    -19.0,
    -19.0,
    -19.0,
    -19.0,
    -19.0,
    -19.0,
    -19.0,
    -19.0,
    -19.0,
    -19.0,
    -19.0,
    -19.0,
    -19.0,
    -18.0,
    -18.0,
    -18.0,
    -18.0,
    -18.0,
    -18.0,
    -18.0,
    -18.0,
    -18.0,
    -18.0,
    -18.0,
    -18.0,
    -18.0,
    -18.0,
    -18.0,
    -18.0,
    -18.0,
    -18.0,
    -18.0,
    -18.0,
    -18.0,
    -18.0,
    -18.0,
    -18.0,
    -18.0,
    -18.0,
    -18.0,
    -18.0,
    -18.0,
    -18.0,
    -18.0,
    -18.0,
    -18.0,
    -18.0,
    -18.0,
    -18.0,
    -18.0,
    -18.0,
    -18.0,
    -18.0,
    -18.0,
    -18.0,
    -18.0,
    -18.0,
    -18.0,
    -18.0,
    -18.0,
    -18.0,
    -18.0,
    -18.0,
    -18.0,
    -18.0,
    -18.0,
    -18.0,
    -18.0,
    -18.0,
    -18.0
  ],
  "final_ascii": [
    "LEGEND:",
    "#: wall",
    ".: background",
    "c: crate",
    "\u29b1: playerbodyh",
    "\u01f8: playerbodyv",
    "e: exit",
    "p: playerhead1",
    "",
    "MAP:",
    "###################",
    "#.................#",
    "#......c...c......#",
    "#.....###.###.....#",
    "#.................#",
    "#......c...c...\u29b1\u01f8.#",
    "#.....###.###..\u01f8\u01f8.#",
    "#..............\u01f8\u01f8.#",
    "#..e...c...c...\u01f8\u29b1\u01f8#",
    "#.#######.#######\u01f8#",
    "#.##...##.##...##\u01f8#",
    "#.##.#.##.##.#.##\u01f8#",
    "#.##.#.#####.#.##\u01f8#",
    "#...............p\u29b1#",
    "###################"
  ]
}