{
  "model": "4o-mini",
  "game": "kettle",
  "level": 10,
  "run": 9,
  "win": false,
  "action_sequence": [
    2,
    1,
    4,
    1,
    4,
    0,
    2,
    4,
    0,
    4,
    1,
    4,
    2,
    1,
    1,
    1,
    0,
    4,
    1,
    1,
    2,
    2,
    0,
    2,
    4,
    4,
    1,
    1,
    3,
    2,
    1,
    1,
    2,
    2,
    4,
    3,
    2,
    1,
    2,
    3,
    2,
    1,
    3,
    1,
    2,
    4,
    0,
    3,
    2,
    3,
    2,
    3,
    1,
    1,
    1,
    4,
    2,
    3,
    2,
    2,
    4,
    4,
    1,
    2,
    4,
    1,
    0,
    4,
    3,
    3,
    2,
    2,
    4,
    4,
    2,
    1,
    2,
    3,
    1,
    2,
    2,
    1,
    2,
    1,
    1,
    2,
    0,
    2,
    3,
    4,
    4,
    2,
    2,
    4,
    2,
    1,
    2,
    2,
    1,
    1
  ],
  "reward_sequence": [
    7.989999771118164,
    6.989999771118164,
    -0.009999999776482582,
    5.989999771118164,
    -0.009999999776482582,
    4.989999771118164,
    5.989999771118164,
    -0.009999999776482582,
    4.989999771118164,
    -0.009999999776482582,
    -2.009999990463257,
    -0.009999999776482582,
    -0.009999999776482582,
    -1.0099999904632568,
    -2.009999990463257,
    -4.010000228881836,
    1.9900000095367432,
    -0.009999999776482582,
    -0.009999999776482582,
    -0.009999999776482582,
    -0.009999999776482582,
    -0.009999999776482582,
    -0.009999999776482582,
    -0.009999999776482582,
    -0.009999999776482582,
    -0.009999999776482582,
    -0.009999999776482582,
    -0.009999999776482582,
    -0.009999999776482582,
    -0.009999999776482582,
    -0.009999999776482582,
    -0.009999999776482582,
    -0.009999999776482582,
    -0.009999999776482582,
    -0.009999999776482582,
    -0.009999999776482582,
    -0.009999999776482582,
    -0.009999999776482582,
    -0.009999999776482582,
    -0.009999999776482582,
    -0.009999999776482582,
    -0.009999999776482582,
    -0.009999999776482582,
    -0.009999999776482582,
    -0.009999999776482582,
    -0.009999999776482582,
    -0.009999999776482582,
    -0.009999999776482582,
    -0.009999999776482582,
    -0.009999999776482582,
    -0.009999999776482582,
    -0.009999999776482582,
    -0.009999999776482582,
    -0.009999999776482582,
    -0.009999999776482582,
    -0.009999999776482582,
    -0.009999999776482582,
    -0.009999999776482582,
    -0.009999999776482582,
    -0.009999999776482582,
    -0.009999999776482582,
    -0.009999999776482582,
    -0.009999999776482582,
    -0.009999999776482582,
    -0.009999999776482582,
    -0.009999999776482582,
    -0.009999999776482582,
    -0.009999999776482582,
    -0.009999999776482582,
    -0.009999999776482582,
    -0.009999999776482582,
    -0.009999999776482582,
    -0.009999999776482582,
    -0.009999999776482582,
    -0.009999999776482582,
    -0.009999999776482582,
    -0.009999999776482582,
    -0.009999999776482582,
    -0.009999999776482582,
    -0.009999999776482582,
    -0.009999999776482582,
    -0.009999999776482582,
    -0.009999999776482582,
    -0.009999999776482582,
    -0.009999999776482582,
    -0.009999999776482582,
    -0.009999999776482582,
    -0.009999999776482582,
    -0.009999999776482582,
    -0.009999999776482582,
    -0.009999999776482582,
    -0.009999999776482582,
    -0.009999999776482582,
    -0.009999999776482582,
    -0.009999999776482582,
    -0.009999999776482582,
    -0.009999999776482582,
    -0.009999999776482582,
    -0.009999999776482582,
    -0.009999999776482582
  ],
  "initial_ascii": [
    "LEGEND:",
    "#: wall",
    ".: background",
    "k: dpolice",
    "l: rpolice",
    "c: crate",
    "j: lpolice",
    "@: target, crate",
    "t: target",
    "i: upolice",
    "",
    "MAP:",
    "###############",
    "#.kkkkkkkkkkk.#",
    "#.lcccc.c...cj#",
    "#.l...c......j#",
    "#.lc@ttttt...j#",
    "#.l.@ttt@t...j#",
    "#.l.t@@ttt..cj#",
    "#.lc@tt@@t..cj#",
    "#.l.@@t@@t...j#",
    "#.l.t@t@tt..cj#",
    "#.lc.c.......j#",
    "#.lc...c.....j#",
    "#.lccc.c.c..cj#",
    "#.iiiiiiiiiii.#",
    "###############"
  ],
  "state_data": {
    "score": 18,
    "win": false,
    "step": 100
  },
  "heuristics": [
    -58.0,
    -51.0,
    -51.0,
    -45.0,
    -45.0,
    -40.0,
    -34.0,
    -34.0,
    -29.0,
    -29.0,
    -31.0,
    -31.0,
    -31.0,
    -32.0,
    -34.0,
    -38.0,
    -36.0,
    -36.0,
    -36.0,
    -36.0,
    -36.0,
    -36.0,
    -36.0,
    -36.0,
    -36.0,
    -36.0,
    -36.0,
    -36.0,
    -36.0,
    -36.0,
    -36.0,
    -36.0,
    -36.0,
    -36.0,
    -36.0,
    -36.0,
    -36.0,
    -36.0,
    -36.0,
    -36.0,
    -36.0,
    -36.0,
    -36.0,
    -36.0,
    -36.0,
    -36.0,
    -36.0,
    -36.0,
    -36.0,
    -36.0,
    -36.0,
    -36.0,
    -36.0,
    -36.0,
    -36.0,
    -36.0,
    -36.0,
    -36.0,
    -36.0,
    -36.0,
    -36.0,
    -36.0,
    -36.0,
    -36.0,
    -36.0,
    -36.0,
    -36.0,
    -36.0,
    -36.0,
    -36.0,
    -36.0,
    -36.0,
    -36.0,
    -36.0,
    -36.0,
    -36.0,
    -36.0,
    -36.0,
    -36.0,
    -36.0,
    -36.0,
    -36.0,
    -36.0,
    -36.0,
    -36.0,
    -36.0,
    -36.0,
    -36.0,
    -36.0,
    -36.0,
    -36.0,
    -36.0,
    -36.0,
    -36.0,
    -36.0,
    -36.0,
    -36.0,
    -36.0,
    -36.0,
    -36.0
  ],
  "final_ascii": [
    "LEGEND:",
    "#: wall",
    ".: background",
    "k: dpolice",
    "l: rpolice",
    "j: lpolice",
    "i: upolice",
    "\u00ee: target, dpolice",
    "t: target",
    "\u0791: target, lpolice",
    "\u04be: target, rpolice",
    "@: target, crate",
    "c: crate",
    "",
    "MAP:",
    "###############",
    "#.............#",
    "#.k.....lj....#",
    "#.lk....j.....#",
    "#.il\u00eet\u00ee\u0791tt....#",
    "#..i\u04be\u00ee@\u00ee\u0791t....#",
    "#...t@\u04be@@@jk..#",
    "#...\u04be@@@\u00ee\u00eekj..#",
    "#...\u04be@@@@@cj..#",
    "#...\u04be@@@@@cj..#",
    "#...lcccccj...#",
    "#...lcccccj.k.#",
    "#...lccccccji.#",
    "#...iiiiiiii..#",
    "###############"
  ]
}