{
  "model": "4o-mini",
  "game": "atlas shrank",
  "level": 9,
  "run": 7,
  "win": false,
  "action_sequence": [
    2,
    2,
    4,
    2,
    2,
    2,
    4,
    2,
    2,
    0,
    1,
    2,
    4,
    2,
    2,
    4,
    2,
    4,
    4,
    2,
    2,
    2,
    3,
    2,
    2,
    4,
    2,
    2,
    2,
    2,
    2,
    0,
    0,
    2,
    2,
    4,
    4,
    2,
    2,
    2,
    2,
    1,
    2,
    2,
    2,
    2,
    4,
    2,
    2,
    2,
    4,
    2,
    2,
    2,
    2,
    2,
    2,
    4,
    1,
    2,
    2,
    2,
    4,
    2,
    4,
    4,
    2,
    2,
    2,
    2,
    4,
    4,
    2,
    1,
    4,
    2,
    2,
    4,
    2,
    2,
    2,
    2,
    4,
    2,
    2,
    4,
    2,
    2,
    4,
    4,
    1,
    2,
    4,
    2,
    2,
    4,
    2,
    2,
    1,
    2
  ],
  "reward_sequence": [
    -0.009999999776482582,
    -1.0099999904632568,
    -0.009999999776482582,
    -1.0099999904632568,
    -1.0099999904632568,
    -1.0099999904632568,
    -0.009999999776482582,
    -1.0099999904632568,
    -1.0099999904632568,
    0.9900000095367432,
    -0.009999999776482582,
    -1.0099999904632568,
    -0.009999999776482582,
    -1.0099999904632568,
    -1.0099999904632568,
    -0.009999999776482582,
    -1.0099999904632568,
    -0.009999999776482582,
    -0.009999999776482582,
    -1.0099999904632568,
    -1.0099999904632568,
    -1.0099999904632568,
    -1.0099999904632568,
    -0.009999999776482582,
    -1.0099999904632568,
    -0.009999999776482582,
    -1.0099999904632568,
    -1.0099999904632568,
    -0.009999999776482582,
    -0.009999999776482582,
    -0.009999999776482582,
    0.9900000095367432,
    -1.0099999904632568,
    -0.009999999776482582,
    -0.009999999776482582,
    -0.009999999776482582,
    -0.009999999776482582,
    -0.009999999776482582,
    -0.009999999776482582,
    -0.009999999776482582,
    -0.009999999776482582,
    -0.009999999776482582,
    -0.009999999776482582,
    -0.009999999776482582,
    -0.009999999776482582,
    -0.009999999776482582,
    -0.009999999776482582,
    -0.009999999776482582,
    -0.009999999776482582,
    -0.009999999776482582,
    -0.009999999776482582,
    -0.009999999776482582,
    -0.009999999776482582,
    -0.009999999776482582,
    -0.009999999776482582,
    -0.009999999776482582,
    -0.009999999776482582,
    -0.009999999776482582,
    -0.009999999776482582,
    -0.009999999776482582,
    -0.009999999776482582,
    -0.009999999776482582,
    -0.009999999776482582,
    -0.009999999776482582,
    -0.009999999776482582,
    -0.009999999776482582,
    -0.009999999776482582,
    -0.009999999776482582,
    -0.009999999776482582,
    -0.009999999776482582,
    -0.009999999776482582,
    -0.009999999776482582,
    -0.009999999776482582,
    -0.009999999776482582,
    -0.009999999776482582,
    -0.009999999776482582,
    -0.009999999776482582,
    -0.009999999776482582,
    -0.009999999776482582,
    -0.009999999776482582,
    -0.009999999776482582,
    -0.009999999776482582,
    -0.009999999776482582,
    -0.009999999776482582,
    -0.009999999776482582,
    -0.009999999776482582,
    -0.009999999776482582,
    -0.009999999776482582,
    -0.009999999776482582,
    -0.009999999776482582,
    -0.009999999776482582,
    -0.009999999776482582,
    -0.009999999776482582,
    -0.009999999776482582,
    -0.009999999776482582,
    -0.009999999776482582,
    -0.009999999776482582,
    -0.009999999776482582,
    -0.009999999776482582,
    -0.009999999776482582
  ],
  "initial_ascii": [
    "LEGEND:",
    ".: background",
    "#: wallsolo",
    "*: crate, massive",
    "o: exit",
    "\u2071: wallu",
    "\u0dc2: wallm",
    "\u2951: walld",
    "\u2362: wallud",
    "x: door",
    "\u046e: wallrl",
    "\u23a2: walll",
    "\u2617: wallr",
    "\u1158: playerr",
    "t: switch",
    "",
    "MAP:",
    ".....................##*#*****....*...................",
    "..o....##.#.#\u2071\u2071\u2071\u2071#....##******...**.........#.........",
    "..#.#\u2071\u2071\u0dc2\u0dc2\u2071\u0dc2\u2071\u0dc2\u0dc2\u0dc2\u0dc2\u2951\u0dc2#....#\u2071\u2071#*********........\u2362........*",
    "#\u2071\u0dc2\u2071\u0dc2\u2951\u2951\u2951\u2951\u2951\u2951\u2951\u2951\u2951\u2951#.\u2362.##..x#\u2951\u2951\u046e\u046e\u046e\u046e\u046e\u046e\u046e\u046e#........\u2362........#",
    "\u23a2\u0dc2\u0dc2\u2951\u2617............\u2362..\u2362..x....................\u2362.........",
    "\u23a2\u2951#.\u2362............#..#.*x....................\u2362.........",
    "\u2362.*.\u2362................#\u046e\u046e\u046e#.\u1158................#.........",
    "\u2362***\u2362............#*....*...**.........t.*..#.........*",
    "\u23a2\u046e\u046e\u046e#...........#\u0dc2\u2071\u2071\u2071\u2071\u2071\u2071\u2071\u2071\u2071\u2071\u2071\u2071\u2071\u2071\u2071\u2071\u2071\u2071\u2071#.#\u046e\u046e\u046e\u2617.........#",
    "\u2362..............#\u0dc2\u0dc2\u0dc2\u0dc2\u0dc2\u0dc2\u0dc2\u2951\u0dc2\u2951\u0dc2\u2951\u0dc2\u2951\u2951\u2951\u2951\u2951\u2951\u2951\u2951\u2951\u046e#...##.........",
    "\u2362.............#\u0dc2\u0dc2\u0dc2\u0dc2\u0dc2\u0dc2\u0dc2#.\u2362.\u2362.\u2362...............\u2362**.......",
    "\u2362............#\u0dc2\u0dc2\u0dc2\u0dc2\u0dc2\u0dc2\u0dc2#..#.#.#...............\u23a2\u046e\u2071#......",
    "\u2362............\u23a2\u0dc2\u0dc2\u0dc2\u0dc2\u0dc2\u0dc2\u2617..#*#*#*#..............\u2362.\u23a2\u2951\u046e\u046e\u046e\u2071\u2071#",
    "\u2362............\u23a2\u0dc2\u0dc2\u0dc2\u0dc2\u2951\u2951#..#*#*#*#..............\u2362.\u2362....#\u2951\u2617",
    "\u2362*...........\u23a2\u0dc2\u0dc2\u2951#......#.#.#...............\u2362.\u2362......\u2362",
    "\u2362*.......#\u2071\u2071\u2071\u0dc2\u2951#........#...................\u2362.\u2362......\u2362",
    "\u2362*......#\u2951\u0dc2\u0dc2\u2951#..............................\u2362.\u2362......\u2362",
    "\u2362*.....#..##............*...................\u2362.\u2362......\u2362",
    "\u2362**...**......*.......#.#.#.#..........t....\u2362.\u2362.....#\u2617",
    "#\u046e\u046e\u046e#*#\u046e\u046e\u046e\u046e\u046e#**#\u046e\u046e\u046e\u046e\u046e\u046e\u2951\u046e\u2951\u046e\u2951\u046e\u2951\u046e\u046e\u046e\u046e\u046e\u046e\u046e\u046e\u046e\u046e\u046e\u046e#*#\u2951\u046e\u2951\u046e#*#\u046e\u2951#"
  ],
  "state_data": {
    "score": 0,
    "win": false,
    "step": 100
  },
  "heuristics": [
    -30.0,
    -31.0,
    -31.0,
    -32.0,
    -33.0,
    -34.0,
    -34.0,
    -35.0,
    -36.0,
    -35.0,
    -35.0,
    -36.0,
    -36.0,
    -37.0,
    -38.0,
    -38.0,
    -39.0,
    -39.0,
    -39.0,
    -40.0,
    -41.0,
    -42.0,
    -43.0,
    -43.0,
    -44.0,
    -44.0,
    -45.0,
    -46.0,
    -46.0,
    -46.0,
    -46.0,
    -45.0,
    -46.0,
    -46.0,
    -46.0,
    -46.0,
    -46.0,
    -46.0,
    -46.0,
    -46.0,
    -46.0,
    -46.0,
    -46.0,
    -46.0,
    -46.0,
    -46.0,
    -46.0,
    -46.0,
    -46.0,
    -46.0,
    -46.0,
    -46.0,
    -46.0,
    -46.0,
    -46.0,
    -46.0,
    -46.0,
    -46.0,
    -46.0,
    -46.0,
    -46.0,
    -46.0,
    -46.0,
    -46.0,
    -46.0,
    -46.0,
    -46.0,
    -46.0,
    -46.0,
    -46.0,
    -46.0,
    -46.0,
    -46.0,
    -46.0,
    -46.0,
    -46.0,
    -46.0,
    -46.0,
    -46.0,
    -46.0,
    -46.0,
    -46.0,
    -46.0,
    -46.0,
    -46.0,
    -46.0,
    -46.0,
    -46.0,
    -46.0,
    -46.0,
    -46.0,
    -46.0,
    -46.0,
    -46.0,
    -46.0,
    -46.0,
    -46.0,
    -46.0,
    -46.0,
    -46.0
  ],