{
  "model": "4o-mini",
  "game": "kettle",
  "level": 10,
  "run": 2,
  "win": false,
  "action_sequence": [
    4,
    2,
    4,
    1,
    2,
    1,
    4,
    4,
    4,
    4,
    4,
    2,
    2,
    1,
    1,
    3,
    4,
    1,
    1,
    1,
    1,
    4,
    1,
    4,
    1,
    2,
    2,
    2,
    1,
    1,
    4,
    4,
    1,
    1,
    2,
    1,
    2,
    4,
    2,
    4,
    4,
    1,
    4,
    1,
    1,
    1,
    2,
    1,
    3,
    2,
    1,
    2,
    4,
    4,
    2,
    2,
    1,
    1,
    1,
    4,
    2,
    1,
    3,
    2,
    1,
    4,
    0,
    1,
    2,
    4,
    2,
    3,
    1,
    1,
    2,
    3,
    2,
    1,
    2,
    4,
    4,
    2,
    1,
    4,
    4,
    2,
    4,
    3,
    2,
    2,
    3,
    4,
    2,
    4,
    4,
    2,
    4,
    1,
    3,
    2
  ],
  "reward_sequence": [
    -0.009999999776482582,
    7.989999771118164,
    -0.009999999776482582,
    6.989999771118164,
    5.989999771118164,
    5.989999771118164,
    -0.009999999776482582,
    -0.009999999776482582,
    -0.009999999776482582,
    -0.009999999776482582,
    -0.009999999776482582,
    -0.009999999776482582,
    -2.009999990463257,
    -0.009999999776482582,
    -1.0099999904632568,
    3.990000009536743,
    -0.009999999776482582,
    -2.009999990463257,
    -0.009999999776482582,
    -0.009999999776482582,
    -1.0099999904632568,
    -0.009999999776482582,
    -0.009999999776482582,
    -0.009999999776482582,
    -0.009999999776482582,
    -4.010000228881836,
    -4.010000228881836,
    -1.0099999904632568,
    -0.009999999776482582,
    -0.009999999776482582,
    -0.009999999776482582,
    -0.009999999776482582,
    -0.009999999776482582,
    -0.009999999776482582,
    -2.009999990463257,
    -0.009999999776482582,
    -2.009999990463257,
    -0.009999999776482582,
    -0.009999999776482582,
    -0.009999999776482582,
    -0.009999999776482582,
    -0.009999999776482582,
    -0.009999999776482582,
    -0.009999999776482582,
    -0.009999999776482582,
    -0.009999999776482582,
    -0.009999999776482582,
    -0.009999999776482582,
    -0.009999999776482582,
    -0.009999999776482582,
    -0.009999999776482582,
    -0.009999999776482582,
    -0.009999999776482582,
    -0.009999999776482582,
    -0.009999999776482582,
    -0.009999999776482582,
    -0.009999999776482582,
    -0.009999999776482582,
    -0.009999999776482582,
    -0.009999999776482582,
    -0.009999999776482582,
    -0.009999999776482582,
    -0.009999999776482582,
    -0.009999999776482582,
    -0.009999999776482582,
    -0.009999999776482582,
    0.9900000095367432,
    -0.009999999776482582,
    -0.009999999776482582,
    -0.009999999776482582,
    -0.009999999776482582,
    -0.009999999776482582,
    -0.009999999776482582,
    -0.009999999776482582,
    -0.009999999776482582,
    -0.009999999776482582,
    -0.009999999776482582,
    -0.009999999776482582,
    -0.009999999776482582,
    -0.009999999776482582,
    -0.009999999776482582,
    -0.009999999776482582,
    -0.009999999776482582,
    -0.009999999776482582,
    -0.009999999776482582,
    -0.009999999776482582,
    -0.009999999776482582,
    -0.009999999776482582,
    -0.009999999776482582,
    -0.009999999776482582,
    -0.009999999776482582,
    -0.009999999776482582,
    -0.009999999776482582,
    -0.009999999776482582,
    -0.009999999776482582,
    -0.009999999776482582,
    -0.009999999776482582,
    -0.009999999776482582,
    -0.009999999776482582,
    -0.009999999776482582
  ],
  "initial_ascii": [
    "LEGEND:",
    "#: wall",
    ".: background",
    "k: dpolice",
    "l: rpolice",
    "c: crate",
    "j: lpolice",
    "@: target, crate",
    "t: target",
    "i: upolice",
    "",
    "MAP:",
    "###############",
    "#.kkkkkkkkkkk.#",
    "#lccc.c.c...cj#",
    "#l....c......j#",
    "#lc.@ttttt...j#",
    "#l..@ttt@t...j#",
    "#l..t@@ttt..cj#",
    "#lc.@tt@@t..cj#",
    "#l..@@t@@t...j#",
    "#l..t@t@tt..cj#",
    "#lc..c.......j#",
    "#lc....c.....j#",
    "#lcc.c.c.c..cj#",
    "#.iiiiiiiiiii.#",
    "###############"
  ],
  "state_data": {
    "score": 13,
    "win": false,
    "step": 100
  },
  "heuristics": [
    -66.0,
    -58.0,
    -58.0,
    -51.0,
    -45.0,
    -39.0,
    -39.0,
    -39.0,
    -39.0,
    -39.0,
    -39.0,
    -39.0,
    -41.0,
    -41.0,
    -42.0,
    -38.0,
    -38.0,
    -40.0,
    -40.0,
    -40.0,
    -41.0,
    -41.0,
    -41.0,
    -41.0,
    -41.0,
    -45.0,
    -49.0,
    -50.0,
    -50.0,
    -50.0,
    -50.0,
    -50.0,
    -50.0,
    -50.0,
    -52.0,
    -52.0,
    -54.0,
    -54.0,
    -54.0,
    -54.0,
    -54.0,
    -54.0,
    -54.0,
    -54.0,
    -54.0,
    -54.0,
    -54.0,
    -54.0,
    -54.0,
    -54.0,
    -54.0,
    -54.0,
    -54.0,
    -54.0,
    -54.0,
    -54.0,
    -54.0,
    -54.0,
    -54.0,
    -54.0,
    -54.0,
    -54.0,
    -54.0,
    -54.0,
    -54.0,
    -54.0,
    -53.0,
    -53.0,
    -53.0,
    -53.0,
    -53.0,
    -53.0,
    -53.0,
    -53.0,
    -53.0,
    -53.0,
    -53.0,
    -53.0,
    -53.0,
    -53.0,
    -53.0,
    -53.0,
    -53.0,
    -53.0,
    -53.0,
    -53.0,
    -53.0,
    -53.0,
    -53.0,
    -53.0,
    -53.0,
    -53.0,
    -53.0,
    -53.0,
    -53.0,
    -53.0,
    -53.0,
    -53.0,
    -53.0,
    -53.0
  ],
  "final_ascii": [
    "LEGEND:",
    "#: wall",
    ".: background",
    "l: rpolice",
    "j: lpolice",
    "t: target",
    "\u00ee: target, dpolice",
    "c: crate",
    "\u04be: target, rpolice",
    "@: target, crate",
    "k: dpolice",
    "i: upolice",
    "",
    "MAP:",
    "###############",
    "#.............#",
    "#...........lj#",
    "#...........lj#",
    "#...ttt\u00eettlccj#",
    "#...t\u00ee\u04be@\u00eet..j.#",
    "#...t\u04be\u00ee@@\u00ee..kj#",
    "#...tt@\u04be@@cccj#",
    "#...tt@\u04be@@cccj#",
    "#...t\u04be@@@@kcj.#",
    "#.k...lccccccj#",
    "#.ikklccccckcj#",
    "#..iilcciiiiij#",
    "#....iii......#",
    "###############"
  ]
}