{
  "model": "4o-mini",
  "game": "Travelling_salesman",
  "level": 5,
  "run": 9,
  "win": false,
  "action_sequence": [
    1,
    1,
    1,
    1,
    1,
    1,
    1,
    1,
    1,
    1,
    1,
    1,
    3,
    2,
    2,
    1,
    2,
    2,
    2,
    2,
    2,
    2,
    2,
    2,
    1,
    3,
    2,
    2,
    2,
    2,
    2,
    2,
    2,
    2,
    2,
    2,
    2,
    2,
    2,
    2,
    2,
    2,
    2,
    2,
    2,
    2,
    2,
    2,
    2,
    2,
    2,
    2,
    2,
    0,
    2,
    3,
    2,
    2,
    1,
    2,
    2,
    2,
    2,
    2,
    2,
    2,
    2,
    2,
    2,
    2,
    2,
    2,
    2,
    2,
    2,
    2,
    2,
    2,
    2,
    1,
    0,
    2,
    2,
    2,
    1,
    2,
    1,
    1,
    2,
    2,
    2,
    2,
    1,
    2,
    2,
    0,
    1,
    1,
    2,
    3
  ],
  "reward_sequence": [
    -0.009999999776482582,
    -0.009999999776482582,
    -0.009999999776482582,
    -0.009999999776482582,
    -0.009999999776482582,
    -0.009999999776482582,
    -0.009999999776482582,
    -0.009999999776482582,
    -0.009999999776482582,
    -0.009999999776482582,
    -0.009999999776482582,
    -0.009999999776482582,
    1.9900000095367432,
    -0.009999999776482582,
    -0.009999999776482582,
    -0.009999999776482582,
    -0.009999999776482582,
    -0.009999999776482582,
    -0.009999999776482582,
    -0.009999999776482582,
    -0.009999999776482582,
    -0.009999999776482582,
    -0.009999999776482582,
    -0.009999999776482582,
    -0.009999999776482582,
    0.9900000095367432,
    -0.009999999776482582,
    -0.009999999776482582,
    -0.009999999776482582,
    -0.009999999776482582,
    -0.009999999776482582,
    -0.009999999776482582,
    -0.009999999776482582,
    -0.009999999776482582,
    -0.009999999776482582,
    -0.009999999776482582,
    -0.009999999776482582,
    -0.009999999776482582,
    -0.009999999776482582,
    -0.009999999776482582,
    -0.009999999776482582,
    -0.009999999776482582,
    -0.009999999776482582,
    -0.009999999776482582,
    -0.009999999776482582,
    -0.009999999776482582,
    -0.009999999776482582,
    -0.009999999776482582,
    -0.009999999776482582,
    -0.009999999776482582,
    -0.009999999776482582,
    -0.009999999776482582,
    -0.009999999776482582,
    0.9900000095367432,
    -0.009999999776482582,
    -0.009999999776482582,
    -0.009999999776482582,
    -0.009999999776482582,
    0.9900000095367432,
    -0.009999999776482582,
    -0.009999999776482582,
    -0.009999999776482582,
    -0.009999999776482582,
    -0.009999999776482582,
    -0.009999999776482582,
    -0.009999999776482582,
    -0.009999999776482582,
    -0.009999999776482582,
    -0.009999999776482582,
    -0.009999999776482582,
    -0.009999999776482582,
    -0.009999999776482582,
    -0.009999999776482582,
    -0.009999999776482582,
    -0.009999999776482582,
    -0.009999999776482582,
    -0.009999999776482582,
    -0.009999999776482582,
    -0.009999999776482582,
    0.9900000095367432,
    0.9900000095367432,
    -0.009999999776482582,
    -0.009999999776482582,
    -0.009999999776482582,
    -0.009999999776482582,
    -0.009999999776482582,
    -0.009999999776482582,
    -0.009999999776482582,
    -0.009999999776482582,
    -0.009999999776482582,
    -0.009999999776482582,
    -0.009999999776482582,
    -0.009999999776482582,
    -0.009999999776482582,
    -0.009999999776482582,
    -0.009999999776482582,
    -0.009999999776482582,
    -0.009999999776482582,
    -0.009999999776482582,
    0.9900000095367432
  ],
  "initial_ascii": [
    "LEGEND:",
    "o: node",
    "-: hlink",
    ".: background",
    "|: vlink",
    "p: node, player",
    "",
    "MAP:",
    "o-o-o-o.o-o.o-o",
    "|.|.|.|.|.|.|.|",
    "o.o.o-o-o-o-o-o",
    "|.|.|.....|.|.|",
    "o-o-o.....o-o.p"
  ],
  "state_data": {
    "score": -14,
    "win": false,
    "step": 100
  },
  "heuristics": [
    -22.0,
    -22.0,
    -22.0,
    -22.0,
    -22.0,
    -22.0,
    -22.0,
    -22.0,
    -22.0,
    -22.0,
    -22.0,
    -22.0,
    -20.0,
    -20.0,
    -20.0,
    -20.0,
    -20.0,
    -20.0,
    -20.0,
    -20.0,
    -20.0,
    -20.0,
    -20.0,
    -20.0,
    -20.0,
    -19.0,
    -19.0,
    -19.0,
    -19.0,
    -19.0,
    -19.0,
    -19.0,
    -19.0,
    -19.0,
    -19.0,
    -19.0,
    -19.0,
    -19.0,
    -19.0,
    -19.0,
    -19.0,
    -19.0,
    -19.0,
    -19.0,
    -19.0,
    -19.0,
    -19.0,
    -19.0,
    -19.0,
    -19.0,
    -19.0,
    -19.0,
    -19.0,
    -18.0,
    -18.0,
    -18.0,
    -18.0,
    -18.0,
    -17.0,
    -17.0,
    -17.0,
    -17.0,
    -17.0,
    -17.0,
    -17.0,
    -17.0,
    -17.0,
    -17.0,
    -17.0,
    -17.0,
    -17.0,
    -17.0,
    -17.0,
    -17.0,
    -17.0,
    -17.0,
    -17.0,
    -17.0,
    -17.0,
    -16.0,
    -15.0,
    -15.0,
    -15.0,
    -15.0,
    -15.0,
    -15.0,
    -15.0,
    -15.0,
    -15.0,
    -15.0,
    -15.0,
    -15.0,
    -15.0,
    -15.0,
    -15.0,
    -15.0,
    -15.0,
    -15.0,
    -15.0,
    -14.0
  ],
  "final_ascii": [
    "LEGEND:",
    "o: node",
    "-: hlink",
    ".: background",
    "\u29b1: nodeseen",
    "\u14a2: hlinkseen",
    "|: vlink",
    "\u1fe0: vlinkseen",
    "\u227a: nodeseen, player",
    "",
    "MAP:",
    "o-o-o-o.o-o.\u29b1\u14a2\u29b1",
    "|.|.|.|.|.|.\u1fe0.\u1fe0",
    "o.o.o-o-o-\u227a-\u29b1-\u29b1",
    "|.|.|.....\u1fe0.\u1fe0.\u1fe0",
    "o-o-o.....\u29b1\u14a2\u29b1.\u29b1"
  ]
}