{
  "model": "4o-mini",
  "game": "kettle",
  "level": 7,
  "run": 9,
  "win": false,
  "action_sequence": [
    2,
    0,
    2,
    1,
    2,
    1,
    4,
    4,
    1,
    2,
    1,
    4,
    2,
    2,
    2,
    2,
    3,
    4,
    4,
    3,
    2,
    2,
    2,
    1,
    1,
    1,
    1,
    1,
    2,
    2,
    1,
    1,
    2,
    1,
    1,
    4,
    2,
    1,
    2,
    2,
    1,
    4,
    4,
    2,
    4,
    1,
    2,
    1,
    1,
    4,
    1,
    2,
    2,
    1,
    4,
    1,
    1,
    3,
    1,
    1,
    2,
    2,
    4,
    1,
    3,
    1,
    2,
    2,
    1,
    2,
    4,
    2,
    4,
    3,
    2,
    4,
    2,
    0,
    1,
    1,
    2,
    2,
    2,
    1,
    1,
    2,
    2,
    2,
    4,
    1,
    1,
    1,
    1,
    1,
    1,
    2,
    1,
    2,
    2,
    1
  ],
  "reward_sequence": [
    4.989999771118164,
    4.989999771118164,
    -1.0099999904632568,
    4.989999771118164,
    -0.009999999776482582,
    -4.010000228881836,
    -0.009999999776482582,
    -0.009999999776482582,
    -2.009999990463257,
    -0.009999999776482582,
    -0.009999999776482582,
    -0.009999999776482582,
    -0.009999999776482582,
    -0.009999999776482582,
    -0.009999999776482582,
    -0.009999999776482582,
    -0.009999999776482582,
    -0.009999999776482582,
    -0.009999999776482582,
    -0.009999999776482582,
    -0.009999999776482582,
    -0.009999999776482582,
    -0.009999999776482582,
    -0.009999999776482582,
    -0.009999999776482582,
    -0.009999999776482582,
    -0.009999999776482582,
    -0.009999999776482582,
    -0.009999999776482582,
    -0.009999999776482582,
    -0.009999999776482582,
    -0.009999999776482582,
    -0.009999999776482582,
    -0.009999999776482582,
    -0.009999999776482582,
    -0.009999999776482582,
    -0.009999999776482582,
    -0.009999999776482582,
    -0.009999999776482582,
    -0.009999999776482582,
    -0.009999999776482582,
    -0.009999999776482582,
    -0.009999999776482582,
    -0.009999999776482582,
    -0.009999999776482582,
    -0.009999999776482582,
    -0.009999999776482582,
    -0.009999999776482582,
    -0.009999999776482582,
    -0.009999999776482582,
    -0.009999999776482582,
    -0.009999999776482582,
    -0.009999999776482582,
    -0.009999999776482582,
    -0.009999999776482582,
    -0.009999999776482582,
    -0.009999999776482582,
    -0.009999999776482582,
    -0.009999999776482582,
    -0.009999999776482582,
    -0.009999999776482582,
    -0.009999999776482582,
    -0.009999999776482582,
    -0.009999999776482582,
    -0.009999999776482582,
    -0.009999999776482582,
    -0.009999999776482582,
    -0.009999999776482582,
    -0.009999999776482582,
    -0.009999999776482582,
    -0.009999999776482582,
    -0.009999999776482582,
    -0.009999999776482582,
    -0.009999999776482582,
    -0.009999999776482582,
    -0.009999999776482582,
    -0.009999999776482582,
    -0.009999999776482582,
    -0.009999999776482582,
    -0.009999999776482582,
    -0.009999999776482582,
    -0.009999999776482582,
    -0.009999999776482582,
    -0.009999999776482582,
    -0.009999999776482582,
    -0.009999999776482582,
    -0.009999999776482582,
    -0.009999999776482582,
    -0.009999999776482582,
    -0.009999999776482582,
    -0.009999999776482582,
    -0.009999999776482582,
    -0.009999999776482582,
    -0.009999999776482582,
    -0.009999999776482582,
    -0.009999999776482582,
    -0.009999999776482582,
    -0.009999999776482582,
    -0.009999999776482582,
    -0.009999999776482582
  ],
  "initial_ascii": [
    "LEGEND:",
    "#: wall",
    ".: background",
    "k: dpolice",
    "l: rpolice",
    "c: crate",
    "j: lpolice",
    "@: target, crate",
    "t: target",
    "i: upolice",
    "",
    "MAP:",
    "###############",
    "#.............#",
    "#..kkkkkkkk...#",
    "#..lccccc..j..#",
    "#..l@@@tt.cj..#",
    "#..lt@t@t.cj..#",
    "#..l@@@tt.cj..#",
    "#..l@@tttccj..#",
    "#..ltt@@t..j..#",
    "#..l.......j..#",
    "#..lc.cc...j..#",
    "#..iiiiiiii...#",
    "###############"
  ],
  "state_data": {
    "score": 14,
    "win": false,
    "step": 100
  },
  "heuristics": [
    -20.0,
    -15.0,
    -16.0,
    -11.0,
    -11.0,
    -15.0,
    -15.0,
    -15.0,
    -17.0,
    -17.0,
    -17.0,
    -17.0,
    -17.0,
    -17.0,
    -17.0,
    -17.0,
    -17.0,
    -17.0,
    -17.0,
    -17.0,
    -17.0,
    -17.0,
    -17.0,
    -17.0,
    -17.0,
    -17.0,
    -17.0,
    -17.0,
    -17.0,
    -17.0,
    -17.0,
    -17.0,
    -17.0,
    -17.0,
    -17.0,
    -17.0,
    -17.0,
    -17.0,
    -17.0,
    -17.0,
    -17.0,
    -17.0,
    -17.0,
    -17.0,
    -17.0,
    -17.0,
    -17.0,
    -17.0,
    -17.0,
    -17.0,
    -17.0,
    -17.0,
    -17.0,
    -17.0,
    -17.0,
    -17.0,
    -17.0,
    -17.0,
    -17.0,
    -17.0,
    -17.0,
    -17.0,
    -17.0,
    -17.0,
    -17.0,
    -17.0,
    -17.0,
    -17.0,
    -17.0,
    -17.0,
    -17.0,
    -17.0,
    -17.0,
    -17.0,
    -17.0,
    -17.0,
    -17.0,
    -17.0,
    -17.0,
    -17.0,
    -17.0,
    -17.0,
    -17.0,
    -17.0,
    -17.0,
    -17.0,
    -17.0,
    -17.0,
    -17.0,
    -17.0,
    -17.0,
    -17.0,
    -17.0,
    -17.0,
    -17.0,
    -17.0,
    -17.0,
    -17.0,
    -17.0,
    -17.0
  ],
  "final_ascii": [
    "LEGEND:",
    "#: wall",
    ".: background",
    "k: dpolice",
    "l: rpolice",
    "j: lpolice",
    "\u04be: target, rpolice",
    "@: target, crate",
    "\u00ee: target, dpolice",
    "t: target",
    "c: crate",
    "\u25f4: target, upolice",
    "i: upolice",
    "",
    "MAP:",
    "###############",
    "#.............#",
    "#...k.........#",
    "#...lk...j....#",
    "#...\u04be@\u00ee\u00ee\u00eejk...#",
    "#...t\u04be@@@kj...#",
    "#...t\u04be@@@cj...#",
    "#...\u04be@@@@cj...#",
    "#..k\u25f4\u04be@@@cj...#",
    "#..i.lccccj...#",
    "#....lccccj...#",
    "#....iiiiii...#",
    "###############"
  ]
}