{
  "model": "4o-mini",
  "game": "limerick",
  "level": 4,
  "run": 2,
  "win": false,
  "action_sequence": [
    3,
    1,
    3,
    3,
    3,
    3,
    3,
    3,
    3,
    3,
    3,
    2,
    2,
    3,
    1,
    2,
    3,
    4,
    2,
    1,
    3,
    2,
    3,
    3,
    3,
    3,
    2,
    1,
    3,
    2,
    3,
    3,
    3,
    3,
    3,
    4,
    3,
    4,
    3,
    2,
    2,
    2,
    3,
    1,
    3,
    3,
    2,
    3,
    1,
    3,
    3,
    3,
    1,
    3,
    3,
    3,
    1,
    3,
    2,
    3,
    3,
    3,
    3,
    3,
    3,
    3,
    3,
    3,
    4,
    3,
    3,
    3,
    3,
    2,
    3,
    3,
    3,
    4,
    1,
    1,
    4,
    3,
    1,
    1,
    4,
    3,
    3,
    3,
    1,
    3,
    3,
    3,
    3,
    3,
    3,
    3,
    3,
    2,
    2,
    3
  ],
  "reward_sequence": [
    -1.0099999904632568,
    -0.009999999776482582,
    -0.009999999776482582,
    -0.009999999776482582,
    -0.009999999776482582,
    -0.009999999776482582,
    -0.009999999776482582,
    -0.009999999776482582,
    -0.009999999776482582,
    -0.009999999776482582,
    -0.009999999776482582,
    1.9900000095367432,
    0.9900000095367432,
    -1.0099999904632568,
    -0.009999999776482582,
    1.9900000095367432,
    -0.009999999776482582,
    -0.009999999776482582,
    0.9900000095367432,
    -0.009999999776482582,
    -1.0099999904632568,
    0.9900000095367432,
    -0.009999999776482582,
    -0.009999999776482582,
    -0.009999999776482582,
    -0.009999999776482582,
    -0.009999999776482582,
    -0.009999999776482582,
    -0.009999999776482582,
    -0.009999999776482582,
    -0.009999999776482582,
    -0.009999999776482582,
    -0.009999999776482582,
    -0.009999999776482582,
    -0.009999999776482582,
    -0.009999999776482582,
    -0.009999999776482582,
    -0.009999999776482582,
    -0.009999999776482582,
    -0.009999999776482582,
    -0.009999999776482582,
    -0.009999999776482582,
    -0.009999999776482582,
    -0.009999999776482582,
    -0.009999999776482582,
    -0.009999999776482582,
    -0.009999999776482582,
    -0.009999999776482582,
    -0.009999999776482582,
    -0.009999999776482582,
    -0.009999999776482582,
    -0.009999999776482582,
    -0.009999999776482582,
    -0.009999999776482582,
    -0.009999999776482582,
    -0.009999999776482582,
    -0.009999999776482582,
    -0.009999999776482582,
    -0.009999999776482582,
    -0.009999999776482582,
    -0.009999999776482582,
    -0.009999999776482582,
    -0.009999999776482582,
    -0.009999999776482582,
    -0.009999999776482582,
    -0.009999999776482582,
    -0.009999999776482582,
    -0.009999999776482582,
    -0.009999999776482582,
    -0.009999999776482582,
    -0.009999999776482582,
    -0.009999999776482582,
    -0.009999999776482582,
    -0.009999999776482582,
    -0.009999999776482582,
    -0.009999999776482582,
    -0.009999999776482582,
    -0.009999999776482582,
    -0.009999999776482582,
    -0.009999999776482582,
    -0.009999999776482582,
    -0.009999999776482582,
    -0.009999999776482582,
    -0.009999999776482582,
    -0.009999999776482582,
    -0.009999999776482582,
    -0.009999999776482582,
    -0.009999999776482582,
    -0.009999999776482582,
    -0.009999999776482582,
    -0.009999999776482582,
    -0.009999999776482582,
    -0.009999999776482582,
    -0.009999999776482582,
    -0.009999999776482582,
    -0.009999999776482582,
    -0.009999999776482582,
    -0.009999999776482582,
    -0.009999999776482582,
    -0.009999999776482582
  ],
  "initial_ascii": [
    "LEGEND:",
    "#: wall",
    ".: background",
    "c: crate",
    "\u14a2: playerhead2",
    "\u01f8: playerbodyv",
    "e: exit",
    "",
    "MAP:",
    "###################",
    "#.................#",
    "#.................#",
    "#.................#",
    "#...c........c....#",
    "#..###......###...#",
    "#...\u14a2.............#",
    "#...\u01f8........e....#",
    "#########.##.#.####",
    "###################",
    "#.................#",
    "#.................#",
    "#.................#",
    "###################"
  ],
  "state_data": {
    "score": 0,
    "win": false,
    "step": 100
  },
  "heuristics": [
    -10.0,
    -10.0,
    -10.0,
    -10.0,
    -10.0,
    -10.0,
    -10.0,
    -10.0,
    -10.0,
    -10.0,
    -10.0,
    -8.0,
    -7.0,
    -8.0,
    -8.0,
    -6.0,
    -6.0,
    -6.0,
    -5.0,
    -5.0,
    -6.0,
    -5.0,
    -5.0,
    -5.0,
    -5.0,
    -5.0,
    -5.0,
    -5.0,
    -5.0,
    -5.0,
    -5.0,
    -5.0,
    -5.0,
    -5.0,
    -5.0,
    -5.0,
    -5.0,
    -5.0,
    -5.0,
    -5.0,
    -5.0,
    -5.0,
    -5.0,
    -5.0,
    -5.0,
    -5.0,
    -5.0,
    -5.0,
    -5.0,
    -5.0,
    -5.0,
    -5.0,
    -5.0,
    -5.0,
    -5.0,
    -5.0,
    -5.0,
    -5.0,
    -5.0,
    -5.0,
    -5.0,
    -5.0,
    -5.0,
    -5.0,
    -5.0,
    -5.0,
    -5.0,
    -5.0,
    -5.0,
    -5.0,
    -5.0,
    -5.0,
    -5.0,
    -5.0,
    -5.0,
    -5.0,
    -5.0,
    -5.0,
    -5.0,
    -5.0,
    -5.0,
    -5.0,
    -5.0,
    -5.0,
    -5.0,
    -5.0,
    -5.0,
    -5.0,
    -5.0,
    -5.0,
    -5.0,
    -5.0,
    -5.0,
    -5.0,
    -5.0,
    -5.0,
    -5.0,
    -5.0,
    -5.0,
    -5.0
  ],
  "final_ascii": [
    "LEGEND:",
    "#: wall",
    ".: background",
    "c: crate",
    "\u29b1: playerbodyh",
    "\u01f8: playerbodyv",
    "e: exit",
    "p: playerhead1",
    "",
    "MAP:",
    "###################",
    "#.................#",
    "#.................#",
    "#.................#",
    "#...c........c....#",
    "#..###......###...#",
    "#...\u29b1\u01f8\u29b1\u01f8\u29b1\u01f8........#",
    "#...\u01f8\u29b1\u01f8\u29b1\u01f8\u01f8...e....#",
    "#########p##.#.####",
    "###################",
    "#.................#",
    "#.................#",
    "#.................#",
    "###################"
  ]
}