{
  "model": "4o-mini",
  "game": "atlas shrank",
  "level": 4,
  "run": 1,
  "win": false,
  "action_sequence": [
    2,
    2,
    2,
    2,
    2,
    4,
    1,
    2,
    2,
    2,
    3,
    2,
    2,
    0,
    0,
    2,
    2,
    0,
    2,
    4,
    2,
    2,
    4,
    2,
    4,
    1,
    2,
    2,
    3,
    1,
    0,
    2,
    2,
    2,
    4,
    1,
    0,
    3,
    2,
    2,
    2,
    2,
    2,
    4,
    2,
    2,
    1,
    2,
    2,
    0,
    2,
    1,
    1,
    2,
    2,
    4,
    4,
    2,
    1,
    2,
    2,
    0,
    2,
    2,
    0,
    0,
    4,
    1,
    2,
    0,
    2,
    2,
    2,
    2,
    1,
    3,
    0,
    0,
    0,
    2,
    2,
    2,
    2,
    2,
    4,
    4,
    4,
    1,
    2,
    2,
    0,
    4,
    2,
    3,
    1,
    2,
    3,
    4,
    2,
    0
  ],
  "reward_sequence": [
    0.9900000095367432,
    0.9900000095367432,
    -0.009999999776482582,
    -0.009999999776482582,
    -0.009999999776482582,
    -0.009999999776482582,
    -0.009999999776482582,
    -0.009999999776482582,
    -0.009999999776482582,
    -0.009999999776482582,
    -0.009999999776482582,
    -0.009999999776482582,
    -0.009999999776482582,
    -1.0099999904632568,
    -1.0099999904632568,
    0.9900000095367432,
    0.9900000095367432,
    -1.0099999904632568,
    0.9900000095367432,
    -0.009999999776482582,
    -0.009999999776482582,
    -0.009999999776482582,
    -0.009999999776482582,
    -0.009999999776482582,
    -0.009999999776482582,
    -0.009999999776482582,
    -0.009999999776482582,
    -0.009999999776482582,
    -0.009999999776482582,
    -0.009999999776482582,
    -1.0099999904632568,
    0.9900000095367432,
    -0.009999999776482582,
    -0.009999999776482582,
    -0.009999999776482582,
    -0.009999999776482582,
    -1.0099999904632568,
    -0.009999999776482582,
    0.9900000095367432,
    -0.009999999776482582,
    -0.009999999776482582,
    -0.009999999776482582,
    -0.009999999776482582,
    -0.009999999776482582,
    -0.009999999776482582,
    -0.009999999776482582,
    -0.009999999776482582,
    -0.009999999776482582,
    -0.009999999776482582,
    -1.0099999904632568,
    0.9900000095367432,
    -0.009999999776482582,
    -0.009999999776482582,
    -0.009999999776482582,
    -0.009999999776482582,
    -0.009999999776482582,
    -0.009999999776482582,
    -0.009999999776482582,
    -0.009999999776482582,
    -0.009999999776482582,
    -0.009999999776482582,
    -1.0099999904632568,
    0.9900000095367432,
    -0.009999999776482582,
    -1.0099999904632568,
    -1.0099999904632568,
    -0.009999999776482582,
    -0.009999999776482582,
    0.9900000095367432,
    -1.0099999904632568,
    0.9900000095367432,
    0.9900000095367432,
    -0.009999999776482582,
    -0.009999999776482582,
    -0.009999999776482582,
    -0.009999999776482582,
    -1.0099999904632568,
    -1.0099999904632568,
    -1.0099999904632568,
    0.9900000095367432,
    0.9900000095367432,
    0.9900000095367432,
    -0.009999999776482582,
    -0.009999999776482582,
    -0.009999999776482582,
    -0.009999999776482582,
    -0.009999999776482582,
    -0.009999999776482582,
    -0.009999999776482582,
    -0.009999999776482582,
    -1.0099999904632568,
    -0.009999999776482582,
    0.9900000095367432,
    -0.009999999776482582,
    -0.009999999776482582,
    -0.009999999776482582,
    -0.009999999776482582,
    -0.009999999776482582,
    -0.009999999776482582,
    -1.0099999904632568
  ],
  "initial_ascii": [
    "LEGEND:",
    "*: crate, massive",
    "#: wallsolo",
    "\u0c9c: wallu",
    "\u1e2b: wallrl",
    "\u165a: wallr",
    ".: background",
    "\u1d6a: wallud",
    "\u2210: walll",
    "o: exit",
    "\u0a72: wallm",
    "\u0917: walld",
    "x: door",
    "\u1852: playerr",
    "t: switch",
    "",
    "MAP:",
    "*#\u0c9c\u0c9c\u1e2b#*#\u0c9c\u1e2b\u1e2b\u1e2b\u0c9c\u1e2b\u1e2b\u1e2b\u1e2b#",
    "#*#\u165a.##.#...#....\u1d6a",
    "\u2210#.#..\u1d6a..........\u1d6a",
    "\u1d6a.....#*........o\u1d6a",
    "\u1d6a......#\u1e2b#.....#\u0c9c\u165a",
    "\u1d6a.........#....\u2210\u0a72\u165a",
    "\u1d6a......*..*....\u2210\u0a72\u165a",
    "\u1d6a....#\u1e2b\u1e2b\u1e2b\u1e2b\u1e2b\u1e2b\u1e2b\u1e2b\u1e2b\u0917\u0917\u165a",
    "\u1d6a...#............\u1d6a",
    "\u1d6a**..............\u1d6a",
    "#\u1e2b\u1e2b\u1e2b#...#\u0c9c\u0c9c\u0c9c\u0c9c\u0c9c\u0c9c\u0c9c\u0c9c\u165a",
    "****.#..#\u0a72\u0a72\u0a72\u0a72\u0a72\u0a72\u0a72\u0a72\u165a",
    "****..#..#\u0917\u0917\u0a72\u0a72\u0a72\u0a72\u0a72\u165a",
    "****...#....#\u0917\u0917\u0917\u0917\u165a",
    "****....#.......*\u1d6a",
    "*#\u1e2b#....\u2210#......*\u1d6a",
    "*.....#\u0c9c\u0a72\u0a72#...#\u0c9c\u0c9c\u165a",
    "#......#\u0917#....\u2210\u0a72\u0a72\u165a",
    "*.......x..#\u0c9c\u0c9c\u0a72\u0a72\u0a72\u165a",
    "##.#....x.#\u0a72\u0a72\u0a72\u0a72\u0a72\u0a72\u165a",
    "..\u1852*.*ttx#\u0a72\u0a72\u0a72\u0a72\u0a72\u0a72\u0a72\u165a",
    "#\u1e2b\u1e2b\u1e2b\u1e2b\u1e2b\u1e2b\u1e2b\u1e2b\u0917\u0917\u0917\u0917\u0917\u0917\u0917\u0917#"
  ],
  "final_ascii": [
    "LEGEND:",
    "*: crate, massive",
    "#: wallsolo",
    "\u0c9c: wallu",
    "\u1e2b: wallrl",
    "\u165a: wallr",
    ".: background",
    "\u1d6a: wallud",
    "\u2210: walll",
    "o: exit",
    "\u0a72: wallm",
    "\u0917: walld",
    "x: door",
    "\u1865: playerl",
    "t: switch",
    "",
    "MAP:",
    "*#\u0c9c\u0c9c\u1e2b#*#\u0c9c\u1e2b\u1e2b\u1e2b\u0c9c\u1e2b\u1e2b\u1e2b\u1e2b#",
    "#*#\u165a.##.#...#....\u1d6a",
    "\u2210#.#..\u1d6a..........\u1d6a",
    "\u1d6a.....#*........o\u1d6a",
    "\u1d6a......#\u1e2b#.....#\u0c9c\u165a",
    "\u1d6a.........#....\u2210\u0a72\u165a",
    "\u1d6a......*..*....\u2210\u0a72\u165a",
    "\u1d6a....#\u1e2b\u1e2b\u1e2b\u1e2b\u1e2b\u1e2b\u1e2b\u1e2b\u1e2b\u0917\u0917\u165a",
    "\u1d6a...#............\u1d6a",
    "\u1d6a**..............\u1d6a",
    "#\u1e2b\u1e2b\u1e2b#...#\u0c9c\u0c9c\u0c9c\u0c9c\u0c9c\u0c9c\u0c9c\u0c9c\u165a",
    "****.#..#\u0a72\u0a72\u0a72\u0a72\u0a72\u0a72\u0a72\u0a72\u165a",
    "****..#..#\u0917\u0917\u0a72\u0a72\u0a72\u0a72\u0a72\u165a",
    "****...#....#\u0917\u0917\u0917\u0917\u165a",
    "****....#.......*\u1d6a",
    "*#\u1e2b#....\u2210#......*\u1d6a",
    "*.....#\u0c9c\u0a72\u0a72#...#\u0c9c\u0c9c\u165a",
    "#......#\u0917#....\u2210\u0a72\u0a72\u165a",
    "*.......x..#\u0c9c\u0c9c\u0a72\u0a72\u0a72\u165a",
    "##.#....x.#\u0a72\u0a72\u0a72\u0a72\u0a72\u0a72\u165a",
    "..\u1865.**ttx#\u0a72\u0a72\u0a72\u0a72\u0a72\u0a72\u0a72\u165a",
    "#\u1e2b\u1e2b\u1e2b\u1e2b\u1e2b\u1e2b\u1e2b\u1e2b\u0917\u0917\u0917\u0917\u0917\u0917\u0917\u0917#"
  ],
  "state_data": {
    "score": 0,
    "win": false,
    "step": 100
  },
  "heuristics": [
    -31.0,
    -30.0,
    -30.0,
    -30.0,
    -30.0,
    -30.0,
    -30.0,
    -30.0,
    -30.0,
    -30.0,
    -30.0,
    -30.0,
    -30.0,
    -31.0,
    -32.0,
    -31.0,
    -30.0,
    -31.0,
    -30.0,
    -30.0,
    -30.0,
    -30.0,
    -30.0,
    -30.0,
    -30.0,
    -30.0,
    -30.0,
    -30.0,
    -30.0,
    -30.0,
    -31.0,
    -30.0,
    -30.0,
    -30.0,
    -30.0,
    -30.0,
    -31.0,
    -31.0,
    -30.0,
    -30.0,
    -30.0,
    -30.0,
    -30.0,
    -30.0,
    -30.0,
    -30.0,
    -30.0,
    -30.0,
    -30.0,
    -31.0,
    -30.0,
    -30.0,
    -30.0,
    -30.0,
    -30.0,
    -30.0,
    -30.0,
    -30.0,
    -30.0,
    -30.0,
    -30.0,
    -31.0,
    -30.0,
    -30.0,
    -31.0,
    -32.0,
    -32.0,
    -32.0,
    -31.0,
    -32.0,
    -31.0,
    -30.0,
    -30.0,
    -30.0,
    -30.0,
    -30.0,
    -31.0,
    -32.0,
    -33.0,
    -32.0,
    -31.0,
    -30.0,
    -30.0,
    -30.0,
    -30.0,
    -30.0,
    -30.0,
    -30.0,
    -30.0,
    -30.0,
    -31.0,
    -31.0,
    -30.0,
    -30.0,
    -30.0,
    -30.0,
    -30.0,
    -30.0,
    -30.0,
    -31.0
  ]
}