{
  "model": "4o-mini",
  "game": "slidings",
  "level": 9,
  "run": 4,
  "win": true,
  "action_sequence": [
    2,
    1,
    2,
    2,
    1,
    3,
    1,
    2,
    2,
    2,
    2,
    2,
    1,
    1,
    2,
    1,
    1,
    3,
    1,
    2,
    2,
    3,
    4,
    3,
    2,
    2,
    2,
    3,
    2,
    2,
    2,
    1,
    2,
    2,
    3
  ],
  "reward_sequence": [
    -0.009999999776482582,
    -1.0099999904632568,
    -0.009999999776482582,
    -0.009999999776482582,
    -0.009999999776482582,
    0.9900000095367432,
    -1.0099999904632568,
    -0.009999999776482582,
    -0.009999999776482582,
    -0.009999999776482582,
    -0.009999999776482582,
    -0.009999999776482582,
    -0.009999999776482582,
    -0.009999999776482582,
    -0.009999999776482582,
    -0.009999999776482582,
    -0.009999999776482582,
    0.9900000095367432,
    -1.0099999904632568,
    -0.009999999776482582,
    -0.009999999776482582,
    0.9900000095367432,
    0.9900000095367432,
    -0.009999999776482582,
    -1.0099999904632568,
    -0.009999999776482582,
    -0.009999999776482582,
    -0.009999999776482582,
    -0.009999999776482582,
    -0.009999999776482582,
    -0.009999999776482582,
    -1.0099999904632568,
    -0.009999999776482582,
    -0.009999999776482582,
    4.989999771118164
  ],
  "initial_ascii": [
    "LEGEND:",
    "#: wall",
    "m: count",
    ".: background",
    "p: player",
    "o: target",
    "n: countend",
    "a: balla",
    "d: ballb, overwall",
    "e: ballc, overwall",
    "",
    "MAP:",
    "#mmmmmmm",
    "###..##m",
    "##...p#m",
    "#..o...n",
    "#......#",
    "##.a..##",
    "###..###",
    "d######e"
  ],
  "state_data": {
    "score": 0,
    "win": true,
    "step": 35
  },
  "heuristics": [
    -3.0,
    -4.0,
    -4.0,
    -4.0,
    -4.0,
    -3.0,
    -4.0,
    -4.0,
    -4.0,
    -4.0,
    -4.0,
    -4.0,
    -4.0,
    -4.0,
    -4.0,
    -4.0,
    -4.0,
    -3.0,
    -4.0,
    -4.0,
    -4.0,
    -3.0,
    -2.0,
    -2.0,
    -3.0,
    -3.0,
    -3.0,
    -3.0,
    -3.0,
    -3.0,
    -3.0,
    -4.0,
    -4.0,
    -4.0,
    0.0
  ],
  "final_ascii": [
    "LEGEND:",
    "#: wall",
    ".: background",
    "\u29b1: deadplayer",
    "c: ballc",
    "o: target",
    "\u1c5d: balla, overwall",
    "d: ballb, overwall",
    "",
    "MAP:",
    "########",
    "###.\u29b1###",
    "##...c##",
    "#..o...#",
    "#......#",
    "##....##",
    "###..###",
    "\u1c5d######d"
  ]
}