{
  "model": "4o-mini",
  "game": "slidings",
  "level": 6,
  "run": 10,
  "win": false,
  "action_sequence": [
    1,
    2,
    2,
    3,
    2,
    2,
    2,
    1,
    2,
    1,
    2,
    1,
    2,
    1,
    1,
    2,
    2,
    3,
    2,
    1,
    2,
    1,
    2,
    2,
    1,
    1,
    2,
    1,
    2,
    2,
    1,
    1,
    2,
    2,
    3,
    2,
    2,
    2,
    2,
    0,
    2,
    2,
    1,
    1,
    2,
    0,
    2,
    2,
    2,
    2,
    2,
    2,
    1,
    2,
    2,
    2,
    1,
    2,
    2,
    2,
    2,
    2,
    2,
    2,
    1,
    2,
    2,
    2,
    2,
    2,
    2,
    2,
    3,
    2,
    2,
    4,
    1,
    2,
    2,
    1,
    2,
    1,
    2,
    2,
    2,
    4,
    2,
    2,
    2,
    2,
    2,
    2,
    2,
    2,
    2,
    2,
    2,
    2,
    2,
    1
  ],
  "reward_sequence": [
    -0.009999999776482582,
    -1.0099999904632568,
    -0.009999999776482582,
    -0.009999999776482582,
    -0.009999999776482582,
    -0.009999999776482582,
    -0.009999999776482582,
    -0.009999999776482582,
    -0.009999999776482582,
    -0.009999999776482582,
    -0.009999999776482582,
    -0.009999999776482582,
    -0.009999999776482582,
    -0.009999999776482582,
    -0.009999999776482582,
    -0.009999999776482582,
    -0.009999999776482582,
    -0.009999999776482582,
    -0.009999999776482582,
    -0.009999999776482582,
    -0.009999999776482582,
    -0.009999999776482582,
    -0.009999999776482582,
    -0.009999999776482582,
    -0.009999999776482582,
    -0.009999999776482582,
    -0.009999999776482582,
    -0.009999999776482582,
    -0.009999999776482582,
    -0.009999999776482582,
    -0.009999999776482582,
    -0.009999999776482582,
    -0.009999999776482582,
    -0.009999999776482582,
    -0.009999999776482582,
    -0.009999999776482582,
    -0.009999999776482582,
    -0.009999999776482582,
    -0.009999999776482582,
    0.9900000095367432,
    -1.0099999904632568,
    -0.009999999776482582,
    -0.009999999776482582,
    -0.009999999776482582,
    -0.009999999776482582,
    0.9900000095367432,
    -1.0099999904632568,
    -0.009999999776482582,
    -0.009999999776482582,
    -0.009999999776482582,
    -0.009999999776482582,
    -0.009999999776482582,
    -0.009999999776482582,
    -0.009999999776482582,
    -0.009999999776482582,
    -0.009999999776482582,
    -0.009999999776482582,
    -0.009999999776482582,
    -0.009999999776482582,
    -0.009999999776482582,
    -0.009999999776482582,
    -0.009999999776482582,
    -0.009999999776482582,
    -0.009999999776482582,
    -0.009999999776482582,
    -0.009999999776482582,
    -0.009999999776482582,
    -0.009999999776482582,
    -0.009999999776482582,
    -0.009999999776482582,
    -0.009999999776482582,
    -0.009999999776482582,
    -0.009999999776482582,
    -0.009999999776482582,
    -0.009999999776482582,
    -0.009999999776482582,
    -3.009999990463257,
    -1.0099999904632568,
    -0.009999999776482582,
    -0.009999999776482582,
    -0.009999999776482582,
    -0.009999999776482582,
    -0.009999999776482582,
    -0.009999999776482582,
    -0.009999999776482582,
    2.990000009536743,
    -0.009999999776482582,
    -0.009999999776482582,
    -0.009999999776482582,
    -0.009999999776482582,
    -0.009999999776482582,
    -0.009999999776482582,
    -0.009999999776482582,
    -0.009999999776482582,
    -0.009999999776482582,
    -0.009999999776482582,
    -0.009999999776482582,
    -0.009999999776482582,
    -0.009999999776482582,
    -2.009999990463257
  ],
  "initial_ascii": [
    "LEGEND:",
    "#: wall",
    "m: count",
    ".: background",
    "o: target",
    "p: player",
    "a: balla",
    "b: ballb",
    "n: countend",
    "e: ballc, overwall",
    "",
    "MAP:",
    "#mmmmmmm",
    "#.o.#p.m",
    "#...#abn",
    "#......#",
    "#...#..#",
    "#...#..#",
    "#######e"
  ],
  "state_data": {
    "score": 0,
    "win": false,
    "step": 100
  },
  "heuristics": [
    -3.0,
    -4.0,
    -4.0,
    -4.0,
    -4.0,
    -4.0,
    -4.0,
    -4.0,
    -4.0,
    -4.0,
    -4.0,
    -4.0,
    -4.0,
    -4.0,
    -4.0,
    -4.0,
    -4.0,
    -4.0,
    -4.0,
    -4.0,
    -4.0,
    -4.0,
    -4.0,
    -4.0,
    -4.0,
    -4.0,
    -4.0,
    -4.0,
    -4.0,
    -4.0,
    -4.0,
    -4.0,
    -4.0,
    -4.0,
    -4.0,
    -4.0,
    -4.0,
    -4.0,
    -4.0,
    -3.0,
    -4.0,
    -4.0,
    -4.0,
    -4.0,
    -4.0,
    -3.0,
    -4.0,
    -4.0,
    -4.0,
    -4.0,
    -4.0,
    -4.0,
    -4.0,
    -4.0,
    -4.0,
    -4.0,
    -4.0,
    -4.0,
    -4.0,
    -4.0,
    -4.0,
    -4.0,
    -4.0,
    -4.0,
    -4.0,
    -4.0,
    -4.0,
    -4.0,
    -4.0,
    -4.0,
    -4.0,
    -4.0,
    -4.0,
    -4.0,
    -4.0,
    -4.0,
    -7.0,
    -8.0,
    -8.0,
    -8.0,
    -8.0,
    -8.0,
    -8.0,
    -8.0,
    -8.0,
    -5.0,
    -5.0,
    -5.0,
    -5.0,
    -5.0,
    -5.0,
    -5.0,
    -5.0,
    -5.0,
    -5.0,
    -5.0,
    -5.0,
    -5.0,
    -5.0,
    -7.0
  ],
  "final_ascii": [
    "LEGEND:",
    "#: wall",
    "n: countend",
    ".: background",
    "o: target",
    "b: ballb",
    "p: player",
    "c: ballc",
    "\u1c5d: balla, overwall",
    "",
    "MAP:",
    "#n######",
    "#.o.#.b#",
    "#...#..#",
    "#......#",
    "#...#.p#",
    "#...#.c#",
    "#######\u1c5d"
  ]
}