{
  "model": "4o-mini",
  "game": "kettle",
  "level": 9,
  "run": 6,
  "win": false,
  "action_sequence": [
    2,
    3,
    3,
    4,
    4,
    3,
    4,
    4,
    2,
    1,
    3,
    1,
    2,
    1,
    2,
    1,
    2,
    1,
    2,
    3,
    1,
    2,
    2,
    1,
    2,
    2,
    4,
    2,
    2,
    3,
    1,
    4,
    4,
    2,
    4,
    1,
    2,
    4,
    1,
    4,
    4,
    1,
    4,
    2,
    2,
    1,
    2,
    1,
    4,
    3,
    1,
    4,
    1,
    4,
    2,
    3,
    4,
    2,
    4,
    1,
    4,
    1,
    2,
    4,
    1,
    2,
    1,
    4,
    0,
    2,
    1,
    2,
    2,
    1,
    1,
    2,
    2,
    0,
    3,
    2,
    2,
    1,
    1,
    1,
    1,
    1,
    3,
    1,
    1,
    1,
    2,
    1,
    2,
    2,
    1,
    3,
    1,
    1,
    1,
    0
  ],
  "reward_sequence": [
    5.989999771118164,
    4.989999771118164,
    4.989999771118164,
    -0.009999999776482582,
    -0.009999999776482582,
    3.990000009536743,
    -0.009999999776482582,
    -0.009999999776482582,
    4.989999771118164,
    5.989999771118164,
    -0.009999999776482582,
    1.9900000095367432,
    -0.009999999776482582,
    -0.009999999776482582,
    -3.009999990463257,
    -0.009999999776482582,
    -2.009999990463257,
    -0.009999999776482582,
    -0.009999999776482582,
    -0.009999999776482582,
    -0.009999999776482582,
    -0.009999999776482582,
    -0.009999999776482582,
    -0.009999999776482582,
    -0.009999999776482582,
    -0.009999999776482582,
    -0.009999999776482582,
    -0.009999999776482582,
    -0.009999999776482582,
    -0.009999999776482582,
    -0.009999999776482582,
    -0.009999999776482582,
    -0.009999999776482582,
    -0.009999999776482582,
    -0.009999999776482582,
    -0.009999999776482582,
    -0.009999999776482582,
    -0.009999999776482582,
    -0.009999999776482582,
    -0.009999999776482582,
    -0.009999999776482582,
    -0.009999999776482582,
    -0.009999999776482582,
    -0.009999999776482582,
    -0.009999999776482582,
    -0.009999999776482582,
    -0.009999999776482582,
    -0.009999999776482582,
    -0.009999999776482582,
    -0.009999999776482582,
    -0.009999999776482582,
    -0.009999999776482582,
    -0.009999999776482582,
    -0.009999999776482582,
    -0.009999999776482582,
    -0.009999999776482582,
    -0.009999999776482582,
    -0.009999999776482582,
    -0.009999999776482582,
    -0.009999999776482582,
    -0.009999999776482582,
    -0.009999999776482582,
    -0.009999999776482582,
    -0.009999999776482582,
    -0.009999999776482582,
    -0.009999999776482582,
    -0.009999999776482582,
    -0.009999999776482582,
    1.9900000095367432,
    -0.009999999776482582,
    -0.009999999776482582,
    -0.009999999776482582,
    -0.009999999776482582,
    -0.009999999776482582,
    -0.009999999776482582,
    -0.009999999776482582,
    -0.009999999776482582,
    0.9900000095367432,
    -0.009999999776482582,
    -0.009999999776482582,
    -0.009999999776482582,
    -0.009999999776482582,
    -0.009999999776482582,
    -0.009999999776482582,
    -0.009999999776482582,
    -0.009999999776482582,
    -0.009999999776482582,
    -0.009999999776482582,
    -0.009999999776482582,
    -0.009999999776482582,
    -0.009999999776482582,
    -0.009999999776482582,
    -0.009999999776482582,
    -0.009999999776482582,
    -0.009999999776482582,
    -0.009999999776482582,
    -0.009999999776482582,
    -0.009999999776482582,
    -0.009999999776482582,
    -0.009999999776482582
  ],
  "initial_ascii": [
    "LEGEND:",
    "#: wall",
    ".: background",
    "k: dpolice",
    "l: rpolice",
    "c: crate",
    "j: lpolice",
    "@: target, crate",
    "t: target",
    "i: upolice",
    "",
    "MAP:",
    "###############",
    "#.kkkkkkkkkk..#",
    "#.lccc.c...cj.#",
    "#.lc........j.#",
    "#.lc@t@tt...j.#",
    "#.lct@@@t...j.#",
    "#.l.@ttt@..cj.#",
    "#.lctt@@t..cj.#",
    "#.l.ttttt...j.#",
    "#.l.........j.#",
    "#.l........cj.#",
    "#.l...c.c.ccj.#",
    "#.iiiiiiiiii..#",
    "###############"
  ],
  "state_data": {
    "score": 13,
    "win": false,
    "step": 100
  },
  "heuristics": [
    -47.0,
    -42.0,
    -37.0,
    -37.0,
    -37.0,
    -33.0,
    -33.0,
    -33.0,
    -28.0,
    -22.0,
    -22.0,
    -20.0,
    -20.0,
    -20.0,
    -23.0,
    -23.0,
    -25.0,
    -25.0,
    -25.0,
    -25.0,
    -25.0,
    -25.0,
    -25.0,
    -25.0,
    -25.0,
    -25.0,
    -25.0,
    -25.0,
    -25.0,
    -25.0,
    -25.0,
    -25.0,
    -25.0,
    -25.0,
    -25.0,
    -25.0,
    -25.0,
    -25.0,
    -25.0,
    -25.0,
    -25.0,
    -25.0,
    -25.0,
    -25.0,
    -25.0,
    -25.0,
    -25.0,
    -25.0,
    -25.0,
    -25.0,
    -25.0,
    -25.0,
    -25.0,
    -25.0,
    -25.0,
    -25.0,
    -25.0,
    -25.0,
    -25.0,
    -25.0,
    -25.0,
    -25.0,
    -25.0,
    -25.0,
    -25.0,
    -25.0,
    -25.0,
    -25.0,
    -23.0,
    -23.0,
    -23.0,
    -23.0,
    -23.0,
    -23.0,
    -23.0,
    -23.0,
    -23.0,
    -22.0,
    -22.0,
    -22.0,
    -22.0,
    -22.0,
    -22.0,
    -22.0,
    -22.0,
    -22.0,
    -22.0,
    -22.0,
    -22.0,
    -22.0,
    -22.0,
    -22.0,
    -22.0,
    -22.0,
    -22.0,
    -22.0,
    -22.0,
    -22.0,
    -22.0,
    -22.0
  ],
  "final_ascii": [
    "LEGEND:",
    "#: wall",
    ".: background",
    "k: dpolice",
    "l: rpolice",
    "j: lpolice",
    "c: crate",
    "i: upolice",
    "\u04be: target, rpolice",
    "@: target, crate",
    "\u25f4: target, upolice",
    "t: target",
    "",
    "MAP:",
    "###############",
    "#..k..........#",
    "#..lk.k....j..#",
    "#..lckckkcjk..#",
    "#..i\u04be@@@@kcj..#",
    "#...@\u04be@@@ckcj.#",
    "#...\u25f4t\u04be@@cccj.#",
    "#...t\u04be@@@cccj.#",
    "#.k.\u04be\u25f4\u25f4\u25f4\u25f4iiij.#",
    "#.i.......lj..#",
    "#..........lj.#",
    "#..........lj.#",
    "#.............#",
    "###############"
  ]
}