{
  "model": "deepseek",
  "game": "Travelling_salesman",
  "level": 10,
  "run": 3,
  "win": false,
  "action_sequence": [
    2,
    2,
    2,
    2,
    2,
    2,
    2,
    2,
    2,
    2,
    2,
    2,
    2,
    2,
    2,
    2,
    2,
    2,
    2,
    2,
    2,
    2,
    2,
    2,
    2,
    2,
    2,
    2,
    2,
    2,
    2,
    2,
    2,
    2,
    2,
    2,
    2,
    2,
    2,
    2,
    2,
    2,
    2,
    2,
    2,
    2,
    2,
    2,
    2,
    2,
    2,
    2,
    2,
    2,
    2,
    2,
    2,
    2,
    2,
    2,
    2,
    2,
    2,
    2,
    2,
    2,
    2,
    2,
    2,
    2,
    2,
    2,
    2,
    2,
    2,
    2,
    2,
    2,
    2,
    2,
    2,
    2,
    2,
    2,
    2,
    2,
    2,
    2,
    2,
    2,
    2,
    2,
    2,
    2,
    2,
    2,
    2,
    2,
    2,
    3
  ],
  "reward_sequence": [
    1.9900000095367432,
    0.9900000095367432,
    -0.009999999776482582,
    -0.009999999776482582,
    -0.009999999776482582,
    -0.009999999776482582,
    -0.009999999776482582,
    -0.009999999776482582,
    -0.009999999776482582,
    -0.009999999776482582,
    -0.009999999776482582,
    -0.009999999776482582,
    -0.009999999776482582,
    -0.009999999776482582,
    -0.009999999776482582,
    -0.009999999776482582,
    -0.009999999776482582,
    -0.009999999776482582,
    -0.009999999776482582,
    -0.009999999776482582,
    -0.009999999776482582,
    -0.009999999776482582,
    -0.009999999776482582,
    -0.009999999776482582,
    -0.009999999776482582,
    -0.009999999776482582,
    -0.009999999776482582,
    -0.009999999776482582,
    -0.009999999776482582,
    -0.009999999776482582,
    -0.009999999776482582,
    -0.009999999776482582,
    -0.009999999776482582,
    -0.009999999776482582,
    -0.009999999776482582,
    -0.009999999776482582,
    -0.009999999776482582,
    -0.009999999776482582,
    -0.009999999776482582,
    -0.009999999776482582,
    -0.009999999776482582,
    -0.009999999776482582,
    -0.009999999776482582,
    -0.009999999776482582,
    -0.009999999776482582,
    -0.009999999776482582,
    -0.009999999776482582,
    -0.009999999776482582,
    -0.009999999776482582,
    -0.009999999776482582,
    -0.009999999776482582,
    -0.009999999776482582,
    -0.009999999776482582,
    -0.009999999776482582,
    -0.009999999776482582,
    -0.009999999776482582,
    -0.009999999776482582,
    -0.009999999776482582,
    -0.009999999776482582,
    -0.009999999776482582,
    -0.009999999776482582,
    -0.009999999776482582,
    -0.009999999776482582,
    -0.009999999776482582,
    -0.009999999776482582,
    -0.009999999776482582,
    -0.009999999776482582,
    -0.009999999776482582,
    -0.009999999776482582,
    -0.009999999776482582,
    -0.009999999776482582,
    -0.009999999776482582,
    -0.009999999776482582,
    -0.009999999776482582,
    -0.009999999776482582,
    -0.009999999776482582,
    -0.009999999776482582,
    -0.009999999776482582,
    -0.009999999776482582,
    -0.009999999776482582,
    -0.009999999776482582,
    -0.009999999776482582,
    -0.009999999776482582,
    -0.009999999776482582,
    -0.009999999776482582,
    -0.009999999776482582,
    -0.009999999776482582,
    -0.009999999776482582,
    -0.009999999776482582,
    -0.009999999776482582,
    -0.009999999776482582,
    -0.009999999776482582,
    -0.009999999776482582,
    -0.009999999776482582,
    -0.009999999776482582,
    -0.009999999776482582,
    -0.009999999776482582,
    -0.009999999776482582,
    -0.009999999776482582,
    0.9900000095367432
  ],
  "initial_ascii": [
    "LEGEND:",
    "o: node",
    "-: hlink",
    ".: background",
    "|: vlink",
    "\u00da: nodeseen",
    "\u2055: hlinkseen",
    "\u1e3e: nodeseen, player",
    "",
    "MAP:",
    "o-o.o-o-o",
    "|.|.|...|",
    "o.o-o-o-o",
    "|.|.|.|..",
    "o-o-o-o-o",
    "|...|...|",
    "o-o.o-o-o",
    "|.|.|.|.|",
    "\u00da\u2055\u1e3e-o.o-o"
  ],
  "state_data": {
    "score": -21,
    "win": false,
    "step": 100
  },
  "heuristics": [
    -23.0,
    -22.0,
    -22.0,
    -22.0,
    -22.0,
    -22.0,
    -22.0,
    -22.0,
    -22.0,
    -22.0,
    -22.0,
    -22.0,
    -22.0,
    -22.0,
    -22.0,
    -22.0,
    -22.0,
    -22.0,
    -22.0,
    -22.0,
    -22.0,
    -22.0,
    -22.0,
    -22.0,
    -22.0,
    -22.0,
    -22.0,
    -22.0,
    -22.0,
    -22.0,
    -22.0,
    -22.0,
    -22.0,
    -22.0,
    -22.0,
    -22.0,
    -22.0,
    -22.0,
    -22.0,
    -22.0,
    -22.0,
    -22.0,
    -22.0,
    -22.0,
    -22.0,
    -22.0,
    -22.0,
    -22.0,
    -22.0,
    -22.0,
    -22.0,
    -22.0,
    -22.0,
    -22.0,
    -22.0,
    -22.0,
    -22.0,
    -22.0,
    -22.0,
    -22.0,
    -22.0,
    -22.0,
    -22.0,
    -22.0,
    -22.0,
    -22.0,
    -22.0,
    -22.0,
    -22.0,
    -22.0,
    -22.0,
    -22.0,
    -22.0,
    -22.0,
    -22.0,
    -22.0,
    -22.0,
    -22.0,
    -22.0,
    -22.0,
    -22.0,
    -22.0,
    -22.0,
    -22.0,
    -22.0,
    -22.0,
    -22.0,
    -22.0,
    -22.0,
    -22.0,
    -22.0,
    -22.0,
    -22.0,
    -22.0,
    -22.0,
    -22.0,
    -22.0,
    -22.0,
    -22.0,
    -21.0
  ],
  "final_ascii": [
    "LEGEND:",
    "o: node",
    "-: hlink",
    ".: background",
    "|: vlink",
    "\u1e3e: nodeseen, player",
    "\u1cef: vlinkseen",
    "\u00da: nodeseen",
    "\u2055: hlinkseen",
    "",
    "MAP:",
    "o-o.o-o-o",
    "|.|.|...|",
    "o.o-o-o-o",
    "|.|.|.|..",
    "o-o-o-o-o",
    "|...|...|",
    "o-o.\u1e3e-o-o",
    "|.|.\u1cef.|.|",
    "\u00da\u2055\u00da\u2055\u00da.o-o"
  ]
}