{
  "model": "deepseek",
  "game": "Take_Heart_Lass",
  "level": 5,
  "run": 2,
  "win": false,
  "action_sequence": [
    2,
    2,
    3,
    3,
    3,
    2,
    2,
    2,
    2,
    2,
    2,
    2,
    2,
    2,
    2,
    2,
    2,
    2,
    2,
    2,
    2,
    2,
    2,
    2,
    2,
    2,
    2,
    3,
    2,
    2,
    2,
    2,
    2,
    2,
    2,
    2,
    2,
    2,
    2,
    3,
    2,
    2,
    2,
    2,
    2,
    2,
    2,
    2,
    2,
    2,
    2,
    2,
    2,
    2,
    2,
    2,
    2,
    2,
    2,
    2,
    2,
    2,
    2,
    3,
    2,
    2,
    2,
    1,
    2,
    3,
    2,
    2,
    2,
    2,
    2,
    2,
    3,
    2,
    2,
    2,
    2,
    2,
    2,
    2,
    2,
    2,
    2,
    2,
    2,
    2,
    2,
    2,
    2,
    2,
    2,
    2,
    2,
    2,
    3,
    2
  ],
  "reward_sequence": [
    -0.009999999776482582,
    -0.009999999776482582,
    0.9900000095367432,
    0.9900000095367432,
    -0.009999999776482582,
    -1.0099999904632568,
    -1.0099999904632568,
    -0.009999999776482582,
    -0.009999999776482582,
    -0.009999999776482582,
    -0.009999999776482582,
    -0.009999999776482582,
    -0.009999999776482582,
    -0.009999999776482582,
    -0.009999999776482582,
    -0.009999999776482582,
    -0.009999999776482582,
    -0.009999999776482582,
    -0.009999999776482582,
    -0.009999999776482582,
    -0.009999999776482582,
    -0.009999999776482582,
    -0.009999999776482582,
    -0.009999999776482582,
    -0.009999999776482582,
    -0.009999999776482582,
    -0.009999999776482582,
    -0.009999999776482582,
    -0.009999999776482582,
    -0.009999999776482582,
    -0.009999999776482582,
    -0.009999999776482582,
    -0.009999999776482582,
    -0.009999999776482582,
    -0.009999999776482582,
    -0.009999999776482582,
    -0.009999999776482582,
    -0.009999999776482582,
    -0.009999999776482582,
    -0.009999999776482582,
    -0.009999999776482582,
    -0.009999999776482582,
    -0.009999999776482582,
    -0.009999999776482582,
    -0.009999999776482582,
    -0.009999999776482582,
    -0.009999999776482582,
    -0.009999999776482582,
    -0.009999999776482582,
    -0.009999999776482582,
    -0.009999999776482582,
    -0.009999999776482582,
    -0.009999999776482582,
    -0.009999999776482582,
    -0.009999999776482582,
    -0.009999999776482582,
    -0.009999999776482582,
    -0.009999999776482582,
    -0.009999999776482582,
    -0.009999999776482582,
    -0.009999999776482582,
    -0.009999999776482582,
    -0.009999999776482582,
    -0.009999999776482582,
    -0.009999999776482582,
    -0.009999999776482582,
    -0.009999999776482582,
    -0.009999999776482582,
    -0.009999999776482582,
    -0.009999999776482582,
    -0.009999999776482582,
    -0.009999999776482582,
    -0.009999999776482582,
    -0.009999999776482582,
    -0.009999999776482582,
    -0.009999999776482582,
    -0.009999999776482582,
    -0.009999999776482582,
    -0.009999999776482582,
    -0.009999999776482582,
    -0.009999999776482582,
    -0.009999999776482582,
    -0.009999999776482582,
    -0.009999999776482582,
    -0.009999999776482582,
    -0.009999999776482582,
    -0.009999999776482582,
    -0.009999999776482582,
    -0.009999999776482582,
    -0.009999999776482582,
    -0.009999999776482582,
    -0.009999999776482582,
    -0.009999999776482582,
    -0.009999999776482582,
    -0.009999999776482582,
    -0.009999999776482582,
    -0.009999999776482582,
    -0.009999999776482582,
    -0.009999999776482582,
    -0.009999999776482582
  ],
  "initial_ascii": [
    "LEGEND:",
    "#: wall",
    "o: target",
    ".: background",
    "*: crate",
    "\u120e: altnewdespair",
    "\u107f: newdespairwall",
    "x: olddespair",
    "p: player",
    "z: altolddespair",
    "\u051b: newdespair",
    "",
    "MAP:",
    "###########",
    "#o........#",
    "####.##.#.#",
    "#.....*.#.#",
    "#.#.###.#.#",
    "#.#....*..#",
    "#\u120e#*.#.##.#",
    "\u107fx\u107f...p#z\u051b#",
    "#\u107f#########"
  ],
  "state_data": {
    "score": 0,
    "win": false,
    "step": 100
  },
  "heuristics": [
    -11.0,
    -11.0,
    -10.0,
    -9.0,
    -9.0,
    -10.0,
    -11.0,
    -11.0,
    -11.0,
    -11.0,
    -11.0,
    -11.0,
    -11.0,
    -11.0,
    -11.0,
    -11.0,
    -11.0,
    -11.0,
    -11.0,
    -11.0,
    -11.0,
    -11.0,
    -11.0,
    -11.0,
    -11.0,
    -11.0,
    -11.0,
    -11.0,
    -11.0,
    -11.0,
    -11.0,
    -11.0,
    -11.0,
    -11.0,
    -11.0,
    -11.0,
    -11.0,
    -11.0,
    -11.0,
    -11.0,
    -11.0,
    -11.0,
    -11.0,
    -11.0,
    -11.0,
    -11.0,
    -11.0,
    -11.0,
    -11.0,
    -11.0,
    -11.0,
    -11.0,
    -11.0,
    -11.0,
    -11.0,
    -11.0,
    -11.0,
    -11.0,
    -11.0,
    -11.0,
    -11.0,
    -11.0,
    -11.0,
    -11.0,
    -11.0,
    -11.0,
    -11.0,
    -11.0,
    -11.0,
    -11.0,
    -11.0,
    -11.0,
    -11.0,
    -11.0,
    -11.0,
    -11.0,
    -11.0,
    -11.0,
    -11.0,
    -11.0,
    -11.0,
    -11.0,
    -11.0,
    -11.0,
    -11.0,
    -11.0,
    -11.0,
    -11.0,
    -11.0,
    -11.0,
    -11.0,
    -11.0,
    -11.0,
    -11.0,
    -11.0,
    -11.0,
    -11.0,
    -11.0,
    -11.0,
    -11.0
  ],
  "final_ascii": [
    "LEGEND:",
    "\u0f1c: despairwall",
    "o: target",
    ".: background",
    "x: olddespair",
    "z: altolddespair",
    "*: crate",
    "#: wall",
    "p: player",
    "",
    "MAP:",
    "\u0f1c\u0f1c\u0f1c\u0f1c\u0f1c\u0f1c\u0f1c\u0f1c\u0f1c\u0f1c\u0f1c",
    "\u0f1co.xzxzxzx\u0f1c",
    "\u0f1c\u0f1c\u0f1c\u0f1cx\u0f1c\u0f1cz\u0f1cz\u0f1c",
    "\u0f1cxzxz.*.\u0f1cx\u0f1c",
    "\u0f1cz\u0f1cz###.\u0f1c.\u0f1c",
    "\u0f1cx\u0f1c.....p*\u0f1c",
    "\u0f1cz\u0f1c*.#.\u0f1c\u0f1c.\u0f1c",
    "\u0f1cx\u0f1c....\u0f1czx\u0f1c",
    "\u0f1c\u0f1c\u0f1c\u0f1c\u0f1c\u0f1c\u0f1c\u0f1c\u0f1c\u0f1c\u0f1c"
  ]
}