{
  "model": "deepseek",
  "game": "atlas shrank",
  "level": 7,
  "run": 10,
  "win": false,
  "action_sequence": [
    2,
    2,
    2,
    2,
    2,
    2,
    2,
    2,
    2,
    2,
    2,
    2,
    2,
    2,
    2,
    2,
    2,
    2,
    2,
    2,
    2,
    2,
    2,
    2,
    2,
    2,
    2,
    2,
    2,
    2,
    2,
    2,
    2,
    2,
    2,
    2,
    2,
    2,
    2,
    2,
    2,
    2,
    2,
    2,
    2,
    2,
    2,
    2,
    2,
    2,
    2,
    2,
    2,
    2,
    2,
    2,
    2,
    2,
    2,
    2,
    2,
    2,
    2,
    2,
    2,
    2,
    2,
    2,
    2,
    2,
    2,
    2,
    2,
    2,
    2,
    2,
    2,
    2,
    2,
    2,
    2,
    2,
    2,
    2,
    2,
    2,
    3,
    2,
    2,
    2,
    2,
    2,
    2,
    2,
    2,
    2,
    2,
    2,
    2,
    2
  ],
  "reward_sequence": [
    0.9900000095367432,
    -0.009999999776482582,
    -0.009999999776482582,
    -0.009999999776482582,
    -0.009999999776482582,
    -0.009999999776482582,
    -0.009999999776482582,
    -0.009999999776482582,
    -0.009999999776482582,
    -0.009999999776482582,
    -0.009999999776482582,
    -0.009999999776482582,
    -0.009999999776482582,
    -0.009999999776482582,
    -0.009999999776482582,
    -0.009999999776482582,
    -0.009999999776482582,
    -0.009999999776482582,
    -0.009999999776482582,
    -0.009999999776482582,
    -0.009999999776482582,
    -0.009999999776482582,
    -0.009999999776482582,
    -0.009999999776482582,
    -0.009999999776482582,
    -0.009999999776482582,
    -0.009999999776482582,
    -0.009999999776482582,
    -0.009999999776482582,
    -0.009999999776482582,
    -0.009999999776482582,
    -0.009999999776482582,
    -0.009999999776482582,
    -0.009999999776482582,
    -0.009999999776482582,
    -0.009999999776482582,
    -0.009999999776482582,
    -0.009999999776482582,
    -0.009999999776482582,
    -0.009999999776482582,
    -0.009999999776482582,
    -0.009999999776482582,
    -0.009999999776482582,
    -0.009999999776482582,
    -0.009999999776482582,
    -0.009999999776482582,
    -0.009999999776482582,
    -0.009999999776482582,
    -0.009999999776482582,
    -0.009999999776482582,
    -0.009999999776482582,
    -0.009999999776482582,
    -0.009999999776482582,
    -0.009999999776482582,
    -0.009999999776482582,
    -0.009999999776482582,
    -0.009999999776482582,
    -0.009999999776482582,
    -0.009999999776482582,
    -0.009999999776482582,
    -0.009999999776482582,
    -0.009999999776482582,
    -0.009999999776482582,
    -0.009999999776482582,
    -0.009999999776482582,
    -0.009999999776482582,
    -0.009999999776482582,
    -0.009999999776482582,
    -0.009999999776482582,
    -0.009999999776482582,
    -0.009999999776482582,
    -0.009999999776482582,
    -0.009999999776482582,
    -0.009999999776482582,
    -0.009999999776482582,
    -0.009999999776482582,
    -0.009999999776482582,
    -0.009999999776482582,
    -0.009999999776482582,
    -0.009999999776482582,
    -0.009999999776482582,
    -0.009999999776482582,
    -0.009999999776482582,
    -0.009999999776482582,
    -0.009999999776482582,
    -0.009999999776482582,
    -0.009999999776482582,
    -0.009999999776482582,
    -0.009999999776482582,
    -0.009999999776482582,
    -0.009999999776482582,
    -0.009999999776482582,
    -0.009999999776482582,
    -0.009999999776482582,
    -0.009999999776482582,
    -0.009999999776482582,
    -0.009999999776482582,
    -0.009999999776482582,
    -0.009999999776482582,
    -0.009999999776482582
  ],
  "initial_ascii": [
    "LEGEND:",
    "#: wallsolo",
    "\u28bf: wallu",
    "\u270d: wallrl",
    "\u1802: walll",
    "\u21f0: wallr",
    ".: background",
    "x: door",
    "\u25f5: wallud",
    "*: crate, massive",
    "t: switch",
    "o: exit",
    "\u1d79: walld",
    "\u027f: wallm",
    "\u037b: playerr",
    "",
    "MAP:",
    "#\u28bf\u270d\u270d\u270d\u270d\u270d\u270d\u270d\u270d\u270d\u270d\u270d\u270d\u270d\u270d\u270d#",
    "\u1802\u21f0...........x...\u25f5",
    "\u1802\u21f0...........x.*.\u25f5",
    "\u1802\u21f0.........t#\u270d\u270d#.\u25f5",
    "\u1802\u21f0..........\u25f5....\u25f5",
    "\u1802\u21f0..........\u25f5....\u25f5",
    "\u1802\u21f0...***#\u28bf\u270d\u270d#.##x#",
    "\u1802\u21f0...***\u1802\u21f0.o..#\u1d79#*",
    "\u1802\u21f0...***\u1802\u027f\u270d#.....#",
    "\u1802\u21f0..\u037b***\u1802\u21f0.......\u25f5",
    "#\u1d79\u270d\u270d\u270d\u270d\u270d\u270d\u1d79\u1d79\u270d\u270d\u270d\u270d\u270d\u270d\u270d#"
  ],
  "state_data": {
    "score": 0,
    "win": false,
    "step": 100
  },
  "heuristics": [
    -9.0,
    -9.0,
    -9.0,
    -9.0,
    -9.0,
    -9.0,
    -9.0,
    -9.0,
    -9.0,
    -9.0,
    -9.0,
    -9.0,
    -9.0,
    -9.0,
    -9.0,
    -9.0,
    -9.0,
    -9.0,
    -9.0,
    -9.0,
    -9.0,
    -9.0,
    -9.0,
    -9.0,
    -9.0,
    -9.0,
    -9.0,
    -9.0,
    -9.0,
    -9.0,
    -9.0,
    -9.0,
    -9.0,
    -9.0,
    -9.0,
    -9.0,
    -9.0,
    -9.0,
    -9.0,
    -9.0,
    -9.0,
    -9.0,
    -9.0,
    -9.0,
    -9.0,
    -9.0,
    -9.0,
    -9.0,
    -9.0,
    -9.0,
    -9.0,
    -9.0,
    -9.0,
    -9.0,
    -9.0,
    -9.0,
    -9.0,
    -9.0,
    -9.0,
    -9.0,
    -9.0,
    -9.0,
    -9.0,
    -9.0,
    -9.0,
    -9.0,
    -9.0,
    -9.0,
    -9.0,
    -9.0,
    -9.0,
    -9.0,
    -9.0,
    -9.0,
    -9.0,
    -9.0,
    -9.0,
    -9.0,
    -9.0,
    -9.0,
    -9.0,
    -9.0,
    -9.0,
    -9.0,
    -9.0,
    -9.0,
    -9.0,
    -9.0,
    -9.0,
    -9.0,
    -9.0,
    -9.0,
    -9.0,
    -9.0,
    -9.0,
    -9.0,
    -9.0,
    -9.0,
    -9.0,
    -9.0
  ],
  "final_ascii": [
    "LEGEND:",
    "#: wallsolo",
    "\u28bf: wallu",
    "\u270d: wallrl",
    "\u1802: walll",
    "\u21f0: wallr",
    ".: background",
    "x: door",
    "\u25f5: wallud",
    "*: crate, massive",
    "t: switch",
    "o: exit",
    "\u1d79: walld",
    "\u027f: wallm",
    "\u037b: playerr",
    "",
    "MAP:",
    "#\u28bf\u270d\u270d\u270d\u270d\u270d\u270d\u270d\u270d\u270d\u270d\u270d\u270d\u270d\u270d\u270d#",
    "\u1802\u21f0...........x...\u25f5",
    "\u1802\u21f0...........x.*.\u25f5",
    "\u1802\u21f0.........t#\u270d\u270d#.\u25f5",
    "\u1802\u21f0..........\u25f5....\u25f5",
    "\u1802\u21f0..........\u25f5....\u25f5",
    "\u1802\u21f0...***#\u28bf\u270d\u270d#.##x#",
    "\u1802\u21f0...***\u1802\u21f0.o..#\u1d79#*",
    "\u1802\u21f0...***\u1802\u027f\u270d#.....#",
    "\u1802\u21f0..\u037b***\u1802\u21f0.......\u25f5",
    "#\u1d79\u270d\u270d\u270d\u270d\u270d\u270d\u1d79\u1d79\u270d\u270d\u270d\u270d\u270d\u270d\u270d#"
  ]
}