{
  "model": "deepseek",
  "game": "slidings",
  "level": 1,
  "run": 5,
  "win": false,
  "action_sequence": [
    1,
    3,
    2,
    1,
    3,
    1,
    2,
    2,
    2,
    2,
    4,
    4,
    2,
    3,
    2,
    1,
    4,
    4,
    2,
    2,
    2,
    3,
    4,
    2,
    1,
    2,
    4,
    2,
    4,
    1,
    4,
    4,
    2,
    4,
    2,
    1,
    2,
    2,
    2,
    1,
    2,
    4,
    4,
    2,
    2,
    3,
    2,
    2,
    1,
    4,
    3,
    2,
    4,
    2,
    2,
    2,
    2,
    2,
    2,
    1,
    2,
    4,
    4,
    2,
    2,
    2,
    2,
    2,
    4,
    2,
    2,
    3,
    4,
    1,
    2,
    2,
    2,
    2,
    2,
    2,
    2,
    4,
    4,
    4,
    4,
    4,
    2,
    4,
    2,
    2,
    4,
    2,
    2,
    2,
    4,
    2,
    1,
    2,
    2,
    4
  ],
  "reward_sequence": [
    -0.009999999776482582,
    0.9900000095367432,
    -1.0099999904632568,
    -0.009999999776482582,
    -0.009999999776482582,
    -0.009999999776482582,
    -0.009999999776482582,
    -0.009999999776482582,
    -0.009999999776482582,
    -0.009999999776482582,
    -1.0099999904632568,
    0.9900000095367432,
    -0.009999999776482582,
    -0.009999999776482582,
    -0.009999999776482582,
    -0.009999999776482582,
    -1.0099999904632568,
    0.9900000095367432,
    -0.009999999776482582,
    -0.009999999776482582,
    -0.009999999776482582,
    -0.009999999776482582,
    -1.0099999904632568,
    -0.009999999776482582,
    -0.009999999776482582,
    -0.009999999776482582,
    0.9900000095367432,
    -0.009999999776482582,
    -1.0099999904632568,
    -0.009999999776482582,
    0.9900000095367432,
    -1.0099999904632568,
    -0.009999999776482582,
    0.9900000095367432,
    -0.009999999776482582,
    -0.009999999776482582,
    -0.009999999776482582,
    -0.009999999776482582,
    -0.009999999776482582,
    -0.009999999776482582,
    -0.009999999776482582,
    -1.0099999904632568,
    0.9900000095367432,
    -0.009999999776482582,
    -0.009999999776482582,
    -0.009999999776482582,
    -0.009999999776482582,
    -0.009999999776482582,
    -0.009999999776482582,
    -1.0099999904632568,
    1.9900000095367432,
    -0.009999999776482582,
    -1.0099999904632568,
    -0.009999999776482582,
    -0.009999999776482582,
    -0.009999999776482582,
    -0.009999999776482582,
    -0.009999999776482582,
    -0.009999999776482582,
    -0.009999999776482582,
    -0.009999999776482582,
    0.9900000095367432,
    -1.0099999904632568,
    -0.009999999776482582,
    -0.009999999776482582,
    -0.009999999776482582,
    -0.009999999776482582,
    -0.009999999776482582,
    0.9900000095367432,
    -0.009999999776482582,
    -0.009999999776482582,
    -0.009999999776482582,
    -1.0099999904632568,
    -0.009999999776482582,
    -0.009999999776482582,
    -0.009999999776482582,
    -0.009999999776482582,
    -0.009999999776482582,
    -0.009999999776482582,
    -0.009999999776482582,
    -0.009999999776482582,
    0.9900000095367432,
    -1.0099999904632568,
    0.9900000095367432,
    -1.0099999904632568,
    0.9900000095367432,
    -0.009999999776482582,
    -1.0099999904632568,
    -0.009999999776482582,
    -0.009999999776482582,
    0.9900000095367432,
    -0.009999999776482582,
    -0.009999999776482582,
    -0.009999999776482582,
    -1.0099999904632568,
    -0.009999999776482582,
    -0.009999999776482582,
    -0.009999999776482582,
    -0.009999999776482582,
    0.9900000095367432
  ],
  "initial_ascii": [
    "LEGEND:",
    "#: wall",
    "m: count",
    "n: countend",
    ".: background",
    "o: target",
    "p: player",
    "a: balla",
    "d: ballb, overwall",
    "e: ballc, overwall",
    "",
    "MAP:",
    "#mmmmn",
    "#.o..#",
    "#p####",
    "#a####",
    "d####e"
  ],
  "state_data": {
    "score": 0,
    "win": false,
    "step": 100
  },
  "heuristics": [
    -2.0,
    -1.0,
    -2.0,
    -2.0,
    -2.0,
    -2.0,
    -2.0,
    -2.0,
    -2.0,
    -2.0,
    -3.0,
    -2.0,
    -2.0,
    -2.0,
    -2.0,
    -2.0,
    -3.0,
    -2.0,
    -2.0,
    -2.0,
    -2.0,
    -2.0,
    -3.0,
    -3.0,
    -3.0,
    -3.0,
    -2.0,
    -2.0,
    -3.0,
    -3.0,
    -2.0,
    -3.0,
    -3.0,
    -2.0,
    -2.0,
    -2.0,
    -2.0,
    -2.0,
    -2.0,
    -2.0,
    -2.0,
    -3.0,
    -2.0,
    -2.0,
    -2.0,
    -2.0,
    -2.0,
    -2.0,
    -2.0,
    -3.0,
    -1.0,
    -1.0,
    -2.0,
    -2.0,
    -2.0,
    -2.0,
    -2.0,
    -2.0,
    -2.0,
    -2.0,
    -2.0,
    -1.0,
    -2.0,
    -2.0,
    -2.0,
    -2.0,
    -2.0,
    -2.0,
    -1.0,
    -1.0,
    -1.0,
    -1.0,
    -2.0,
    -2.0,
    -2.0,
    -2.0,
    -2.0,
    -2.0,
    -2.0,
    -2.0,
    -2.0,
    -1.0,
    -2.0,
    -1.0,
    -2.0,
    -1.0,
    -1.0,
    -2.0,
    -2.0,
    -2.0,
    -1.0,
    -1.0,
    -1.0,
    -1.0,
    -2.0,
    -2.0,
    -2.0,
    -2.0,
    -2.0,
    -1.0
  ],
  "final_ascii": [
    "LEGEND:",
    "#: wall",
    "n: countend",
    ".: background",
    "o: target",
    "p: player",
    "c: ballc",
    "\u1f06: balla, overwall",
    "d: ballb, overwall",
    "",
    "MAP:",
    "#n####",
    "#.opc#",
    "#.####",
    "#.####",
    "\u1f06####d"
  ]
}