{
  "model": "deepseek",
  "game": "slidings",
  "level": 5,
  "run": 9,
  "win": true,
  "action_sequence": [
    2,
    2,
    2,
    2,
    1,
    1,
    3,
    1,
    1,
    4,
    1,
    3,
    2,
    1
  ],
  "reward_sequence": [
    0.9900000095367432,
    -0.009999999776482582,
    -0.009999999776482582,
    -0.009999999776482582,
    -0.009999999776482582,
    -0.009999999776482582,
    -0.009999999776482582,
    -0.009999999776482582,
    -0.009999999776482582,
    0.9900000095367432,
    -0.009999999776482582,
    -0.009999999776482582,
    -4.010000228881836,
    7.989999771118164
  ],
  "initial_ascii": [
    "LEGEND:",
    "#: wall",
    "m: count",
    "n: countend",
    ".: background",
    "p: player",
    "a: balla",
    "o: target",
    "b: ballb",
    "e: ballc, overwall",
    "",
    "MAP:",
    "#mmmmmmn#",
    "#.pa....#",
    "#.......#",
    "#.......#",
    "#..o#...#",
    "#.......#",
    "#.......#",
    "#b......#",
    "########e"
  ],
  "state_data": {
    "score": 0,
    "win": true,
    "step": 14
  },
  "heuristics": [
    -4.0,
    -4.0,
    -4.0,
    -4.0,
    -4.0,
    -4.0,
    -4.0,
    -4.0,
    -4.0,
    -3.0,
    -3.0,
    -3.0,
    -7.0,
    0.0
  ],
  "final_ascii": [
    "LEGEND:",
    "#: wall",
    ".: background",
    "o: target",
    "a: balla",
    "c: ballc",
    "\u1fe3: deadplayer",
    "d: ballb, overwall",
    "",
    "MAP:",
    "#########",
    "#.......#",
    "#.......#",
    "#.......#",
    "#..o#...#",
    "#.......#",
    "#.......#",
    "#ac....\u1fe3#",
    "########d"
  ]
}