{
  "model": "deepseek",
  "game": "kettle",
  "level": 0,
  "run": 9,
  "win": false,
  "action_sequence": [
    1,
    2,
    3,
    2,
    2,
    1,
    1,
    2,
    2,
    3,
    2,
    2,
    2,
    2,
    0,
    1,
    2,
    2,
    2,
    3,
    2,
    2,
    0,
    2,
    2,
    1,
    2,
    2,
    2,
    2,
    3,
    2,
    2,
    2,
    2,
    0,
    2,
    2,
    2,
    1,
    2,
    2,
    2,
    0,
    2,
    2,
    0,
    2,
    2,
    0,
    2,
    2,
    2,
    2,
    2,
    0,
    0,
    2,
    2,
    1,
    0,
    3,
    0,
    2,
    1,
    2,
    2,
    2,
    2,
    3,
    2,
    2,
    2,
    3,
    2,
    2,
    1,
    0,
    2,
    2,
    2,
    2,
    2,
    4,
    2,
    2,
    2,
    2,
    2,
    2,
    2,
    1,
    0,
    2,
    2,
    2,
    2,
    0,
    0,
    2
  ],
  "reward_sequence": [
    0.9900000095367432,
    1.9900000095367432,
    1.9900000095367432,
    -0.009999999776482582,
    -0.009999999776482582,
    -0.009999999776482582,
    -0.009999999776482582,
    -0.009999999776482582,
    -0.009999999776482582,
    -0.009999999776482582,
    -0.009999999776482582,
    -0.009999999776482582,
    -0.009999999776482582,
    -0.009999999776482582,
    -0.009999999776482582,
    -0.009999999776482582,
    -0.009999999776482582,
    -0.009999999776482582,
    -0.009999999776482582,
    -0.009999999776482582,
    -0.009999999776482582,
    -0.009999999776482582,
    -0.009999999776482582,
    -0.009999999776482582,
    -0.009999999776482582,
    -0.009999999776482582,
    -0.009999999776482582,
    -0.009999999776482582,
    -0.009999999776482582,
    -0.009999999776482582,
    -0.009999999776482582,
    -0.009999999776482582,
    -0.009999999776482582,
    -0.009999999776482582,
    -0.009999999776482582,
    -0.009999999776482582,
    -0.009999999776482582,
    -0.009999999776482582,
    -0.009999999776482582,
    -0.009999999776482582,
    -0.009999999776482582,
    -0.009999999776482582,
    -0.009999999776482582,
    -0.009999999776482582,
    -0.009999999776482582,
    -0.009999999776482582,
    -0.009999999776482582,
    -0.009999999776482582,
    -0.009999999776482582,
    -0.009999999776482582,
    -0.009999999776482582,
    -0.009999999776482582,
    -0.009999999776482582,
    -0.009999999776482582,
    -0.009999999776482582,
    -0.009999999776482582,
    -0.009999999776482582,
    -0.009999999776482582,
    -0.009999999776482582,
    -0.009999999776482582,
    -0.009999999776482582,
    -0.009999999776482582,
    -0.009999999776482582,
    -0.009999999776482582,
    -0.009999999776482582,
    -0.009999999776482582,
    -0.009999999776482582,
    -0.009999999776482582,
    -0.009999999776482582,
    -0.009999999776482582,
    -0.009999999776482582,
    -0.009999999776482582,
    -0.009999999776482582,
    -0.009999999776482582,
    -0.009999999776482582,
    -0.009999999776482582,
    -0.009999999776482582,
    -0.009999999776482582,
    -0.009999999776482582,
    -0.009999999776482582,
    -0.009999999776482582,
    -0.009999999776482582,
    -0.009999999776482582,
    -0.009999999776482582,
    -0.009999999776482582,
    -0.009999999776482582,
    -0.009999999776482582,
    -0.009999999776482582,
    -0.009999999776482582,
    -0.009999999776482582,
    -0.009999999776482582,
    -0.009999999776482582,
    -0.009999999776482582,
    -0.009999999776482582,
    -0.009999999776482582,
    -0.009999999776482582,
    -0.009999999776482582,
    -0.009999999776482582,
    -0.009999999776482582,
    -0.009999999776482582
  ],
  "initial_ascii": [
    "LEGEND:",
    "#: wall",
    ".: background",
    "l: rpolice",
    "k: dpolice",
    "j: lpolice",
    "t: target",
    "c: crate",
    "i: upolice",
    "",
    "MAP:",
    "###############",
    "#.............#",
    "#.............#",
    "#.............#",
    "#....lkkkkj...#",
    "#....l.ttcj...#",
    "#....lctt.j...#",
    "#....lc..cj...#",
    "#.....iiii....#",
    "#.............#",
    "#.............#",
    "#.............#",
    "###############"
  ],
  "state_data": {
    "score": 2,
    "win": false,
    "step": 100
  },
  "heuristics": [
    -6.0,
    -4.0,
    -2.0,
    -2.0,
    -2.0,
    -2.0,
    -2.0,
    -2.0,
    -2.0,
    -2.0,
    -2.0,
    -2.0,
    -2.0,
    -2.0,
    -2.0,
    -2.0,
    -2.0,
    -2.0,
    -2.0,
    -2.0,
    -2.0,
    -2.0,
    -2.0,
    -2.0,
    -2.0,
    -2.0,
    -2.0,
    -2.0,
    -2.0,
    -2.0,
    -2.0,
    -2.0,
    -2.0,
    -2.0,
    -2.0,
    -2.0,
    -2.0,
    -2.0,
    -2.0,
    -2.0,
    -2.0,
    -2.0,
    -2.0,
    -2.0,
    -2.0,
    -2.0,
    -2.0,
    -2.0,
    -2.0,
    -2.0,
    -2.0,
    -2.0,
    -2.0,
    -2.0,
    -2.0,
    -2.0,
    -2.0,
    -2.0,
    -2.0,
    -2.0,
    -2.0,
    -2.0,
    -2.0,
    -2.0,
    -2.0,
    -2.0,
    -2.0,
    -2.0,
    -2.0,
    -2.0,
    -2.0,
    -2.0,
    -2.0,
    -2.0,
    -2.0,
    -2.0,
    -2.0,
    -2.0,
    -2.0,
    -2.0,
    -2.0,
    -2.0,
    -2.0,
    -2.0,
    -2.0,
    -2.0,
    -2.0,
    -2.0,
    -2.0,
    -2.0,
    -2.0,
    -2.0,
    -2.0,
    -2.0,
    -2.0,
    -2.0,
    -2.0,
    -2.0,
    -2.0,
    -2.0
  ],
  "final_ascii": [
    "LEGEND:",
    "#: wall",
    ".: background",
    "l: rpolice",
    "k: dpolice",
    "j: lpolice",
    "\u1fb8: target, rpolice",
    "@: target, crate",
    "c: crate",
    "i: upolice",
    "",
    "MAP:",
    "###############",
    "#.............#",
    "#.............#",
    "#.............#",
    "#.....lkkkj...#",
    "#......\u1fb8@cj...#",
    "#.....k\u1fb8@cj...#",
    "#.....liiij...#",
    "#.....i.......#",
    "#.............#",
    "#.............#",
    "#.............#",
    "###############"
  ]
}