{
  "model": "deepseek",
  "game": "kettle",
  "level": 10,
  "run": 7,
  "win": false,
  "action_sequence": [
    3,
    3,
    2,
    3,
    3,
    3,
    4,
    3,
    2,
    0,
    3,
    3,
    1,
    1,
    2,
    3,
    3,
    3,
    2,
    3,
    3,
    3,
    2,
    2,
    2,
    2,
    2,
    0,
    3,
    3,
    3,
    3,
    3,
    2,
    2,
    3,
    2,
    2,
    3,
    1,
    3,
    2,
    0,
    3,
    3,
    2,
    3,
    3,
    1,
    1,
    2,
    2,
    3,
    3,
    3,
    3,
    3,
    3,
    3,
    3,
    3,
    3,
    2,
    3,
    2,
    3,
    3,
    1,
    3,
    3,
    3,
    3,
    3,
    3,
    2,
    3,
    3,
    3,
    3,
    2,
    3,
    3,
    3,
    3,
    3,
    2,
    3,
    3,
    3,
    3,
    3,
    3,
    3,
    3,
    3,
    3,
    0,
    3,
    1,
    3
  ],
  "reward_sequence": [
    8.989999771118164,
    8.989999771118164,
    7.989999771118164,
    5.989999771118164,
    -0.009999999776482582,
    -4.010000228881836,
    -0.009999999776482582,
    -3.009999990463257,
    3.990000009536743,
    4.989999771118164,
    -0.009999999776482582,
    -0.009999999776482582,
    0.9900000095367432,
    -0.009999999776482582,
    -0.009999999776482582,
    -0.009999999776482582,
    -0.009999999776482582,
    -0.009999999776482582,
    -1.0099999904632568,
    -0.009999999776482582,
    -0.009999999776482582,
    -0.009999999776482582,
    -0.009999999776482582,
    -0.009999999776482582,
    -0.009999999776482582,
    -0.009999999776482582,
    -0.009999999776482582,
    0.9900000095367432,
    -0.009999999776482582,
    -0.009999999776482582,
    -0.009999999776482582,
    -0.009999999776482582,
    -0.009999999776482582,
    -0.009999999776482582,
    -0.009999999776482582,
    -0.009999999776482582,
    -0.009999999776482582,
    -0.009999999776482582,
    -0.009999999776482582,
    -0.009999999776482582,
    -0.009999999776482582,
    -0.009999999776482582,
    -0.009999999776482582,
    -0.009999999776482582,
    -0.009999999776482582,
    -0.009999999776482582,
    -0.009999999776482582,
    -0.009999999776482582,
    -0.009999999776482582,
    -0.009999999776482582,
    -0.009999999776482582,
    -0.009999999776482582,
    -0.009999999776482582,
    -0.009999999776482582,
    -0.009999999776482582,
    -0.009999999776482582,
    -0.009999999776482582,
    -0.009999999776482582,
    -0.009999999776482582,
    -0.009999999776482582,
    -0.009999999776482582,
    -0.009999999776482582,
    -0.009999999776482582,
    -0.009999999776482582,
    -0.009999999776482582,
    -0.009999999776482582,
    -0.009999999776482582,
    -0.009999999776482582,
    -0.009999999776482582,
    -0.009999999776482582,
    -0.009999999776482582,
    -0.009999999776482582,
    -0.009999999776482582,
    -0.009999999776482582,
    -0.009999999776482582,
    -0.009999999776482582,
    -0.009999999776482582,
    -0.009999999776482582,
    -0.009999999776482582,
    -0.009999999776482582,
    -0.009999999776482582,
    -0.009999999776482582,
    -0.009999999776482582,
    -0.009999999776482582,
    -0.009999999776482582,
    -0.009999999776482582,
    -0.009999999776482582,
    -0.009999999776482582,
    -0.009999999776482582,
    -0.009999999776482582,
    -0.009999999776482582,
    -0.009999999776482582,
    -0.009999999776482582,
    -0.009999999776482582,
    -0.009999999776482582,
    -0.009999999776482582,
    -0.009999999776482582,
    -0.009999999776482582,
    -0.009999999776482582,
    -0.009999999776482582
  ],
  "initial_ascii": [
    "LEGEND:",
    "#: wall",
    ".: background",
    "k: dpolice",
    "l: rpolice",
    "c: crate",
    "j: lpolice",
    "@: target, crate",
    "t: target",
    "i: upolice",
    "",
    "MAP:",
    "###############",
    "#.kkkkkkkkkkk.#",
    "#lccc.c.c...cj#",
    "#l....c......j#",
    "#lc.@ttttt...j#",
    "#l..@ttt@t...j#",
    "#l..t@@ttt..cj#",
    "#lc.@tt@@t..cj#",
    "#l..@@t@@t...j#",
    "#lc.t@t@tt..cj#",
    "#lc..c.c.....j#",
    "#lcc.c.c.c..cj#",
    "#liiiiiiiiiiij#",
    "#.............#",
    "###############"
  ],
  "state_data": {
    "score": 17,
    "win": false,
    "step": 100
  },
  "heuristics": [
    -57.0,
    -48.0,
    -40.0,
    -34.0,
    -34.0,
    -38.0,
    -38.0,
    -41.0,
    -37.0,
    -32.0,
    -32.0,
    -32.0,
    -31.0,
    -31.0,
    -31.0,
    -31.0,
    -31.0,
    -31.0,
    -32.0,
    -32.0,
    -32.0,
    -32.0,
    -32.0,
    -32.0,
    -32.0,
    -32.0,
    -32.0,
    -31.0,
    -31.0,
    -31.0,
    -31.0,
    -31.0,
    -31.0,
    -31.0,
    -31.0,
    -31.0,
    -31.0,
    -31.0,
    -31.0,
    -31.0,
    -31.0,
    -31.0,
    -31.0,
    -31.0,
    -31.0,
    -31.0,
    -31.0,
    -31.0,
    -31.0,
    -31.0,
    -31.0,
    -31.0,
    -31.0,
    -31.0,
    -31.0,
    -31.0,
    -31.0,
    -31.0,
    -31.0,
    -31.0,
    -31.0,
    -31.0,
    -31.0,
    -31.0,
    -31.0,
    -31.0,
    -31.0,
    -31.0,
    -31.0,
    -31.0,
    -31.0,
    -31.0,
    -31.0,
    -31.0,
    -31.0,
    -31.0,
    -31.0,
    -31.0,
    -31.0,
    -31.0,
    -31.0,
    -31.0,
    -31.0,
    -31.0,
    -31.0,
    -31.0,
    -31.0,
    -31.0,
    -31.0,
    -31.0,
    -31.0,
    -31.0,
    -31.0,
    -31.0,
    -31.0,
    -31.0,
    -31.0,
    -31.0,
    -31.0,
    -31.0
  ],
  "final_ascii": [
    "LEGEND:",
    "#: wall",
    ".: background",
    "k: dpolice",
    "l: rpolice",
    "c: crate",
    "j: lpolice",
    "@: target, crate",
    "\u1b91: target, upolice",
    "i: upolice",
    "\u01be: target, rpolice",
    "t: target",
    "\u124c: target, lpolice",
    "",
    "MAP:",
    "###############",
    "#..kkkkkk..k..#",
    "#..lccccckcjk.#",
    "#..lcccccckcj.#",
    "#..l@@@@@@ccj.#",
    "#..l@@@@@\u1b91icj.#",
    "#.kc@\u01be@@@@ccj.#",
    "#.li\u1b91@\u1b91\u1b91\u1b91t.iij#",
    "#.i.\u01be\u1b91ttt\u124c....#",
    "#...ttttttlj..#",
    "#.........lj..#",
    "#.........lj..#",
    "#.........lj..#",
    "#.............#",
    "###############"
  ]
}