{
  "model": "deepseek",
  "game": "Travelling_salesman",
  "level": 4,
  "run": 9,
  "win": false,
  "action_sequence": [
    0,
    2,
    2,
    2,
    2,
    2,
    2,
    2,
    2,
    2,
    2,
    2,
    2,
    2,
    2,
    2,
    2,
    2,
    2,
    2,
    2,
    2,
    2,
    2,
    2,
    2,
    2,
    2,
    2,
    2,
    2,
    2,
    2,
    2,
    2,
    2,
    2,
    2,
    2,
    2,
    2,
    2,
    2,
    2,
    2,
    2,
    2,
    2,
    2,
    2,
    2,
    2,
    2,
    2,
    2,
    2,
    2,
    2,
    2,
    2,
    2,
    2,
    2,
    2,
    2,
    2,
    2,
    2,
    2,
    2,
    2,
    2,
    2,
    2,
    2,
    2,
    2,
    2,
    2,
    2,
    2,
    2,
    2,
    2,
    2,
    2,
    2,
    2,
    2,
    2,
    2,
    2,
    2,
    2,
    2,
    2,
    2,
    2,
    2,
    2
  ],
  "reward_sequence": [
    1.9900000095367432,
    -0.009999999776482582,
    -0.009999999776482582,
    -0.009999999776482582,
    -0.009999999776482582,
    -0.009999999776482582,
    -0.009999999776482582,
    -0.009999999776482582,
    -0.009999999776482582,
    -0.009999999776482582,
    -0.009999999776482582,
    -0.009999999776482582,
    -0.009999999776482582,
    -0.009999999776482582,
    -0.009999999776482582,
    -0.009999999776482582,
    -0.009999999776482582,
    -0.009999999776482582,
    -0.009999999776482582,
    -0.009999999776482582,
    -0.009999999776482582,
    -0.009999999776482582,
    -0.009999999776482582,
    -0.009999999776482582,
    -0.009999999776482582,
    -0.009999999776482582,
    -0.009999999776482582,
    -0.009999999776482582,
    -0.009999999776482582,
    -0.009999999776482582,
    -0.009999999776482582,
    -0.009999999776482582,
    -0.009999999776482582,
    -0.009999999776482582,
    -0.009999999776482582,
    -0.009999999776482582,
    -0.009999999776482582,
    -0.009999999776482582,
    -0.009999999776482582,
    -0.009999999776482582,
    -0.009999999776482582,
    -0.009999999776482582,
    -0.009999999776482582,
    -0.009999999776482582,
    -0.009999999776482582,
    -0.009999999776482582,
    -0.009999999776482582,
    -0.009999999776482582,
    -0.009999999776482582,
    -0.009999999776482582,
    -0.009999999776482582,
    -0.009999999776482582,
    -0.009999999776482582,
    -0.009999999776482582,
    -0.009999999776482582,
    -0.009999999776482582,
    -0.009999999776482582,
    -0.009999999776482582,
    -0.009999999776482582,
    -0.009999999776482582,
    -0.009999999776482582,
    -0.009999999776482582,
    -0.009999999776482582,
    -0.009999999776482582,
    -0.009999999776482582,
    -0.009999999776482582,
    -0.009999999776482582,
    -0.009999999776482582,
    -0.009999999776482582,
    -0.009999999776482582,
    -0.009999999776482582,
    -0.009999999776482582,
    -0.009999999776482582,
    -0.009999999776482582,
    -0.009999999776482582,
    -0.009999999776482582,
    -0.009999999776482582,
    -0.009999999776482582,
    -0.009999999776482582,
    -0.009999999776482582,
    -0.009999999776482582,
    -0.009999999776482582,
    -0.009999999776482582,
    -0.009999999776482582,
    -0.009999999776482582,
    -0.009999999776482582,
    -0.009999999776482582,
    -0.009999999776482582,
    -0.009999999776482582,
    -0.009999999776482582,
    -0.009999999776482582,
    -0.009999999776482582,
    -0.009999999776482582,
    -0.009999999776482582,
    -0.009999999776482582,
    -0.009999999776482582,
    -0.009999999776482582,
    -0.009999999776482582,
    -0.009999999776482582,
    -0.009999999776482582
  ],
  "initial_ascii": [
    "LEGEND:",
    "o: node",
    "-: hlink",
    "|: vlink",
    ".: background",
    "\u28bf: nodeseen, player",
    "\u228b: hlinkseen",
    "\u1557: nodeseen",
    "",
    "MAP:",
    "o-o-o-o",
    "|...|.|",
    "\u28bf\u228b\u1557-o.o",
    "|...|.|",
    "o-o-o-o",
    "|.|...|",
    "o-o-o-o"
  ],
  "state_data": {
    "score": -14,
    "win": false,
    "step": 100
  },
  "heuristics": [
    -14.0,
    -14.0,
    -14.0,
    -14.0,
    -14.0,
    -14.0,
    -14.0,
    -14.0,
    -14.0,
    -14.0,
    -14.0,
    -14.0,
    -14.0,
    -14.0,
    -14.0,
    -14.0,
    -14.0,
    -14.0,
    -14.0,
    -14.0,
    -14.0,
    -14.0,
    -14.0,
    -14.0,
    -14.0,
    -14.0,
    -14.0,
    -14.0,
    -14.0,
    -14.0,
    -14.0,
    -14.0,
    -14.0,
    -14.0,
    -14.0,
    -14.0,
    -14.0,
    -14.0,
    -14.0,
    -14.0,
    -14.0,
    -14.0,
    -14.0,
    -14.0,
    -14.0,
    -14.0,
    -14.0,
    -14.0,
    -14.0,
    -14.0,
    -14.0,
    -14.0,
    -14.0,
    -14.0,
    -14.0,
    -14.0,
    -14.0,
    -14.0,
    -14.0,
    -14.0,
    -14.0,
    -14.0,
    -14.0,
    -14.0,
    -14.0,
    -14.0,
    -14.0,
    -14.0,
    -14.0,
    -14.0,
    -14.0,
    -14.0,
    -14.0,
    -14.0,
    -14.0,
    -14.0,
    -14.0,
    -14.0,
    -14.0,
    -14.0,
    -14.0,
    -14.0,
    -14.0,
    -14.0,
    -14.0,
    -14.0,
    -14.0,
    -14.0,
    -14.0,
    -14.0,
    -14.0,
    -14.0,
    -14.0,
    -14.0,
    -14.0,
    -14.0,
    -14.0,
    -14.0,
    -14.0,
    -14.0
  ],
  "final_ascii": [
    "LEGEND:",
    "o: node",
    "-: hlink",
    "|: vlink",
    ".: background",
    "\u28bf: nodeseen, player",
    "\u228b: hlinkseen",
    "\u1557: nodeseen",
    "",
    "MAP:",
    "o-o-o-o",
    "|...|.|",
    "\u28bf\u228b\u1557-o.o",
    "|...|.|",
    "o-o-o-o",
    "|.|...|",
    "o-o-o-o"
  ]
}