{
  "model": "deepseek",
  "game": "atlas shrank",
  "level": 9,
  "run": 10,
  "win": false,
  "action_sequence": [
    2,
    2,
    2,
    2,
    2,
    2,
    2,
    2,
    2,
    2,
    2,
    2,
    2,
    2,
    2,
    2,
    2,
    2,
    2,
    2,
    2,
    2,
    2,
    2,
    2,
    2,
    2,
    2,
    2,
    2,
    2,
    2,
    2,
    2,
    2,
    2,
    2,
    3,
    2,
    2,
    2,
    2,
    2,
    2,
    2,
    2,
    2,
    2,
    2,
    2,
    2,
    4,
    2,
    2,
    2,
    2,
    2,
    2,
    2,
    2,
    2,
    2,
    2,
    2,
    2,
    2,
    2,
    2,
    2,
    2,
    2,
    2,
    2,
    2,
    2,
    2,
    2,
    2,
    2,
    2,
    2,
    2,
    2,
    2,
    2,
    2,
    2,
    2,
    2,
    2,
    2,
    2,
    2,
    2,
    2,
    2,
    2,
    2,
    2,
    2
  ],
  "reward_sequence": [
    -0.009999999776482582,
    -1.0099999904632568,
    -1.0099999904632568,
    -1.0099999904632568,
    -1.0099999904632568,
    -1.0099999904632568,
    -1.0099999904632568,
    -1.0099999904632568,
    -1.0099999904632568,
    -1.0099999904632568,
    -1.0099999904632568,
    -1.0099999904632568,
    -1.0099999904632568,
    -1.0099999904632568,
    -0.009999999776482582,
    -1.0099999904632568,
    -1.0099999904632568,
    -0.009999999776482582,
    -1.0099999904632568,
    -0.009999999776482582,
    -0.009999999776482582,
    -0.009999999776482582,
    -0.009999999776482582,
    -0.009999999776482582,
    -0.009999999776482582,
    -0.009999999776482582,
    -0.009999999776482582,
    -0.009999999776482582,
    -0.009999999776482582,
    -0.009999999776482582,
    -0.009999999776482582,
    -0.009999999776482582,
    -0.009999999776482582,
    -0.009999999776482582,
    -0.009999999776482582,
    -0.009999999776482582,
    -0.009999999776482582,
    -0.009999999776482582,
    -0.009999999776482582,
    -0.009999999776482582,
    -0.009999999776482582,
    -0.009999999776482582,
    -0.009999999776482582,
    -0.009999999776482582,
    -0.009999999776482582,
    -0.009999999776482582,
    -0.009999999776482582,
    -0.009999999776482582,
    -0.009999999776482582,
    -0.009999999776482582,
    -0.009999999776482582,
    -0.009999999776482582,
    -0.009999999776482582,
    -0.009999999776482582,
    -0.009999999776482582,
    -0.009999999776482582,
    -0.009999999776482582,
    -0.009999999776482582,
    -0.009999999776482582,
    -0.009999999776482582,
    -0.009999999776482582,
    -0.009999999776482582,
    -0.009999999776482582,
    -0.009999999776482582,
    -0.009999999776482582,
    -0.009999999776482582,
    -0.009999999776482582,
    -0.009999999776482582,
    -0.009999999776482582,
    -0.009999999776482582,
    -0.009999999776482582,
    -0.009999999776482582,
    -0.009999999776482582,
    -0.009999999776482582,
    -0.009999999776482582,
    -0.009999999776482582,
    -0.009999999776482582,
    -0.009999999776482582,
    -0.009999999776482582,
    -0.009999999776482582,
    -0.009999999776482582,
    -0.009999999776482582,
    -0.009999999776482582,
    -0.009999999776482582,
    -0.009999999776482582,
    -0.009999999776482582,
    -0.009999999776482582,
    -0.009999999776482582,
    -0.009999999776482582,
    -0.009999999776482582,
    -0.009999999776482582,
    -0.009999999776482582,
    -0.009999999776482582,
    -0.009999999776482582,
    -0.009999999776482582,
    -0.009999999776482582,
    -0.009999999776482582,
    -0.009999999776482582,
    -0.009999999776482582,
    -0.009999999776482582
  ],
  "initial_ascii": [
    "LEGEND:",
    ".: background",
    "#: wallsolo",
    "*: crate, massive",
    "o: exit",
    "\u01dc: wallu",
    "\u2604: wallm",
    "\u05d7: walld",
    "\u23e0: wallud",
    "x: door",
    "\u0d23: wallrl",
    "\u0ca2: walll",
    "\u03bd: wallr",
    "\u11a2: playerr",
    "t: switch",
    "",
    "MAP:",
    ".....................##*#*****....*...................",
    "..o....##.#.#\u01dc\u01dc\u01dc\u01dc#....##******...**.........#.........",
    "..#.#\u01dc\u01dc\u2604\u2604\u01dc\u2604\u01dc\u2604\u2604\u2604\u2604\u05d7\u2604#....#\u01dc\u01dc#*********........\u23e0........*",
    "#\u01dc\u2604\u01dc\u2604\u05d7\u05d7\u05d7\u05d7\u05d7\u05d7\u05d7\u05d7\u05d7\u05d7#.\u23e0.##..x#\u05d7\u05d7\u0d23\u0d23\u0d23\u0d23\u0d23\u0d23\u0d23\u0d23#........\u23e0........#",
    "\u0ca2\u2604\u2604\u05d7\u03bd............\u23e0..\u23e0..x....................\u23e0.........",
    "\u0ca2\u05d7#.\u23e0............#..#.*x....................\u23e0.........",
    "\u23e0.*.\u23e0................#\u0d23\u0d23\u0d23#.\u11a2................#.........",
    "\u23e0***\u23e0............#*....*...**.........t.*..#.........*",
    "\u0ca2\u0d23\u0d23\u0d23#...........#\u2604\u01dc\u01dc\u01dc\u01dc\u01dc\u01dc\u01dc\u01dc\u01dc\u01dc\u01dc\u01dc\u01dc\u01dc\u01dc\u01dc\u01dc\u01dc\u01dc#.#\u0d23\u0d23\u0d23\u03bd.........#",
    "\u23e0..............#\u2604\u2604\u2604\u2604\u2604\u2604\u2604\u05d7\u2604\u05d7\u2604\u05d7\u2604\u05d7\u05d7\u05d7\u05d7\u05d7\u05d7\u05d7\u05d7\u05d7\u0d23#...##.........",
    "\u23e0.............#\u2604\u2604\u2604\u2604\u2604\u2604\u2604#.\u23e0.\u23e0.\u23e0...............\u23e0**.......",
    "\u23e0............#\u2604\u2604\u2604\u2604\u2604\u2604\u2604#..#.#.#...............\u0ca2\u0d23\u01dc#......",
    "\u23e0............\u0ca2\u2604\u2604\u2604\u2604\u2604\u2604\u03bd..#*#*#*#..............\u23e0.\u0ca2\u05d7\u0d23\u0d23\u0d23\u01dc\u01dc#",
    "\u23e0............\u0ca2\u2604\u2604\u2604\u2604\u05d7\u05d7#..#*#*#*#..............\u23e0.\u23e0....#\u05d7\u03bd",
    "\u23e0*...........\u0ca2\u2604\u2604\u05d7#......#.#.#...............\u23e0.\u23e0......\u23e0",
    "\u23e0*.......#\u01dc\u01dc\u01dc\u2604\u05d7#........#...................\u23e0.\u23e0......\u23e0",
    "\u23e0*......#\u05d7\u2604\u2604\u05d7#..............................\u23e0.\u23e0......\u23e0",
    "\u23e0*.....#..##............*...................\u23e0.\u23e0......\u23e0",
    "\u23e0**...**......*.......#.#.#.#..........t....\u23e0.\u23e0.....#\u03bd",
    "#\u0d23\u0d23\u0d23#*#\u0d23\u0d23\u0d23\u0d23\u0d23#**#\u0d23\u0d23\u0d23\u0d23\u0d23\u0d23\u05d7\u0d23\u05d7\u0d23\u05d7\u0d23\u05d7\u0d23\u0d23\u0d23\u0d23\u0d23\u0d23\u0d23\u0d23\u0d23\u0d23\u0d23\u0d23#*#\u05d7\u0d23\u05d7\u0d23#*#\u0d23\u05d7#"
  ],
  "state_data": {
    "score": 0,
    "win": false,
    "step": 100
  },
  "heuristics": [
    -30.0,
    -31.0,
    -32.0,
    -33.0,
    -34.0,
    -35.0,
    -36.0,
    -37.0,
    -38.0,
    -39.0,
    -40.0,
    -41.0,
    -42.0,
    -43.0,
    -43.0,
    -44.0,
    -45.0,
    -45.0,
    -46.0,
    -46.0,
    -46.0,
    -46.0,
    -46.0,
    -46.0,
    -46.0,
    -46.0,
    -46.0,
    -46.0,
    -46.0,
    -46.0,
    -46.0,
    -46.0,
    -46.0,
    -46.0,
    -46.0,
    -46.0,
    -46.0,
    -46.0,
    -46.0,
    -46.0,
    -46.0,
    -46.0,
    -46.0,
    -46.0,
    -46.0,
    -46.0,
    -46.0,
    -46.0,
    -46.0,
    -46.0,
    -46.0,
    -46.0,
    -46.0,
    -46.0,
    -46.0,
    -46.0,
    -46.0,
    -46.0,
    -46.0,
    -46.0,
    -46.0,
    -46.0,
    -46.0,
    -46.0,
    -46.0,
    -46.0,
    -46.0,
    -46.0,
    -46.0,
    -46.0,
    -46.0,
    -46.0,
    -46.0,
    -46.0,
    -46.0,
    -46.0,
    -46.0,
    -46.0,
    -46.0,
    -46.0,
    -46.0,
    -46.0,
    -46.0,
    -46.0,
    -46.0,
    -46.0,
    -46.0,
    -46.0,
    -46.0,
    -46.0,
    -46.0,
    -46.0,
    -46.0,
    -46.0,
    -46.0,
    -46.0,
    -46.0,
    -46.0,
    -46.0,
    -46.0
  ],