{
  "model": "deepseek",
  "game": "atlas shrank",
  "level": 5,
  "run": 5,
  "win": false,
  "action_sequence": [
    2,
    2,
    2,
    3,
    2,
    2,
    2,
    4,
    3,
    3,
    3,
    2,
    2,
    2,
    2,
    3,
    2,
    3,
    2,
    2,
    2,
    2,
    2,
    2,
    3,
    2,
    2,
    2,
    2,
    2,
    2,
    2,
    4,
    2,
    4,
    2,
    2,
    2,
    2,
    2,
    2,
    2,
    2,
    2,
    2,
    2,
    2,
    2,
    2,
    2,
    2,
    2,
    2,
    2,
    2,
    3,
    2,
    2,
    2,
    2,
    2,
    2,
    2,
    2,
    2,
    2,
    2,
    2,
    2,
    2,
    2,
    2,
    2,
    2,
    2,
    2,
    2,
    2,
    2,
    2,
    2,
    2,
    2,
    2,
    2,
    2,
    2,
    2,
    2,
    2,
    2,
    2,
    2,
    2,
    2,
    2,
    2,
    2,
    2,
    2
  ],
  "reward_sequence": [
    0.9900000095367432,
    0.9900000095367432,
    0.9900000095367432,
    -0.009999999776482582,
    0.9900000095367432,
    1.9900000095367432,
    1.9900000095367432,
    -0.009999999776482582,
    -0.009999999776482582,
    -0.009999999776482582,
    -0.009999999776482582,
    -0.009999999776482582,
    -0.009999999776482582,
    -0.009999999776482582,
    -0.009999999776482582,
    -0.009999999776482582,
    -0.009999999776482582,
    -0.009999999776482582,
    -0.009999999776482582,
    -0.009999999776482582,
    -0.009999999776482582,
    -0.009999999776482582,
    -0.009999999776482582,
    -0.009999999776482582,
    -0.009999999776482582,
    -0.009999999776482582,
    -0.009999999776482582,
    -0.009999999776482582,
    -0.009999999776482582,
    -0.009999999776482582,
    -0.009999999776482582,
    -0.009999999776482582,
    -0.009999999776482582,
    -0.009999999776482582,
    -0.009999999776482582,
    -0.009999999776482582,
    -0.009999999776482582,
    -0.009999999776482582,
    -0.009999999776482582,
    -0.009999999776482582,
    -0.009999999776482582,
    -0.009999999776482582,
    -0.009999999776482582,
    -0.009999999776482582,
    -0.009999999776482582,
    -0.009999999776482582,
    -0.009999999776482582,
    -0.009999999776482582,
    -0.009999999776482582,
    -0.009999999776482582,
    -0.009999999776482582,
    -0.009999999776482582,
    -0.009999999776482582,
    -0.009999999776482582,
    -0.009999999776482582,
    -0.009999999776482582,
    -0.009999999776482582,
    -0.009999999776482582,
    -0.009999999776482582,
    -0.009999999776482582,
    -0.009999999776482582,
    -0.009999999776482582,
    -0.009999999776482582,
    -0.009999999776482582,
    -0.009999999776482582,
    -0.009999999776482582,
    -0.009999999776482582,
    -0.009999999776482582,
    -0.009999999776482582,
    -0.009999999776482582,
    -0.009999999776482582,
    -0.009999999776482582,
    -0.009999999776482582,
    -0.009999999776482582,
    -0.009999999776482582,
    -0.009999999776482582,
    -0.009999999776482582,
    -0.009999999776482582,
    -0.009999999776482582,
    -0.009999999776482582,
    -0.009999999776482582,
    -0.009999999776482582,
    -0.009999999776482582,
    -0.009999999776482582,
    -0.009999999776482582,
    -0.009999999776482582,
    -0.009999999776482582,
    -0.009999999776482582,
    -0.009999999776482582,
    -0.009999999776482582,
    -0.009999999776482582,
    -0.009999999776482582,
    -0.009999999776482582,
    -0.009999999776482582,
    -0.009999999776482582,
    -0.009999999776482582,
    -0.009999999776482582,
    -0.009999999776482582,
    -0.009999999776482582,
    -0.009999999776482582
  ],
  "initial_ascii": [
    "LEGEND:",
    "#: wallsolo",
    "\u04b0: wallu",
    "\u296d: wallrl",
    "\u2115: dooro",
    "\u0471: walll",
    "\u23a1: wallr",
    "*: crate, massive",
    ".: background",
    "\u1252: wallud",
    "\u0572: walld",
    "o: exit",
    "\u1c6f: playerr",
    "@: crate, switch, massive",
    "\u01e7: wallm",
    "",
    "MAP:",
    "#\u04b0\u296d\u04b0\u296d#\u2115#\u296d\u296d\u296d\u296d\u296d\u296d\u04b0\u296d\u296d#",
    "\u0471\u23a1*#..\u2115.......#..\u1252",
    "\u0471\u0572#...\u2115*......\u2115.o\u1252",
    "\u1252.....##.....*\u2115.#\u23a1",
    "\u1252....#\u2115.\u1c6f.@..#\u2115..\u1252",
    "\u1252...##\u2115#\u296d\u296d\u296d\u296d\u04b0\u01e7\u04b0\u04b0\u04b0\u23a1",
    "\u1252*..*.\u2115.....\u0471\u0572\u0572\u0572\u0572\u23a1",
    "\u0471\u04b0\u04b0\u04b0\u04b0#\u2115.....#....\u1252",
    "\u0471\u01e7\u01e7\u01e7\u01e7\u23a1\u2115......*...\u1252",
    "\u0471\u01e7\u01e7\u01e7\u01e7\u23a1.#*....##..\u1252",
    "#\u0572\u0572\u0572\u0572#.#\u296d\u296d\u296d\u296d\u296d\u0572\u0572\u296d\u296d#"
  ],
  "state_data": {
    "score": 0,
    "win": false,
    "step": 100
  },
  "heuristics": [
    -10.0,
    -9.0,
    -8.0,
    -8.0,
    -7.0,
    -5.0,
    -3.0,
    -3.0,
    -3.0,
    -3.0,
    -3.0,
    -3.0,
    -3.0,
    -3.0,
    -3.0,
    -3.0,
    -3.0,
    -3.0,
    -3.0,
    -3.0,
    -3.0,
    -3.0,
    -3.0,
    -3.0,
    -3.0,
    -3.0,
    -3.0,
    -3.0,
    -3.0,
    -3.0,
    -3.0,
    -3.0,
    -3.0,
    -3.0,
    -3.0,
    -3.0,
    -3.0,
    -3.0,
    -3.0,
    -3.0,
    -3.0,
    -3.0,
    -3.0,
    -3.0,
    -3.0,
    -3.0,
    -3.0,
    -3.0,
    -3.0,
    -3.0,
    -3.0,
    -3.0,
    -3.0,
    -3.0,
    -3.0,
    -3.0,
    -3.0,
    -3.0,
    -3.0,
    -3.0,
    -3.0,
    -3.0,
    -3.0,
    -3.0,
    -3.0,
    -3.0,
    -3.0,
    -3.0,
    -3.0,
    -3.0,
    -3.0,
    -3.0,
    -3.0,
    -3.0,
    -3.0,
    -3.0,
    -3.0,
    -3.0,
    -3.0,
    -3.0,
    -3.0,
    -3.0,
    -3.0,
    -3.0,
    -3.0,
    -3.0,
    -3.0,
    -3.0,
    -3.0,
    -3.0,
    -3.0,
    -3.0,
    -3.0,
    -3.0,
    -3.0,
    -3.0,
    -3.0,
    -3.0,
    -3.0,
    -3.0
  ],
  "final_ascii": [
    "LEGEND:",
    "#: wallsolo",
    "\u04b0: wallu",
    "\u296d: wallrl",
    "x: door",
    "\u0471: walll",
    "\u23a1: wallr",
    "*: crate, massive",
    ".: background",
    "\u1252: wallud",
    "\u0572: walld",
    "\u1c6f: playerr",
    "o: exit",
    "t: switch",
    "\u01e7: wallm",
    "",
    "MAP:",
    "#\u04b0\u296d\u04b0\u296d#x#\u296d\u296d\u296d\u296d\u296d\u296d\u04b0\u296d\u296d#",
    "\u0471\u23a1*#..x.......#..\u1252",
    "\u0471\u0572#...x*.....\u1c6fx.o\u1252",
    "\u1252.....##.....*x.#\u23a1",
    "\u1252....#x...t.*#x..\u1252",
    "\u1252...##x#\u296d\u296d\u296d\u296d\u04b0\u01e7\u04b0\u04b0\u04b0\u23a1",
    "\u1252*..*.x.....\u0471\u0572\u0572\u0572\u0572\u23a1",
    "\u0471\u04b0\u04b0\u04b0\u04b0#x.....#....\u1252",
    "\u0471\u01e7\u01e7\u01e7\u01e7\u23a1x......*...\u1252",
    "\u0471\u01e7\u01e7\u01e7\u01e7\u23a1.#*....##..\u1252",
    "#\u0572\u0572\u0572\u0572#.#\u296d\u296d\u296d\u296d\u296d\u0572\u0572\u296d\u296d#"
  ]
}