{
  "model": "deepseek",
  "game": "kettle",
  "level": 9,
  "run": 2,
  "win": false,
  "action_sequence": [
    3,
    2,
    3,
    1,
    2,
    3,
    2,
    3,
    2,
    3,
    2,
    3,
    2,
    2,
    3,
    3,
    3,
    2,
    3,
    2,
    1,
    3,
    2,
    2,
    1,
    3,
    2,
    0,
    2,
    3,
    2,
    3,
    2,
    3,
    2,
    3,
    2,
    3,
    2,
    3,
    2,
    3,
    2,
    3,
    3,
    3,
    3,
    3,
    3,
    2,
    3,
    3,
    3,
    4,
    3,
    3,
    3,
    3,
    3,
    3,
    2,
    2,
    2,
    1,
    2,
    2,
    3,
    3,
    2,
    0,
    2,
    3,
    3,
    3,
    3,
    3,
    3,
    3,
    2,
    1,
    0,
    4,
    3,
    3,
    0,
    3,
    3,
    2,
    2,
    3,
    3,
    3,
    3,
    0,
    3,
    3,
    2,
    1,
    1,
    2
  ],
  "reward_sequence": [
    4.989999771118164,
    5.989999771118164,
    4.989999771118164,
    5.989999771118164,
    4.989999771118164,
    3.990000009536743,
    -0.009999999776482582,
    -0.009999999776482582,
    -3.009999990463257,
    -0.009999999776482582,
    -5.010000228881836,
    -0.009999999776482582,
    -0.009999999776482582,
    -0.009999999776482582,
    -0.009999999776482582,
    -0.009999999776482582,
    -0.009999999776482582,
    -0.009999999776482582,
    -0.009999999776482582,
    -0.009999999776482582,
    -0.009999999776482582,
    -0.009999999776482582,
    -0.009999999776482582,
    -0.009999999776482582,
    -0.009999999776482582,
    -0.009999999776482582,
    -0.009999999776482582,
    0.9900000095367432,
    -0.009999999776482582,
    -0.009999999776482582,
    -0.009999999776482582,
    -0.009999999776482582,
    -0.009999999776482582,
    -0.009999999776482582,
    -0.009999999776482582,
    -0.009999999776482582,
    -0.009999999776482582,
    -0.009999999776482582,
    -0.009999999776482582,
    -0.009999999776482582,
    -0.009999999776482582,
    -0.009999999776482582,
    -0.009999999776482582,
    -0.009999999776482582,
    -0.009999999776482582,
    -0.009999999776482582,
    -0.009999999776482582,
    -0.009999999776482582,
    -0.009999999776482582,
    -0.009999999776482582,
    -0.009999999776482582,
    -0.009999999776482582,
    -0.009999999776482582,
    -0.009999999776482582,
    -0.009999999776482582,
    -0.009999999776482582,
    -0.009999999776482582,
    -0.009999999776482582,
    -0.009999999776482582,
    -0.009999999776482582,
    -0.009999999776482582,
    -0.009999999776482582,
    -0.009999999776482582,
    -0.009999999776482582,
    -0.009999999776482582,
    -0.009999999776482582,
    -0.009999999776482582,
    -0.009999999776482582,
    -0.009999999776482582,
    -0.009999999776482582,
    -0.009999999776482582,
    -0.009999999776482582,
    -0.009999999776482582,
    -0.009999999776482582,
    -0.009999999776482582,
    -0.009999999776482582,
    -0.009999999776482582,
    -0.009999999776482582,
    -0.009999999776482582,
    -0.009999999776482582,
    -0.009999999776482582,
    -0.009999999776482582,
    -0.009999999776482582,
    -0.009999999776482582,
    -0.009999999776482582,
    -0.009999999776482582,
    -0.009999999776482582,
    -0.009999999776482582,
    -0.009999999776482582,
    -0.009999999776482582,
    -0.009999999776482582,
    -0.009999999776482582,
    -0.009999999776482582,
    -0.009999999776482582,
    -0.009999999776482582,
    -0.009999999776482582,
    -0.009999999776482582,
    -0.009999999776482582,
    -0.009999999776482582,
    -0.009999999776482582
  ],
  "initial_ascii": [
    "LEGEND:",
    "#: wall",
    ".: background",
    "k: dpolice",
    "l: rpolice",
    "c: crate",
    "j: lpolice",
    "@: target, crate",
    "t: target",
    "i: upolice",
    "",
    "MAP:",
    "###############",
    "#.kkkkkkkkkk..#",
    "#lccc..c...cj.#",
    "#lc.........j.#",
    "#lc.@t@tt...j.#",
    "#lc.t@@@t...j.#",
    "#l..@ttt@..cj.#",
    "#lc.tt@@t..cj.#",
    "#l..ttttt...j.#",
    "#l.........cj.#",
    "#l....c.c.ccj.#",
    "#liiiiiiiiiij.#",
    "#.............#",
    "###############"
  ],
  "state_data": {
    "score": 11,
    "win": false,
    "step": 100
  },
  "heuristics": [
    -48.0,
    -42.0,
    -37.0,
    -31.0,
    -26.0,
    -22.0,
    -22.0,
    -22.0,
    -25.0,
    -25.0,
    -30.0,
    -30.0,
    -30.0,
    -30.0,
    -30.0,
    -30.0,
    -30.0,
    -30.0,
    -30.0,
    -30.0,
    -30.0,
    -30.0,
    -30.0,
    -30.0,
    -30.0,
    -30.0,
    -30.0,
    -29.0,
    -29.0,
    -29.0,
    -29.0,
    -29.0,
    -29.0,
    -29.0,
    -29.0,
    -29.0,
    -29.0,
    -29.0,
    -29.0,
    -29.0,
    -29.0,
    -29.0,
    -29.0,
    -29.0,
    -29.0,
    -29.0,
    -29.0,
    -29.0,
    -29.0,
    -29.0,
    -29.0,
    -29.0,
    -29.0,
    -29.0,
    -29.0,
    -29.0,
    -29.0,
    -29.0,
    -29.0,
    -29.0,
    -29.0,
    -29.0,
    -29.0,
    -29.0,
    -29.0,
    -29.0,
    -29.0,
    -29.0,
    -29.0,
    -29.0,
    -29.0,
    -29.0,
    -29.0,
    -29.0,
    -29.0,
    -29.0,
    -29.0,
    -29.0,
    -29.0,
    -29.0,
    -29.0,
    -29.0,
    -29.0,
    -29.0,
    -29.0,
    -29.0,
    -29.0,
    -29.0,
    -29.0,
    -29.0,
    -29.0,
    -29.0,
    -29.0,
    -29.0,
    -29.0,
    -29.0,
    -29.0,
    -29.0,
    -29.0,
    -29.0
  ],
  "final_ascii": [
    "LEGEND:",
    "#: wall",
    ".: background",
    "l: rpolice",
    "k: dpolice",
    "j: lpolice",
    "c: crate",
    "t: target",
    "\u1cef: target, rpolice",
    "@: target, crate",
    "\u1a53: target, dpolice",
    "i: upolice",
    "\u00da: target, upolice",
    "",
    "MAP:",
    "###############",
    "#.............#",
    "#....lkkkkkkj.#",
    "#.....lcccccj.#",
    "#...tt\u1cef@@cccj.#",
    "#...t\u1a53\u1cef@@cccj.#",
    "#.k.t\u1cef@@@cicj.#",
    "#...\u1a53\u1cef@@@icj..#",
    "#..k\u1cef\u00da@\u00da\u00da..ij.#",
    "#..li.ij......#",
    "#.li...j......#",
    "#li....j......#",
    "#.............#",
    "###############"
  ]
}