{
  "model": "deepseek",
  "game": "slidings",
  "level": 6,
  "run": 7,
  "win": false,
  "action_sequence": [
    2,
    2,
    2,
    2,
    2,
    2,
    2,
    2,
    2,
    2,
    0,
    4,
    4,
    2,
    2,
    2,
    2,
    4,
    2,
    2,
    2,
    2,
    2,
    1,
    2,
    2,
    4,
    4,
    2,
    4,
    4,
    4,
    4,
    4,
    2,
    1,
    4,
    2,
    2,
    3,
    2,
    2,
    2,
    2,
    2,
    2,
    2,
    2,
    2,
    2,
    2,
    2,
    2,
    4,
    2,
    3,
    3,
    1,
    2,
    3,
    4,
    4,
    1,
    4,
    2,
    2,
    2,
    2,
    2,
    2,
    2,
    4,
    4,
    4,
    2,
    2,
    2,
    4,
    1,
    4,
    4,
    4,
    4,
    4,
    3,
    2,
    2,
    4,
    4,
    4,
    2,
    2,
    4,
    2,
    2,
    3,
    2,
    2,
    2,
    4
  ],
  "reward_sequence": [
    -1.0099999904632568,
    -0.009999999776482582,
    -0.009999999776482582,
    -0.009999999776482582,
    -0.009999999776482582,
    -0.009999999776482582,
    -0.009999999776482582,
    -0.009999999776482582,
    -0.009999999776482582,
    -0.009999999776482582,
    0.9900000095367432,
    -1.0099999904632568,
    -1.0099999904632568,
    -0.009999999776482582,
    -0.009999999776482582,
    -0.009999999776482582,
    -0.009999999776482582,
    1.9900000095367432,
    -1.0099999904632568,
    -0.009999999776482582,
    -0.009999999776482582,
    -0.009999999776482582,
    -0.009999999776482582,
    -0.009999999776482582,
    -0.009999999776482582,
    -0.009999999776482582,
    -0.009999999776482582,
    -1.0099999904632568,
    -0.009999999776482582,
    0.9900000095367432,
    -0.009999999776482582,
    -1.0099999904632568,
    0.9900000095367432,
    -0.009999999776482582,
    -0.009999999776482582,
    -3.009999990463257,
    1.9900000095367432,
    -0.009999999776482582,
    -0.009999999776482582,
    -0.009999999776482582,
    -0.009999999776482582,
    -0.009999999776482582,
    -0.009999999776482582,
    -0.009999999776482582,
    -0.009999999776482582,
    -0.009999999776482582,
    -0.009999999776482582,
    -0.009999999776482582,
    -0.009999999776482582,
    -0.009999999776482582,
    -0.009999999776482582,
    -0.009999999776482582,
    -0.009999999776482582,
    0.9900000095367432,
    -0.009999999776482582,
    -0.009999999776482582,
    -0.009999999776482582,
    -0.009999999776482582,
    -0.009999999776482582,
    -0.009999999776482582,
    -3.009999990463257,
    1.9900000095367432,
    -3.009999990463257,
    3.990000009536743,
    -0.009999999776482582,
    -0.009999999776482582,
    -0.009999999776482582,
    -0.009999999776482582,
    -0.009999999776482582,
    -0.009999999776482582,
    -0.009999999776482582,
    -3.009999990463257,
    -1.0099999904632568,
    3.990000009536743,
    -0.009999999776482582,
    -0.009999999776482582,
    -0.009999999776482582,
    -3.009999990463257,
    -0.009999999776482582,
    -1.0099999904632568,
    3.990000009536743,
    -3.009999990463257,
    -1.0099999904632568,
    3.990000009536743,
    -0.009999999776482582,
    -0.009999999776482582,
    -0.009999999776482582,
    -3.009999990463257,
    -1.0099999904632568,
    3.990000009536743,
    -0.009999999776482582,
    -0.009999999776482582,
    -3.009999990463257,
    -0.009999999776482582,
    -0.009999999776482582,
    3.990000009536743,
    -0.009999999776482582,
    -0.009999999776482582,
    -0.009999999776482582,
    -5.010000228881836
  ],
  "initial_ascii": [
    "LEGEND:",
    "#: wall",
    "m: count",
    ".: background",
    "o: target",
    "p: player",
    "n: countend",
    "a: balla",
    "b: ballb",
    "e: ballc, overwall",
    "",
    "MAP:",
    "#mmmmmmm",
    "#.o.#.pn",
    "#...#ab#",
    "#......#",
    "#...#..#",
    "#...#..#",
    "#######e"
  ],
  "state_data": {
    "score": 0,
    "win": false,
    "step": 100
  },
  "heuristics": [
    -4.0,
    -4.0,
    -4.0,
    -4.0,
    -4.0,
    -4.0,
    -4.0,
    -4.0,
    -4.0,
    -4.0,
    -3.0,
    -4.0,
    -5.0,
    -5.0,
    -5.0,
    -5.0,
    -5.0,
    -3.0,
    -4.0,
    -4.0,
    -4.0,
    -4.0,
    -4.0,
    -4.0,
    -4.0,
    -4.0,
    -4.0,
    -5.0,
    -5.0,
    -4.0,
    -4.0,
    -5.0,
    -4.0,
    -4.0,
    -4.0,
    -7.0,
    -5.0,
    -5.0,
    -5.0,
    -5.0,
    -5.0,
    -5.0,
    -5.0,
    -5.0,
    -5.0,
    -5.0,
    -5.0,
    -5.0,
    -5.0,
    -5.0,
    -5.0,
    -5.0,
    -5.0,
    -4.0,
    -4.0,
    -4.0,
    -4.0,
    -4.0,
    -4.0,
    -4.0,
    -7.0,
    -5.0,
    -8.0,
    -4.0,
    -4.0,
    -4.0,
    -4.0,
    -4.0,
    -4.0,
    -4.0,
    -4.0,
    -7.0,
    -8.0,
    -4.0,
    -4.0,
    -4.0,
    -4.0,
    -7.0,
    -7.0,
    -8.0,
    -4.0,
    -7.0,
    -8.0,
    -4.0,
    -4.0,
    -4.0,
    -4.0,
    -7.0,
    -8.0,
    -4.0,
    -4.0,
    -4.0,
    -7.0,
    -7.0,
    -7.0,
    -3.0,
    -3.0,
    -3.0,
    -3.0,
    -8.0
  ],
  "final_ascii": [
    "LEGEND:",
    "#: wall",
    "m: count",
    "n: countend",
    ".: background",
    "o: target",
    "c: ballc",
    "b: ballb",
    "p: player",
    "\u148b: balla, overwall",
    "",
    "MAP:",
    "#mmn####",
    "#.o.#cb#",
    "#...#..#",
    "#......#",
    "#...#..#",
    "#...#.p#",
    "#######\u148b"
  ]
}