{
  "model": "deepseek",
  "game": "slidings",
  "level": 1,
  "run": 4,
  "win": true,
  "action_sequence": [
    2,
    3,
    1,
    4,
    4,
    4,
    4,
    1,
    1,
    1,
    1,
    2,
    3,
    4,
    4,
    4,
    2,
    4,
    4,
    4,
    4,
    4,
    4,
    3,
    2,
    1
  ],
  "reward_sequence": [
    -0.009999999776482582,
    0.9900000095367432,
    -1.0099999904632568,
    -1.0099999904632568,
    0.9900000095367432,
    -1.0099999904632568,
    0.9900000095367432,
    -0.009999999776482582,
    -0.009999999776482582,
    -0.009999999776482582,
    -0.009999999776482582,
    -0.009999999776482582,
    0.9900000095367432,
    -2.009999990463257,
    1.9900000095367432,
    -2.009999990463257,
    -0.009999999776482582,
    1.9900000095367432,
    -2.009999990463257,
    1.9900000095367432,
    -2.009999990463257,
    1.9900000095367432,
    -2.009999990463257,
    0.9900000095367432,
    -0.009999999776482582,
    2.990000009536743
  ],
  "initial_ascii": [
    "LEGEND:",
    "#: wall",
    "m: count",
    "n: countend",
    ".: background",
    "o: target",
    "p: player",
    "a: balla",
    "d: ballb, overwall",
    "e: ballc, overwall",
    "",
    "MAP:",
    "#mmmmn",
    "#.o..#",
    "#p####",
    "#a####",
    "d####e"
  ],
  "state_data": {
    "score": 0,
    "win": true,
    "step": 26
  },
  "heuristics": [
    -2.0,
    -1.0,
    -2.0,
    -3.0,
    -2.0,
    -3.0,
    -2.0,
    -2.0,
    -2.0,
    -2.0,
    -2.0,
    -2.0,
    -1.0,
    -3.0,
    -1.0,
    -3.0,
    -3.0,
    -1.0,
    -3.0,
    -1.0,
    -3.0,
    -1.0,
    -3.0,
    -2.0,
    -2.0,
    0.0
  ],
  "final_ascii": [
    "LEGEND:",
    "#: wall",
    "c: ballc",
    "o: target",
    ".: background",
    "\u00e2: deadplayer",
    "\u1f06: balla, overwall",
    "d: ballb, overwall",
    "",
    "MAP:",
    "######",
    "#co..#",
    "#.####",
    "#\u00e2####",
    "\u1f06####d"
  ]
}