{
  "model": "deepseek",
  "game": "kettle",
  "level": 6,
  "run": 9,
  "win": false,
  "action_sequence": [
    3,
    2,
    3,
    2,
    3,
    3,
    2,
    3,
    3,
    3,
    3,
    3,
    3,
    3,
    3,
    0,
    3,
    4,
    3,
    3,
    3,
    3,
    3,
    3,
    3,
    3,
    1,
    3,
    0,
    3,
    2,
    3,
    3,
    2,
    1,
    3,
    2,
    3,
    3,
    2,
    3,
    4,
    3,
    0,
    2,
    3,
    3,
    2,
    2,
    2,
    3,
    2,
    3,
    3,
    3,
    3,
    3,
    2,
    3,
    3,
    3,
    3,
    1,
    2,
    3,
    2,
    1,
    3,
    3,
    2,
    0,
    3,
    3,
    2,
    3,
    3,
    3,
    3,
    3,
    3,
    2,
    3,
    2,
    3,
    3,
    3,
    3,
    3,
    3,
    2,
    3,
    3,
    3,
    3,
    3,
    1,
    3,
    3,
    3,
    2
  ],
  "reward_sequence": [
    5.989999771118164,
    3.990000009536743,
    3.990000009536743,
    -0.009999999776482582,
    -0.009999999776482582,
    -1.0099999904632568,
    -3.009999990463257,
    -0.009999999776482582,
    -0.009999999776482582,
    -0.009999999776482582,
    -0.009999999776482582,
    -0.009999999776482582,
    -0.009999999776482582,
    -0.009999999776482582,
    -0.009999999776482582,
    -0.009999999776482582,
    -0.009999999776482582,
    -0.009999999776482582,
    -0.009999999776482582,
    -0.009999999776482582,
    -0.009999999776482582,
    -0.009999999776482582,
    -0.009999999776482582,
    -0.009999999776482582,
    -0.009999999776482582,
    -0.009999999776482582,
    -0.009999999776482582,
    -0.009999999776482582,
    -0.009999999776482582,
    -0.009999999776482582,
    -0.009999999776482582,
    -0.009999999776482582,
    -0.009999999776482582,
    -0.009999999776482582,
    -0.009999999776482582,
    -0.009999999776482582,
    -0.009999999776482582,
    -0.009999999776482582,
    -0.009999999776482582,
    -0.009999999776482582,
    -0.009999999776482582,
    -0.009999999776482582,
    -0.009999999776482582,
    -0.009999999776482582,
    -0.009999999776482582,
    -0.009999999776482582,
    -0.009999999776482582,
    -0.009999999776482582,
    -0.009999999776482582,
    -0.009999999776482582,
    -0.009999999776482582,
    -0.009999999776482582,
    -0.009999999776482582,
    -0.009999999776482582,
    -0.009999999776482582,
    -0.009999999776482582,
    -0.009999999776482582,
    -0.009999999776482582,
    -0.009999999776482582,
    -0.009999999776482582,
    -0.009999999776482582,
    -0.009999999776482582,
    -0.009999999776482582,
    -0.009999999776482582,
    -0.009999999776482582,
    -0.009999999776482582,
    -0.009999999776482582,
    -0.009999999776482582,
    -0.009999999776482582,
    -0.009999999776482582,
    -0.009999999776482582,
    -0.009999999776482582,
    -0.009999999776482582,
    -0.009999999776482582,
    -0.009999999776482582,
    -0.009999999776482582,
    -0.009999999776482582,
    -0.009999999776482582,
    -0.009999999776482582,
    -0.009999999776482582,
    -0.009999999776482582,
    -0.009999999776482582,
    -0.009999999776482582,
    -0.009999999776482582,
    -0.009999999776482582,
    -0.009999999776482582,
    -0.009999999776482582,
    -0.009999999776482582,
    -0.009999999776482582,
    -0.009999999776482582,
    -0.009999999776482582,
    -0.009999999776482582,
    -0.009999999776482582,
    -0.009999999776482582,
    -0.009999999776482582,
    -0.009999999776482582,
    -0.009999999776482582,
    -0.009999999776482582,
    -0.009999999776482582,
    -0.009999999776482582
  ],
  "initial_ascii": [
    "LEGEND:",
    "#: wall",
    ".: background",
    "k: dpolice",
    "l: rpolice",
    "c: crate",
    "j: lpolice",
    "t: target",
    "@: target, crate",
    "i: upolice",
    "",
    "MAP:",
    "###############",
    "#.............#",
    "#...kkkkkkk...#",
    "#..l..cc..cj..#",
    "#..l.tttt..j..#",
    "#..lc@t@t..j..#",
    "#..lctttt.cj..#",
    "#..lc@@tt.cj..#",
    "#..lcc.c..cj..#",
    "#..liiiiiiij..#",
    "#.............#",
    "#.............#",
    "###############"
  ],
  "state_data": {
    "score": 7,
    "win": false,
    "step": 100
  },
  "heuristics": [
    -19.0,
    -15.0,
    -11.0,
    -11.0,
    -11.0,
    -12.0,
    -15.0,
    -15.0,
    -15.0,
    -15.0,
    -15.0,
    -15.0,
    -15.0,
    -15.0,
    -15.0,
    -15.0,
    -15.0,
    -15.0,
    -15.0,
    -15.0,
    -15.0,
    -15.0,
    -15.0,
    -15.0,
    -15.0,
    -15.0,
    -15.0,
    -15.0,
    -15.0,
    -15.0,
    -15.0,
    -15.0,
    -15.0,
    -15.0,
    -15.0,
    -15.0,
    -15.0,
    -15.0,
    -15.0,
    -15.0,
    -15.0,
    -15.0,
    -15.0,
    -15.0,
    -15.0,
    -15.0,
    -15.0,
    -15.0,
    -15.0,
    -15.0,
    -15.0,
    -15.0,
    -15.0,
    -15.0,
    -15.0,
    -15.0,
    -15.0,
    -15.0,
    -15.0,
    -15.0,
    -15.0,
    -15.0,
    -15.0,
    -15.0,
    -15.0,
    -15.0,
    -15.0,
    -15.0,
    -15.0,
    -15.0,
    -15.0,
    -15.0,
    -15.0,
    -15.0,
    -15.0,
    -15.0,
    -15.0,
    -15.0,
    -15.0,
    -15.0,
    -15.0,
    -15.0,
    -15.0,
    -15.0,
    -15.0,
    -15.0,
    -15.0,
    -15.0,
    -15.0,
    -15.0,
    -15.0,
    -15.0,
    -15.0,
    -15.0,
    -15.0,
    -15.0,
    -15.0,
    -15.0,
    -15.0,
    -15.0
  ],
  "final_ascii": [
    "LEGEND:",
    "#: wall",
    ".: background",
    "k: dpolice",
    "l: rpolice",
    "c: crate",
    "j: lpolice",
    "t: target",
    "\u284a: target, rpolice",
    "@: target, crate",
    "\u0128: target, dpolice",
    "\u0fd5: target, upolice",
    "i: upolice",
    "",
    "MAP:",
    "###############",
    "#.............#",
    "#.....kkkkk...#",
    "#.....lccccj..#",
    "#....t\u284a@@ccj..#",
    "#....\u0128\u284a@@ccj..#",
    "#....\u284a@@\u0fd5icj..#",
    "#...k\u284a@\u0fd5t.ij..#",
    "#...liij......#",
    "#..li..j......#",
    "#.............#",
    "#.............#",
    "###############"
  ]
}