{
  "model": "deepseek",
  "game": "atlas shrank",
  "level": 6,
  "run": 4,
  "win": false,
  "action_sequence": [
    3,
    2,
    2,
    2,
    2,
    2,
    2,
    3,
    2,
    2,
    2,
    2,
    2,
    3,
    2,
    2,
    2,
    2,
    2,
    2,
    2,
    2,
    2,
    2,
    2,
    2,
    2,
    2,
    3,
    2,
    2,
    3,
    2,
    2,
    2,
    2,
    3,
    2,
    2,
    2,
    2,
    2,
    2,
    2,
    2,
    2,
    2,
    2,
    2,
    2,
    2,
    3,
    2,
    2,
    2,
    2,
    2,
    2,
    2,
    2,
    2,
    3,
    2,
    3,
    2,
    2,
    2,
    2,
    2,
    2,
    2,
    2,
    2,
    2,
    2,
    2,
    3,
    3,
    2,
    3,
    2,
    2,
    2,
    2,
    2,
    2,
    3,
    2,
    2,
    3,
    2,
    3,
    2,
    2,
    2,
    4,
    2,
    2,
    2,
    2
  ],
  "reward_sequence": [
    -0.009999999776482582,
    0.9900000095367432,
    0.9900000095367432,
    -0.009999999776482582,
    -0.009999999776482582,
    -0.009999999776482582,
    -0.009999999776482582,
    -0.009999999776482582,
    -0.009999999776482582,
    -0.009999999776482582,
    -0.009999999776482582,
    -0.009999999776482582,
    -0.009999999776482582,
    -0.009999999776482582,
    -0.009999999776482582,
    -0.009999999776482582,
    -0.009999999776482582,
    -0.009999999776482582,
    -0.009999999776482582,
    -0.009999999776482582,
    -0.009999999776482582,
    -0.009999999776482582,
    -0.009999999776482582,
    -0.009999999776482582,
    -0.009999999776482582,
    -0.009999999776482582,
    -0.009999999776482582,
    -0.009999999776482582,
    -0.009999999776482582,
    -0.009999999776482582,
    -0.009999999776482582,
    -0.009999999776482582,
    -0.009999999776482582,
    -0.009999999776482582,
    -0.009999999776482582,
    -0.009999999776482582,
    -0.009999999776482582,
    -0.009999999776482582,
    -0.009999999776482582,
    -0.009999999776482582,
    -0.009999999776482582,
    -0.009999999776482582,
    -0.009999999776482582,
    -0.009999999776482582,
    -0.009999999776482582,
    -0.009999999776482582,
    -0.009999999776482582,
    -0.009999999776482582,
    -0.009999999776482582,
    -0.009999999776482582,
    -0.009999999776482582,
    -0.009999999776482582,
    -0.009999999776482582,
    -0.009999999776482582,
    -0.009999999776482582,
    -0.009999999776482582,
    -0.009999999776482582,
    -0.009999999776482582,
    -0.009999999776482582,
    -0.009999999776482582,
    -0.009999999776482582,
    -0.009999999776482582,
    -0.009999999776482582,
    -0.009999999776482582,
    -0.009999999776482582,
    -0.009999999776482582,
    -0.009999999776482582,
    -0.009999999776482582,
    -0.009999999776482582,
    -0.009999999776482582,
    -0.009999999776482582,
    -0.009999999776482582,
    -0.009999999776482582,
    -0.009999999776482582,
    -0.009999999776482582,
    -0.009999999776482582,
    -0.009999999776482582,
    -0.009999999776482582,
    -0.009999999776482582,
    -0.009999999776482582,
    -0.009999999776482582,
    -0.009999999776482582,
    -0.009999999776482582,
    -0.009999999776482582,
    -0.009999999776482582,
    -0.009999999776482582,
    -0.009999999776482582,
    -0.009999999776482582,
    -0.009999999776482582,
    -0.009999999776482582,
    -0.009999999776482582,
    -0.009999999776482582,
    -0.009999999776482582,
    -0.009999999776482582,
    -0.009999999776482582,
    -0.009999999776482582,
    -0.009999999776482582,
    -0.009999999776482582,
    -0.009999999776482582,
    -0.009999999776482582
  ],
  "initial_ascii": [
    "LEGEND:",
    "#: wallsolo",
    "\u046c: wallrl",
    "\u0ec3: wallud",
    ".: background",
    "*: crate, massive",
    "@: crate, switch, massive",
    "t: switch",
    "p: players",
    "x: door",
    "\u1174: wallr",
    "\u2aad: walll",
    "\u1130: walld",
    "\u0e2b: wallm",
    "\u12de: wallu",
    "o: exit",
    "",
    "MAP:",
    "#\u046c\u046c\u046c\u046c\u046c\u046c\u046c\u046c\u046c\u046c\u046c\u046c\u046c\u046c\u046c\u046c#",
    "\u0ec3............*...\u0ec3",
    "\u0ec3..@......*.t@p..\u0ec3",
    "\u0ec3xxx#xxxxxxxxxxx#\u1174",
    "\u0ec3.#.\u0ec3...........\u2aad\u1174",
    "\u0ec3.\u0ec3.\u0ec3.#.#.#.#.#.\u2aad\u1174",
    "\u0ec3.#.\u0ec3.\u0ec3.\u0ec3.\u0ec3.\u0ec3.\u0ec3.\u2aad\u1174",
    "\u0ec3...#\u046c\u1130\u046c\u1130\u046c\u1130\u046c#.#\u046c\u1130\u1174",
    "\u2aad#....*x.....*...\u0ec3",
    "\u2aad\u0e2b#...##....#\u12de#.o\u0ec3",
    "#\u1130\u1130\u046c\u046c\u046c\u1130\u1130\u046c\u046c\u046c\u046c\u1130\u1130\u1130\u046c\u046c#"
  ],
  "state_data": {
    "score": 0,
    "win": false,
    "step": 100
  },
  "heuristics": [
    -9.0,
    -8.0,
    -7.0,
    -7.0,
    -7.0,
    -7.0,
    -7.0,
    -7.0,
    -7.0,
    -7.0,
    -7.0,
    -7.0,
    -7.0,
    -7.0,
    -7.0,
    -7.0,
    -7.0,
    -7.0,
    -7.0,
    -7.0,
    -7.0,
    -7.0,
    -7.0,
    -7.0,
    -7.0,
    -7.0,
    -7.0,
    -7.0,
    -7.0,
    -7.0,
    -7.0,
    -7.0,
    -7.0,
    -7.0,
    -7.0,
    -7.0,
    -7.0,
    -7.0,
    -7.0,
    -7.0,
    -7.0,
    -7.0,
    -7.0,
    -7.0,
    -7.0,
    -7.0,
    -7.0,
    -7.0,
    -7.0,
    -7.0,
    -7.0,
    -7.0,
    -7.0,
    -7.0,
    -7.0,
    -7.0,
    -7.0,
    -7.0,
    -7.0,
    -7.0,
    -7.0,
    -7.0,
    -7.0,
    -7.0,
    -7.0,
    -7.0,
    -7.0,
    -7.0,
    -7.0,
    -7.0,
    -7.0,
    -7.0,
    -7.0,
    -7.0,
    -7.0,
    -7.0,
    -7.0,
    -7.0,
    -7.0,
    -7.0,
    -7.0,
    -7.0,
    -7.0,
    -7.0,
    -7.0,
    -7.0,
    -7.0,
    -7.0,
    -7.0,
    -7.0,
    -7.0,
    -7.0,
    -7.0,
    -7.0,
    -7.0,
    -7.0,
    -7.0,
    -7.0,
    -7.0,
    -7.0
  ],
  "final_ascii": [
    "LEGEND:",
    "#: wallsolo",
    "\u046c: wallrl",
    "\u0ec3: wallud",
    ".: background",
    "*: crate, massive",
    "@: crate, switch, massive",
    "t: switch",
    "\u189f: playerr",
    "x: door",
    "\u1174: wallr",
    "\u2aad: walll",
    "\u1130: walld",
    "\u0e2b: wallm",
    "\u12de: wallu",
    "o: exit",
    "",
    "MAP:",
    "#\u046c\u046c\u046c\u046c\u046c\u046c\u046c\u046c\u046c\u046c\u046c\u046c\u046c\u046c\u046c\u046c#",
    "\u0ec3............*...\u0ec3",
    "\u0ec3..@......*.t@..\u189f\u0ec3",
    "\u0ec3xxx#xxxxxxxxxxx#\u1174",
    "\u0ec3.#.\u0ec3...........\u2aad\u1174",
    "\u0ec3.\u0ec3.\u0ec3.#.#.#.#.#.\u2aad\u1174",
    "\u0ec3.#.\u0ec3.\u0ec3.\u0ec3.\u0ec3.\u0ec3.\u0ec3.\u2aad\u1174",
    "\u0ec3...#\u046c\u1130\u046c\u1130\u046c\u1130\u046c#.#\u046c\u1130\u1174",
    "\u2aad#....*x.....*...\u0ec3",
    "\u2aad\u0e2b#...##....#\u12de#.o\u0ec3",
    "#\u1130\u1130\u046c\u046c\u046c\u1130\u1130\u046c\u046c\u046c\u046c\u1130\u1130\u1130\u046c\u046c#"
  ]
}