{
  "model": "deepseek",
  "game": "Travelling_salesman",
  "level": 11,
  "run": 9,
  "win": false,
  "action_sequence": [
    2,
    2,
    2,
    2,
    2,
    2,
    2,
    2,
    2,
    2,
    2,
    2,
    0,
    2,
    3,
    2,
    2,
    2,
    2,
    2,
    2,
    2,
    2,
    2,
    2,
    2,
    2,
    2,
    2,
    2,
    2,
    2,
    2,
    2,
    2,
    2,
    2,
    2,
    2,
    2,
    2,
    2,
    2,
    2,
    2,
    2,
    2,
    2,
    2,
    0,
    2,
    2,
    2,
    2,
    2,
    2,
    2,
    2,
    2,
    2,
    2,
    2,
    2,
    2,
    2,
    2,
    2,
    2,
    2,
    2,
    2,
    2,
    2,
    2,
    2,
    2,
    2,
    2,
    2,
    2,
    2,
    2,
    2,
    2,
    2,
    2,
    2,
    2,
    2,
    2,
    2,
    2,
    2,
    2,
    2,
    2,
    2,
    2,
    2,
    2
  ],
  "reward_sequence": [
    -0.009999999776482582,
    -0.009999999776482582,
    -0.009999999776482582,
    -0.009999999776482582,
    -0.009999999776482582,
    -0.009999999776482582,
    -0.009999999776482582,
    -0.009999999776482582,
    -0.009999999776482582,
    -0.009999999776482582,
    -0.009999999776482582,
    -0.009999999776482582,
    1.9900000095367432,
    -0.009999999776482582,
    0.9900000095367432,
    -0.009999999776482582,
    -0.009999999776482582,
    -0.009999999776482582,
    -0.009999999776482582,
    -0.009999999776482582,
    -0.009999999776482582,
    -0.009999999776482582,
    -0.009999999776482582,
    -0.009999999776482582,
    -0.009999999776482582,
    -0.009999999776482582,
    -0.009999999776482582,
    -0.009999999776482582,
    -0.009999999776482582,
    -0.009999999776482582,
    -0.009999999776482582,
    -0.009999999776482582,
    -0.009999999776482582,
    -0.009999999776482582,
    -0.009999999776482582,
    -0.009999999776482582,
    -0.009999999776482582,
    -0.009999999776482582,
    -0.009999999776482582,
    -0.009999999776482582,
    -0.009999999776482582,
    -0.009999999776482582,
    -0.009999999776482582,
    -0.009999999776482582,
    -0.009999999776482582,
    -0.009999999776482582,
    -0.009999999776482582,
    -0.009999999776482582,
    -0.009999999776482582,
    0.9900000095367432,
    -0.009999999776482582,
    -0.009999999776482582,
    -0.009999999776482582,
    -0.009999999776482582,
    -0.009999999776482582,
    -0.009999999776482582,
    -0.009999999776482582,
    -0.009999999776482582,
    -0.009999999776482582,
    -0.009999999776482582,
    -0.009999999776482582,
    -0.009999999776482582,
    -0.009999999776482582,
    -0.009999999776482582,
    -0.009999999776482582,
    -0.009999999776482582,
    -0.009999999776482582,
    -0.009999999776482582,
    -0.009999999776482582,
    -0.009999999776482582,
    -0.009999999776482582,
    -0.009999999776482582,
    -0.009999999776482582,
    -0.009999999776482582,
    -0.009999999776482582,
    -0.009999999776482582,
    -0.009999999776482582,
    -0.009999999776482582,
    -0.009999999776482582,
    -0.009999999776482582,
    -0.009999999776482582,
    -0.009999999776482582,
    -0.009999999776482582,
    -0.009999999776482582,
    -0.009999999776482582,
    -0.009999999776482582,
    -0.009999999776482582,
    -0.009999999776482582,
    -0.009999999776482582,
    -0.009999999776482582,
    -0.009999999776482582,
    -0.009999999776482582,
    -0.009999999776482582,
    -0.009999999776482582,
    -0.009999999776482582,
    -0.009999999776482582,
    -0.009999999776482582,
    -0.009999999776482582,
    -0.009999999776482582,
    -0.009999999776482582
  ],
  "initial_ascii": [
    "LEGEND:",
    "o: node",
    "-: hlink",
    ".: background",
    "|: vlink",
    "p: node, player",
    "",
    "MAP:",
    "o-o.o-o.....o-o-o-o.",
    "|.|.|.|.....|...|.|.",
    "o.o-o.o-o-o-o.o-o.o.",
    "|.|.|.|...|.|.|.|.|.",
    "o.o-o-o-o-o-o-p.o.o.",
    "|.|...|.....|.|.|.|.",
    "o-o.o-o.....o-o.o-o.",
    "..|.|.........|.|...",
    "..o.o.........o-o...",
    "..|.|...........|...",
    "..o-o.........o-o...",
    "..|.|.........|.|...",
    "o-o.o-o.....o-o-o-o.",
    "|.....|.....|...|.|.",
    "o-o-o-o-o-o-o-o-o.o.",
    "|...|.|...|.....|.|.",
    "o-o-o.o-o-o-o.o-o.o.",
    "|.....|.....|.|.|.|.",
    "o-o-o-o.....o-o-o-o."
  ],
  "state_data": {
    "score": -76,
    "win": false,
    "step": 100
  },
  "heuristics": [
    -80.0,
    -80.0,
    -80.0,
    -80.0,
    -80.0,
    -80.0,
    -80.0,
    -80.0,
    -80.0,
    -80.0,
    -80.0,
    -80.0,
    -78.0,
    -78.0,
    -77.0,
    -77.0,
    -77.0,
    -77.0,
    -77.0,
    -77.0,
    -77.0,
    -77.0,
    -77.0,
    -77.0,
    -77.0,
    -77.0,
    -77.0,
    -77.0,
    -77.0,
    -77.0,
    -77.0,
    -77.0,
    -77.0,
    -77.0,
    -77.0,
    -77.0,
    -77.0,
    -77.0,
    -77.0,
    -77.0,
    -77.0,
    -77.0,
    -77.0,
    -77.0,
    -77.0,
    -77.0,
    -77.0,
    -77.0,
    -77.0,
    -76.0,
    -76.0,
    -76.0,
    -76.0,
    -76.0,
    -76.0,
    -76.0,
    -76.0,
    -76.0,
    -76.0,
    -76.0,
    -76.0,
    -76.0,
    -76.0,
    -76.0,
    -76.0,
    -76.0,
    -76.0,
    -76.0,
    -76.0,
    -76.0,
    -76.0,
    -76.0,
    -76.0,
    -76.0,
    -76.0,
    -76.0,
    -76.0,
    -76.0,
    -76.0,
    -76.0,
    -76.0,
    -76.0,
    -76.0,
    -76.0,
    -76.0,
    -76.0,
    -76.0,
    -76.0,
    -76.0,
    -76.0,
    -76.0,
    -76.0,
    -76.0,
    -76.0,
    -76.0,
    -76.0,
    -76.0,
    -76.0,
    -76.0,
    -76.0
  ],
  "final_ascii": [
    "LEGEND:",
    "o: node",
    "-: hlink",
    ".: background",
    "|: vlink",
    "\u01dc: nodeseen, player",
    "\u12f5: hlinkseen",
    "\u2369: nodeseen",
    "\u1260: vlinkseen",
    "",
    "MAP:",
    "o-o.o-o.....o-o-o-o.",
    "|.|.|.|.....|...|.|.",
    "o.o-o.o-o-\u01dc\u12f5\u2369.o-o.o.",
    "|.|.|.|...|.\u1260.|.|.|.",
    "o.o-o-o-o-o-\u2369\u12f5\u2369.o.o.",
    "|.|...|.....|.|.|.|.",
    "o-o.o-o.....o-o.o-o.",
    "..|.|.........|.|...",
    "..o.o.........o-o...",
    "..|.|...........|...",
    "..o-o.........o-o...",
    "..|.|.........|.|...",
    "o-o.o-o.....o-o-o-o.",
    "|.....|.....|...|.|.",
    "o-o-o-o-o-o-o-o-o.o.",
    "|...|.|...|.....|.|.",
    "o-o-o.o-o-o-o.o-o.o.",
    "|.....|.....|.|.|.|.",
    "o-o-o-o.....o-o-o-o."
  ]
}