{
  "model": "deepseek",
  "game": "atlas shrank",
  "level": 8,
  "run": 3,
  "win": false,
  "action_sequence": [
    2,
    2,
    2,
    2,
    2,
    2,
    2,
    2,
    3,
    2,
    2,
    2,
    2,
    2,
    2,
    2,
    2,
    3,
    2,
    3,
    2,
    2,
    2,
    2,
    3,
    2,
    3,
    2,
    2,
    3,
    2,
    2,
    3,
    2,
    2,
    2,
    2,
    2,
    3,
    3,
    3,
    2,
    2,
    2,
    3,
    2,
    2,
    2,
    2,
    3,
    2,
    2,
    3,
    2,
    2,
    3,
    2,
    3,
    3,
    2,
    2,
    3,
    2,
    2,
    2,
    2,
    2,
    2,
    1,
    3,
    2,
    2,
    2,
    2,
    2,
    2,
    2,
    1,
    2,
    2,
    2,
    2,
    2,
    2,
    2,
    2,
    2,
    2,
    2,
    2,
    2,
    2,
    2,
    2,
    2,
    2,
    2,
    2,
    2,
    2
  ],
  "reward_sequence": [
    0.9900000095367432,
    0.9900000095367432,
    -0.009999999776482582,
    0.9900000095367432,
    -1.0099999904632568,
    -1.0099999904632568,
    -0.009999999776482582,
    -0.009999999776482582,
    -0.009999999776482582,
    -0.009999999776482582,
    -0.009999999776482582,
    -0.009999999776482582,
    -0.009999999776482582,
    -0.009999999776482582,
    -0.009999999776482582,
    -0.009999999776482582,
    -0.009999999776482582,
    -0.009999999776482582,
    -0.009999999776482582,
    -0.009999999776482582,
    -0.009999999776482582,
    -0.009999999776482582,
    -0.009999999776482582,
    -0.009999999776482582,
    -0.009999999776482582,
    -0.009999999776482582,
    -0.009999999776482582,
    -0.009999999776482582,
    -0.009999999776482582,
    -0.009999999776482582,
    -0.009999999776482582,
    -0.009999999776482582,
    -0.009999999776482582,
    -0.009999999776482582,
    -0.009999999776482582,
    -0.009999999776482582,
    -0.009999999776482582,
    -0.009999999776482582,
    -0.009999999776482582,
    -0.009999999776482582,
    -0.009999999776482582,
    -0.009999999776482582,
    -0.009999999776482582,
    -0.009999999776482582,
    -0.009999999776482582,
    -0.009999999776482582,
    -0.009999999776482582,
    -0.009999999776482582,
    -0.009999999776482582,
    -0.009999999776482582,
    -0.009999999776482582,
    -0.009999999776482582,
    -0.009999999776482582,
    -0.009999999776482582,
    -0.009999999776482582,
    -0.009999999776482582,
    -0.009999999776482582,
    -0.009999999776482582,
    -0.009999999776482582,
    -0.009999999776482582,
    -0.009999999776482582,
    -0.009999999776482582,
    -0.009999999776482582,
    -0.009999999776482582,
    -0.009999999776482582,
    -0.009999999776482582,
    -0.009999999776482582,
    -0.009999999776482582,
    -0.009999999776482582,
    -0.009999999776482582,
    -0.009999999776482582,
    -0.009999999776482582,
    -0.009999999776482582,
    -0.009999999776482582,
    -0.009999999776482582,
    -0.009999999776482582,
    -0.009999999776482582,
    -0.009999999776482582,
    -0.009999999776482582,
    -0.009999999776482582,
    -0.009999999776482582,
    -0.009999999776482582,
    -0.009999999776482582,
    -0.009999999776482582,
    -0.009999999776482582,
    -0.009999999776482582,
    -0.009999999776482582,
    -0.009999999776482582,
    -0.009999999776482582,
    -0.009999999776482582,
    -0.009999999776482582,
    -0.009999999776482582,
    -0.009999999776482582,
    -0.009999999776482582,
    -0.009999999776482582,
    -0.009999999776482582,
    -0.009999999776482582,
    -0.009999999776482582,
    -0.009999999776482582,
    -0.009999999776482582
  ],
  "initial_ascii": [
    "LEGEND:",
    "#: wallsolo",
    ".: background",
    "\u1e9f: wallud",
    "t: switch",
    "*: crate, massive",
    "\u0e1c: wallrl",
    "\u0696: walll",
    "\u1d70: wallu",
    "\u1076: wallr",
    "\u145c: playerr",
    "x: door",
    "\u158b: wallm",
    "\u02b3: walld",
    "o: exit",
    "",
    "MAP:",
    "#.................",
    "\u1e9f..#.#.#.#.......#",
    "\u1e9f..\u1e9f.\u1e9f.#.#.......\u1e9f",
    "\u1e9f..\u1e9f.\u1e9f.t*........\u1e9f",
    "\u1e9f..#.#*#\u0e1c#.......\u1e9f",
    "#...*.*...*......\u1e9f",
    "*..#\u0e1c\u0e1c\u0e1c#.#\u0e1c#.....\u1e9f",
    "#.*.........#...*\u1e9f",
    "\u0696\u1d70\u0e1c#.......*....#\u1076",
    "\u0696\u1076t*..\u145c....#.##.\u0696\u1076",
    "\u0696\u1076t#\u1d70#t#x#\u1d70\u158b\u1d70\u158b\u158b\u1d70\u158b\u1076",
    "\u0696\u1076t\u0696\u158b\u02b3\u0e1c#x#\u02b3\u02b3\u158b\u158b\u158b\u158b\u158b\u1076",
    "\u0696\u1076t\u0696#.......#\u158b\u158b\u158b\u158b\u1076",
    "\u0696\u158b\u1d70#.........#\u158b\u158b\u158b\u1076",
    "\u0696\u158b#...........#\u158b\u158b\u1076",
    "\u0696#......o......#\u158b\u1076",
    "#......#\u0e1c#......#\u1076",
    ".................#",
    ".................."
  ],
  "state_data": {
    "score": 0,
    "win": false,
    "step": 100
  },
  "heuristics": [
    -8.0,
    -7.0,
    -7.0,
    -6.0,
    -7.0,
    -8.0,
    -8.0,
    -8.0,
    -8.0,
    -8.0,
    -8.0,
    -8.0,
    -8.0,
    -8.0,
    -8.0,
    -8.0,
    -8.0,
    -8.0,
    -8.0,
    -8.0,
    -8.0,
    -8.0,
    -8.0,
    -8.0,
    -8.0,
    -8.0,
    -8.0,
    -8.0,
    -8.0,
    -8.0,
    -8.0,
    -8.0,
    -8.0,
    -8.0,
    -8.0,
    -8.0,
    -8.0,
    -8.0,
    -8.0,
    -8.0,
    -8.0,
    -8.0,
    -8.0,
    -8.0,
    -8.0,
    -8.0,
    -8.0,
    -8.0,
    -8.0,
    -8.0,
    -8.0,
    -8.0,
    -8.0,
    -8.0,
    -8.0,
    -8.0,
    -8.0,
    -8.0,
    -8.0,
    -8.0,
    -8.0,
    -8.0,
    -8.0,
    -8.0,
    -8.0,
    -8.0,
    -8.0,
    -8.0,
    -8.0,
    -8.0,
    -8.0,
    -8.0,
    -8.0,
    -8.0,
    -8.0,
    -8.0,
    -8.0,
    -8.0,
    -8.0,
    -8.0,
    -8.0,
    -8.0,
    -8.0,
    -8.0,
    -8.0,
    -8.0,
    -8.0,
    -8.0,
    -8.0,
    -8.0,
    -8.0,
    -8.0,
    -8.0,
    -8.0,
    -8.0,
    -8.0,
    -8.0,
    -8.0,
    -8.0,
    -8.0
  ],
  "final_ascii": [
    "LEGEND:",
    "#: wallsolo",
    ".: background",
    "\u1e9f: wallud",
    "t: switch",
    "*: crate, massive",
    "\u0e1c: wallrl",
    "\u0696: walll",
    "\u1d70: wallu",
    "\u1076: wallr",
    "\u145c: playerr",
    "x: door",
    "\u158b: wallm",
    "\u02b3: walld",
    "o: exit",
    "",
    "MAP:",
    "#.................",
    "\u1e9f..#.#.#.#.......#",
    "\u1e9f..\u1e9f.\u1e9f.#.#.......\u1e9f",
    "\u1e9f..\u1e9f.\u1e9f.t*........\u1e9f",
    "\u1e9f..#.#*#\u0e1c#.......\u1e9f",
    "#...*.*...*......\u1e9f",
    "*..#\u0e1c\u0e1c\u0e1c#.#\u0e1c#.....\u1e9f",
    "#.*.........#...*\u1e9f",
    "\u0696\u1d70\u0e1c#.......*....#\u1076",
    "\u0696\u1076t*......\u145c#.##.\u0696\u1076",
    "\u0696\u1076t#\u1d70#t#x#\u1d70\u158b\u1d70\u158b\u158b\u1d70\u158b\u1076",
    "\u0696\u1076t\u0696\u158b\u02b3\u0e1c#x#\u02b3\u02b3\u158b\u158b\u158b\u158b\u158b\u1076",
    "\u0696\u1076t\u0696#.......#\u158b\u158b\u158b\u158b\u1076",
    "\u0696\u158b\u1d70#.........#\u158b\u158b\u158b\u1076",
    "\u0696\u158b#...........#\u158b\u158b\u1076",
    "\u0696#......o......#\u158b\u1076",
    "#......#\u0e1c#......#\u1076",
    ".................#",
    ".................."
  ]
}