{
  "model": "deepseek",
  "game": "Take_Heart_Lass",
  "level": 5,
  "run": 6,
  "win": false,
  "action_sequence": [
    2,
    2,
    2,
    2,
    3,
    1,
    2,
    3,
    2,
    4,
    0,
    2,
    2,
    2,
    0,
    2,
    0,
    1,
    2,
    2,
    2,
    2,
    0,
    2,
    0,
    0,
    2,
    4,
    2,
    2,
    2,
    2,
    2,
    1,
    1,
    2,
    4,
    2,
    2,
    1,
    2,
    2,
    2,
    2,
    2,
    2,
    0,
    2,
    2,
    0,
    2,
    0,
    2,
    2,
    2,
    0,
    2,
    2,
    2,
    0,
    4,
    2,
    2,
    2,
    2,
    0,
    2,
    2,
    2,
    2,
    3,
    2,
    0,
    2,
    2,
    0,
    2,
    0,
    0,
    2,
    2,
    0,
    2,
    0,
    2,
    2,
    2,
    2,
    2,
    2,
    0,
    2,
    2,
    0,
    2,
    2,
    0,
    0,
    2,
    3
  ],
  "reward_sequence": [
    -0.009999999776482582,
    -0.009999999776482582,
    -0.009999999776482582,
    -0.009999999776482582,
    0.9900000095367432,
    -1.0099999904632568,
    -0.009999999776482582,
    0.9900000095367432,
    -0.009999999776482582,
    -0.009999999776482582,
    -0.009999999776482582,
    -0.009999999776482582,
    -0.009999999776482582,
    -0.009999999776482582,
    -0.009999999776482582,
    -0.009999999776482582,
    -0.009999999776482582,
    -1.0099999904632568,
    -0.009999999776482582,
    -0.009999999776482582,
    -0.009999999776482582,
    -0.009999999776482582,
    0.9900000095367432,
    -1.0099999904632568,
    0.9900000095367432,
    0.9900000095367432,
    -1.0099999904632568,
    -0.009999999776482582,
    -1.0099999904632568,
    -0.009999999776482582,
    -0.009999999776482582,
    -0.009999999776482582,
    -0.009999999776482582,
    -0.009999999776482582,
    -0.009999999776482582,
    -0.009999999776482582,
    -0.009999999776482582,
    -0.009999999776482582,
    -0.009999999776482582,
    -0.009999999776482582,
    -0.009999999776482582,
    -0.009999999776482582,
    -0.009999999776482582,
    -0.009999999776482582,
    -0.009999999776482582,
    -0.009999999776482582,
    0.9900000095367432,
    -1.0099999904632568,
    -0.009999999776482582,
    0.9900000095367432,
    -1.0099999904632568,
    0.9900000095367432,
    -1.0099999904632568,
    -0.009999999776482582,
    -0.009999999776482582,
    0.9900000095367432,
    -1.0099999904632568,
    -0.009999999776482582,
    -0.009999999776482582,
    0.9900000095367432,
    -0.009999999776482582,
    -1.0099999904632568,
    -0.009999999776482582,
    -0.009999999776482582,
    -0.009999999776482582,
    0.9900000095367432,
    -1.0099999904632568,
    -0.009999999776482582,
    -0.009999999776482582,
    -0.009999999776482582,
    0.9900000095367432,
    -0.009999999776482582,
    -0.009999999776482582,
    -0.009999999776482582,
    -0.009999999776482582,
    -0.009999999776482582,
    -0.009999999776482582,
    -0.009999999776482582,
    -0.009999999776482582,
    -0.009999999776482582,
    -0.009999999776482582,
    -0.009999999776482582,
    -0.009999999776482582,
    -0.009999999776482582,
    -0.009999999776482582,
    -0.009999999776482582,
    -0.009999999776482582,
    -0.009999999776482582,
    -0.009999999776482582,
    -0.009999999776482582,
    -0.009999999776482582,
    -0.009999999776482582,
    -0.009999999776482582,
    -0.009999999776482582,
    -0.009999999776482582,
    -0.009999999776482582,
    -0.009999999776482582,
    -0.009999999776482582,
    -0.009999999776482582,
    0.9900000095367432
  ],
  "initial_ascii": [
    "LEGEND:",
    "#: wall",
    "o: target",
    ".: background",
    "*: crate",
    "\u15a0: altnewdespair",
    "\u1349: newdespairwall",
    "x: olddespair",
    "p: player",
    "z: altolddespair",
    "\u116f: newdespair",
    "",
    "MAP:",
    "###########",
    "#o........#",
    "####.##.#.#",
    "#.....*.#.#",
    "#.#.###.#.#",
    "#.#....*..#",
    "#\u15a0#*.#.##.#",
    "\u1349x\u1349...p#z\u116f#",
    "#\u1349#########"
  ],
  "state_data": {
    "score": 0,
    "win": false,
    "step": 100
  },
  "heuristics": [
    -11.0,
    -11.0,
    -11.0,
    -11.0,
    -10.0,
    -11.0,
    -11.0,
    -10.0,
    -10.0,
    -10.0,
    -10.0,
    -10.0,
    -10.0,
    -10.0,
    -10.0,
    -10.0,
    -10.0,
    -11.0,
    -11.0,
    -11.0,
    -11.0,
    -11.0,
    -10.0,
    -11.0,
    -10.0,
    -9.0,
    -10.0,
    -10.0,
    -11.0,
    -11.0,
    -11.0,
    -11.0,
    -11.0,
    -11.0,
    -11.0,
    -11.0,
    -11.0,
    -11.0,
    -11.0,
    -11.0,
    -11.0,
    -11.0,
    -11.0,
    -11.0,
    -11.0,
    -11.0,
    -10.0,
    -11.0,
    -11.0,
    -10.0,
    -11.0,
    -10.0,
    -11.0,
    -11.0,
    -11.0,
    -10.0,
    -11.0,
    -11.0,
    -11.0,
    -10.0,
    -10.0,
    -11.0,
    -11.0,
    -11.0,
    -11.0,
    -10.0,
    -11.0,
    -11.0,
    -11.0,
    -11.0,
    -10.0,
    -10.0,
    -10.0,
    -10.0,
    -10.0,
    -10.0,
    -10.0,
    -10.0,
    -10.0,
    -10.0,
    -10.0,
    -10.0,
    -10.0,
    -10.0,
    -10.0,
    -10.0,
    -10.0,
    -10.0,
    -10.0,
    -10.0,
    -10.0,
    -10.0,
    -10.0,
    -10.0,
    -10.0,
    -10.0,
    -10.0,
    -10.0,
    -10.0,
    -9.0
  ],
  "final_ascii": [
    "LEGEND:",
    "\u2957: despairwall",
    "o: target",
    ".: background",
    "x: olddespair",
    "z: altolddespair",
    "*: crate",
    "#: wall",
    "p: player",
    "",
    "MAP:",
    "\u2957\u2957\u2957\u2957\u2957\u2957\u2957\u2957\u2957\u2957\u2957",
    "\u2957o.xzxzxzx\u2957",
    "\u2957\u2957\u2957\u2957x\u2957\u2957z\u2957z\u2957",
    "\u2957xzxz.*.\u2957x\u2957",
    "\u2957z\u2957z###.\u2957z\u2957",
    "\u2957x\u2957...p*.x\u2957",
    "\u2957z\u2957*.#.\u2957\u2957z\u2957",
    "\u2957x\u2957....\u2957zx\u2957",
    "\u2957\u2957\u2957\u2957\u2957\u2957\u2957\u2957\u2957\u2957\u2957"
  ]
}