{
  "model": "deepseek",
  "game": "limerick",
  "level": 3,
  "run": 2,
  "win": false,
  "action_sequence": [
    2,
    2,
    2,
    2,
    2,
    2,
    3,
    2,
    2,
    2,
    2,
    2,
    2,
    2,
    2,
    2,
    2,
    2,
    2,
    2,
    2,
    2,
    2,
    2,
    2,
    2,
    2,
    2,
    2,
    2,
    2,
    2,
    2,
    2,
    2,
    2,
    2,
    2,
    2,
    2,
    2,
    2,
    2,
    2,
    2,
    2,
    2,
    2,
    2,
    2,
    2,
    2,
    2,
    2,
    2,
    2,
    2,
    2,
    2,
    2,
    2,
    2,
    2,
    2,
    2,
    2,
    2,
    3,
    3,
    2,
    2,
    2,
    2,
    2,
    2,
    2,
    2,
    2,
    2,
    2,
    3,
    2,
    2,
    2,
    2,
    2,
    2,
    2,
    2,
    2,
    3,
    2,
    2,
    2,
    2,
    2,
    2,
    2,
    2,
    2
  ],
  "reward_sequence": [
    -1.0099999904632568,
    -1.0099999904632568,
    -1.0099999904632568,
    -1.0099999904632568,
    -1.0099999904632568,
    -0.009999999776482582,
    0.9900000095367432,
    -0.009999999776482582,
    -0.009999999776482582,
    -0.009999999776482582,
    -0.009999999776482582,
    -0.009999999776482582,
    -0.009999999776482582,
    -0.009999999776482582,
    -0.009999999776482582,
    -0.009999999776482582,
    -0.009999999776482582,
    -0.009999999776482582,
    -0.009999999776482582,
    -0.009999999776482582,
    -0.009999999776482582,
    -0.009999999776482582,
    -0.009999999776482582,
    -0.009999999776482582,
    -0.009999999776482582,
    -0.009999999776482582,
    -0.009999999776482582,
    -0.009999999776482582,
    -0.009999999776482582,
    -0.009999999776482582,
    -0.009999999776482582,
    -0.009999999776482582,
    -0.009999999776482582,
    -0.009999999776482582,
    -0.009999999776482582,
    -0.009999999776482582,
    -0.009999999776482582,
    -0.009999999776482582,
    -0.009999999776482582,
    -0.009999999776482582,
    -0.009999999776482582,
    -0.009999999776482582,
    -0.009999999776482582,
    -0.009999999776482582,
    -0.009999999776482582,
    -0.009999999776482582,
    -0.009999999776482582,
    -0.009999999776482582,
    -0.009999999776482582,
    -0.009999999776482582,
    -0.009999999776482582,
    -0.009999999776482582,
    -0.009999999776482582,
    -0.009999999776482582,
    -0.009999999776482582,
    -0.009999999776482582,
    -0.009999999776482582,
    -0.009999999776482582,
    -0.009999999776482582,
    -0.009999999776482582,
    -0.009999999776482582,
    -0.009999999776482582,
    -0.009999999776482582,
    -0.009999999776482582,
    -0.009999999776482582,
    -0.009999999776482582,
    -0.009999999776482582,
    0.9900000095367432,
    0.9900000095367432,
    -0.009999999776482582,
    -0.009999999776482582,
    -0.009999999776482582,
    -0.009999999776482582,
    -0.009999999776482582,
    -0.009999999776482582,
    -0.009999999776482582,
    -0.009999999776482582,
    -0.009999999776482582,
    -0.009999999776482582,
    -0.009999999776482582,
    -0.009999999776482582,
    -0.009999999776482582,
    -0.009999999776482582,
    -0.009999999776482582,
    -0.009999999776482582,
    -0.009999999776482582,
    -0.009999999776482582,
    -0.009999999776482582,
    -0.009999999776482582,
    -0.009999999776482582,
    -0.009999999776482582,
    -0.009999999776482582,
    -0.009999999776482582,
    -0.009999999776482582,
    -0.009999999776482582,
    -0.009999999776482582,
    -0.009999999776482582,
    -0.009999999776482582,
    -0.009999999776482582,
    -0.009999999776482582
  ],
  "initial_ascii": [
    "LEGEND:",
    "#: wall",
    ".: background",
    "e: exit",
    "\u2a61: playerbodyh",
    "p: playerhead1",
    "",
    "MAP:",
    "###################",
    "#..#...........#..#",
    "#..#.....e.....#..#",
    "#..#....###....#..#",
    "#..#...........#..#",
    "#..#...........#..#",
    "#..#...........#..#",
    "#..#...........#..#",
    "#..#...........#..#",
    "#..#...........#..#",
    "#..#...........#..#",
    "#..#...........#..#",
    "#..#...........#..#",
    "#..#.....\u2a61p....#..#",
    "###################"
  ],
  "state_data": {
    "score": 0,
    "win": false,
    "step": 100
  },
  "heuristics": [
    -12.0,
    -13.0,
    -14.0,
    -15.0,
    -16.0,
    -16.0,
    -15.0,
    -15.0,
    -15.0,
    -15.0,
    -15.0,
    -15.0,
    -15.0,
    -15.0,
    -15.0,
    -15.0,
    -15.0,
    -15.0,
    -15.0,
    -15.0,
    -15.0,
    -15.0,
    -15.0,
    -15.0,
    -15.0,
    -15.0,
    -15.0,
    -15.0,
    -15.0,
    -15.0,
    -15.0,
    -15.0,
    -15.0,
    -15.0,
    -15.0,
    -15.0,
    -15.0,
    -15.0,
    -15.0,
    -15.0,
    -15.0,
    -15.0,
    -15.0,
    -15.0,
    -15.0,
    -15.0,
    -15.0,
    -15.0,
    -15.0,
    -15.0,
    -15.0,
    -15.0,
    -15.0,
    -15.0,
    -15.0,
    -15.0,
    -15.0,
    -15.0,
    -15.0,
    -15.0,
    -15.0,
    -15.0,
    -15.0,
    -15.0,
    -15.0,
    -15.0,
    -15.0,
    -14.0,
    -13.0,
    -13.0,
    -13.0,
    -13.0,
    -13.0,
    -13.0,
    -13.0,
    -13.0,
    -13.0,
    -13.0,
    -13.0,
    -13.0,
    -13.0,
    -13.0,
    -13.0,
    -13.0,
    -13.0,
    -13.0,
    -13.0,
    -13.0,
    -13.0,
    -13.0,
    -13.0,
    -13.0,
    -13.0,
    -13.0,
    -13.0,
    -13.0,
    -13.0,
    -13.0,
    -13.0,
    -13.0
  ],
  "final_ascii": [
    "LEGEND:",
    "#: wall",
    ".: background",
    "e: exit",
    "\u1349: playerhead4",
    "\u116f: playerbodyv",
    "\u2a61: playerbodyh",
    "",
    "MAP:",
    "###################",
    "#..#...........#..#",
    "#..#.....e.....#..#",
    "#..#....###....#..#",
    "#..#...........#..#",
    "#..#...........#..#",
    "#..#...........#..#",
    "#..#...........#..#",
    "#..#...........#..#",
    "#..#...........#..#",
    "#..#..........\u1349#..#",
    "#..#..........\u116f#..#",
    "#..#..........\u116f#..#",
    "#..#.....\u2a61\u2a61\u2a61\u2a61\u2a61\u116f#..#",
    "###################"
  ]
}