{
  "model": "deepseek",
  "game": "atlas shrank",
  "level": 10,
  "run": 10,
  "win": false,
  "action_sequence": [
    2,
    2,
    2,
    2,
    2,
    2,
    2,
    2,
    2,
    2,
    2,
    2,
    2,
    2,
    2,
    2,
    2,
    2,
    2,
    2,
    2,
    2,
    2,
    2,
    2,
    2,
    2,
    2,
    2,
    2,
    2,
    2,
    2,
    2,
    3,
    2,
    2,
    2,
    2,
    2,
    2,
    2,
    2,
    2,
    2,
    2,
    2,
    2,
    2,
    2,
    2,
    2,
    2,
    2,
    2,
    2,
    2,
    2,
    2,
    2,
    2,
    2,
    2,
    2,
    2,
    2,
    2,
    2,
    2,
    2,
    4,
    2,
    2,
    2,
    2,
    2,
    2,
    2,
    2,
    2,
    2,
    2,
    2,
    2,
    2,
    2,
    2,
    2,
    2,
    2,
    2,
    2,
    2,
    2,
    2,
    2,
    2,
    2,
    2,
    2
  ],
  "reward_sequence": [
    -1.0099999904632568,
    -1.0099999904632568,
    -1.0099999904632568,
    -1.0099999904632568,
    -1.0099999904632568,
    -2.009999990463257,
    -1.0099999904632568,
    -1.0099999904632568,
    0.9900000095367432,
    -1.0099999904632568,
    -1.0099999904632568,
    -2.009999990463257,
    -0.009999999776482582,
    -0.009999999776482582,
    -0.009999999776482582,
    -0.009999999776482582,
    -0.009999999776482582,
    -0.009999999776482582,
    -0.009999999776482582,
    -0.009999999776482582,
    -0.009999999776482582,
    -0.009999999776482582,
    -0.009999999776482582,
    -0.009999999776482582,
    -0.009999999776482582,
    -0.009999999776482582,
    -0.009999999776482582,
    -0.009999999776482582,
    -0.009999999776482582,
    -0.009999999776482582,
    -0.009999999776482582,
    -0.009999999776482582,
    -0.009999999776482582,
    -0.009999999776482582,
    -0.009999999776482582,
    -0.009999999776482582,
    -0.009999999776482582,
    -0.009999999776482582,
    -0.009999999776482582,
    -0.009999999776482582,
    -0.009999999776482582,
    -0.009999999776482582,
    -0.009999999776482582,
    -0.009999999776482582,
    -0.009999999776482582,
    -0.009999999776482582,
    -0.009999999776482582,
    -0.009999999776482582,
    -0.009999999776482582,
    -0.009999999776482582,
    -0.009999999776482582,
    -0.009999999776482582,
    -0.009999999776482582,
    -0.009999999776482582,
    -0.009999999776482582,
    -0.009999999776482582,
    -0.009999999776482582,
    -0.009999999776482582,
    -0.009999999776482582,
    -0.009999999776482582,
    -0.009999999776482582,
    -0.009999999776482582,
    -0.009999999776482582,
    -0.009999999776482582,
    -0.009999999776482582,
    -0.009999999776482582,
    -0.009999999776482582,
    -0.009999999776482582,
    -0.009999999776482582,
    -0.009999999776482582,
    -0.009999999776482582,
    -0.009999999776482582,
    -0.009999999776482582,
    -0.009999999776482582,
    -0.009999999776482582,
    -0.009999999776482582,
    -0.009999999776482582,
    -0.009999999776482582,
    -0.009999999776482582,
    -0.009999999776482582,
    -0.009999999776482582,
    -0.009999999776482582,
    -0.009999999776482582,
    -0.009999999776482582,
    -0.009999999776482582,
    -0.009999999776482582,
    -0.009999999776482582,
    -0.009999999776482582,
    -0.009999999776482582,
    -0.009999999776482582,
    -0.009999999776482582,
    -0.009999999776482582,
    -0.009999999776482582,
    -0.009999999776482582,
    -0.009999999776482582,
    -0.009999999776482582,
    -0.009999999776482582,
    -0.009999999776482582,
    -0.009999999776482582,
    -0.009999999776482582
  ],
  "initial_ascii": [
    "LEGEND:",
    "*: crate, massive",
    "#: wallsolo",
    ".: background",
    "\u0d23: wallrl",
    "\u01dc: wallu",
    "\u23e0: wallud",
    "\u0ca2: walll",
    "\u03bd: wallr",
    "\u2604: wallm",
    "\u05d7: walld",
    "\u1bd5: dooro",
    "o: exit",
    "\u11a2: playerr",
    "@: crate, switch, massive",
    "",
    "MAP:",
    "*#***#*.#...##....#...........#\u0d23\u01dc\u0d23\u01dc\u0d23\u01dc#...............*#................#",
    "*\u23e0***\u23e0*.....\u23e0.....*...........#.#.#.#................*\u23e0................\u23e0",
    "*\u23e0***\u0ca2#.....\u23e0.....**...#.#....*.*.*..................#\u03bd................\u23e0",
    "*\u23e0***#......\u23e0.....##...\u23e0.\u23e0....#\u01dc\u0d23\u0d23\u0d23\u01dc\u01dc#...............\u0ca2#................\u23e0",
    "*\u23e0***......*#.....#\u03bd*..\u23e0.\u23e0....\u0ca2\u03bd***#\u2604\u03bd...............\u23e0*................\u23e0",
    "*\u23e0**#......#......*#\u0d23\u01dc\u01dc#.#\u01dc\u01dc\u01dc\u0d23\u05d7\u05d7\u0d23#**#\u03bd...............\u0ca2#................\u23e0",
    "*\u23e0**.......\u23e0......***##...#\u2604#....##**\u0ca2\u01dc\u0d23#............##..........*.....\u23e0",
    "*\u23e0**.......\u23e0......***......#......\u0ca2#*##*\u23e0............\u1bd5\u1bd5..........##....\u23e0",
    "#\u03bd*#\u01dc\u01dc\u01dc\u01dc\u01dc\u01dc\u01dc\u2604\u01dc\u01dc\u01dc\u01dc\u01dc#****............\u0ca2\u03bd****\u23e0............\u1bd5\u1bd5............#...\u23e0",
    "\u0ca2\u03bd*\u0ca2\u2604\u2604\u2604\u2604\u2604\u2604\u2604\u2604\u2604\u2604\u2604\u2604\u2604\u2604#****.....#..o..\u0ca2\u03bd*#**\u23e0.\u11a2...@.@.@..\u1bd5\u1bd5....@.@.@...**..\u23e0",
    "#\u05d7\u0d23\u05d7\u05d7\u05d7\u05d7\u05d7\u05d7\u05d7\u05d7\u05d7\u05d7\u05d7\u05d7\u05d7\u05d7\u05d7\u05d7\u0d23\u0d23\u0d23\u0d23\u0d23\u0d23\u0d23\u0d23\u0d23\u05d7\u0d23\u0d23\u0d23\u0d23\u0d23\u05d7#*##*#\u0d23\u0d23\u0d23\u0d23\u0d23\u0d23\u0d23\u0d23\u0d23\u0d23\u0d23\u0d23\u0d23\u0d23\u0d23\u0d23\u0d23\u0d23\u0d23\u0d23\u0d23\u0d23\u0d23\u0d23\u0d23\u0d23\u0d23\u0d23\u0d23\u0d23#"
  ],
  "state_data": {
    "score": 0,
    "win": false,
    "step": 100
  },
  "heuristics": [
    -11.0,
    -12.0,
    -13.0,
    -14.0,
    -15.0,
    -17.0,
    -18.0,
    -19.0,
    -18.0,
    -19.0,
    -20.0,
    -22.0,
    -22.0,
    -22.0,
    -22.0,
    -22.0,
    -22.0,
    -22.0,
    -22.0,
    -22.0,
    -22.0,
    -22.0,
    -22.0,
    -22.0,
    -22.0,
    -22.0,
    -22.0,
    -22.0,
    -22.0,
    -22.0,
    -22.0,
    -22.0,
    -22.0,
    -22.0,
    -22.0,
    -22.0,
    -22.0,
    -22.0,
    -22.0,
    -22.0,
    -22.0,
    -22.0,
    -22.0,
    -22.0,
    -22.0,
    -22.0,
    -22.0,
    -22.0,
    -22.0,
    -22.0,
    -22.0,
    -22.0,
    -22.0,
    -22.0,
    -22.0,
    -22.0,
    -22.0,
    -22.0,
    -22.0,
    -22.0,
    -22.0,
    -22.0,
    -22.0,
    -22.0,
    -22.0,
    -22.0,
    -22.0,
    -22.0,
    -22.0,
    -22.0,
    -22.0,
    -22.0,
    -22.0,
    -22.0,
    -22.0,
    -22.0,
    -22.0,
    -22.0,
    -22.0,
    -22.0,
    -22.0,
    -22.0,
    -22.0,
    -22.0,
    -22.0,
    -22.0,
    -22.0,
    -22.0,
    -22.0,
    -22.0,
    -22.0,
    -22.0,
    -22.0,
    -22.0,
    -22.0,
    -22.0,
    -22.0,
    -22.0,
    -22.0,
    -22.0
  ],