{
  "model": "deepseek",
  "game": "slidings",
  "level": 8,
  "run": 2,
  "win": true,
  "action_sequence": [
    4,
    4,
    1,
    4,
    1,
    2,
    2,
    4,
    2,
    4,
    4,
    4,
    2,
    3,
    2,
    1,
    1,
    1,
    4,
    4,
    4,
    4,
    2,
    4,
    1,
    4,
    4,
    2,
    4,
    3,
    1,
    3,
    1,
    0
  ],
  "reward_sequence": [
    -1.0099999904632568,
    -1.0099999904632568,
    -0.009999999776482582,
    1.9900000095367432,
    -0.009999999776482582,
    -1.0099999904632568,
    -0.009999999776482582,
    -0.009999999776482582,
    -0.009999999776482582,
    -1.0099999904632568,
    0.9900000095367432,
    -0.009999999776482582,
    -0.009999999776482582,
    -1.0099999904632568,
    -0.009999999776482582,
    0.9900000095367432,
    -0.009999999776482582,
    -0.009999999776482582,
    -1.0099999904632568,
    0.9900000095367432,
    -0.009999999776482582,
    -1.0099999904632568,
    -0.009999999776482582,
    0.9900000095367432,
    -0.009999999776482582,
    -0.009999999776482582,
    -1.0099999904632568,
    -0.009999999776482582,
    0.9900000095367432,
    -0.009999999776482582,
    -0.009999999776482582,
    -0.009999999776482582,
    -0.009999999776482582,
    3.990000009536743
  ],
  "initial_ascii": [
    "LEGEND:",
    "#: wall",
    "m: count",
    ".: background",
    "c: ballc",
    "o: target",
    "n: countend",
    "p: player",
    "a: balla",
    "d: ballb, overwall",
    "",
    "MAP:",
    "#mmmmmmm",
    "##..c..m",
    "##.....m",
    "##..o..n",
    "##p....#",
    "##....a#",
    "#######d"
  ],
  "state_data": {
    "score": 0,
    "win": true,
    "step": 34
  },
  "heuristics": [
    -3.0,
    -4.0,
    -4.0,
    -2.0,
    -2.0,
    -3.0,
    -3.0,
    -3.0,
    -3.0,
    -4.0,
    -3.0,
    -3.0,
    -3.0,
    -4.0,
    -4.0,
    -3.0,
    -3.0,
    -3.0,
    -4.0,
    -3.0,
    -3.0,
    -4.0,
    -4.0,
    -3.0,
    -3.0,
    -3.0,
    -4.0,
    -4.0,
    -3.0,
    -3.0,
    -3.0,
    -3.0,
    -3.0,
    0.0
  ],
  "final_ascii": [
    "LEGEND:",
    "#: wall",
    ".: background",
    "o: target",
    "a: balla",
    "\u234d: deadplayer",
    "b: ballb",
    "e: ballc, overwall",
    "",
    "MAP:",
    "########",
    "##.....#",
    "##.....#",
    "##..o..#",
    "##....a#",
    "##\u234d...b#",
    "#######e"
  ]
}