{
  "model": "deepseek",
  "game": "Take_Heart_Lass",
  "level": 7,
  "run": 1,
  "win": false,
  "action_sequence": [
    2,
    2,
    2,
    2,
    2,
    2,
    2,
    2,
    3,
    2,
    2,
    2,
    2,
    2,
    3,
    2,
    2,
    2,
    2,
    3,
    3,
    3,
    3,
    2,
    2,
    1,
    2,
    2,
    2,
    3,
    2,
    3,
    2,
    2,
    2,
    2,
    2,
    2,
    2,
    2,
    2,
    3,
    3,
    3,
    2,
    3,
    2,
    3,
    2,
    3,
    3,
    2,
    3,
    2,
    2,
    3,
    3,
    2,
    2,
    2,
    3,
    3,
    3,
    2,
    2,
    3,
    2,
    2,
    3,
    2,
    2,
    3,
    2,
    1,
    3,
    2,
    3,
    3,
    3,
    2,
    2,
    3,
    3,
    2,
    2,
    2,
    2,
    2,
    2,
    2,
    3,
    2,
    3,
    2,
    2,
    3,
    2,
    3,
    2,
    2
  ],
  "reward_sequence": [
    -1.0099999904632568,
    -1.0099999904632568,
    -1.0099999904632568,
    -0.009999999776482582,
    -0.009999999776482582,
    -0.009999999776482582,
    -0.009999999776482582,
    -0.009999999776482582,
    -0.009999999776482582,
    -0.009999999776482582,
    -0.009999999776482582,
    -0.009999999776482582,
    -0.009999999776482582,
    -0.009999999776482582,
    -0.009999999776482582,
    -0.009999999776482582,
    -0.009999999776482582,
    -0.009999999776482582,
    -0.009999999776482582,
    -0.009999999776482582,
    -0.009999999776482582,
    -0.009999999776482582,
    -0.009999999776482582,
    -0.009999999776482582,
    -0.009999999776482582,
    -0.009999999776482582,
    -0.009999999776482582,
    -0.009999999776482582,
    -0.009999999776482582,
    -0.009999999776482582,
    -0.009999999776482582,
    -0.009999999776482582,
    -0.009999999776482582,
    -0.009999999776482582,
    -0.009999999776482582,
    -0.009999999776482582,
    -0.009999999776482582,
    -0.009999999776482582,
    -0.009999999776482582,
    -0.009999999776482582,
    -0.009999999776482582,
    -0.009999999776482582,
    -0.009999999776482582,
    -0.009999999776482582,
    -0.009999999776482582,
    -0.009999999776482582,
    -0.009999999776482582,
    -0.009999999776482582,
    -0.009999999776482582,
    -0.009999999776482582,
    -0.009999999776482582,
    -0.009999999776482582,
    -0.009999999776482582,
    -0.009999999776482582,
    -0.009999999776482582,
    -0.009999999776482582,
    -0.009999999776482582,
    -0.009999999776482582,
    -0.009999999776482582,
    -0.009999999776482582,
    -0.009999999776482582,
    -0.009999999776482582,
    -0.009999999776482582,
    -0.009999999776482582,
    -0.009999999776482582,
    -0.009999999776482582,
    -0.009999999776482582,
    -0.009999999776482582,
    -0.009999999776482582,
    -0.009999999776482582,
    -0.009999999776482582,
    -0.009999999776482582,
    -0.009999999776482582,
    -0.009999999776482582,
    -0.009999999776482582,
    -0.009999999776482582,
    -0.009999999776482582,
    -0.009999999776482582,
    -0.009999999776482582,
    -0.009999999776482582,
    -0.009999999776482582,
    -0.009999999776482582,
    -0.009999999776482582,
    -0.009999999776482582,
    -0.009999999776482582,
    -0.009999999776482582,
    -0.009999999776482582,
    -0.009999999776482582,
    -0.009999999776482582,
    -0.009999999776482582,
    -0.009999999776482582,
    -0.009999999776482582,
    -0.009999999776482582,
    -0.009999999776482582,
    -0.009999999776482582,
    -0.009999999776482582,
    -0.009999999776482582,
    -0.009999999776482582,
    -0.009999999776482582,
    -0.009999999776482582
  ],
  "initial_ascii": [
    "LEGEND:",
    "#: wall",
    ".: background",
    "o: target",
    "*: crate",
    "p: player",
    "\u120e: altnewdespair",
    "\u107f: newdespairwall",
    "x: olddespair",
    "",
    "MAP:",
    "###########",
    "#....o....#",
    "#..#####..#",
    "#.#.....#.#",
    "#...*.p*..#",
    "#....*....#",
    "#\u120e..###..\u120e#",
    "\u107fx\u120e.....\u120ex\u107f",
    "#\u107f#######\u107f#"
  ],
  "state_data": {
    "score": 0,
    "win": false,
    "step": 100
  },
  "heuristics": [
    -4.0,
    -5.0,
    -6.0,
    -6.0,
    -6.0,
    -6.0,
    -6.0,
    -6.0,
    -6.0,
    -6.0,
    -6.0,
    -6.0,
    -6.0,
    -6.0,
    -6.0,
    -6.0,
    -6.0,
    -6.0,
    -6.0,
    -6.0,
    -6.0,
    -6.0,
    -6.0,
    -6.0,
    -6.0,
    -6.0,
    -6.0,
    -6.0,
    -6.0,
    -6.0,
    -6.0,
    -6.0,
    -6.0,
    -6.0,
    -6.0,
    -6.0,
    -6.0,
    -6.0,
    -6.0,
    -6.0,
    -6.0,
    -6.0,
    -6.0,
    -6.0,
    -6.0,
    -6.0,
    -6.0,
    -6.0,
    -6.0,
    -6.0,
    -6.0,
    -6.0,
    -6.0,
    -6.0,
    -6.0,
    -6.0,
    -6.0,
    -6.0,
    -6.0,
    -6.0,
    -6.0,
    -6.0,
    -6.0,
    -6.0,
    -6.0,
    -6.0,
    -6.0,
    -6.0,
    -6.0,
    -6.0,
    -6.0,
    -6.0,
    -6.0,
    -6.0,
    -6.0,
    -6.0,
    -6.0,
    -6.0,
    -6.0,
    -6.0,
    -6.0,
    -6.0,
    -6.0,
    -6.0,
    -6.0,
    -6.0,
    -6.0,
    -6.0,
    -6.0,
    -6.0,
    -6.0,
    -6.0,
    -6.0,
    -6.0,
    -6.0,
    -6.0,
    -6.0,
    -6.0,
    -6.0,
    -6.0
  ],
  "final_ascii": [
    "LEGEND:",
    "\u0f1c: despairwall",
    "x: olddespair",
    "z: altolddespair",
    ".: background",
    "o: target",
    "*: crate",
    "p: player",
    "",
    "MAP:",
    "\u0f1c\u0f1c\u0f1c\u0f1c\u0f1c\u0f1c\u0f1c\u0f1c\u0f1c\u0f1c\u0f1c",
    "\u0f1cxzx.o....\u0f1c",
    "\u0f1czx\u0f1c\u0f1c\u0f1c\u0f1c\u0f1c..\u0f1c",
    "\u0f1cx\u0f1c..xzx\u0f1c.\u0f1c",
    "\u0f1czx.*.xzp*\u0f1c",
    "\u0f1cxzx.*.xz.\u0f1c",
    "\u0f1czxz\u0f1c\u0f1c\u0f1czxz\u0f1c",
    "\u0f1cxzxzxzxzx\u0f1c",
    "\u0f1c\u0f1c\u0f1c\u0f1c\u0f1c\u0f1c\u0f1c\u0f1c\u0f1c\u0f1c\u0f1c"
  ]
}