{
  "model": "deepseek",
  "game": "Travelling_salesman",
  "level": 0,
  "run": 8,
  "win": false,
  "action_sequence": [
    2,
    2,
    2,
    2,
    2,
    2,
    3,
    2,
    2,
    0,
    2,
    2,
    2,
    2,
    2,
    2,
    2,
    2,
    2,
    2,
    2,
    2,
    2,
    2,
    2,
    2,
    2,
    2,
    2,
    2,
    2,
    2,
    2,
    2,
    2,
    2,
    2,
    2,
    2,
    2,
    2,
    2,
    2,
    2,
    2,
    2,
    2,
    2,
    2,
    2,
    2,
    2,
    2,
    2,
    2,
    2,
    2,
    2,
    2,
    2,
    2,
    2,
    2,
    0,
    2,
    2,
    2,
    2,
    2,
    2,
    2,
    2,
    2,
    2,
    2,
    2,
    2,
    2,
    2,
    2,
    2,
    2,
    2,
    2,
    2,
    2,
    2,
    2,
    2,
    2,
    2,
    2,
    2,
    2,
    2,
    2,
    2,
    2,
    2,
    2
  ],
  "reward_sequence": [
    -0.009999999776482582,
    -0.009999999776482582,
    -0.009999999776482582,
    -0.009999999776482582,
    -0.009999999776482582,
    -0.009999999776482582,
    -0.009999999776482582,
    -0.009999999776482582,
    -0.009999999776482582,
    1.9900000095367432,
    -0.009999999776482582,
    -0.009999999776482582,
    -0.009999999776482582,
    -0.009999999776482582,
    -0.009999999776482582,
    -0.009999999776482582,
    -0.009999999776482582,
    -0.009999999776482582,
    -0.009999999776482582,
    -0.009999999776482582,
    -0.009999999776482582,
    -0.009999999776482582,
    -0.009999999776482582,
    -0.009999999776482582,
    -0.009999999776482582,
    -0.009999999776482582,
    -0.009999999776482582,
    -0.009999999776482582,
    -0.009999999776482582,
    -0.009999999776482582,
    -0.009999999776482582,
    -0.009999999776482582,
    -0.009999999776482582,
    -0.009999999776482582,
    -0.009999999776482582,
    -0.009999999776482582,
    -0.009999999776482582,
    -0.009999999776482582,
    -0.009999999776482582,
    -0.009999999776482582,
    -0.009999999776482582,
    -0.009999999776482582,
    -0.009999999776482582,
    -0.009999999776482582,
    -0.009999999776482582,
    -0.009999999776482582,
    -0.009999999776482582,
    -0.009999999776482582,
    -0.009999999776482582,
    -0.009999999776482582,
    -0.009999999776482582,
    -0.009999999776482582,
    -0.009999999776482582,
    -0.009999999776482582,
    -0.009999999776482582,
    -0.009999999776482582,
    -0.009999999776482582,
    -0.009999999776482582,
    -0.009999999776482582,
    -0.009999999776482582,
    -0.009999999776482582,
    -0.009999999776482582,
    -0.009999999776482582,
    0.9900000095367432,
    -0.009999999776482582,
    -0.009999999776482582,
    -0.009999999776482582,
    -0.009999999776482582,
    -0.009999999776482582,
    -0.009999999776482582,
    -0.009999999776482582,
    -0.009999999776482582,
    -0.009999999776482582,
    -0.009999999776482582,
    -0.009999999776482582,
    -0.009999999776482582,
    -0.009999999776482582,
    -0.009999999776482582,
    -0.009999999776482582,
    -0.009999999776482582,
    -0.009999999776482582,
    -0.009999999776482582,
    -0.009999999776482582,
    -0.009999999776482582,
    -0.009999999776482582,
    -0.009999999776482582,
    -0.009999999776482582,
    -0.009999999776482582,
    -0.009999999776482582,
    -0.009999999776482582,
    -0.009999999776482582,
    -0.009999999776482582,
    -0.009999999776482582,
    -0.009999999776482582,
    -0.009999999776482582,
    -0.009999999776482582,
    -0.009999999776482582,
    -0.009999999776482582,
    -0.009999999776482582,
    -0.009999999776482582
  ],
  "initial_ascii": [
    "LEGEND:",
    "o: node",
    "-: hlink",
    "p: node, player",
    "|: vlink",
    ".: background",
    "",
    "MAP:",
    "o-o-p",
    "|...|",
    "o-o-o",
    "|.|..",
    "o-o.."
  ],
  "state_data": {
    "score": -5,
    "win": false,
    "step": 100
  },
  "heuristics": [
    -8.0,
    -8.0,
    -8.0,
    -8.0,
    -8.0,
    -8.0,
    -8.0,
    -8.0,
    -8.0,
    -6.0,
    -6.0,
    -6.0,
    -6.0,
    -6.0,
    -6.0,
    -6.0,
    -6.0,
    -6.0,
    -6.0,
    -6.0,
    -6.0,
    -6.0,
    -6.0,
    -6.0,
    -6.0,
    -6.0,
    -6.0,
    -6.0,
    -6.0,
    -6.0,
    -6.0,
    -6.0,
    -6.0,
    -6.0,
    -6.0,
    -6.0,
    -6.0,
    -6.0,
    -6.0,
    -6.0,
    -6.0,
    -6.0,
    -6.0,
    -6.0,
    -6.0,
    -6.0,
    -6.0,
    -6.0,
    -6.0,
    -6.0,
    -6.0,
    -6.0,
    -6.0,
    -6.0,
    -6.0,
    -6.0,
    -6.0,
    -6.0,
    -6.0,
    -6.0,
    -6.0,
    -6.0,
    -6.0,
    -5.0,
    -5.0,
    -5.0,
    -5.0,
    -5.0,
    -5.0,
    -5.0,
    -5.0,
    -5.0,
    -5.0,
    -5.0,
    -5.0,
    -5.0,
    -5.0,
    -5.0,
    -5.0,
    -5.0,
    -5.0,
    -5.0,
    -5.0,
    -5.0,
    -5.0,
    -5.0,
    -5.0,
    -5.0,
    -5.0,
    -5.0,
    -5.0,
    -5.0,
    -5.0,
    -5.0,
    -5.0,
    -5.0,
    -5.0,
    -5.0,
    -5.0,
    -5.0
  ],
  "final_ascii": [
    "LEGEND:",
    "\u28bf: nodeseen, player",
    "\u228b: hlinkseen",
    "\u1557: nodeseen",
    "|: vlink",
    ".: background",
    "o: node",
    "-: hlink",
    "",
    "MAP:",
    "\u28bf\u228b\u1557\u228b\u1557",
    "|...|",
    "o-o-o",
    "|.|..",
    "o-o.."
  ]
}