{
  "model": "deepseek",
  "game": "slidings",
  "level": 3,
  "run": 7,
  "win": true,
  "action_sequence": [
    4,
    3,
    1,
    4,
    1,
    2,
    4,
    3,
    3,
    1,
    4,
    1,
    1,
    4,
    1,
    4,
    1,
    1,
    4,
    2,
    4,
    1,
    1,
    1,
    3,
    1
  ],
  "reward_sequence": [
    0.9900000095367432,
    -0.009999999776482582,
    -0.009999999776482582,
    -1.0099999904632568,
    -0.009999999776482582,
    -0.009999999776482582,
    0.9900000095367432,
    -0.009999999776482582,
    -0.009999999776482582,
    -0.009999999776482582,
    -1.0099999904632568,
    -0.009999999776482582,
    -0.009999999776482582,
    0.9900000095367432,
    -0.009999999776482582,
    -1.0099999904632568,
    -0.009999999776482582,
    -0.009999999776482582,
    0.9900000095367432,
    -0.009999999776482582,
    -1.0099999904632568,
    -0.009999999776482582,
    -0.009999999776482582,
    -0.009999999776482582,
    -0.009999999776482582,
    3.990000009536743
  ],
  "initial_ascii": [
    "LEGEND:",
    "#: wall",
    "m: count",
    "n: countend",
    ".: background",
    "o: target",
    "c: ballc",
    "p: player",
    "t: balla, overwall",
    "d: ballb, overwall",
    "",
    "MAP:",
    "#mmmmmn",
    "#.....#",
    "#..o..#",
    "#cp####",
    "t#####d"
  ],
  "state_data": {
    "score": 0,
    "win": true,
    "step": 26
  },
  "heuristics": [
    -2.0,
    -2.0,
    -2.0,
    -3.0,
    -3.0,
    -3.0,
    -2.0,
    -2.0,
    -2.0,
    -2.0,
    -3.0,
    -3.0,
    -3.0,
    -2.0,
    -2.0,
    -3.0,
    -3.0,
    -3.0,
    -2.0,
    -2.0,
    -3.0,
    -3.0,
    -3.0,
    -3.0,
    -3.0,
    0.0
  ],
  "final_ascii": [
    "LEGEND:",
    "#: wall",
    ".: background",
    "o: target",
    "\u1504: deadplayer",
    "a: balla",
    "d: ballb, overwall",
    "e: ballc, overwall",
    "",
    "MAP:",
    "#######",
    "#.....#",
    "#..o..#",
    "#\u1504a####",
    "d#####e"
  ]
}