{
  "model": "deepseek",
  "game": "kettle",
  "level": 7,
  "run": 5,
  "win": false,
  "action_sequence": [
    3,
    3,
    2,
    1,
    2,
    1,
    2,
    1,
    2,
    3,
    2,
    3,
    4,
    0,
    0,
    0,
    0,
    2,
    2,
    2,
    0,
    0,
    0,
    2,
    3,
    1,
    2,
    1,
    2,
    0,
    2,
    3,
    1,
    2,
    0,
    3,
    1,
    4,
    2,
    2,
    0,
    0,
    0,
    1,
    2,
    3,
    0,
    4,
    4,
    4,
    4,
    4,
    2,
    3,
    4,
    2,
    1,
    2,
    4,
    3,
    3,
    2,
    4,
    3,
    4,
    3,
    4,
    2,
    0,
    4,
    1,
    2,
    4,
    2,
    3,
    2,
    0,
    0,
    0,
    2,
    4,
    4,
    2,
    4,
    1,
    2,
    2,
    4,
    2,
    0,
    3,
    4,
    3,
    3,
    3,
    0,
    1,
    2,
    4,
    4
  ],
  "reward_sequence": [
    2.990000009536743,
    2.990000009536743,
    4.989999771118164,
    4.989999771118164,
    -1.0099999904632568,
    -0.009999999776482582,
    -2.009999990463257,
    -0.009999999776482582,
    -0.009999999776482582,
    -0.009999999776482582,
    -0.009999999776482582,
    -0.009999999776482582,
    -0.009999999776482582,
    -0.009999999776482582,
    -0.009999999776482582,
    -0.009999999776482582,
    -0.009999999776482582,
    -0.009999999776482582,
    -0.009999999776482582,
    -0.009999999776482582,
    -0.009999999776482582,
    -0.009999999776482582,
    -0.009999999776482582,
    -0.009999999776482582,
    -0.009999999776482582,
    -0.009999999776482582,
    -0.009999999776482582,
    -0.009999999776482582,
    -0.009999999776482582,
    -0.009999999776482582,
    -0.009999999776482582,
    -0.009999999776482582,
    -0.009999999776482582,
    -0.009999999776482582,
    -0.009999999776482582,
    -0.009999999776482582,
    -0.009999999776482582,
    -0.009999999776482582,
    -0.009999999776482582,
    -0.009999999776482582,
    -0.009999999776482582,
    -0.009999999776482582,
    -0.009999999776482582,
    -0.009999999776482582,
    -0.009999999776482582,
    -0.009999999776482582,
    -0.009999999776482582,
    -0.009999999776482582,
    -0.009999999776482582,
    -0.009999999776482582,
    -0.009999999776482582,
    -0.009999999776482582,
    -0.009999999776482582,
    -0.009999999776482582,
    -0.009999999776482582,
    -0.009999999776482582,
    -0.009999999776482582,
    -0.009999999776482582,
    -0.009999999776482582,
    -0.009999999776482582,
    -0.009999999776482582,
    -0.009999999776482582,
    -0.009999999776482582,
    -0.009999999776482582,
    -0.009999999776482582,
    -0.009999999776482582,
    -0.009999999776482582,
    -0.009999999776482582,
    -0.009999999776482582,
    -0.009999999776482582,
    -0.009999999776482582,
    -0.009999999776482582,
    -0.009999999776482582,
    -0.009999999776482582,
    -0.009999999776482582,
    -0.009999999776482582,
    -0.009999999776482582,
    -0.009999999776482582,
    -0.009999999776482582,
    -0.009999999776482582,
    -0.009999999776482582,
    -0.009999999776482582,
    -0.009999999776482582,
    -0.009999999776482582,
    -0.009999999776482582,
    -0.009999999776482582,
    -0.009999999776482582,
    -0.009999999776482582,
    -0.009999999776482582,
    -0.009999999776482582,
    -0.009999999776482582,
    -0.009999999776482582,
    -0.009999999776482582,
    -0.009999999776482582,
    -0.009999999776482582,
    -0.009999999776482582,
    -0.009999999776482582,
    -0.009999999776482582,
    -0.009999999776482582,
    -0.009999999776482582
  ],
  "initial_ascii": [
    "LEGEND:",
    "#: wall",
    ".: background",
    "k: dpolice",
    "l: rpolice",
    "c: crate",
    "j: lpolice",
    "t: target",
    "@: target, crate",
    "i: upolice",
    "",
    "MAP:",
    "###############",
    "#.............#",
    "#..kkkkkkkk...#",
    "#.lccccc...j..#",
    "#.lct@@tt.cj..#",
    "#.l.t@t@t.cj..#",
    "#.lc@@ttt.cj..#",
    "#.lct@tttccj..#",
    "#.l.tt@@t..j..#",
    "#.lc..cc...j..#",
    "#.liiiiiiiij..#",
    "#.............#",
    "###############"
  ],
  "state_data": {
    "score": 17,
    "win": false,
    "step": 100
  },
  "heuristics": [
    -22.0,
    -19.0,
    -14.0,
    -9.0,
    -10.0,
    -10.0,
    -12.0,
    -12.0,
    -12.0,
    -12.0,
    -12.0,
    -12.0,
    -12.0,
    -12.0,
    -12.0,
    -12.0,
    -12.0,
    -12.0,
    -12.0,
    -12.0,
    -12.0,
    -12.0,
    -12.0,
    -12.0,
    -12.0,
    -12.0,
    -12.0,
    -12.0,
    -12.0,
    -12.0,
    -12.0,
    -12.0,
    -12.0,
    -12.0,
    -12.0,
    -12.0,
    -12.0,
    -12.0,
    -12.0,
    -12.0,
    -12.0,
    -12.0,
    -12.0,
    -12.0,
    -12.0,
    -12.0,
    -12.0,
    -12.0,
    -12.0,
    -12.0,
    -12.0,
    -12.0,
    -12.0,
    -12.0,
    -12.0,
    -12.0,
    -12.0,
    -12.0,
    -12.0,
    -12.0,
    -12.0,
    -12.0,
    -12.0,
    -12.0,
    -12.0,
    -12.0,
    -12.0,
    -12.0,
    -12.0,
    -12.0,
    -12.0,
    -12.0,
    -12.0,
    -12.0,
    -12.0,
    -12.0,
    -12.0,
    -12.0,
    -12.0,
    -12.0,
    -12.0,
    -12.0,
    -12.0,
    -12.0,
    -12.0,
    -12.0,
    -12.0,
    -12.0,
    -12.0,
    -12.0,
    -12.0,
    -12.0,
    -12.0,
    -12.0,
    -12.0,
    -12.0,
    -12.0,
    -12.0,
    -12.0,
    -12.0
  ],
  "final_ascii": [
    "LEGEND:",
    "#: wall",
    ".: background",
    "k: dpolice",
    "l: rpolice",
    "j: lpolice",
    "i: upolice",
    "\u2957: target, rpolice",
    "@: target, crate",
    "\u116f: target, dpolice",
    "c: crate",
    "t: target",
    "\u2a61: target, upolice",
    "",
    "MAP:",
    "###############",
    "#.............#",
    "#..k..........#",
    "#..lkkkkj.....#",
    "#..i\u2957@@@\u116fkkj..#",
    "#...\u2957@@@@ccj..#",
    "#...t\u2957@@@ccj..#",
    "#...\u2957@@@@ccj..#",
    "#...\u2a61\u2957@@@ccj..#",
    "#...liiiiiij..#",
    "#......lj.....#",
    "#.............#",
    "###############"
  ]
}