{
  "model": "deepseek",
  "game": "kettle",
  "level": 2,
  "run": 7,
  "win": false,
  "action_sequence": [
    2,
    2,
    3,
    2,
    3,
    2,
    2,
    2,
    3,
    3,
    3,
    1,
    2,
    1,
    2,
    2,
    2,
    2,
    2,
    3,
    2,
    2,
    2,
    3,
    2,
    1,
    3,
    0,
    3,
    1,
    2,
    3,
    2,
    3,
    2,
    0,
    2,
    2,
    2,
    2,
    3,
    3,
    3,
    2,
    2,
    2,
    3,
    3,
    2,
    3,
    3,
    2,
    3,
    2,
    2,
    3,
    2,
    2,
    3,
    2,
    2,
    2,
    3,
    1,
    2,
    2,
    2,
    2,
    2,
    3,
    2,
    3,
    3,
    3,
    3,
    1,
    3,
    2,
    3,
    2,
    0,
    2,
    2,
    3,
    3,
    2,
    2,
    3,
    2,
    2,
    2,
    1,
    1,
    1,
    2,
    1,
    3,
    3,
    3,
    2
  ],
  "reward_sequence": [
    -0.009999999776482582,
    -1.0099999904632568,
    0.9900000095367432,
    -0.009999999776482582,
    -0.009999999776482582,
    -0.009999999776482582,
    -0.009999999776482582,
    -0.009999999776482582,
    -0.009999999776482582,
    -0.009999999776482582,
    -0.009999999776482582,
    -0.009999999776482582,
    -0.009999999776482582,
    -0.009999999776482582,
    -0.009999999776482582,
    -0.009999999776482582,
    -0.009999999776482582,
    -0.009999999776482582,
    -0.009999999776482582,
    -0.009999999776482582,
    -0.009999999776482582,
    -0.009999999776482582,
    -0.009999999776482582,
    -0.009999999776482582,
    -0.009999999776482582,
    -0.009999999776482582,
    -0.009999999776482582,
    -0.009999999776482582,
    -0.009999999776482582,
    -0.009999999776482582,
    -0.009999999776482582,
    -0.009999999776482582,
    -0.009999999776482582,
    -0.009999999776482582,
    -0.009999999776482582,
    -0.009999999776482582,
    -0.009999999776482582,
    -0.009999999776482582,
    -0.009999999776482582,
    -0.009999999776482582,
    -0.009999999776482582,
    -0.009999999776482582,
    -0.009999999776482582,
    -0.009999999776482582,
    -0.009999999776482582,
    -0.009999999776482582,
    -0.009999999776482582,
    -0.009999999776482582,
    -0.009999999776482582,
    -0.009999999776482582,
    -0.009999999776482582,
    -0.009999999776482582,
    -0.009999999776482582,
    -0.009999999776482582,
    -0.009999999776482582,
    -0.009999999776482582,
    -0.009999999776482582,
    -0.009999999776482582,
    -0.009999999776482582,
    -0.009999999776482582,
    -0.009999999776482582,
    -0.009999999776482582,
    -0.009999999776482582,
    -0.009999999776482582,
    -0.009999999776482582,
    -0.009999999776482582,
    -0.009999999776482582,
    -0.009999999776482582,
    -0.009999999776482582,
    -0.009999999776482582,
    -0.009999999776482582,
    -0.009999999776482582,
    -0.009999999776482582,
    -0.009999999776482582,
    -0.009999999776482582,
    -0.009999999776482582,
    -0.009999999776482582,
    -0.009999999776482582,
    -0.009999999776482582,
    -0.009999999776482582,
    -0.009999999776482582,
    -0.009999999776482582,
    -0.009999999776482582,
    -0.009999999776482582,
    -0.009999999776482582,
    -0.009999999776482582,
    -0.009999999776482582,
    -0.009999999776482582,
    -0.009999999776482582,
    -0.009999999776482582,
    -0.009999999776482582,
    -0.009999999776482582,
    -0.009999999776482582,
    -0.009999999776482582,
    -0.009999999776482582,
    -0.009999999776482582,
    -0.009999999776482582,
    -0.009999999776482582,
    -0.009999999776482582,
    -0.009999999776482582
  ],
  "initial_ascii": [
    "LEGEND:",
    "#: wall",
    ".: background",
    "k: dpolice",
    "\u284a: target, rpolice",
    "@: target, crate",
    "c: crate",
    "j: lpolice",
    "t: target",
    "l: rpolice",
    "i: upolice",
    "",
    "MAP:",
    "###############",
    "#.............#",
    "#.............#",
    "#....kkkkk....#",
    "#....\u284a@@@cj...#",
    "#....\u284a@@tcj...#",
    "#....\u284at@tcj...#",
    "#....\u284a@@@.j...#",
    "#....lccccj...#",
    "#....iiiii....#",
    "#.............#",
    "#.............#",
    "###############"
  ],
  "state_data": {
    "score": 9,
    "win": false,
    "step": 100
  },
  "heuristics": [
    -8.0,
    -9.0,
    -8.0,
    -8.0,
    -8.0,
    -8.0,
    -8.0,
    -8.0,
    -8.0,
    -8.0,
    -8.0,
    -8.0,
    -8.0,
    -8.0,
    -8.0,
    -8.0,
    -8.0,
    -8.0,
    -8.0,
    -8.0,
    -8.0,
    -8.0,
    -8.0,
    -8.0,
    -8.0,
    -8.0,
    -8.0,
    -8.0,
    -8.0,
    -8.0,
    -8.0,
    -8.0,
    -8.0,
    -8.0,
    -8.0,
    -8.0,
    -8.0,
    -8.0,
    -8.0,
    -8.0,
    -8.0,
    -8.0,
    -8.0,
    -8.0,
    -8.0,
    -8.0,
    -8.0,
    -8.0,
    -8.0,
    -8.0,
    -8.0,
    -8.0,
    -8.0,
    -8.0,
    -8.0,
    -8.0,
    -8.0,
    -8.0,
    -8.0,
    -8.0,
    -8.0,
    -8.0,
    -8.0,
    -8.0,
    -8.0,
    -8.0,
    -8.0,
    -8.0,
    -8.0,
    -8.0,
    -8.0,
    -8.0,
    -8.0,
    -8.0,
    -8.0,
    -8.0,
    -8.0,
    -8.0,
    -8.0,
    -8.0,
    -8.0,
    -8.0,
    -8.0,
    -8.0,
    -8.0,
    -8.0,
    -8.0,
    -8.0,
    -8.0,
    -8.0,
    -8.0,
    -8.0,
    -8.0,
    -8.0,
    -8.0,
    -8.0,
    -8.0,
    -8.0,
    -8.0,
    -8.0
  ],
  "final_ascii": [
    "LEGEND:",
    "#: wall",
    ".: background",
    "k: dpolice",
    "\u284a: target, rpolice",
    "@: target, crate",
    "c: crate",
    "j: lpolice",
    "t: target",
    "l: rpolice",
    "i: upolice",
    "",
    "MAP:",
    "###############",
    "#.............#",
    "#.............#",
    "#....kkkkk....#",
    "#....\u284a@@@cj...#",
    "#....t\u284a@@cj...#",
    "#....t\u284a@@cj...#",
    "#....t\u284a@@cj...#",
    "#....lccicj...#",
    "#....iii.i....#",
    "#.............#",
    "#.............#",
    "###############"
  ]
}