run,game,final_step,final_change_acc
multi_scaling_gallery_v4_cond_match_s0,card_by_lintsungyueh,150000,0.000000
multi_scaling_gallery_v4_decoder,card_by_lintsungyueh,120000,0.000000
multi_scaling_gallery_v4_cond_match_s0,simple_puzzle_by_paul,150000,0.001587
multi_scaling_gallery_v4_cond_match_s0,impossible_pushing_-_level_2_by_stingby12,150000,0.005435
multi_scaling_gallery_v4_decoder,pathfinding_by_madball,120000,0.007371
multi_scaling_gallery_v4_decoder_sprites_eos,bit_match!_by_unknown_author,150000,0.008621
multi_scaling_gallery_v3_decoder_sprites_eos,el_laberinto_dorado_by_skyemoure,150000,0.013245
multi_scaling_gallery_v4_decoder,switch_switcher_by_increpare,120000,0.013889
multi_scaling_gallery_v4_decoder_sprites_eos,beat_game_test_by_connorses_[loneship_games],150000,0.019391
multi_scaling_gallery_v4_decoder_sprites_eos,simple_puzzle_by_paul,150000,0.020635
multi_scaling_gallery_v4_uncond_match_s0,lasers_by_franklin_p._dyer,150000,0.023569
multi_scaling_gallery_v4_cond_match_s0,bit_match!_by_unknown_author,150000,0.023707
multi_scaling_gallery_v4_decoder_sprites_eos,double_message_by_sevansevan,150000,0.024138
multi_scaling_gallery_v4_cond_match_s1,Cell_Division,150000,0.024510
multi_scaling_gallery_v4_cond_match_s1,One_Way_Street,150000,0.026490
multi_scaling_gallery_v4_cond_match_s0,schatkamer_by_jan-niestadt,150000,0.026627
multi_scaling_gallery_v4_uncond_match_s0,Cell_Division,150000,0.026764
multi_scaling_gallery_v4_decoder_sprites_eos,lasers_by_franklin_p._dyer,150000,0.026936
multi_scaling_gallery_v4_decoder,impossible_pushing_-_level_2_by_stingby12,120000,0.027174
multi_scaling_gallery_v4_decoder_sprites_eos,card_by_lintsungyueh,150000,0.029762
multi_scaling_gallery_v3_decoder_sprites_eos,Slidings,150000,0.032273
multi_scaling_gallery_v4_cond_match_s0,two_coats_and_crates_by_henry-friedman,150000,0.033333
multi_scaling_gallery_v4_decoder_sprites_eos,two_coats_and_crates_by_henry-friedman,150000,0.033333
multi_scaling_gallery_v4_decoder,lasers_by_franklin_p._dyer,120000,0.033670
multi_scaling_gallery_v4_cond_match_s1,on_thin_ice_by_gamez7_with_music_by_roccow,150000,0.033674
multi_scaling_gallery_v4_cond_match_s0,trample_by_jonathan_whiting,150000,0.040174
multi_scaling_gallery_v4_cond_match_s1,switch_switcher_by_increpare,150000,0.040268
multi_scaling_gallery_v4_uncond_match_s0,pathfinding_by_madball,150000,0.041769
multi_scaling_gallery_v4_uncond_match_s0,simple_puzzle_by_paul,150000,0.044444
multi_scaling_gallery_v4_cond_match_s0,One_Way_Street,150000,0.050898
multi_scaling_gallery_v3_decoder_sprites_eos,Singleton_Traffic,150000,0.051749
multi_scaling_gallery_v4_cond_match_s0,switch_switcher_by_increpare,150000,0.052083
multi_scaling_gallery_v4_uncond_match_s0,schatkamer_by_jan-niestadt,150000,0.053254
multi_scaling_gallery_v4_cond_match_s1,card_by_lintsungyueh,150000,0.053571
multi_scaling_gallery_v4_uncond_match_s0,two_coats_and_crates_by_henry-friedman,150000,0.060606
multi_scaling_gallery_v4_cond_match_s1,lasers_by_franklin_p._dyer,150000,0.061594
multi_scaling_gallery_v4_decoder,simple_puzzle_by_paul,120000,0.061905
multi_scaling_gallery_v4_cond_match_s1,Lime_Richard,150000,0.064039
multi_scaling_gallery_v4_uncond_match_s0,switch_switcher_by_increpare,150000,0.065972
multi_scaling_gallery_v4_cond_match_s1,schatkamer_by_jan-niestadt,150000,0.068047
multi_scaling_gallery_v4_cond_match_s0,space_invaders_by_e_is_cool___edited_by_fz0718,150000,0.072634
multi_scaling_gallery_v4_decoder,eventually_this_is_gonna_be_zelda_by_soolseem,120000,0.078818
multi_scaling_gallery_v4_decoder_sprites_eos,Lime_Richard,150000,0.079070
multi_scaling_gallery_v4_cond_match_s1,bit_match!_by_unknown_author,150000,0.080435
multi_scaling_gallery_v4_decoder_sprites_eos,switch_switcher_by_increpare,150000,0.086806
multi_scaling_gallery_v4_cond_match_s1,simple_puzzle_by_paul,150000,0.090000
multi_scaling_gallery_v3_decoder_sprites_eos,constellation_by_jere_majava,150000,0.090476
multi_scaling_gallery_v4_decoder_sprites_eos,trample_by_jonathan_whiting,150000,0.090839
multi_scaling_gallery_v4_cond_match_s1,marbles_by_jcmiller11,150000,0.091847
multi_scaling_gallery_v4_uncond_match_s0,bit_match!_by_unknown_author,150000,0.092672
multi_scaling_gallery_v4_cond_match_s1,Monster_block_push_game,150000,0.094156
multi_scaling_gallery_v4_decoder,two_coats_and_crates_by_henry-friedman,120000,0.096970
multi_scaling_gallery_v4_cond_match_s1,j_by_jack_gilbert,150000,0.097015
multi_scaling_gallery_v4_cond_match_s1,beat_game_test_by_connorses_[loneship_games],150000,0.097701
multi_scaling_gallery_v4_uncond_match_s0,Festive_Lights,150000,0.097765
multi_scaling_gallery_v4_decoder_sprites_eos,skyroad_by_sorendipitous,150000,0.100775
multi_scaling_gallery_v4_decoder,trample_by_jonathan_whiting,120000,0.101331
multi_scaling_gallery_v4_cond_match_s1,space_invaders_by_e_is_cool___edited_by_fz0718,150000,0.104880
multi_scaling_gallery_v4_uncond_match_s0,beat_game_test_by_connorses_[loneship_games],150000,0.105263
multi_scaling_gallery_v4_cond_match_s1,skyroad_by_sorendipitous,150000,0.109155
multi_scaling_gallery_v4_decoder_sprites_eos,space_invaders_by_e_is_cool___edited_by_fz0718,150000,0.110785
multi_scaling_gallery_v4_decoder_sprites_eos,cathartic_colours_by_ronan_tumelty,150000,0.110968
multi_scaling_gallery_v4_uncond_match_s0,trample_by_jonathan_whiting,150000,0.114125
multi_scaling_gallery_v4_decoder_sprites_eos,ice_wolrd_by_scott_hughes,150000,0.124661
multi_scaling_gallery_v4_cond_match_s1,two_coats_and_crates_by_henry-friedman,150000,0.125000
multi_scaling_gallery_v4_cond_match_s0,pathfinding_by_madball,150000,0.125307
multi_scaling_gallery_v4_cond_match_s1,trample_by_jonathan_whiting,150000,0.125357
multi_scaling_gallery_v4_cond_match_s0,puzz-not_by_stew_hogarth,150000,0.126016
multi_scaling_gallery_v4_cond_match_s0,lasers_by_franklin_p._dyer,150000,0.127946
multi_scaling_gallery_v4_decoder_sprites_eos,Rolling-block_colour-zone_mazes,150000,0.128261
multi_scaling_gallery_v4_cond_match_s1,puzz-not_by_stew_hogarth,150000,0.136364
multi_scaling_gallery_v4_cond_match_s0,avain_peli_by_my_name_here,150000,0.150685
multi_scaling_gallery_v4_cond_match_s0,marbles_by_jcmiller11,150000,0.150731
multi_scaling_gallery_v4_decoder,interchange_by_pickten,120000,0.153226
multi_scaling_gallery_v4_cond_match_s0,blind_ninja_by_connorses,150000,0.156844
multi_scaling_gallery_v4_cond_match_s1,remote_sokoban_by_poorlydrawncactus,150000,0.157025
multi_scaling_gallery_v4_uncond_match_s0,card_by_lintsungyueh,150000,0.157738
multi_scaling_gallery_v4_cond_match_s0,Lime_Richard,150000,0.158140
multi_scaling_gallery_v4_decoder_sprites_eos,pathfinding_by_madball,150000,0.169533
multi_scaling_gallery_v4_uncond_match_s0,on_thin_ice_by_gamez7_with_music_by_roccow,150000,0.170779
multi_scaling_gallery_v3_decoder_sprites_eos,Union_Move,150000,0.170984
multi_scaling_gallery_v4_uncond_match_s0,Lime_Richard,150000,0.172093
multi_scaling_gallery_v4_decoder_sprites_eos,Monster_block_push_game,150000,0.176871
multi_scaling_gallery_v4_uncond_match_s0,ice_wolrd_by_scott_hughes,150000,0.178862
multi_scaling_gallery_v4_cond_match_s1,cathartic_colours_by_ronan_tumelty,150000,0.180717
multi_scaling_gallery_v4_cond_match_s1,ice_wolrd_by_scott_hughes,150000,0.183206
multi_scaling_gallery_v4_cond_match_s1,impossible_pushing_-_level_2_by_stingby12,150000,0.184783
multi_scaling_gallery_v3_decoder_sprites_eos,spell_by_beekie18,150000,0.187500
multi_scaling_gallery_v4_decoder,remote_sokoban_by_poorlydrawncactus,120000,0.188333
multi_scaling_gallery_v4_decoder,Cell_Division,120000,0.189781
multi_scaling_gallery_v4_decoder,Festive_Lights,120000,0.189944
multi_scaling_gallery_v4_uncond_match_s0,space_invaders_by_e_is_cool___edited_by_fz0718,150000,0.192223
multi_scaling_gallery_v4_cond_match_s0,puzzletracker_by_puzzlescriptfan34,150000,0.193669
multi_scaling_gallery_v4_cond_match_s0,on_thin_ice_by_gamez7_with_music_by_roccow,150000,0.195452
multi_scaling_gallery_v4_uncond_match_s0,marbles_by_jcmiller11,150000,0.196850
multi_scaling_gallery_v4_cond_match_s0,ice_wolrd_by_scott_hughes,150000,0.197832
multi_scaling_gallery_v4_decoder,ice_wolrd_by_scott_hughes,120000,0.197832
multi_scaling_gallery_v4_cond_match_s0,Colors,150000,0.199597
multi_scaling_gallery_v4_decoder_sprites_eos,puzz-not_by_stew_hogarth,150000,0.207317
multi_scaling_gallery_v4_cond_match_s1,blind_ninja_by_connorses,150000,0.208955
multi_scaling_gallery_v4_decoder,Lime_Richard,120000,0.209302
multi_scaling_gallery_v4_decoder_sprites_eos,Colors,150000,0.209677
multi_scaling_gallery_v4_cond_match_s1,pathfinding_by_madball,150000,0.219239
multi_scaling_gallery_v4_decoder_sprites_eos,marbles_by_jcmiller11,150000,0.219348
multi_scaling_gallery_v4_cond_match_s0,Festive_Lights,150000,0.220670
multi_scaling_gallery_v4_uncond_match_s0,One_Way_Street,150000,0.221557
multi_scaling_gallery_v4_cond_match_s1,Solitaire,150000,0.221622
multi_scaling_gallery_v4_cond_match_s0,Rolling-block_colour-zone_mazes,150000,0.223913
multi_scaling_gallery_v4_cond_match_s0,interchange_by_pickten,150000,0.228495
multi_scaling_gallery_v4_decoder,marbles_by_jcmiller11,120000,0.229471
multi_scaling_gallery_v4_decoder,cathartic_colours_by_ronan_tumelty,120000,0.231398
multi_scaling_gallery_v4_decoder_sprites_eos,snow_day_by_forgdeer,150000,0.231579
multi_scaling_gallery_v4_uncond_match_s0,skyroad_by_sorendipitous,150000,0.232558
multi_scaling_gallery_v4_uncond_match_s0,cathartic_colours_by_ronan_tumelty,150000,0.234409
multi_scaling_gallery_v4_decoder,puzzletracker_by_puzzlescriptfan34,120000,0.242086
multi_scaling_gallery_v4_decoder,schatkamer_by_jan-niestadt,120000,0.242604
multi_scaling_gallery_v4_uncond_match_s0,path_to_the_bee_by_jonbro,150000,0.247619
multi_scaling_gallery_v4_cond_match_s0,match_by_0creds,150000,0.248485
multi_scaling_gallery_v4_cond_match_s0,Solitaire,150000,0.251445
multi_scaling_gallery_v4_uncond_match_s0,Rolling-block_colour-zone_mazes,150000,0.254348
multi_scaling_gallery_v4_cond_match_s0,skyroad_by_sorendipitous,150000,0.255814
multi_scaling_gallery_v4_cond_match_s1,puzzletracker_by_puzzlescriptfan34,150000,0.255898
multi_scaling_gallery_v4_cond_match_s1,Rolling-block_colour-zone_mazes,150000,0.256696
multi_scaling_gallery_v4_cond_match_s0,cathartic_colours_by_ronan_tumelty,150000,0.263226
multi_scaling_gallery_v4_decoder_sprites_eos,remote_sokoban_by_poorlydrawncactus,150000,0.263333
multi_scaling_gallery_v4_cond_match_s1,snow_day_by_forgdeer,150000,0.265789
multi_scaling_gallery_v4_uncond_match_s0,puzzletracker_by_puzzlescriptfan34,150000,0.266294
multi_scaling_gallery_v4_decoder_sprites_eos,sticky_v0.7_by_connorses,150000,0.267223
multi_scaling_gallery_v4_decoder,Rolling-block_colour-zone_mazes,120000,0.267391
multi_scaling_gallery_v4_cond_match_s0,beat_game_test_by_connorses_[loneship_games],150000,0.268698
multi_scaling_gallery_v3_decoder_sprites_eos,avaruus_tunkeutujat_by_janjulije,150000,0.270722
multi_scaling_gallery_v2_uncond_match_s0_legacy_pool_in_conv,randomspawner,150000,0.274036
multi_scaling_gallery_v4_decoder,path_to_the_bee_by_jonbro,120000,0.276190
multi_scaling_gallery_v4_uncond_match_s0,remote_sokoban_by_poorlydrawncactus,150000,0.280000
multi_scaling_gallery_v4_decoder_sprites_eos,on_thin_ice_by_gamez7_with_music_by_roccow,150000,0.289090
multi_scaling_gallery_v4_cond_match_s0,__by_jennybuckley,150000,0.289216
multi_scaling_gallery_v4_decoder_sprites_eos,__by_jennybuckley,150000,0.289216
multi_scaling_gallery_v4_decoder,space_invaders_by_e_is_cool___edited_by_fz0718,120000,0.289802
multi_scaling_gallery_v4_decoder_sprites_eos,blind_ninja_by_connorses,150000,0.291825
multi_scaling_gallery_v4_decoder,puzz-not_by_stew_hogarth,120000,0.292683
multi_scaling_gallery_v4_cond_match_s1,Colors,150000,0.294715
multi_scaling_gallery_v4_decoder,double_message_by_sevansevan,120000,0.300000
multi_scaling_gallery_v4_decoder_sprites_eos,Festive_Lights,150000,0.304469
multi_scaling_gallery_v4_uncond_match_s0,sticky_v0.7_by_connorses,150000,0.304802
multi_scaling_gallery_v4_cond_match_s1,golem_five_by_henketime,150000,0.305970
multi_scaling_gallery_v4_decoder,sticky_v0.7_by_connorses,120000,0.308977
multi_scaling_gallery_v4_decoder_sprites_eos,puzzletracker_by_puzzlescriptfan34,150000,0.309125
multi_scaling_gallery_v4_decoder,One_Way_Street,120000,0.311377
multi_scaling_gallery_v4_cond_match_s0,unlink_by_zacharybarbanell,150000,0.313492
multi_scaling_gallery_v4_cond_match_s1,Festive_Lights,150000,0.320334
multi_scaling_gallery_v4_decoder,Colors,120000,0.322581
multi_scaling_gallery_v4_decoder,blind_ninja_by_connorses,120000,0.331749
multi_scaling_gallery_v4_decoder,on_thin_ice_by_gamez7_with_music_by_roccow,120000,0.333383
multi_scaling_gallery_v2_uncond_match_s0_legacy_pool_in_conv,leftrightnpcs,150000,0.339543
multi_scaling_gallery_v4_cond_match_s1,path_to_the_bee_by_jonbro,150000,0.345972
multi_scaling_gallery_v4_cond_match_s0,sticky_v0.7_by_connorses,150000,0.350731
multi_scaling_gallery_v4_uncond_match_s0,blind_ninja_by_connorses,150000,0.351711
multi_scaling_gallery_v4_uncond_match_s0,Colors,150000,0.352823
multi_scaling_gallery_v4_cond_match_s0,Cell_Division,150000,0.355231
multi_scaling_gallery_v3_decoder_sprites_eos,venganza_i_by_felipe_gomez,150000,0.357143
multi_scaling_gallery_v4_cond_match_s1,sticky_v0.7_by_connorses,150000,0.358407
multi_scaling_gallery_v4_cond_match_s1,__by_jennybuckley,150000,0.365751
multi_scaling_gallery_v4_cond_match_s0,Monster_block_push_game,150000,0.374150
multi_scaling_gallery_v4_uncond_match_s0,space_invaders_by_solafson,150000,0.375654
multi_scaling_gallery_v2_cond_match_s1,MC_Escher's_Equestrian_Armageddon,30000,0.381579
multi_scaling_gallery_v2_cond_match_s1,It_Dies_In_The_Light,30000,0.400315
multi_scaling_gallery_v4_decoder_sprites_eos,avain_peli_by_my_name_here,150000,0.402740
multi_scaling_gallery_v4_decoder,unlink_by_zacharybarbanell,120000,0.402778
multi_scaling_gallery_v2_cond_match_s1,Smother,30000,0.402844
multi_scaling_gallery_v4_decoder_sprites_eos,interchange_by_pickten,150000,0.403226
multi_scaling_gallery_v4_decoder,Game_One,120000,0.403587
multi_scaling_gallery_v4_decoder_sprites_eos,Cell_Division,150000,0.403893
multi_scaling_gallery_v4_cond_match_s0,path_to_the_bee_by_jonbro,150000,0.404762
multi_scaling_gallery_v4_cond_match_s0,tall_player_by_henry-friedman,150000,0.413978
multi_scaling_gallery_v3_decoder_sprites_eos,division_by_paul_gomez,150000,0.415775
multi_scaling_gallery_v4_decoder,__by_jennybuckley,120000,0.416667
multi_scaling_gallery_v4_decoder,It_Dies_In_The_Light,120000,0.419830
multi_scaling_gallery_v4_decoder_sprites_eos,unlink_by_zacharybarbanell,150000,0.420635
multi_scaling_gallery_v4_decoder,skyroad_by_sorendipitous,120000,0.422481
multi_scaling_gallery_v4_cond_match_s1,eventually_this_is_gonna_be_zelda_by_soolseem,150000,0.427397
multi_scaling_gallery_v4_decoder_sprites_eos,Game_One,150000,0.432735
multi_scaling_gallery_v4_cond_match_s1,tall_player_by_henry-friedman,150000,0.432796
multi_scaling_gallery_v4_decoder_sprites_eos,path_to_the_bee_by_jonbro,150000,0.433333
multi_scaling_gallery_v4_cond_match_s1,Game_One,150000,0.434737
multi_scaling_gallery_v4_cond_match_s1,unlink_by_zacharybarbanell,150000,0.438202
multi_scaling_gallery_v3_decoder_sprites_eos,The_observer's_paradox,150000,0.446230
multi_scaling_gallery_v4_uncond_match_s0,impossible_pushing_-_level_2_by_stingby12,150000,0.451087
multi_scaling_gallery_v4_uncond_match_s0,snow_day_by_forgdeer,150000,0.452632
multi_scaling_gallery_v4_cond_match_s1,avain_peli_by_my_name_here,150000,0.454286
multi_scaling_gallery_v4_decoder,avain_peli_by_my_name_here,120000,0.457534
multi_scaling_gallery_v4_decoder,Solitaire,120000,0.462428
multi_scaling_gallery_v4_cond_match_s0,golem_five_by_henketime,150000,0.466535
multi_scaling_gallery_v4_uncond_match_s0,tall_player_by_henry-friedman,150000,0.470430
multi_scaling_gallery_v4_uncond_match_s0,__by_jennybuckley,150000,0.473039
multi_scaling_gallery_v4_cond_match_s0,remote_sokoban_by_poorlydrawncactus,150000,0.488333
multi_scaling_gallery_v3_decoder_sprites_eos,buny_hoping_by_pickten,150000,0.489744
multi_scaling_gallery_v4_decoder_sprites_eos,schatkamer_by_jan-niestadt,150000,0.491124
multi_scaling_gallery_v2_cond_match_s1,Lime_Rick,30000,0.491228
multi_scaling_gallery_v2_cond_match_s1,mazetest,30000,0.500000
multi_scaling_gallery_v4_uncond_match_s0,unlink_by_zacharybarbanell,150000,0.501984
multi_scaling_gallery_v4_uncond_match_s0,It_Dies_In_The_Light,150000,0.509682
multi_scaling_gallery_v4_cond_match_s0,Game_One,150000,0.511211
multi_scaling_gallery_v4_decoder,tall_player_by_henry-friedman,120000,0.513441
multi_scaling_gallery_v4_decoder_sprites_eos,Solitaire,150000,0.514451
multi_scaling_gallery_v2_uncond_match_s0_legacy_pool_in_conv,MC_Escher's_Equestrian_Armageddon,150000,0.520833
multi_scaling_gallery_v2_uncond_match_s0_legacy_pool_in_conv,sumo,150000,0.527778
multi_scaling_gallery_v2_uncond_match_s0,sumo,150000,0.529321
multi_scaling_gallery_v4_decoder_sprites_eos,It_Dies_In_The_Light,150000,0.531371
multi_scaling_gallery_v4_decoder,Pushcat_Jr,120000,0.539040
multi_scaling_gallery_v4_uncond_match_s0,Solitaire,150000,0.543353
multi_scaling_gallery_v4_uncond_match_s0,avain_peli_by_my_name_here,150000,0.550685
multi_scaling_gallery_v4_decoder,bit_match!_by_unknown_author,120000,0.551724
multi_scaling_gallery_v3_decoder_sprites_eos,the_adventurer_by_mose_e.eckman,150000,0.556075
multi_scaling_gallery_v4_decoder,beat_game_test_by_connorses_[loneship_games],120000,0.556787
multi_scaling_gallery_v4_decoder,snow_day_by_forgdeer,120000,0.557895
multi_scaling_gallery_v4_decoder,Monster_block_push_game,120000,0.561224
multi_scaling_gallery_v4_decoder_sprites_eos,eventually_this_is_gonna_be_zelda_by_soolseem,150000,0.568965
multi_scaling_gallery_v4_cond_match_s0,It_Dies_In_The_Light,150000,0.571650
multi_scaling_gallery_v4_cond_match_s0,j_by_jack_gilbert,150000,0.574627
multi_scaling_gallery_v2_uncond_match_s1,sumo,150000,0.574695
multi_scaling_gallery_v4_cond_match_s1,Pushcat_Jr,150000,0.592952
multi_scaling_gallery_v4_uncond_match_s0,Game_One,150000,0.603139
multi_scaling_gallery_v4_decoder_sprites_eos,impossible_pushing_-_level_2_by_stingby12,150000,0.603261
multi_scaling_gallery_v4_decoder_sprites_eos,One_Way_Street,150000,0.604790
multi_scaling_gallery_v4_cond_match_s1,move_3_crates_next_to_eachother_by_alex_giger,150000,0.606061
multi_scaling_gallery_v4_cond_match_s0,midnight_snack_by_lilianaaaaaaaa,150000,0.606688
multi_scaling_gallery_v4_decoder,Smother,120000,0.608451
multi_scaling_gallery_v4_cond_match_s1,interchange_by_pickten,150000,0.610811
multi_scaling_gallery_v4_decoder_sprites_eos,Pushcat_Jr,150000,0.612418
multi_scaling_gallery_v4_uncond_match_s0,puzz-not_by_stew_hogarth,150000,0.613821
multi_scaling_gallery_v4_uncond_match_s0,sumo,150000,0.617284
multi_scaling_gallery_v2_uncond_match_s0,mazetest,150000,0.620405
multi_scaling_gallery_v4_uncond_match_s0,Pushcat_Jr,150000,0.627469
multi_scaling_gallery_v4_decoder_sprites_eos,midnight_snack_by_lilianaaaaaaaa,150000,0.628981
multi_scaling_gallery_v4_cond_match_s1,It_Dies_In_The_Light,150000,0.630996
multi_scaling_gallery_v4_uncond_match_s0,midnight_snack_by_lilianaaaaaaaa,150000,0.638535
multi_scaling_gallery_v4_cond_match_s1,midnight_snack_by_lilianaaaaaaaa,150000,0.639810
multi_scaling_gallery_v4_decoder_sprites_eos,move_3_crates_next_to_eachother_by_alex_giger,150000,0.647287
multi_scaling_gallery_v4_uncond_match_s0,interchange_by_pickten,150000,0.653226
multi_scaling_gallery_v4_decoder,midnight_snack_by_lilianaaaaaaaa,120000,0.657643
multi_scaling_gallery_v2_cond_match_s1,Pushcat_Jr,30000,0.658863
multi_scaling_gallery_v4_decoder_sprites_eos,combo_by_nicholas_udell,150000,0.660891
multi_scaling_gallery_v4_decoder,golem_five_by_henketime,120000,0.663386
multi_scaling_gallery_v4_decoder_sprites_eos,golem_five_by_henketime,150000,0.663386
multi_scaling_gallery_v4_cond_match_s1,Lightdown,150000,0.669261
multi_scaling_gallery_v4_decoder_sprites_eos,tall_player_by_henry-friedman,150000,0.669355
multi_scaling_gallery_v4_cond_match_s0,eventually_this_is_gonna_be_zelda_by_soolseem,150000,0.672414
multi_scaling_gallery_v4_cond_match_s0,combo_by_nicholas_udell,150000,0.675743
multi_scaling_gallery_v3_decoder_sprites_eos,my_game_by_calvin_mcnamara,150000,0.678322
multi_scaling_gallery_v4_cond_match_s0,Pushcat_Jr,150000,0.679210
multi_scaling_gallery_v3_decoder_sprites_eos,rigid_parallel_unlimited,150000,0.684953
multi_scaling_gallery_v4_decoder,Lime_Rick,120000,0.687180
multi_scaling_gallery_v2_uncond_match_s0_legacy_pool_in_conv,nekopuzzle,150000,0.688406
multi_scaling_gallery_v4_uncond_match_s0,Smother,150000,0.690141
multi_scaling_gallery_v4_decoder,Lightdown,120000,0.691176
multi_scaling_gallery_v4_cond_match_s1,match_by_0creds,150000,0.695266
multi_scaling_gallery_v2_uncond_match_s0,nekopuzzle,150000,0.695652
multi_scaling_gallery_v4_uncond_match_s0,nekopuzzle,150000,0.695652
multi_scaling_gallery_v4_decoder_sprites_eos,match_by_0creds,150000,0.700000
multi_scaling_gallery_v4_uncond_match_s0,rigid_scott1,150000,0.703196
multi_scaling_gallery_v3,It_Dies_In_The_Light,150000,0.703331
multi_scaling_gallery_v3_decoder_sprites_eos,Pushcat_Jr,150000,0.703669
multi_scaling_gallery_v4_cond_match_s0,Smother,150000,0.707042
multi_scaling_gallery_v2_cond_match_s1,Lightdown,30000,0.707547
multi_scaling_gallery_v4_decoder_sprites_eos,Lightdown,150000,0.710784
multi_scaling_gallery_v2_uncond_match_s1,nekopuzzle,150000,0.711111
multi_scaling_gallery_v4_decoder,marathon_by_2sman,120000,0.712644
multi_scaling_gallery_v4_cond_match_s0,double_message_by_sevansevan,150000,0.713793
multi_scaling_gallery_v3_decoder_sprites_eos,Smother,150000,0.715493
multi_scaling_gallery_v4_uncond_match_s0,golem_five_by_henketime,150000,0.718504
multi_scaling_gallery_v2_uncond_match_s0,It_Dies_In_The_Light,150000,0.720578
multi_scaling_gallery_v3_decoder_sprites_eos,no_name_yet_by_dustin_lane,150000,0.720995
multi_scaling_gallery_v3_decoder_sprites_eos,It_Dies_In_The_Light,150000,0.731216
multi_scaling_gallery_v4_decoder,combo_by_nicholas_udell,120000,0.735148
multi_scaling_gallery_v3,Pushcat_Jr,150000,0.738476
multi_scaling_gallery_v4_cond_match_s0,snow_day_by_forgdeer,150000,0.742105
multi_scaling_gallery_v4_decoder_sprites_eos,annoying_skull_by_qwaffles,150000,0.742775
multi_scaling_gallery_v4_cond_match_s0,Lime_Rick,150000,0.743590
multi_scaling_gallery_v4_uncond_match_s0,Lightdown,150000,0.747549
multi_scaling_gallery_v4_cond_match_s0,Lightdown,150000,0.750000
multi_scaling_gallery_v4_cond_match_s0,puzzle_script_random_game_by_jeremy_labossiere,150000,0.750000
multi_scaling_gallery_v4_decoder_sprites_eos,puzzle_script_random_game_by_jeremy_labossiere,150000,0.750000
multi_scaling_gallery_v4_uncond_match_s0,Lime_Rick,150000,0.751282
multi_scaling_gallery_v4_decoder,mr.hooper_by_yadel23,120000,0.752577
multi_scaling_gallery_v3_decoder,Pushcat_Jr,150000,0.752587
multi_scaling_gallery_v4_decoder_sprites_eos,j_by_jack_gilbert,150000,0.753731
multi_scaling_gallery_v4_uncond_match_s0,neko_puzzle_by_necrothaum,150000,0.761702
multi_scaling_gallery_v4_uncond_match_s0,player_move,_pause,_badfish_move,_pause_by_jon-jon,150000,0.770512
multi_scaling_gallery_v4_uncond_match_s0,eventually_this_is_gonna_be_zelda_by_soolseem,150000,0.770936
multi_scaling_gallery_v2_cond_match_s1,MazezaM,30000,0.771505
multi_scaling_gallery_v4_cond_match_s1,Smother,150000,0.772959
multi_scaling_gallery_v4_decoder_sprites_eos,marathon_by_2sman,150000,0.773563
multi_scaling_gallery_v4_decoder,puzzle_script_random_game_by_jeremy_labossiere,120000,0.773707
multi_scaling_gallery_v4_uncond_match_s0,marathon_by_2sman,150000,0.775862
multi_scaling_gallery_v4_uncond_match_s0,a_game_by_password69,150000,0.777778
multi_scaling_gallery_v4_uncond_match_s0,double_message_by_sevansevan,150000,0.779310
multi_scaling_gallery_v4_uncond_match_s0,mr.hooper_by_yadel23,150000,0.780069
multi_scaling_gallery_v3_decoder,Smother,150000,0.780282
multi_scaling_gallery_v4_decoder_sprites_eos,Smother,150000,0.785916
multi_scaling_gallery_v3_decoder_sprites_eos,MazezaM,150000,0.787879
multi_scaling_gallery_v4_cond_match_s1,annoying_skull_by_qwaffles,150000,0.787879
multi_scaling_gallery_v4_cond_match_s0,MC_Escher's_Equestrian_Armageddon,150000,0.790323
multi_scaling_gallery_v4_uncond_match_s0,MC_Escher's_Equestrian_Armageddon,150000,0.790323
multi_scaling_gallery_v4_uncond_match_s0,match_by_0creds,150000,0.790909
multi_scaling_gallery_v2_uncond_match_s0_legacy_pool_in_conv,notsnake,150000,0.791398
multi_scaling_gallery_v4_cond_match_s1,MC_Escher's_Equestrian_Armageddon,150000,0.793651
multi_scaling_gallery_v4_cond_match_s0,marathon_by_2sman,150000,0.795402
multi_scaling_gallery_v2_uncond_match_s0_legacy_pool_in_conv,Pushcat_Jr,150000,0.807836
multi_scaling_gallery_v3,Smother,150000,0.811268
multi_scaling_gallery_v2_uncond_match_s0_legacy_pool_in_conv,Smother,150000,0.811966
multi_scaling_gallery_v2_uncond_match_s0_legacy_pool_in_conv,rigid_scott1,150000,0.812977
multi_scaling_gallery_v4_decoder,annoying_skull_by_qwaffles,120000,0.815029
multi_scaling_gallery_v4_decoder_sprites_eos,MazezaM,150000,0.816919
multi_scaling_gallery_v4_decoder,test_teleportation_by_eoniz,120000,0.818396
multi_scaling_gallery_v4_uncond_match_s0,puzzle_script_random_game_by_jeremy_labossiere,150000,0.818965
multi_scaling_gallery_v2_uncond_match_s0_legacy_pool_in_conv,Ebony_&_Ivory,150000,0.820064
multi_scaling_gallery_v4_cond_match_s1,marathon_by_2sman,150000,0.820598
multi_scaling_gallery_v4_uncond_match_s0,rigid_many_broken,150000,0.820713
multi_scaling_gallery_v4_decoder,MC_Escher's_Equestrian_Armageddon,120000,0.822581
multi_scaling_gallery_v2_cond_match_s1,Some_lines_were_meant_to_be_crossed,30000,0.825203
multi_scaling_gallery_v2_uncond_match_s0,Pushcat_Jr,150000,0.825980
multi_scaling_gallery_v4_cond_match_s0,bahçıvanın_çiçekleri_by_harunylc,150000,0.826984
multi_scaling_gallery_v4_decoder,bahçıvanın_çiçekleri_by_harunylc,120000,0.826984
multi_scaling_gallery_v4_decoder,rigid_many_broken,120000,0.828508
multi_scaling_gallery_v2_cond_match_s1,Midas,30000,0.830797
multi_scaling_gallery_v3_decoder,Lightdown,150000,0.830882
multi_scaling_gallery_v4_cond_match_s0,annoying_skull_by_qwaffles,150000,0.832370
multi_scaling_gallery_v4_uncond_match_s0,annoying_skull_by_qwaffles,150000,0.832370
multi_scaling_gallery_v4_decoder,rabbit_meets_camel_by_james_wood,120000,0.834197
multi_scaling_gallery_v4_cond_match_s1,double_message_by_sevansevan,150000,0.835664
multi_scaling_gallery_v2_cond_match_s0,Pushcat_Jr,150000,0.835784
multi_scaling_gallery_v2_uncond_match_s1,Pushcat_Jr,150000,0.836120
multi_scaling_gallery_v2_cond_match_s0,It_Dies_In_The_Light,150000,0.836889
multi_scaling_gallery_v4_decoder_sprites_eos,telekin_by_diego_cathalifaud,150000,0.838164
multi_scaling_gallery_v4_decoder_sprites_eos,mr.hooper_by_yadel23,150000,0.838488
multi_scaling_gallery_v3_decoder,It_Dies_In_The_Light,150000,0.838885
multi_scaling_gallery_v4_decoder_sprites_eos,test_teleportation_by_eoniz,150000,0.839623
multi_scaling_gallery_v4_uncond_match_s0,bahçıvanın_çiçekleri_by_harunylc,150000,0.839683
multi_scaling_gallery_v3_decoder_sprites_eos,Lime_Rick,150000,0.841026
multi_scaling_gallery_v2_uncond_match_s1,Smother,150000,0.841232
multi_scaling_gallery_v4_decoder_sprites_eos,abocalipc_zumbi_br_by_robertjesus,150000,0.841826
multi_scaling_gallery_v4_uncond_match_s0,rabbit_meets_camel_by_james_wood,150000,0.841969
multi_scaling_gallery_v3,MC_Escher's_Equestrian_Armageddon,150000,0.842742
multi_scaling_gallery_v4_cond_match_s1,endless_practice_by_plurmorant,150000,0.842767
multi_scaling_gallery_v4_cond_match_s0,rigid_many_broken,150000,0.842984
multi_scaling_gallery_v4_decoder,telekin_by_diego_cathalifaud,120000,0.842995
multi_scaling_gallery_v4_uncond_match_s0,telekin_by_diego_cathalifaud,150000,0.842995
multi_scaling_gallery_v4_decoder,j_by_jack_gilbert,120000,0.843284
multi_scaling_gallery_v4_decoder,MazezaM,120000,0.844697
multi_scaling_gallery_v2_cond_match_s1,rigid_parallel_many,30000,0.845070
multi_scaling_gallery_v4_decoder_sprites_eos,MC_Escher's_Equestrian_Armageddon,150000,0.846774
multi_scaling_gallery_v4_cond_match_s1,mr.hooper_by_yadel23,150000,0.846821
multi_scaling_gallery_v4_cond_match_s0,abocalipc_zumbi_br_by_robertjesus,150000,0.848195
multi_scaling_gallery_v2_cond_match_s0,Smother,150000,0.848806
multi_scaling_gallery_v4_uncond_match_s0,swizzeroony_by_increpare,150000,0.850282
multi_scaling_gallery_v4_decoder,error_1_by_bvoq,120000,0.850427
multi_scaling_gallery_v3,Lightdown,150000,0.850490
multi_scaling_gallery_v4_decoder_sprites_eos,rigid_many_broken,150000,0.850780
multi_scaling_gallery_v3_decoder,MC_Escher's_Equestrian_Armageddon,150000,0.850806
multi_scaling_gallery_v4_decoder,Midas,120000,0.852720
multi_scaling_gallery_v3_decoder_sprites_eos,MC_Escher's_Equestrian_Armageddon,150000,0.854839
multi_scaling_gallery_v4_cond_match_s1,telekin_by_diego_cathalifaud,150000,0.855072
multi_scaling_gallery_v2_uncond_match_s0_legacy_pool_in_conv,Stairways,150000,0.855114
multi_scaling_gallery_v3_decoder_sprites_eos,Lightdown,150000,0.855392
multi_scaling_gallery_v4_decoder,abocalipc_zumbi_br_by_robertjesus,120000,0.855626
multi_scaling_gallery_v4_decoder_sprites_eos,Midas,150000,0.857741
multi_scaling_gallery_v4_uncond_match_s0,j_by_jack_gilbert,150000,0.858209
multi_scaling_gallery_v4_cond_match_s1,prototype_by_tebrown1011,150000,0.858553
multi_scaling_gallery_v4_decoder_sprites_eos,error_1_by_bvoq,150000,0.858974
multi_scaling_gallery_v4_uncond_match_s0,error_1_by_bvoq,150000,0.858974
multi_scaling_gallery_v4_decoder,go_hunt_ψ™![beta]_by_puzzle00,120000,0.859359
multi_scaling_gallery_v4_uncond_match_s0,abocalipc_zumbi_br_by_robertjesus,150000,0.859873
multi_scaling_gallery_v4_cond_match_s1,puzzle_script_random_game_by_jeremy_labossiere,150000,0.861284
multi_scaling_gallery_v2_cond_match_s1,Take_Heart_Lass,30000,0.862814
multi_scaling_gallery_v4_cond_match_s0,error_1_by_bvoq,150000,0.863248
multi_scaling_gallery_v4_uncond_match_s0,Monster_block_push_game,150000,0.863946
multi_scaling_gallery_v4_uncond_match_s0,Midas,150000,0.864435
multi_scaling_gallery_v4_cond_match_s1,rigid_many_broken,150000,0.865526
multi_scaling_gallery_v4_cond_match_s1,Lime_Rick,150000,0.865753
multi_scaling_gallery_v4_decoder_sprites_eos,Lime_Rick,150000,0.866667
multi_scaling_gallery_v2_uncond_match_s0,Smother,150000,0.867374
multi_scaling_gallery_v4_decoder,prototype_by_tebrown1011,120000,0.867857
multi_scaling_gallery_v4_decoder,endless_practice_by_plurmorant,120000,0.867925
multi_scaling_gallery_v4_decoder_sprites_eos,endless_practice_by_plurmorant,150000,0.867925
multi_scaling_gallery_v4_uncond_match_s0,endless_practice_by_plurmorant,150000,0.867925
multi_scaling_gallery_v4_cond_match_s1,error_1_by_bvoq,150000,0.868726
multi_scaling_gallery_v4_cond_match_s0,mr.hooper_by_yadel23,150000,0.869416
multi_scaling_gallery_v3_decoder,pokemon_gooooo_by_drewdrewsan,150000,0.869565
multi_scaling_gallery_v3_decoder,rigid_many_broken,150000,0.869711
multi_scaling_gallery_v4_cond_match_s1,bahçıvanın_çiçekleri_by_harunylc,150000,0.870748
multi_scaling_gallery_v4_uncond_match_s0,combo_by_nicholas_udell,150000,0.871287
multi_scaling_gallery_v2_cond_match_s1,actiontest,30000,0.874384
multi_scaling_gallery_v4_uncond_match_s0,go_hunt_ψ™![beta]_by_puzzle00,150000,0.877878
multi_scaling_gallery_v2_cond_match_s1,rigid_many_broken,30000,0.878652
multi_scaling_gallery_v2_cond_match_s1,blockfaker,30000,0.879630
multi_scaling_gallery_v4_decoder_sprites_eos,go_hunt_ψ™![beta]_by_puzzle00,150000,0.880380
multi_scaling_gallery_v3_decoder_sprites_eos,pokemon_gooooo_by_drewdrewsan,150000,0.881793
multi_scaling_gallery_v2_cond_match_s1,rigid_one_unlimited,30000,0.883362
multi_scaling_gallery_v3,rigid_many_broken,150000,0.884187
multi_scaling_gallery_v3_decoder_sprites_eos,rigid_many_broken,150000,0.884187
multi_scaling_gallery_v3_decoder_sprites_eos,Time-reversed_Microban,150000,0.884892
multi_scaling_gallery_v3,pokemon_gooooo_by_drewdrewsan,150000,0.885870
multi_scaling_gallery_v2_uncond_match_s1,MC_Escher's_Equestrian_Armageddon,150000,0.885965
multi_scaling_gallery_v4_cond_match_s0,test_teleportation_by_eoniz,150000,0.886792
multi_scaling_gallery_v2_uncond_match_s1,It_Dies_In_The_Light,150000,0.887313
multi_scaling_gallery_v4_decoder,mazetest,120000,0.887435
multi_scaling_gallery_v4_cond_match_s0,telekin_by_diego_cathalifaud,150000,0.888889
multi_scaling_gallery_v2_uncond_match_s1,rigid_scott1,150000,0.889113
multi_scaling_gallery_v2_cond_match_s0,MC_Escher's_Equestrian_Armageddon,150000,0.889381
multi_scaling_gallery_v4_cond_match_s0,endless_practice_by_plurmorant,150000,0.889937
multi_scaling_gallery_v2_cond_match_s1,randomspawner,30000,0.890180
multi_scaling_gallery_v4_cond_match_s0,Midas,150000,0.893724
multi_scaling_gallery_v4_uncond_match_s0,test_teleportation_by_eoniz,150000,0.893868
multi_scaling_gallery_v4_cond_match_s1,Midas,150000,0.894737
multi_scaling_gallery_v4_uncond_match_s0,lumberjack_run_by_nickromancer,150000,0.895582
multi_scaling_gallery_v4_uncond_match_s0,prototype_by_tebrown1011,150000,0.896429
multi_scaling_gallery_v4_decoder,weeeee_by_phuongstillhatework,120000,0.897059
multi_scaling_gallery_v4_cond_match_s1,combo_by_nicholas_udell,150000,0.897959
multi_scaling_gallery_v2_uncond_match_s0_legacy_pool_in_conv,sokoban_match3,150000,0.899676
multi_scaling_gallery_v2_uncond_match_s0_legacy_pool_in_conv,wrappingrecipe,150000,0.900000
multi_scaling_gallery_v2_cond_match_s1,rigid_scott1,30000,0.903226
multi_scaling_gallery_v4_decoder,swizzeroony_by_increpare,120000,0.903955
multi_scaling_gallery_v4_cond_match_s0,maze_by_251119s,150000,0.904441
multi_scaling_gallery_v4_uncond_match_s0,MazezaM,150000,0.905303
multi_scaling_gallery_v4_decoder_sprites_eos,maze_by_251119s,150000,0.905787
multi_scaling_gallery_v4_decoder_sprites_eos,bahçıvanın_çiçekleri_by_harunylc,150000,0.906349
multi_scaling_gallery_v2_uncond_match_s0_legacy_pool_in_conv,rigid_many_broken,150000,0.906639
multi_scaling_gallery_v2_cond_match_s1,kettle,30000,0.906746
multi_scaling_gallery_v4_decoder,maze_by_251119s,120000,0.907133
multi_scaling_gallery_v4_decoder_sprites_eos,prototype_by_tebrown1011,150000,0.907143
multi_scaling_gallery_v4_uncond_match_s0,rigid_parallel_many,150000,0.907217
multi_scaling_gallery_v3_decoder_sprites_eos,rigid_parallel_many,150000,0.909278
multi_scaling_gallery_v4_decoder,rigid_parallel_many,120000,0.909278
multi_scaling_gallery_v4_cond_match_s0,cow_rancher_by_bagenzo,150000,0.911357
multi_scaling_gallery_v4_decoder,cow_rancher_by_bagenzo,120000,0.911357
multi_scaling_gallery_v4_decoder,lumberjack_run_by_nickromancer,120000,0.911647
multi_scaling_gallery_v4_cond_match_s0,mini_grapplenauts_by_jesse_purvis,150000,0.912020
multi_scaling_gallery_v4_cond_match_s0,swizzeroony_by_increpare,150000,0.912429
multi_scaling_gallery_v2_uncond_match_s0_legacy_pool_in_conv,blockfaker,150000,0.912903
multi_scaling_gallery_v4_uncond_match_s0,actiontest,150000,0.914573
multi_scaling_gallery_v2_cond_match_s1,2D_Whale_World,30000,0.915287
multi_scaling_gallery_v2_cond_match_s1,Travelling_salesman,30000,0.915385
multi_scaling_gallery_v4_cond_match_s0,lumberjack_run_by_nickromancer,150000,0.915663
multi_scaling_gallery_v4_cond_match_s1,abocalipc_zumbi_br_by_robertjesus,150000,0.915779
multi_scaling_gallery_v2_uncond_match_s0,MC_Escher's_Equestrian_Armageddon,150000,0.915929
multi_scaling_gallery_v2_uncond_match_s1,Lightdown,150000,0.917453
multi_scaling_gallery_v4_cond_match_s0,ditto_by_acercandrito,150000,0.917874
multi_scaling_gallery_v4_cond_match_s0,move_3_crates_next_to_eachother_by_alex_giger,150000,0.918605
multi_scaling_gallery_v4_decoder,flipping_by_mlipmanh,120000,0.918809
multi_scaling_gallery_v4_decoder_sprites_eos,lumberjack_run_by_nickromancer,150000,0.919679
multi_scaling_gallery_v4_cond_match_s0,go_hunt_ψ™![beta]_by_puzzle00,150000,0.919920
multi_scaling_gallery_v4_uncond_match_s0,Ebony_&_Ivory,150000,0.920195
multi_scaling_gallery_v4_cond_match_s1,Some_lines_were_meant_to_be_crossed,150000,0.920635
multi_scaling_gallery_v4_decoder,mini_grapplenauts_by_jesse_purvis,120000,0.920694
multi_scaling_gallery_v4_uncond_match_s0,mini_grapplenauts_by_jesse_purvis,150000,0.920694
multi_scaling_gallery_v3_decoder_sprites_eos,encuentra_a_tu_amigo_by_tobiasguzzo,150000,0.921397
multi_scaling_gallery_v4_decoder_sprites_eos,mazetest,150000,0.921466
multi_scaling_gallery_v4_cond_match_s0,rigid_parallel_many,150000,0.922680
multi_scaling_gallery_v3,Lime_Rick,150000,0.923077
multi_scaling_gallery_v4_uncond_match_s0,maze_by_251119s,150000,0.923284
multi_scaling_gallery_v4_decoder_sprites_eos,swizzeroony_by_increpare,150000,0.923729
multi_scaling_gallery_v2_uncond_match_s1,rigid_many_broken,150000,0.924719
multi_scaling_gallery_v3_decoder,rigid_parallel_many,150000,0.924742
multi_scaling_gallery_v4_decoder_sprites_eos,cow_rancher_by_bagenzo,150000,0.925208
multi_scaling_gallery_v4_cond_match_s0,MazezaM,150000,0.926768
multi_scaling_gallery_v4_decoder_sprites_eos,rigid_parallel_many,150000,0.926804
multi_scaling_gallery_v4_decoder_sprites_eos,flipping_by_mlipmanh,150000,0.926928
multi_scaling_gallery_v4_uncond_match_s0,cow_rancher_by_bagenzo,150000,0.927978
multi_scaling_gallery_v4_decoder_sprites_eos,mini_grapplenauts_by_jesse_purvis,150000,0.928129
multi_scaling_gallery_v2_cond_match_s1,Ebony_&_Ivory,30000,0.928969
multi_scaling_gallery_v4_decoder_sprites_eos,robot_run_by_veeraalt,150000,0.930097
multi_scaling_gallery_v4_uncond_match_s0,build_a_snowman_v1.0_by_minjikim2013,150000,0.930723
multi_scaling_gallery_v4_uncond_match_s0,robot_run_by_veeraalt,150000,0.931262
multi_scaling_gallery_v2_uncond_match_s0_legacy_pool_in_conv,It_Dies_In_The_Light,150000,0.931930
multi_scaling_gallery_v4_cond_match_s1,go_hunt_ψ™![beta]_by_puzzle00,150000,0.932177
multi_scaling_gallery_v4_uncond_match_s0,flipping_by_mlipmanh,150000,0.932341
multi_scaling_gallery_v2_cond_match_s1,Slidings,30000,0.932604
multi_scaling_gallery_v2_cond_match_s1,Multi-word_Dictionary_Game,30000,0.934466
multi_scaling_gallery_v4_uncond_match_s0,ditto_by_acercandrito,150000,0.934783
multi_scaling_gallery_v2_cond_match_s0,rigid_many_broken,150000,0.935165
multi_scaling_gallery_v4_cond_match_s1,mazetest,150000,0.935567
multi_scaling_gallery_v4_cond_match_s0,prototype_by_tebrown1011,150000,0.935714
multi_scaling_gallery_v4_cond_match_s1,cow_rancher_by_bagenzo,150000,0.939252
multi_scaling_gallery_v4_decoder_sprites_eos,rabbit_meets_camel_by_james_wood,150000,0.940415
multi_scaling_gallery_v4_decoder,crossing_the_gap_by_barefootengineer1,120000,0.940510
multi_scaling_gallery_v4_cond_match_s0,weeeee_by_phuongstillhatework,150000,0.941176
multi_scaling_gallery_v3,MazezaM,150000,0.941919
multi_scaling_gallery_v4_cond_match_s1,rabbit_meets_camel_by_james_wood,150000,0.941919
multi_scaling_gallery_v2_uncond_match_s0_legacy_pool_in_conv,Midas,150000,0.942832
multi_scaling_gallery_v2_uncond_match_s0_legacy_pool_in_conv,rigid_11,150000,0.944444
multi_scaling_gallery_v2_cond_match_s0,rigid_one_unlimited,150000,0.944767
multi_scaling_gallery_v3_decoder_sprites_eos,cyber_sokoban_by_eraykaan,150000,0.944844
multi_scaling_gallery_v4_cond_match_s0,robot_run_by_veeraalt,150000,0.945243
multi_scaling_gallery_v4_decoder,robot_run_by_veeraalt,120000,0.945243
multi_scaling_gallery_v4_cond_match_s0,rabbit_meets_camel_by_james_wood,150000,0.945596
multi_scaling_gallery_v4_uncond_match_s0,weeeee_by_phuongstillhatework,150000,0.947059
multi_scaling_gallery_v4_uncond_match_s0,simple_block_pushing_game_by_zacharybarbanell,150000,0.947149
multi_scaling_gallery_v4_decoder_sprites_eos,space_invaders_by_solafson,150000,0.947218
multi_scaling_gallery_v4_cond_match_s1,lumberjack_run_by_nickromancer,150000,0.947791
multi_scaling_gallery_v4_cond_match_s1,ditto_by_acercandrito,150000,0.948529
multi_scaling_gallery_v2_cond_match_s1,The_observer's_paradox,30000,0.948663
multi_scaling_gallery_v4_decoder,build_a_snowman_v1.0_by_minjikim2013,120000,0.948795
multi_scaling_gallery_v3_decoder,cyber_sokoban_by_eraykaan,150000,0.949640
multi_scaling_gallery_v4_decoder,variations_on_constellation_z_by_n_a,120000,0.949713
multi_scaling_gallery_v4_cond_match_s1,2D_Whale_World,150000,0.950980
multi_scaling_gallery_v4_cond_match_s0,Ebony_&_Ivory,150000,0.951140
multi_scaling_gallery_v4_cond_match_s0,variations_on_constellation_z_by_n_a,150000,0.951149
multi_scaling_gallery_v4_cond_match_s1,MazezaM,150000,0.951219
multi_scaling_gallery_v3_decoder,Lime_Rick,150000,0.951282
multi_scaling_gallery_v4_decoder_sprites_eos,weeeee_by_phuongstillhatework,150000,0.951471
multi_scaling_gallery_v4_uncond_match_s0,davib_by_thebigfive-381,150000,0.951493
multi_scaling_gallery_v4_decoder,ditto_by_acercandrito,120000,0.951691
multi_scaling_gallery_v4_cond_match_s0,crossing_the_gap_by_barefootengineer1,150000,0.951841
multi_scaling_gallery_v2_cond_match_s1,rigid_parallel_unlimited,30000,0.951995
multi_scaling_gallery_v2_cond_match_s1,Stairways,30000,0.952055
multi_scaling_gallery_v2_cond_match_s0,mazetest,150000,0.952238
multi_scaling_gallery_v4_decoder_sprites_eos,actiontest,150000,0.952261
multi_scaling_gallery_v4_cond_match_s1,rigid_parallel_many,150000,0.952471
multi_scaling_gallery_v4_decoder_sprites_eos,Ebony_&_Ivory,150000,0.952769
multi_scaling_gallery_v2_uncond_match_s0_legacy_pool_in_conv,Lime_Rick,150000,0.953405
multi_scaling_gallery_v4_decoder,move_3_crates_next_to_eachother_by_alex_giger,120000,0.953488
multi_scaling_gallery_v2_uncond_match_s0,rigid_scott1,150000,0.953782
multi_scaling_gallery_v3_decoder,________________by_bagenzo,150000,0.954442
multi_scaling_gallery_v3_decoder_sprites_eos,nabokos_3_-_tech_demo_by_asynartesies,150000,0.954545
multi_scaling_gallery_v4_uncond_match_s0,variations_on_constellation_z_by_n_a,150000,0.955101
multi_scaling_gallery_v3_decoder,kettle,150000,0.955128
multi_scaling_gallery_v4_decoder_sprites_eos,buny_hoping_by_pickten,150000,0.955399
multi_scaling_gallery_v3_decoder_sprites_eos,Ebony_&_Ivory,150000,0.956026
multi_scaling_gallery_v2_uncond_match_s0,rigid_many_broken,150000,0.956044
multi_scaling_gallery_v4_decoder,Take_Heart_Lass,120000,0.956909
multi_scaling_gallery_v3_decoder,MazezaM,150000,0.957071
multi_scaling_gallery_v4_cond_match_s1,robot_run_by_veeraalt,150000,0.957177
multi_scaling_gallery_v2_cond_match_s1,Modality,30000,0.957831
multi_scaling_gallery_v2_uncond_match_s0_legacy_pool_in_conv,Multi-word_Dictionary_Game,150000,0.958549
multi_scaling_gallery_v2_uncond_match_s0_legacy_pool_in_conv,blank,150000,0.958599
multi_scaling_gallery_v4_cond_match_s1,maze_by_251119s,150000,0.958967
multi_scaling_gallery_v3_decoder_sprites_eos,Midas,150000,0.958996
multi_scaling_gallery_v3,________________by_bagenzo,150000,0.958998
multi_scaling_gallery_v4_uncond_match_s0,bit_treat_by_barefootengineer1,150000,0.959184
multi_scaling_gallery_v4_uncond_match_s0,welcome_to_flatland_by_caitlin_weaver,150000,0.959184
multi_scaling_gallery_v3,cyber_sokoban_by_eraykaan,150000,0.959233
multi_scaling_gallery_v4_uncond_match_s0,the_far_away_danish_pastry_is_always_deliciouser_by_increpare_[variant_of_lexaloffles_neko_puzzle],150000,0.959596
multi_scaling_gallery_v4_uncond_match_s0,constellationz,150000,0.959980
multi_scaling_gallery_v4_cond_match_s1,mini_grapplenauts_by_jesse_purvis,150000,0.960097
multi_scaling_gallery_v4_uncond_match_s0,crossing_the_gap_by_barefootengineer1,150000,0.960340
multi_scaling_gallery_v4_cond_match_s0,mazetest,150000,0.960733
multi_scaling_gallery_v4_decoder_sprites_eos,build_a_snowman_v1.0_by_minjikim2013,150000,0.960843
multi_scaling_gallery_v4_cond_match_s0,simple_block_pushing_game_by_zacharybarbanell,150000,0.961057
multi_scaling_gallery_v4_decoder_sprites_eos,2D_Whale_World,150000,0.961094
multi_scaling_gallery_v4_decoder_sprites_eos,variations_on_constellation_z_by_n_a,150000,0.961207
multi_scaling_gallery_v4_cond_match_s1,Ebony_&_Ivory,150000,0.961310
multi_scaling_gallery_v4_decoder_sprites_eos,ditto_by_acercandrito,150000,0.961353
multi_scaling_gallery_v2_uncond_match_s0_legacy_pool_in_conv,sokoban_basic,150000,0.961538
multi_scaling_gallery_v3_decoder,Some_lines_were_meant_to_be_crossed,150000,0.961538
multi_scaling_gallery_v3,constellationz,150000,0.962032
multi_scaling_gallery_v2_cond_match_s0,Midas,150000,0.962173
multi_scaling_gallery_v2_cond_match_s1,nekopuzzle,30000,0.962963
multi_scaling_gallery_v2_uncond_match_s1,blockfaker,150000,0.962963
multi_scaling_gallery_v4_uncond_match_s0,Take_Heart_Lass,150000,0.962998
multi_scaling_gallery_v4_cond_match_s1,build_a_snowball_v2_by_coconana9010,150000,0.963118
multi_scaling_gallery_v3_decoder_sprites_eos,kettle,150000,0.963141
multi_scaling_gallery_v4_uncond_match_s0,kettle,150000,0.963141
multi_scaling_gallery_v2_uncond_match_s0,Lime_Rick,150000,0.963173
multi_scaling_gallery_v3_decoder,Midas,150000,0.963180
multi_scaling_gallery_v4_cond_match_s0,bit_treat_by_barefootengineer1,150000,0.963265
multi_scaling_gallery_v4_uncond_match_s0,feed_the_flames_by_callum_scott,150000,0.963576
multi_scaling_gallery_v4_decoder,Ebony_&_Ivory,120000,0.964169
multi_scaling_gallery_v2_cond_match_s1,the_art_of_cloning,30000,0.964435
multi_scaling_gallery_v4_decoder,amor_en_tiempos_de_pandemia_by_i.enba,120000,0.964533
multi_scaling_gallery_v4_uncond_match_s0,amor_en_tiempos_de_pandemia_by_i.enba,150000,0.964533
multi_scaling_gallery_v3,kettle,150000,0.964744
multi_scaling_gallery_v3,Union_Move,150000,0.965026
multi_scaling_gallery_v4_decoder,simple_block_pushing_game_by_zacharybarbanell,120000,0.965230
multi_scaling_gallery_v2_cond_match_s1,octat,30000,0.965447
multi_scaling_gallery_v4_decoder_sprites_eos,build_a_snowball_v2_by_coconana9010,150000,0.965547
multi_scaling_gallery_v2_cond_match_s0,rigid_parallel_many,150000,0.965551
multi_scaling_gallery_v3_decoder_sprites_eos,constellationz,150000,0.965623
multi_scaling_gallery_v4_decoder_sprites_eos,Take_Heart_Lass,150000,0.965808
multi_scaling_gallery_v4_decoder_sprites_eos,crossing_the_gap_by_barefootengineer1,150000,0.966006
multi_scaling_gallery_v4_cond_match_s1,kettle,150000,0.966270
multi_scaling_gallery_v3_decoder_sprites_eos,Take_Heart_Lass,150000,0.966276
multi_scaling_gallery_v4_decoder,kettle,120000,0.966346
multi_scaling_gallery_v2_uncond_match_s0_legacy_pool_in_conv,rigid_parallel_many,150000,0.966395
multi_scaling_gallery_v4_decoder,match_by_0creds,120000,0.966667
multi_scaling_gallery_v2_uncond_match_s0,Midas,150000,0.967022
multi_scaling_gallery_v4_decoder,actiontest,120000,0.967337
multi_scaling_gallery_v4_cond_match_s0,constellationz,150000,0.967676
multi_scaling_gallery_v2_uncond_match_s0_legacy_pool_in_conv,2D_Whale_World,150000,0.967822
multi_scaling_gallery_v4_cond_match_s0,kettle,150000,0.967949
multi_scaling_gallery_v4_cond_match_s0,amor_en_tiempos_de_pandemia_by_i.enba,150000,0.967993
multi_scaling_gallery_v2_cond_match_s0,Lightdown,150000,0.968116
multi_scaling_gallery_v4_decoder,Travelling_salesman,120000,0.968254
multi_scaling_gallery_v4_cond_match_s1,Take_Heart_Lass,150000,0.969261
multi_scaling_gallery_v4_decoder,buny_hoping_by_pickten,120000,0.969484
multi_scaling_gallery_v4_decoder_sprites_eos,amor_en_tiempos_de_pandemia_by_i.enba,150000,0.969723
multi_scaling_gallery_v3_decoder,venganza_i_by_felipe_gomez,150000,0.969780
multi_scaling_gallery_v4_uncond_match_s0,push_pull_undo_redo_by_11pepi,150000,0.970000
multi_scaling_gallery_v3,blockfaker,150000,0.970395
multi_scaling_gallery_v4_decoder,blockfaker,120000,0.970395
multi_scaling_gallery_v4_decoder_sprites_eos,blockfaker,150000,0.970395
multi_scaling_gallery_v4_uncond_match_s0,blockfaker,150000,0.970395
multi_scaling_gallery_v4_uncond_match_s0,build_a_snowball_v2_by_coconana9010,150000,0.970715
multi_scaling_gallery_v4_decoder,constellationz,120000,0.971267
multi_scaling_gallery_v2_uncond_match_s1,Midas,150000,0.971352
multi_scaling_gallery_v4_cond_match_s1,simple_block_pushing_game_by_zacharybarbanell,150000,0.971631
multi_scaling_gallery_v2_uncond_match_s1,Lime_Rick,150000,0.971930
multi_scaling_gallery_v4_uncond_match_s0,Some_lines_were_meant_to_be_crossed,150000,0.972028
multi_scaling_gallery_v3_decoder,Ebony_&_Ivory,150000,0.972313
multi_scaling_gallery_v3,Midas,150000,0.972385
multi_scaling_gallery_v2_cond_match_s0,constellationz,150000,0.972550
multi_scaling_gallery_v4_cond_match_s1,blockfaker,150000,0.972561
multi_scaling_gallery_v4_cond_match_s1,push_pull_undo_redo_by_11pepi,150000,0.972881
multi_scaling_gallery_v4_cond_match_s1,swizzeroony_by_increpare,150000,0.972973
multi_scaling_gallery_v4_cond_match_s1,weeeee_by_phuongstillhatework,150000,0.973014
multi_scaling_gallery_v2_uncond_match_s1,MazezaM,150000,0.973118
multi_scaling_gallery_v4_cond_match_s0,2D_Whale_World,150000,0.973712
multi_scaling_gallery_v4_uncond_match_s0,randomspawner,150000,0.973779
multi_scaling_gallery_v4_uncond_match_s0,rigid_parallel_unlimited,150000,0.973877
multi_scaling_gallery_v4_decoder,rgb_by_michael_straeubig,120000,0.973988
multi_scaling_gallery_v4_uncond_match_s0,rgb_by_michael_straeubig,150000,0.973988
multi_scaling_gallery_v2_cond_match_s1,Long_Haul_Space_Flight,30000,0.974000
multi_scaling_gallery_v3,rigid_parallel_many,150000,0.974227
multi_scaling_gallery_v3,buny_hoping_by_pickten,150000,0.974359
multi_scaling_gallery_v2_uncond_match_s0_legacy_pool_in_conv,rigid_parallel_unlimited,150000,0.974438
multi_scaling_gallery_v2_cond_match_s0,MazezaM,150000,0.974490
multi_scaling_gallery_v2_cond_match_s0,Lime_Rick,150000,0.974504
multi_scaling_gallery_v4_cond_match_s0,Take_Heart_Lass,150000,0.974707
multi_scaling_gallery_v4_cond_match_s0,rigid_scott1,150000,0.974886
multi_scaling_gallery_v4_decoder,rigid_scott1,120000,0.974886
multi_scaling_gallery_v4_decoder_sprites_eos,simple_block_pushing_game_by_zacharybarbanell,150000,0.974965
multi_scaling_gallery_v2_cond_match_s1,Microban,30000,0.975000
multi_scaling_gallery_v4_decoder,simple_block_pushing_game_by_zaydiscool777,120000,0.975248
multi_scaling_gallery_v4_decoder_sprites_eos,randomspawner,150000,0.975321
multi_scaling_gallery_v4_decoder,bit_treat_by_barefootengineer1,120000,0.975510
multi_scaling_gallery_v4_cond_match_s1,buny_hoping_by_pickten,150000,0.975771
multi_scaling_gallery_v4_cond_match_s1,twolittlecrates2,150000,0.975877
multi_scaling_gallery_v4_cond_match_s1,bit_treat_by_barefootengineer1,150000,0.975930
multi_scaling_gallery_v4_decoder_sprites_eos,kettle,150000,0.975962
multi_scaling_gallery_v4_cond_match_s1,rgb_by_michael_straeubig,150000,0.976077
multi_scaling_gallery_v2_uncond_match_s1,rigid_parallel_many,150000,0.976232
multi_scaling_gallery_v3_decoder,nabokos_3_-_tech_demo_by_asynartesies,150000,0.976255
multi_scaling_gallery_v4_decoder,randomspawner,120000,0.976350
multi_scaling_gallery_v4_uncond_match_s0,robot_soccer_by_weiliuu,150000,0.976378
multi_scaling_gallery_v3_decoder,mazetest,150000,0.976440
multi_scaling_gallery_v3_decoder_sprites_eos,mazetest,150000,0.976440
multi_scaling_gallery_v4_uncond_match_s0,buny_hoping_by_pickten,150000,0.976526
multi_scaling_gallery_v4_decoder_sprites_eos,push_pull_undo_redo_by_11pepi,150000,0.976667
multi_scaling_gallery_v3_decoder,Union_Move,150000,0.976684
multi_scaling_gallery_v4_decoder,build_a_snowball_v2_by_coconana9010,120000,0.976744
multi_scaling_gallery_v4_uncond_match_s0,displacement_by_oliverwebsim,150000,0.977178
multi_scaling_gallery_v4_cond_match_s1,test_teleportation_by_eoniz,150000,0.977401
multi_scaling_gallery_v2_cond_match_s0,kettle,150000,0.977564
multi_scaling_gallery_v3,nabokos_3_-_tech_demo_by_asynartesies,150000,0.977612
multi_scaling_gallery_v2_cond_match_s1,constellationz,30000,0.977717
multi_scaling_gallery_v4_cond_match_s0,simple_block_pushing_game_by_zaydiscool777,150000,0.977723
multi_scaling_gallery_v2_uncond_match_s0_legacy_pool_in_conv,Take_Heart_Lass,150000,0.977960
multi_scaling_gallery_v3,encuentra_a_tu_amigo_by_tobiasguzzo,150000,0.978166
multi_scaling_gallery_v2_uncond_match_s0,rigid_parallel_many,150000,0.978346
multi_scaling_gallery_v3,Time-reversed_Microban,150000,0.978417
multi_scaling_gallery_v4_cond_match_s0,build_a_snowball_v2_by_coconana9010,150000,0.978467
multi_scaling_gallery_v2_uncond_match_s0,kettle,150000,0.979167
multi_scaling_gallery_v4_uncond_match_s0,Long_Haul_Space_Flight,150000,0.979339
multi_scaling_gallery_v3_decoder_sprites_eos,rigid_scott1,150000,0.979452
multi_scaling_gallery_v2_uncond_match_s0_legacy_pool_in_conv,Modality,150000,0.979532
multi_scaling_gallery_v4_decoder_sprites_eos,naomis_challenge_4_game_winter_by_techythanh,150000,0.979592
multi_scaling_gallery_v2_uncond_match_s0,Lightdown,150000,0.979710
multi_scaling_gallery_v4_decoder,Bridge-toggle_Maze,120000,0.979730
multi_scaling_gallery_v3,Take_Heart_Lass,150000,0.979860
multi_scaling_gallery_v2_cond_match_s1,wrappingrecipe,30000,0.980000
multi_scaling_gallery_v4_decoder,push_pull_undo_redo_by_11pepi,120000,0.980000
multi_scaling_gallery_v4_uncond_match_s0,puzzle_by_unknown_author,150000,0.980114
multi_scaling_gallery_v4_decoder,feed_the_flames_by_callum_scott,120000,0.980132
multi_scaling_gallery_v2_cond_match_s1,Love_and_Pieces,30000,0.980180
multi_scaling_gallery_v4_cond_match_s1,amor_en_tiempos_de_pandemia_by_i.enba,150000,0.980308
multi_scaling_gallery_v2_uncond_match_s0_legacy_pool_in_conv,MazezaM,150000,0.980363
multi_scaling_gallery_v4_decoder,test_golfer_by_simonskvara,120000,0.980556
multi_scaling_gallery_v2_uncond_match_s0_legacy_pool_in_conv,mazetest,150000,0.980583
multi_scaling_gallery_v3_decoder_sprites_eos,rigid_one_unlimited,150000,0.980892
multi_scaling_gallery_v4_decoder,Collapsable_Sokoban,120000,0.980916
multi_scaling_gallery_v4_decoder,the_poop_game_by_pontus_granstrom,120000,0.980952
multi_scaling_gallery_v4_uncond_match_s0,build_a_snowman_v1.0_by_kimchi2012,150000,0.981013
multi_scaling_gallery_v2_uncond_match_s0,constellationz,150000,0.981016
multi_scaling_gallery_v4_uncond_match_s0,2D_Whale_World,150000,0.981073
multi_scaling_gallery_v4_uncond_match_s0,Zen_Puzzle_Garden,150000,0.981081
multi_scaling_gallery_v4_decoder_sprites_eos,constellationz,150000,0.981529
multi_scaling_gallery_v2_cond_match_s1,Singleton_Traffic,30000,0.981536
multi_scaling_gallery_v4_uncond_match_s0,twolittlecrates3,150000,0.981707
multi_scaling_gallery_v3_decoder,rigid_scott1,150000,0.981735
multi_scaling_gallery_v4_cond_match_s1,crossing_the_gap_by_barefootengineer1,150000,0.981763
multi_scaling_gallery_v3_decoder_sprites_eos,boxob_by_randomnamemn,150000,0.981949
multi_scaling_gallery_v3_decoder_sprites_eos,randomspawner,150000,0.982005
multi_scaling_gallery_v3_decoder,buny_hoping_by_pickten,150000,0.982051
multi_scaling_gallery_v4_cond_match_s1,constellationz,150000,0.982174
multi_scaling_gallery_v3_decoder,randomspawner,150000,0.982519
multi_scaling_gallery_v3_decoder,encuentra_a_tu_amigo_by_tobiasguzzo,150000,0.982533
multi_scaling_gallery_v4_decoder,Modality,120000,0.982558
multi_scaling_gallery_v4_cond_match_s0,rgb_by_michael_straeubig,150000,0.982659
multi_scaling_gallery_v4_decoder_sprites_eos,rgb_by_michael_straeubig,150000,0.982659
multi_scaling_gallery_v4_decoder_sprites_eos,simple_block_pushing_game_by_zaydiscool777,150000,0.982673
multi_scaling_gallery_v2_uncond_match_s0,Ebony_&_Ivory,150000,0.982709
multi_scaling_gallery_v4_decoder,naomis_challenge_4_game_winter_by_techythanh,120000,0.982993
multi_scaling_gallery_v4_decoder,hanoi_by_sfiera,120000,0.983051
multi_scaling_gallery_v4_decoder_sprites_eos,hanoi_by_sfiera,150000,0.983051
multi_scaling_gallery_v4_cond_match_s0,test_golfer_by_simonskvara,150000,0.983333
multi_scaling_gallery_v4_decoder_sprites_eos,test_golfer_by_simonskvara,150000,0.983333
multi_scaling_gallery_v3,el_laberinto_dorado_by_skyemoure,150000,0.983444
multi_scaling_gallery_v4_cond_match_s0,randomspawner,150000,0.983548
multi_scaling_gallery_v3_decoder,blockfaker,150000,0.983553
multi_scaling_gallery_v4_decoder,threat_level_midnight_by_vignesh,120000,0.983607
multi_scaling_gallery_v4_decoder_sprites_eos,bit_treat_by_barefootengineer1,150000,0.983673
multi_scaling_gallery_v4_decoder,sokoban_match3,120000,0.983819
multi_scaling_gallery_v4_cond_match_s1,randomspawner,150000,0.983863
multi_scaling_gallery_v2_cond_match_s1,Collapsable_Sokoban,30000,0.983914
multi_scaling_gallery_v4_cond_match_s1,variations_on_constellation_z_by_n_a,150000,0.983986
multi_scaling_gallery_v3,rigid_scott1,150000,0.984018
multi_scaling_gallery_v4_cond_match_s1,davib_by_thebigfive-381,150000,0.984277
multi_scaling_gallery_v3,rigid_parallel_unlimited,150000,0.984326
multi_scaling_gallery_v3_decoder,bit_treats_by_barefootengineer1,150000,0.984520
multi_scaling_gallery_v3_decoder,Take_Heart_Lass,150000,0.984543
multi_scaling_gallery_v3,randomspawner,150000,0.984576
multi_scaling_gallery_v4_cond_match_s1,rigid_scott1,150000,0.984848
multi_scaling_gallery_v4_decoder,blockpush_by_tapcat,120000,0.984848
multi_scaling_gallery_v4_uncond_match_s0,blockpush_by_tapcat,150000,0.984848
multi_scaling_gallery_v4_cond_match_s0,actiontest,150000,0.984925
multi_scaling_gallery_v4_decoder,davib_by_thebigfive-381,120000,0.985075
multi_scaling_gallery_v4_cond_match_s0,flipping_by_mlipmanh,150000,0.985115
multi_scaling_gallery_v4_decoder,rigid_parallel_unlimited,120000,0.985371
multi_scaling_gallery_v3_decoder,Modality,150000,0.985465
multi_scaling_gallery_v3_decoder,Long_Haul_Space_Flight,150000,0.985537
multi_scaling_gallery_v3_decoder,Dot_Puzzle_3.1,150000,0.985549
multi_scaling_gallery_v4_decoder,space_invaders_by_solafson,120000,0.985735
multi_scaling_gallery_v4_cond_match_s1,feed_the_flames_by_callum_scott,150000,0.985795
multi_scaling_gallery_v4_decoder_sprites_eos,Stairways,150000,0.985795
multi_scaling_gallery_v4_cond_match_s1,hanoi_by_sfiera,150000,0.985816
multi_scaling_gallery_v4_cond_match_s0,buny_hoping_by_pickten,150000,0.985915
multi_scaling_gallery_v4_decoder,Some_lines_were_meant_to_be_crossed,120000,0.986014
multi_scaling_gallery_v2_cond_match_s1,rigidfail1,30000,0.986264
multi_scaling_gallery_v3,venganza_i_by_felipe_gomez,150000,0.986264
multi_scaling_gallery_v4_decoder,2D_Whale_World,120000,0.986330
multi_scaling_gallery_v2_cond_match_s0,Some_lines_were_meant_to_be_crossed,150000,0.986348
multi_scaling_gallery_v2_uncond_match_s0,Some_lines_were_meant_to_be_crossed,150000,0.986348
multi_scaling_gallery_v2_uncond_match_s1,Take_Heart_Lass,150000,0.986432
multi_scaling_gallery_v2_uncond_match_s0_legacy_pool_in_conv,lunar_lockout,150000,0.986667
multi_scaling_gallery_v4_cond_match_s0,push_pull_undo_redo_by_11pepi,150000,0.986667
multi_scaling_gallery_v4_uncond_match_s0,lunar_lockout,150000,0.986667
multi_scaling_gallery_v4_cond_match_s1,rigid_one_unlimited,150000,0.986667
multi_scaling_gallery_v4_cond_match_s0,Travelling_salesman,150000,0.986773
multi_scaling_gallery_v3_decoder_sprites_eos,blockfaker,150000,0.986842
multi_scaling_gallery_v4_cond_match_s0,blockfaker,150000,0.986842
multi_scaling_gallery_v2_uncond_match_s1,rigid_parallel_unlimited,150000,0.986908
multi_scaling_gallery_v2_cond_match_s1,rigid_11,30000,0.986928
multi_scaling_gallery_v3,Ebony_&_Ivory,150000,0.986971
multi_scaling_gallery_v4_uncond_match_s0,sokoban_match3,150000,0.987055
multi_scaling_gallery_v2_uncond_match_s0,notsnake,150000,0.987097
multi_scaling_gallery_v4_decoder,a_game_by_password69,120000,0.987180
multi_scaling_gallery_v4_decoder,ea_sports_fifa_2018_qatar_world_cup_edition!_by_john_q._futbol_and_ea_sports_of_course,120000,0.987235
multi_scaling_gallery_v2_uncond_match_s0,MazezaM,150000,0.987245
multi_scaling_gallery_v4_decoder,custom_expulsion_by_chinbag,120000,0.987310
multi_scaling_gallery_v3_decoder_sprites_eos,2D_Whale_World,150000,0.987382
multi_scaling_gallery_v2_uncond_match_s0,actiontest,150000,0.987437
multi_scaling_gallery_v3_decoder,actiontest,150000,0.987437
multi_scaling_gallery_v4_cond_match_s1,lunar_lockout,150000,0.987500
multi_scaling_gallery_v4_decoder,zombie_blocks_by_aidan_quade,120000,0.987589
multi_scaling_gallery_v4_decoder,Long_Haul_Space_Flight,120000,0.987603
multi_scaling_gallery_v3_decoder_sprites_eos,bit_treats_by_barefootengineer1,150000,0.987616
multi_scaling_gallery_v4_uncond_match_s0,threat_level_midnight_by_vignesh,150000,0.987705
multi_scaling_gallery_v2_uncond_match_s1,randomspawner,150000,0.987856
multi_scaling_gallery_v2_uncond_match_s1,Long_Haul_Space_Flight,150000,0.988000
multi_scaling_gallery_v4_uncond_match_s0,sokobad_by_noacubestudio,150000,0.988166
multi_scaling_gallery_v2_uncond_match_s0_legacy_pool_in_conv,rigid_one_unlimited,150000,0.988203
multi_scaling_gallery_v4_uncond_match_s0,Modality,150000,0.988372
multi_scaling_gallery_v3_decoder_sprites_eos,Dot_Puzzle_3.1,150000,0.988439
multi_scaling_gallery_v2_cond_match_s1,lunar_lockout,30000,0.988571
multi_scaling_gallery_v4_decoder_sprites_eos,rigid_scott1,150000,0.988585
multi_scaling_gallery_v4_cond_match_s0,puzzle_by_unknown_author,150000,0.988636
multi_scaling_gallery_v4_decoder_sprites_eos,puzzle_by_unknown_author,150000,0.988636
multi_scaling_gallery_v4_cond_match_s0,davib_by_thebigfive-381,150000,0.988806
multi_scaling_gallery_v2_uncond_match_s1,Ebony_&_Ivory,150000,0.988858
multi_scaling_gallery_v4_uncond_match_s0,2to_by_yeah-and-no,150000,0.988950
multi_scaling_gallery_v4_decoder_sprites_eos,simple_block_pushing_game_by_mirage-xel,150000,0.989071
multi_scaling_gallery_v2_cond_match_s1,twolittlecrates4,30000,0.989224
multi_scaling_gallery_v2_uncond_match_s1,2D_Whale_World,150000,0.989289
multi_scaling_gallery_v4_uncond_match_s0,zombie_blocks_by_aidan_quade,150000,0.989362
multi_scaling_gallery_v4_cond_match_s1,match_threekoban_by_ezra_szanton,150000,0.989452
multi_scaling_gallery_v4_uncond_match_s0,de+a+ch_by_razthepenguin,150000,0.989474
multi_scaling_gallery_v2_cond_match_s0,rigid_scott1,150000,0.989496
multi_scaling_gallery_v3,Some_lines_were_meant_to_be_crossed,150000,0.989510
multi_scaling_gallery_v4_cond_match_s0,Some_lines_were_meant_to_be_crossed,150000,0.989510
multi_scaling_gallery_v3,mazetest,150000,0.989529
multi_scaling_gallery_v4_uncond_match_s0,mazetest,150000,0.989529
multi_scaling_gallery_v4_cond_match_s0,match_threekoban_by_ezra_szanton,150000,0.989540
multi_scaling_gallery_v4_decoder,match_threekoban_by_ezra_szanton,120000,0.989540
multi_scaling_gallery_v4_decoder_sprites_eos,match_threekoban_by_ezra_szanton,150000,0.989540
multi_scaling_gallery_v4_uncond_match_s0,match_threekoban_by_ezra_szanton,150000,0.989540
multi_scaling_gallery_v4_decoder_sprites_eos,rigid_parallel_unlimited,150000,0.989551
multi_scaling_gallery_v2_uncond_match_s0,Take_Heart_Lass,150000,0.989578
multi_scaling_gallery_v4_cond_match_s0,custom_expulsion_by_chinbag,150000,0.989848
multi_scaling_gallery_v4_cond_match_s0,Bridge-toggle_Maze,150000,0.989865
multi_scaling_gallery_v4_decoder_sprites_eos,Bridge-toggle_Maze,150000,0.989865
multi_scaling_gallery_v4_uncond_match_s0,Bridge-toggle_Maze,150000,0.989865
multi_scaling_gallery_v4_decoder_sprites_eos,blockpush_by_tapcat,150000,0.989899
multi_scaling_gallery_v3_decoder_sprites_eos,actiontest,150000,0.989950
multi_scaling_gallery_v4_cond_match_s1,naomis_challenge_4_game_winter_by_techythanh,150000,0.990000
multi_scaling_gallery_v4_uncond_match_s0,t-rex_hot_chocolate_by_therealeddawson,150000,0.990000
multi_scaling_gallery_v2_uncond_match_s1,kettle,150000,0.990079
multi_scaling_gallery_v4_decoder_sprites_eos,green_by_laindey_denaige,150000,0.990201
multi_scaling_gallery_v4_uncond_match_s0,green_by_laindey_denaige,150000,0.990201
multi_scaling_gallery_v2_cond_match_s1,twolittlecrates3,30000,0.990234
multi_scaling_gallery_v4_decoder,block_pushing_game_tutorial_2-4_by_unknown_author,120000,0.990385
multi_scaling_gallery_v4_decoder,green_by_laindey_denaige,120000,0.990391
multi_scaling_gallery_v3,The_observer's_paradox,150000,0.990476
multi_scaling_gallery_v4_cond_match_s0,the_poop_game_by_pontus_granstrom,150000,0.990476
multi_scaling_gallery_v3_decoder,constellationz,150000,0.990508
multi_scaling_gallery_v2_cond_match_s0,Take_Heart_Lass,150000,0.990526
multi_scaling_gallery_v3_decoder,rigid_parallel_unlimited,150000,0.990596
multi_scaling_gallery_v4_cond_match_s1,custom_expulsion_by_chinbag,150000,0.990610
multi_scaling_gallery_v4_cond_match_s1,Collapsable_Sokoban,150000,0.990617
multi_scaling_gallery_v4_cond_match_s0,green_by_laindey_denaige,150000,0.990676
multi_scaling_gallery_v4_cond_match_s1,player_move,_pause,_badfish_move,_pause_by_jon-jon,150000,0.991020
multi_scaling_gallery_v4_cond_match_s1,neko_puzzle_by_necrothaum,150000,0.991031
multi_scaling_gallery_v3_decoder_sprites_eos,build_a_snowman_v2.0_by_arthur_yi,150000,0.991071
multi_scaling_gallery_v3,Collapsable_Sokoban,150000,0.991094
multi_scaling_gallery_v4_cond_match_s0,Collapsable_Sokoban,150000,0.991094
multi_scaling_gallery_v4_cond_match_s1,green_by_laindey_denaige,150000,0.991129
multi_scaling_gallery_v4_decoder_sprites_eos,zombie_blocks_by_aidan_quade,150000,0.991135
multi_scaling_gallery_v4_decoder_sprites_eos,ea_sports_fifa_2018_qatar_world_cup_edition!_by_john_q._futbol_and_ea_sports_of_course,150000,0.991192
multi_scaling_gallery_v4_cond_match_s0,welcome_to_flatland_by_caitlin_weaver,150000,0.991254
multi_scaling_gallery_v2_uncond_match_s0,rigid_one_unlimited,150000,0.991279
multi_scaling_gallery_v4_decoder,maze_by_meena0303,120000,0.991279
multi_scaling_gallery_v4_decoder_sprites_eos,Modality,150000,0.991279
multi_scaling_gallery_v4_decoder,puzzle_by_unknown_author,120000,0.991477
multi_scaling_gallery_v4_decoder_sprites_eos,neko_puzzle_by_necrothaum,150000,0.991489
multi_scaling_gallery_v3_decoder,rigid_one_unlimited,150000,0.991507
multi_scaling_gallery_v4_uncond_match_s0,test_golfer_by_simonskvara,150000,0.991667
multi_scaling_gallery_v4_decoder,displacement_by_oliverwebsim,120000,0.991701
multi_scaling_gallery_v3,Long_Haul_Space_Flight,150000,0.991736
multi_scaling_gallery_v4_decoder_sprites_eos,Long_Haul_Space_Flight,150000,0.991736
multi_scaling_gallery_v4_decoder,simple_block_pushing_game_by_mirage-xel,120000,0.991803
multi_scaling_gallery_v2_uncond_match_s0_legacy_pool_in_conv,twolittlecrates4,150000,0.991870
multi_scaling_gallery_v4_cond_match_s1,test_golfer_by_simonskvara,150000,0.991892
multi_scaling_gallery_v3,game_by_jobiden123,150000,0.992000
multi_scaling_gallery_v4_uncond_match_s0,Travelling_salesman,150000,0.992064
multi_scaling_gallery_v4_cond_match_s1,no_forbidden_symbols_by_increpare,150000,0.992085
multi_scaling_gallery_v2_uncond_match_s0_legacy_pool_in_conv,twolittlecrates3,150000,0.992095
multi_scaling_gallery_v4_decoder,de+a+ch_by_razthepenguin,120000,0.992105
multi_scaling_gallery_v2_uncond_match_s0,rigid_parallel_unlimited,150000,0.992179
multi_scaling_gallery_v4_uncond_match_s0,move_3_crates_next_to_eachother_by_alex_giger,150000,0.992248
multi_scaling_gallery_v2_uncond_match_s1,rigid_one_unlimited,150000,0.992281
multi_scaling_gallery_v4_cond_match_s1,Travelling_salesman,150000,0.992308
multi_scaling_gallery_v3_decoder_sprites_eos,cat_in_a_box_by_trevor,150000,0.992355
multi_scaling_gallery_v3_decoder,Collapsable_Sokoban,150000,0.992366
multi_scaling_gallery_v4_uncond_match_s0,Collapsable_Sokoban,150000,0.992366
multi_scaling_gallery_v4_uncond_match_s0,custom_expulsion_by_chinbag,150000,0.992386
multi_scaling_gallery_v2_uncond_match_s0,randomspawner,150000,0.992436
multi_scaling_gallery_v4_decoder_sprites_eos,davib_by_thebigfive-381,150000,0.992537
multi_scaling_gallery_v3,rigid_one_unlimited,150000,0.992569
multi_scaling_gallery_v3_decoder,2D_Whale_World,150000,0.992639
multi_scaling_gallery_v4_cond_match_s1,blockpush_by_tapcat,150000,0.992771
multi_scaling_gallery_v3_decoder,boxob_by_randomnamemn,150000,0.992780
multi_scaling_gallery_v3_decoder,Time-reversed_Microban,150000,0.992806
multi_scaling_gallery_v4_cond_match_s1,space_invaders_by_solafson,150000,0.993007
multi_scaling_gallery_v4_decoder_sprites_eos,Some_lines_were_meant_to_be_crossed,150000,0.993007
multi_scaling_gallery_v2_cond_match_s0,Long_Haul_Space_Flight,150000,0.993023
multi_scaling_gallery_v4_decoder,The_observer's_paradox,120000,0.993056
multi_scaling_gallery_v4_cond_match_s0,ea_sports_fifa_2018_qatar_world_cup_edition!_by_john_q._futbol_and_ea_sports_of_course,150000,0.993107
multi_scaling_gallery_v3,run_em_over_by_xxsethyxxxoultraomeg,150000,0.993119
multi_scaling_gallery_v3_decoder_sprites_eos,run_em_over_by_xxsethyxxxoultraomeg,150000,0.993119
multi_scaling_gallery_v3,lunar_lockout,150000,0.993333
multi_scaling_gallery_v3_decoder_sprites_eos,lunar_lockout,150000,0.993333
multi_scaling_gallery_v4_cond_match_s0,lunar_lockout,150000,0.993333
multi_scaling_gallery_v4_decoder,lunar_lockout,120000,0.993333
multi_scaling_gallery_v4_decoder_sprites_eos,lunar_lockout,150000,0.993333
multi_scaling_gallery_v4_cond_match_s0,feed_the_flames_by_callum_scott,150000,0.993378
multi_scaling_gallery_v4_decoder_sprites_eos,The_observer's_paradox,150000,0.993452
multi_scaling_gallery_v2_cond_match_s0,sokoban_match3,150000,0.993528
multi_scaling_gallery_v2_uncond_match_s0,sokoban_match3,150000,0.993528
multi_scaling_gallery_v3_decoder,sokoban_match3,150000,0.993528
multi_scaling_gallery_v3_decoder_sprites_eos,sokoban_match3,150000,0.993528
multi_scaling_gallery_v4_cond_match_s0,sokoban_match3,150000,0.993528
multi_scaling_gallery_v4_decoder_sprites_eos,sokoban_match3,150000,0.993528
multi_scaling_gallery_v4_uncond_match_s0,ea_sports_fifa_2018_qatar_world_cup_edition!_by_john_q._futbol_and_ea_sports_of_course,150000,0.993618
multi_scaling_gallery_v4_uncond_match_s0,bombero_en_acción_by_tevo66,150000,0.993631
multi_scaling_gallery_v3_decoder_sprites_eos,Collapsable_Sokoban,150000,0.993639
multi_scaling_gallery_v2_cond_match_s0,lunar_lockout,150000,0.993671
multi_scaling_gallery_v2_uncond_match_s0,lunar_lockout,150000,0.993671
multi_scaling_gallery_v4_cond_match_s1,flipping_by_mlipmanh,150000,0.993734
multi_scaling_gallery_v3,bit_treats_by_barefootengineer1,150000,0.993808
multi_scaling_gallery_v2_uncond_match_s1,notsnake,150000,0.993827
multi_scaling_gallery_v2_uncond_match_s0_legacy_pool_in_conv,constellationz,150000,0.993848
multi_scaling_gallery_v4_cond_match_s1,my_game_by_dio7225,150000,0.993902
multi_scaling_gallery_v2_cond_match_s0,randomspawner,150000,0.993949
multi_scaling_gallery_v4_cond_match_s0,build_a_snowman_v1.0_by_minjikim2013,150000,0.993976
multi_scaling_gallery_v4_cond_match_s1,sokobad_by_noacubestudio,150000,0.993976
multi_scaling_gallery_v3_decoder,The_observer's_paradox,150000,0.994048
multi_scaling_gallery_v4_cond_match_s0,robot_soccer_by_weiliuu,150000,0.994094
multi_scaling_gallery_v4_decoder,robot_soccer_by_weiliuu,120000,0.994094
multi_scaling_gallery_v4_decoder_sprites_eos,welcome_to_flatland_by_caitlin_weaver,150000,0.994169
multi_scaling_gallery_v2_uncond_match_s1,constellationz,150000,0.994172
multi_scaling_gallery_v3,Modality,150000,0.994186
multi_scaling_gallery_v4_cond_match_s0,maze_by_meena0303,150000,0.994186
multi_scaling_gallery_v4_uncond_match_s0,maze_by_meena0303,150000,0.994186
multi_scaling_gallery_v2_cond_match_s0,Ebony_&_Ivory,150000,0.994236
multi_scaling_gallery_v2_uncond_match_s1,lunar_lockout,150000,0.994286
multi_scaling_gallery_v4_decoder,prototype_1_by_caurso99,120000,0.994286
multi_scaling_gallery_v4_uncond_match_s0,no_forbidden_symbols_by_increpare,150000,0.994302
multi_scaling_gallery_v3_decoder_sprites_eos,Stairways,150000,0.994318
multi_scaling_gallery_v4_cond_match_s1,welcome_to_flatland_by_caitlin_weaver,150000,0.994334
multi_scaling_gallery_v4_uncond_match_s0,Slidings,150000,0.994387
multi_scaling_gallery_v2_uncond_match_s0_legacy_pool_in_conv,rigidfail1,150000,0.994475
multi_scaling_gallery_v4_cond_match_s1,puzzle_by_unknown_author,150000,0.994475
multi_scaling_gallery_v4_cond_match_s0,simple_block_pushing_game_by_mirage-xel,150000,0.994536
multi_scaling_gallery_v4_decoder_sprites_eos,All_These_Damn_Crates,150000,0.994595
multi_scaling_gallery_v4_cond_match_s1,simple_block_pushing_game_by_zaydiscool777,150000,0.994652
multi_scaling_gallery_v4_uncond_match_s0,rigid_one_unlimited,150000,0.994692
multi_scaling_gallery_v4_cond_match_s0,de+a+ch_by_razthepenguin,150000,0.994737
multi_scaling_gallery_v4_decoder_sprites_eos,Multi-word_Dictionary_Game,150000,0.994819
multi_scaling_gallery_v4_decoder_sprites_eos,custom_expulsion_by_chinbag,150000,0.994924
multi_scaling_gallery_v4_cond_match_s0,the_far_away_danish_pastry_is_always_deliciouser_by_increpare_[variant_of_lexaloffles_neko_puzzle],150000,0.994950
multi_scaling_gallery_v4_cond_match_s0,blockpush_by_tapcat,150000,0.994950
multi_scaling_gallery_v2_cond_match_s0,actiontest,150000,0.994975
multi_scaling_gallery_v2_uncond_match_s0_legacy_pool_in_conv,actiontest,150000,0.994975
multi_scaling_gallery_v4_decoder,t-rex_hot_chocolate_by_therealeddawson,120000,0.995000
multi_scaling_gallery_v4_uncond_match_s0,my_eyes!!!_by_explodedcoder,150000,0.995033
multi_scaling_gallery_v4_cond_match_s1,Multi-word_Dictionary_Game,150000,0.995146
multi_scaling_gallery_v4_cond_match_s1,the_poop_game_by_pontus_granstrom,150000,0.995238
multi_scaling_gallery_v4_cond_match_s0,space_invaders_by_solafson,150000,0.995245
multi_scaling_gallery_v3_decoder,the_adventurer_by_mose_e.eckman,150000,0.995327
multi_scaling_gallery_v2_cond_match_s1,randomrobots,30000,0.995340
multi_scaling_gallery_v4_cond_match_s1,ea_sports_fifa_2018_qatar_world_cup_edition!_by_john_q._futbol_and_ea_sports_of_course,150000,0.995352
multi_scaling_gallery_v2_cond_match_s1,scriptcross,30000,0.995392
multi_scaling_gallery_v3_decoder,run_em_over_by_xxsethyxxxoultraomeg,150000,0.995413
multi_scaling_gallery_v2_cond_match_s1,twolittlecrates2,30000,0.995434
multi_scaling_gallery_v3_decoder_sprites_eos,________________by_bagenzo,150000,0.995444
multi_scaling_gallery_v4_uncond_match_s0,Love_and_Pieces,150000,0.995471
multi_scaling_gallery_v4_cond_match_s1,rigid_parallel_unlimited,150000,0.995627
multi_scaling_gallery_v4_cond_match_s0,a_game_by_password69,150000,0.995727
multi_scaling_gallery_v4_cond_match_s0,neko_puzzle_by_necrothaum,150000,0.995745
multi_scaling_gallery_v4_decoder,neko_puzzle_by_necrothaum,120000,0.995745
multi_scaling_gallery_v4_cond_match_s0,hanoi_by_sfiera,150000,0.995763
multi_scaling_gallery_v4_uncond_match_s0,hanoi_by_sfiera,150000,0.995763
multi_scaling_gallery_v3,2D_Whale_World,150000,0.995794
multi_scaling_gallery_v4_cond_match_s0,displacement_by_oliverwebsim,150000,0.995851
multi_scaling_gallery_v3_decoder_sprites_eos,Long_Haul_Space_Flight,150000,0.995868
multi_scaling_gallery_v4_cond_match_s0,Long_Haul_Space_Flight,150000,0.995868
multi_scaling_gallery_v4_cond_match_s0,the_art_of_cloning,150000,0.995885
multi_scaling_gallery_v4_decoder,the_art_of_cloning,120000,0.995885
multi_scaling_gallery_v4_decoder_sprites_eos,threat_level_midnight_by_vignesh,150000,0.995902
multi_scaling_gallery_v2_uncond_match_s0,Slidings,150000,0.995935
multi_scaling_gallery_v2_uncond_match_s1,Some_lines_were_meant_to_be_crossed,150000,0.995935
multi_scaling_gallery_v4_cond_match_s1,threat_level_midnight_by_vignesh,150000,0.996000
multi_scaling_gallery_v4_cond_match_s1,robot_soccer_by_weiliuu,150000,0.996000
multi_scaling_gallery_v4_decoder_sprites_eos,robot_soccer_by_weiliuu,150000,0.996063
multi_scaling_gallery_v4_cond_match_s1,zombie_blocks_by_aidan_quade,150000,0.996124
multi_scaling_gallery_v2_uncond_match_s0,The_observer's_paradox,150000,0.996161
multi_scaling_gallery_v4_decoder_sprites_eos,Collapsable_Sokoban,150000,0.996183
multi_scaling_gallery_v2_uncond_match_s0_legacy_pool_in_conv,Some_lines_were_meant_to_be_crossed,150000,0.996198
multi_scaling_gallery_v2_uncond_match_s0,Microban,150000,0.996350
multi_scaling_gallery_v3,Singleton_Traffic,150000,0.996356
multi_scaling_gallery_v3,boxob_by_randomnamemn,150000,0.996390
multi_scaling_gallery_v2_cond_match_s1,sokoban_basic,30000,0.996403
multi_scaling_gallery_v4_cond_match_s0,The_observer's_paradox,150000,0.996429
multi_scaling_gallery_v4_uncond_match_s0,The_observer's_paradox,150000,0.996429
multi_scaling_gallery_v4_cond_match_s0,zombie_blocks_by_aidan_quade,150000,0.996454
multi_scaling_gallery_v4_cond_match_s1,build_a_snowman_v1.0_by_minjikim2013,150000,0.996528
multi_scaling_gallery_v2_uncond_match_s1,Slidings,150000,0.996544
multi_scaling_gallery_v2_uncond_match_s1,The_observer's_paradox,150000,0.996549
multi_scaling_gallery_v4_cond_match_s0,naomis_challenge_4_game_winter_by_techythanh,150000,0.996599
multi_scaling_gallery_v4_uncond_match_s0,naomis_challenge_4_game_winter_by_techythanh,150000,0.996599
multi_scaling_gallery_v3_decoder,lunar_lockout,150000,0.996667
multi_scaling_gallery_v2_uncond_match_s0_legacy_pool_in_conv,Microban,150000,0.996689
multi_scaling_gallery_v4_decoder,my_eyes!!!_by_explodedcoder,120000,0.996689
multi_scaling_gallery_v4_decoder_sprites_eos,feed_the_flames_by_callum_scott,150000,0.996689
multi_scaling_gallery_v4_cond_match_s0,Slidings,150000,0.996726
multi_scaling_gallery_v3_decoder_sprites_eos,directional_insanity_by_zithral,150000,0.996730
multi_scaling_gallery_v4_decoder,rigid_11,120000,0.996732
multi_scaling_gallery_v2_cond_match_s0,The_observer's_paradox,150000,0.996737
multi_scaling_gallery_v2_cond_match_s1,Zen_Puzzle_Garden,30000,0.996753
multi_scaling_gallery_v3,sokoban_match3,150000,0.996764
multi_scaling_gallery_v4_cond_match_s0,bombero_en_acción_by_tevo66,150000,0.996815
multi_scaling_gallery_v4_decoder,bombero_en_acción_by_tevo66,120000,0.996815
multi_scaling_gallery_v4_decoder,build_a_snowman_v1.0_by_kimchi2012,120000,0.996835
multi_scaling_gallery_v2_cond_match_s0,rigid_parallel_unlimited,150000,0.996872
multi_scaling_gallery_v4_uncond_match_s0,my_game_by_dio7225,150000,0.996885
multi_scaling_gallery_v3,cat_in_a_box_by_trevor,150000,0.996942
multi_scaling_gallery_v3_decoder,cat_in_a_box_by_trevor,150000,0.996942
multi_scaling_gallery_v2_cond_match_s0,Stairways,150000,0.996970
multi_scaling_gallery_v2_uncond_match_s0,blockfaker,150000,0.996988
multi_scaling_gallery_v3_decoder_sprites_eos,snowman_game_by_yuna,150000,0.996988
multi_scaling_gallery_v4_decoder,my_game_by_amanda_howell,120000,0.997006
multi_scaling_gallery_v3,build_a_snowman_v2.0_by_arthur_yi,150000,0.997024
multi_scaling_gallery_v4_decoder_sprites_eos,sokobad_by_noacubestudio,150000,0.997041
multi_scaling_gallery_v4_decoder,welcome_to_flatland_by_caitlin_weaver,120000,0.997085
multi_scaling_gallery_v3_decoder_sprites_eos,Modality,150000,0.997093
multi_scaling_gallery_v4_cond_match_s0,Modality,150000,0.997093
multi_scaling_gallery_v4_uncond_match_s0,the_undertaking,150000,0.997093
multi_scaling_gallery_v3,Dot_Puzzle_3.1,150000,0.997110
multi_scaling_gallery_v4_cond_match_s0,Stairways,150000,0.997159
multi_scaling_gallery_v4_decoder,Stairways,120000,0.997159
multi_scaling_gallery_v4_cond_match_s1,maze_by_meena0303,150000,0.997175
multi_scaling_gallery_v3_decoder,Slidings,150000,0.997194
multi_scaling_gallery_v4_uncond_match_s0,feed_the_cat_by_kim_cerna,150000,0.997207
multi_scaling_gallery_v4_cond_match_s1,The_observer's_paradox,150000,0.997213
multi_scaling_gallery_v4_cond_match_s1,simple_block_pushing_game_by_mirage-xel,150000,0.997238
multi_scaling_gallery_v4_decoder,the_magic_broom_by_radiosoap,120000,0.997253
multi_scaling_gallery_v4_decoder,herding_cats!!!1!_by_docchewkie,120000,0.997260
multi_scaling_gallery_v4_decoder,All_These_Damn_Crates,120000,0.997297
multi_scaling_gallery_v4_decoder_sprites_eos,Zen_Puzzle_Garden,150000,0.997297
multi_scaling_gallery_v4_uncond_match_s0,All_These_Damn_Crates,150000,0.997297
multi_scaling_gallery_v2_uncond_match_s1,Collapsable_Sokoban,150000,0.997319
multi_scaling_gallery_v3_decoder,game_by_jobiden123,150000,0.997333
multi_scaling_gallery_v3_decoder_sprites_eos,game_by_jobiden123,150000,0.997333
multi_scaling_gallery_v4_cond_match_s1,the_magic_broom_by_radiosoap,150000,0.997340
multi_scaling_gallery_v2_uncond_match_s1,the_undertaking,150000,0.997355
multi_scaling_gallery_v3_decoder,Travelling_salesman,150000,0.997355
multi_scaling_gallery_v4_decoder_sprites_eos,Travelling_salesman,150000,0.997355
multi_scaling_gallery_v4_decoder,Multi-word_Dictionary_Game,120000,0.997409
multi_scaling_gallery_v4_uncond_match_s0,Multi-word_Dictionary_Game,150000,0.997409
multi_scaling_gallery_v2_uncond_match_s0_legacy_pool_in_conv,Collapsable_Sokoban,150000,0.997455
multi_scaling_gallery_v3,actiontest,150000,0.997487
multi_scaling_gallery_v3,bell,_book,_and_candle_by_bagenzo,150000,0.997525
multi_scaling_gallery_v4_cond_match_s1,de+a+ch_by_razthepenguin,150000,0.997525
multi_scaling_gallery_v4_uncond_match_s0,simple_block_pushing_game_by_zaydiscool777,150000,0.997525
multi_scaling_gallery_v2_uncond_match_s1,actiontest,150000,0.997537
multi_scaling_gallery_v4_cond_match_s1,actiontest,150000,0.997537
multi_scaling_gallery_v3,scriptcross,150000,0.997585
multi_scaling_gallery_v4_decoder,scriptcross,120000,0.997585
multi_scaling_gallery_v2_cond_match_s0,2D_Whale_World,150000,0.997590
multi_scaling_gallery_v4_decoder_sprites_eos,block_pushing_game_tutorial_2-4_by_unknown_author,150000,0.997596
multi_scaling_gallery_v4_uncond_match_s0,block_pushing_game_tutorial_2-4_by_unknown_author,150000,0.997596
multi_scaling_gallery_v3,constellation_by_jere_majava,150000,0.997619
multi_scaling_gallery_v3,the_adventurer_by_mose_e.eckman,150000,0.997663
multi_scaling_gallery_v4_cond_match_s1,Long_Haul_Space_Flight,150000,0.997674
multi_scaling_gallery_v3,zombie_bedtime_by_dan,150000,0.997685
multi_scaling_gallery_v4_uncond_match_s0,randomrobots,150000,0.997702
multi_scaling_gallery_v4_decoder_sprites_eos,octat,150000,0.997773
multi_scaling_gallery_v4_uncond_match_s0,notsnake,150000,0.997849
multi_scaling_gallery_v4_cond_match_s0,rigid_one_unlimited,150000,0.997877
multi_scaling_gallery_v4_decoder,rigid_one_unlimited,120000,0.997877
multi_scaling_gallery_v4_decoder_sprites_eos,rigid_one_unlimited,150000,0.997877
multi_scaling_gallery_v4_decoder_sprites_eos,displacement_by_oliverwebsim,150000,0.997925
multi_scaling_gallery_v3_decoder_sprites_eos,the_art_of_cloning,150000,0.997942
multi_scaling_gallery_v3,twolittlecrates3,150000,0.997968
multi_scaling_gallery_v4_cond_match_s1,the_art_of_cloning,150000,0.998047
multi_scaling_gallery_v4_uncond_match_s0,my_game_is_better_than_your_game_by_nahcirn,150000,0.998120
multi_scaling_gallery_v3_decoder,avaruus_tunkeutujat_by_janjulije,150000,0.998162
multi_scaling_gallery_v4_decoder,Love_and_Pieces,120000,0.998188
multi_scaling_gallery_v4_decoder,full_bloom_by_qwaffles,120000,0.998299
multi_scaling_gallery_v3,tron_by_lorapel,150000,0.998302
multi_scaling_gallery_v3_decoder_sprites_eos,tron_by_lorapel,150000,0.998302
multi_scaling_gallery_v4_decoder_sprites_eos,my_eyes!!!_by_explodedcoder,150000,0.998344
multi_scaling_gallery_v3,avaruus_tunkeutujat_by_janjulije,150000,0.998346
multi_scaling_gallery_v2_cond_match_s1,riverpuzzle,30000,0.998425
multi_scaling_gallery_v4_cond_match_s0,rigid_parallel_unlimited,150000,0.998433
multi_scaling_gallery_v4_cond_match_s1,herding_cats!!!1!_by_docchewkie,150000,0.998442
multi_scaling_gallery_v2_cond_match_s0,Slidings,150000,0.998476
multi_scaling_gallery_v2_uncond_match_s1,Singleton_Traffic,150000,0.998523
multi_scaling_gallery_v3_decoder,directional_insanity_by_zithral,150000,0.998578
multi_scaling_gallery_v4_decoder,Slidings,120000,0.998597
multi_scaling_gallery_v4_uncond_match_s0,riverpuzzle,150000,0.998611
multi_scaling_gallery_v3,randomrobots,150000,0.998621
multi_scaling_gallery_v4_cond_match_s0,randomrobots,150000,0.998621
multi_scaling_gallery_v4_decoder,randomrobots,120000,0.998621
multi_scaling_gallery_v4_uncond_match_s0,herding_cats!!!1!_by_docchewkie,150000,0.998630
multi_scaling_gallery_v3_decoder,division_by_paul_gomez,150000,0.998663
multi_scaling_gallery_v2_cond_match_s0,Collapsable_Sokoban,150000,0.998728
multi_scaling_gallery_v2_uncond_match_s0,Collapsable_Sokoban,150000,0.998728
multi_scaling_gallery_v4_decoder_sprites_eos,herding_cats!_by_albert24082408,150000,0.998780
multi_scaling_gallery_v2_uncond_match_s0,2D_Whale_World,150000,0.998795
multi_scaling_gallery_v4_decoder,riverpuzzle,120000,0.998825
multi_scaling_gallery_v4_decoder_sprites_eos,riverpuzzle,150000,0.998825
multi_scaling_gallery_v4_cond_match_s0,riverpuzzle,150000,0.998931
multi_scaling_gallery_v4_cond_match_s0,Opposition,150000,0.998936
multi_scaling_gallery_v4_decoder,Opposition,120000,0.998936
multi_scaling_gallery_v4_decoder_sprites_eos,Opposition,150000,0.998936
multi_scaling_gallery_v2_uncond_match_s0_legacy_pool_in_conv,Slidings,150000,0.998982
multi_scaling_gallery_v4_cond_match_s1,Opposition,150000,0.999014
multi_scaling_gallery_v4_cond_match_s1,Slidings,150000,0.999033
multi_scaling_gallery_v3,Slidings,150000,0.999065
multi_scaling_gallery_v4_decoder_sprites_eos,Slidings,150000,0.999065
multi_scaling_gallery_v4_cond_match_s1,randomrobots,150000,0.999068
multi_scaling_gallery_v3_decoder,randomrobots,150000,0.999081
multi_scaling_gallery_v2_uncond_match_s0_legacy_pool_in_conv,randomrobots,150000,0.999086
multi_scaling_gallery_v3_decoder,Love_and_Pieces,150000,0.999094
multi_scaling_gallery_v4_cond_match_s1,Love_and_Pieces,150000,0.999099
multi_scaling_gallery_v3_decoder,riverpuzzle,150000,0.999145
multi_scaling_gallery_v3_decoder_sprites_eos,riverpuzzle,150000,0.999145
multi_scaling_gallery_v3,directional_insanity_by_zithral,150000,0.999147
multi_scaling_gallery_v2_cond_match_s1,blocks,30000,0.999165
multi_scaling_gallery_v4_cond_match_s1,blocks,150000,0.999165
multi_scaling_gallery_v2_uncond_match_s0_legacy_pool_in_conv,riverpuzzle,150000,0.999231
multi_scaling_gallery_v2_cond_match_s0,Singleton_Traffic,150000,0.999265
multi_scaling_gallery_v3_decoder,Singleton_Traffic,150000,0.999271
multi_scaling_gallery_v4_cond_match_s0,Singleton_Traffic,150000,0.999271
multi_scaling_gallery_v4_cond_match_s1,Singleton_Traffic,150000,0.999284
multi_scaling_gallery_v3,clone_cloned_clones!_by_sammytooch,150000,0.999296
multi_scaling_gallery_v3_decoder_sprites_eos,clone_cloned_clones!_by_sammytooch,150000,0.999296
multi_scaling_gallery_v4_decoder_sprites_eos,leftrightnpcs,150000,0.999395
multi_scaling_gallery_v2_uncond_match_s1,randomrobots,150000,0.999534
multi_scaling_gallery_v4_decoder_sprites_eos,randomrobots,150000,0.999540
multi_scaling_gallery_v4_cond_match_s1,riverpuzzle,150000,0.999574
multi_scaling_gallery_v4_cond_match_s0,player_move,_pause,_badfish_move,_pause_by_jon-jon,150000,0.999680
multi_scaling_gallery_v4_decoder,player_move,_pause,_badfish_move,_pause_by_jon-jon,120000,0.999881
multi_scaling_gallery_v3,riverpuzzle,150000,0.999893
multi_scaling_gallery_v4_decoder_sprites_eos,player_move,_pause,_badfish_move,_pause_by_jon-jon,150000,0.999976
multi_scaling_gallery_v2_cond_match_s1,sumo,30000,1.000000
multi_scaling_gallery_v2_uncond_match_s1,sokoban_basic,150000,1.000000
multi_scaling_gallery_v2_uncond_match_s1,Love_and_Pieces,150000,1.000000
multi_scaling_gallery_v3,simple_foxes_by_torybash,150000,1.000000
multi_scaling_gallery_v3_decoder,simple_foxes_by_torybash,150000,1.000000
multi_scaling_gallery_v3_decoder_sprites_eos,simple_foxes_by_torybash,150000,1.000000
multi_scaling_gallery_v4_cond_match_s0,cat_adventure_deluxe!_demo_by_testethetestcat,150000,1.000000
multi_scaling_gallery_v4_cond_match_s0,bittle_bat_by_unknown_author,150000,1.000000
multi_scaling_gallery_v4_cond_match_s0,ambiguity_generalization_prototype_by_thebigfive-381,150000,1.000000
multi_scaling_gallery_v4_cond_match_s0,arregla_la_vereda_by_marcos-do,150000,1.000000
multi_scaling_gallery_v4_cond_match_s1,sokoban_basic,150000,1.000000
multi_scaling_gallery_v4_cond_match_s1,sumo,150000,1.000000
multi_scaling_gallery_v4_cond_match_s1,Stairways,150000,1.000000
multi_scaling_gallery_v4_cond_match_s1,build_a_snowman_v1.0_by_kimchi2012,150000,1.000000
multi_scaling_gallery_v4_cond_match_s1,platformer_thing_by_thesalamaderboy,150000,1.000000
multi_scaling_gallery_v4_decoder,cat_adventure_deluxe!_demo_by_testethetestcat,120000,1.000000
multi_scaling_gallery_v4_decoder,bittle_bat_by_unknown_author,120000,1.000000
multi_scaling_gallery_v4_decoder,ambiguity_generalization_prototype_by_thebigfive-381,120000,1.000000
multi_scaling_gallery_v4_decoder,arregla_la_vereda_by_marcos-do,120000,1.000000
multi_scaling_gallery_v4_decoder_sprites_eos,cat_adventure_deluxe!_demo_by_testethetestcat,150000,1.000000
multi_scaling_gallery_v4_decoder_sprites_eos,bittle_bat_by_unknown_author,150000,1.000000
multi_scaling_gallery_v4_decoder_sprites_eos,ambiguity_generalization_prototype_by_thebigfive-381,150000,1.000000
multi_scaling_gallery_v4_decoder_sprites_eos,arregla_la_vereda_by_marcos-do,150000,1.000000
multi_scaling_gallery_v4_uncond_match_s0,cat_adventure_deluxe!_demo_by_testethetestcat,150000,1.000000
multi_scaling_gallery_v4_uncond_match_s0,Opposition,150000,1.000000
multi_scaling_gallery_v4_uncond_match_s0,bittle_bat_by_unknown_author,150000,1.000000
multi_scaling_gallery_v4_uncond_match_s0,ambiguity_generalization_prototype_by_thebigfive-381,150000,1.000000
multi_scaling_gallery_v4_uncond_match_s0,arregla_la_vereda_by_marcos-do,150000,1.000000
multi_scaling_gallery_v2_cond_match_s0,nekopuzzle,150000,1.000000
multi_scaling_gallery_v2_cond_match_s0,notsnake,150000,1.000000
multi_scaling_gallery_v2_cond_match_s0,blocks,150000,1.000000
multi_scaling_gallery_v2_cond_match_s0,sokoban_basic,150000,1.000000
multi_scaling_gallery_v2_cond_match_s0,Zen_Puzzle_Garden,150000,1.000000
multi_scaling_gallery_v2_cond_match_s0,Travelling_salesman,150000,1.000000
multi_scaling_gallery_v2_cond_match_s0,sumo,150000,1.000000
multi_scaling_gallery_v2_cond_match_s0,the_undertaking,150000,1.000000
multi_scaling_gallery_v2_cond_match_s0,wrappingrecipe,150000,1.000000
multi_scaling_gallery_v2_cond_match_s0,Love_and_Pieces,150000,1.000000
multi_scaling_gallery_v2_cond_match_s0,rigidfail1,150000,1.000000
multi_scaling_gallery_v2_cond_match_s0,scriptcross,150000,1.000000
multi_scaling_gallery_v2_cond_match_s0,Modality,150000,1.000000
multi_scaling_gallery_v2_cond_match_s0,randomrobots,150000,1.000000
multi_scaling_gallery_v2_cond_match_s0,againexample,150000,1.000000
multi_scaling_gallery_v2_cond_match_s0,Microban,150000,1.000000
multi_scaling_gallery_v2_cond_match_s0,naughtysprite,150000,1.000000
multi_scaling_gallery_v2_cond_match_s0,twolittlecrates1,150000,1.000000
multi_scaling_gallery_v2_cond_match_s0,rigid_11,150000,1.000000
multi_scaling_gallery_v2_cond_match_s0,leftrightnpcs,150000,1.000000
multi_scaling_gallery_v2_cond_match_s0,twolittlecrates2,150000,1.000000
multi_scaling_gallery_v2_cond_match_s0,twolittlecrates3,150000,1.000000
multi_scaling_gallery_v2_cond_match_s0,twolittlecrates4,150000,1.000000
multi_scaling_gallery_v2_cond_match_s0,octat,150000,1.000000
multi_scaling_gallery_v2_cond_match_s0,the_art_of_cloning,150000,1.000000
multi_scaling_gallery_v2_cond_match_s0,blockfaker,150000,1.000000
multi_scaling_gallery_v2_cond_match_s0,Pushing_It,150000,1.000000
multi_scaling_gallery_v2_cond_match_s0,riverpuzzle,150000,1.000000
multi_scaling_gallery_v2_cond_match_s1,sokoban_match3,30000,1.000000
multi_scaling_gallery_v2_cond_match_s1,the_undertaking,30000,1.000000
multi_scaling_gallery_v2_cond_match_s1,againexample,30000,1.000000
multi_scaling_gallery_v2_cond_match_s1,naughtysprite,30000,1.000000
multi_scaling_gallery_v2_cond_match_s1,twolittlecrates1,30000,1.000000
multi_scaling_gallery_v2_cond_match_s1,leftrightnpcs,30000,1.000000
multi_scaling_gallery_v2_cond_match_s1,Pushing_It,30000,1.000000
multi_scaling_gallery_v2_uncond_match_s0,blocks,150000,1.000000
multi_scaling_gallery_v2_uncond_match_s0,sokoban_basic,150000,1.000000
multi_scaling_gallery_v2_uncond_match_s0,Zen_Puzzle_Garden,150000,1.000000
multi_scaling_gallery_v2_uncond_match_s0,Travelling_salesman,150000,1.000000
multi_scaling_gallery_v2_uncond_match_s0,the_undertaking,150000,1.000000
multi_scaling_gallery_v2_uncond_match_s0,wrappingrecipe,150000,1.000000
multi_scaling_gallery_v2_uncond_match_s0,Love_and_Pieces,150000,1.000000
multi_scaling_gallery_v2_uncond_match_s0,rigidfail1,150000,1.000000
multi_scaling_gallery_v2_uncond_match_s0,scriptcross,150000,1.000000
multi_scaling_gallery_v2_uncond_match_s0,Modality,150000,1.000000
multi_scaling_gallery_v2_uncond_match_s0,randomrobots,150000,1.000000
multi_scaling_gallery_v2_uncond_match_s0,againexample,150000,1.000000
multi_scaling_gallery_v2_uncond_match_s0,naughtysprite,150000,1.000000
multi_scaling_gallery_v2_uncond_match_s0,twolittlecrates1,150000,1.000000
multi_scaling_gallery_v2_uncond_match_s0,rigid_11,150000,1.000000
multi_scaling_gallery_v2_uncond_match_s0,Long_Haul_Space_Flight,150000,1.000000
multi_scaling_gallery_v2_uncond_match_s0,leftrightnpcs,150000,1.000000
multi_scaling_gallery_v2_uncond_match_s0,twolittlecrates2,150000,1.000000
multi_scaling_gallery_v2_uncond_match_s0,twolittlecrates3,150000,1.000000
multi_scaling_gallery_v2_uncond_match_s0,twolittlecrates4,150000,1.000000
multi_scaling_gallery_v2_uncond_match_s0,octat,150000,1.000000
multi_scaling_gallery_v2_uncond_match_s0,Stairways,150000,1.000000
multi_scaling_gallery_v2_uncond_match_s0,the_art_of_cloning,150000,1.000000
multi_scaling_gallery_v2_uncond_match_s0,Pushing_It,150000,1.000000
multi_scaling_gallery_v2_uncond_match_s0,Singleton_Traffic,150000,1.000000
multi_scaling_gallery_v2_uncond_match_s0,riverpuzzle,150000,1.000000
multi_scaling_gallery_v2_uncond_match_s0_legacy_pool_in_conv,blocks,150000,1.000000
multi_scaling_gallery_v2_uncond_match_s0_legacy_pool_in_conv,Zen_Puzzle_Garden,150000,1.000000
multi_scaling_gallery_v2_uncond_match_s0_legacy_pool_in_conv,Travelling_salesman,150000,1.000000
multi_scaling_gallery_v2_uncond_match_s0_legacy_pool_in_conv,the_undertaking,150000,1.000000
multi_scaling_gallery_v2_uncond_match_s0_legacy_pool_in_conv,Love_and_Pieces,150000,1.000000
multi_scaling_gallery_v2_uncond_match_s0_legacy_pool_in_conv,againexample,150000,1.000000
multi_scaling_gallery_v2_uncond_match_s0_legacy_pool_in_conv,naughtysprite,150000,1.000000
multi_scaling_gallery_v2_uncond_match_s0_legacy_pool_in_conv,twolittlecrates1,150000,1.000000
multi_scaling_gallery_v2_uncond_match_s0_legacy_pool_in_conv,twolittlecrates2,150000,1.000000
multi_scaling_gallery_v2_uncond_match_s0_legacy_pool_in_conv,octat,150000,1.000000
multi_scaling_gallery_v2_uncond_match_s0_legacy_pool_in_conv,Pushing_It,150000,1.000000
multi_scaling_gallery_v2_uncond_match_s1,blocks,150000,1.000000
multi_scaling_gallery_v2_uncond_match_s1,sokoban_match3,150000,1.000000
multi_scaling_gallery_v2_uncond_match_s1,Zen_Puzzle_Garden,150000,1.000000
multi_scaling_gallery_v2_uncond_match_s1,Multi-word_Dictionary_Game,150000,1.000000
multi_scaling_gallery_v2_uncond_match_s1,Travelling_salesman,150000,1.000000
multi_scaling_gallery_v2_uncond_match_s1,wrappingrecipe,150000,1.000000
multi_scaling_gallery_v2_uncond_match_s1,rigidfail1,150000,1.000000
multi_scaling_gallery_v2_uncond_match_s1,scriptcross,150000,1.000000
multi_scaling_gallery_v2_uncond_match_s1,Modality,150000,1.000000
multi_scaling_gallery_v2_uncond_match_s1,againexample,150000,1.000000
multi_scaling_gallery_v2_uncond_match_s1,Microban,150000,1.000000
multi_scaling_gallery_v2_uncond_match_s1,naughtysprite,150000,1.000000
multi_scaling_gallery_v2_uncond_match_s1,twolittlecrates1,150000,1.000000
multi_scaling_gallery_v2_uncond_match_s1,rigid_11,150000,1.000000
multi_scaling_gallery_v2_uncond_match_s1,leftrightnpcs,150000,1.000000
multi_scaling_gallery_v2_uncond_match_s1,twolittlecrates3,150000,1.000000
multi_scaling_gallery_v2_uncond_match_s1,twolittlecrates4,150000,1.000000
multi_scaling_gallery_v2_uncond_match_s1,Stairways,150000,1.000000
multi_scaling_gallery_v2_uncond_match_s1,the_art_of_cloning,150000,1.000000
multi_scaling_gallery_v2_uncond_match_s1,Pushing_It,150000,1.000000
multi_scaling_gallery_v2_uncond_match_s1,mazetest,150000,1.000000
multi_scaling_gallery_v2_uncond_match_s1,riverpuzzle,150000,1.000000
multi_scaling_gallery_v3,nekopuzzle,150000,1.000000
multi_scaling_gallery_v3,notsnake,150000,1.000000
multi_scaling_gallery_v3,blocks,150000,1.000000
multi_scaling_gallery_v3,sokoban_basic,150000,1.000000
multi_scaling_gallery_v3,Zen_Puzzle_Garden,150000,1.000000
multi_scaling_gallery_v3,Travelling_salesman,150000,1.000000
multi_scaling_gallery_v3,sumo,150000,1.000000
multi_scaling_gallery_v3,the_undertaking,150000,1.000000
multi_scaling_gallery_v3,wrappingrecipe,150000,1.000000
multi_scaling_gallery_v3,Love_and_Pieces,150000,1.000000
multi_scaling_gallery_v3,rigidfail1,150000,1.000000
multi_scaling_gallery_v3,againexample,150000,1.000000
multi_scaling_gallery_v3,naughtysprite,150000,1.000000
multi_scaling_gallery_v3,twolittlecrates1,150000,1.000000
multi_scaling_gallery_v3,rigid_11,150000,1.000000
multi_scaling_gallery_v3,leftrightnpcs,150000,1.000000
multi_scaling_gallery_v3,twolittlecrates2,150000,1.000000
multi_scaling_gallery_v3,octat,150000,1.000000
multi_scaling_gallery_v3,Stairways,150000,1.000000
multi_scaling_gallery_v3,Pushing_It,150000,1.000000
multi_scaling_gallery_v3,no_name_yet_by_dustin_lane,150000,1.000000
multi_scaling_gallery_v3,Carnival_Shooter!,150000,1.000000
multi_scaling_gallery_v3,sokobee_simples_by_matteomenapace,150000,1.000000
multi_scaling_gallery_v3,shadow_by_unknown_author,150000,1.000000
multi_scaling_gallery_v3,my_game_by_calvin_mcnamara,150000,1.000000
multi_scaling_gallery_v3,neko_puzzle_by_increpare,150000,1.000000
multi_scaling_gallery_v3,division_by_paul_gomez,150000,1.000000
multi_scaling_gallery_v3,simple_block_pushing_game_by_maximyzer,150000,1.000000
multi_scaling_gallery_v3,snowman_game_by_yuna,150000,1.000000
multi_scaling_gallery_v3,drunkard_walk_by_unknown_author,150000,1.000000
multi_scaling_gallery_v3,spell_by_beekie18,150000,1.000000
multi_scaling_gallery_v3_decoder,nekopuzzle,150000,1.000000
multi_scaling_gallery_v3_decoder,notsnake,150000,1.000000
multi_scaling_gallery_v3_decoder,blocks,150000,1.000000
multi_scaling_gallery_v3_decoder,sokoban_basic,150000,1.000000
multi_scaling_gallery_v3_decoder,Zen_Puzzle_Garden,150000,1.000000
multi_scaling_gallery_v3_decoder,sumo,150000,1.000000
multi_scaling_gallery_v3_decoder,the_undertaking,150000,1.000000
multi_scaling_gallery_v3_decoder,wrappingrecipe,150000,1.000000
multi_scaling_gallery_v3_decoder,rigidfail1,150000,1.000000
multi_scaling_gallery_v3_decoder,scriptcross,150000,1.000000
multi_scaling_gallery_v3_decoder,againexample,150000,1.000000
multi_scaling_gallery_v3_decoder,naughtysprite,150000,1.000000
multi_scaling_gallery_v3_decoder,twolittlecrates1,150000,1.000000
multi_scaling_gallery_v3_decoder,rigid_11,150000,1.000000
multi_scaling_gallery_v3_decoder,leftrightnpcs,150000,1.000000
multi_scaling_gallery_v3_decoder,twolittlecrates2,150000,1.000000
multi_scaling_gallery_v3_decoder,octat,150000,1.000000
multi_scaling_gallery_v3_decoder,Stairways,150000,1.000000
multi_scaling_gallery_v3_decoder,Pushing_It,150000,1.000000
multi_scaling_gallery_v3_decoder,clone_cloned_clones!_by_sammytooch,150000,1.000000
multi_scaling_gallery_v3_decoder,bell,_book,_and_candle_by_bagenzo,150000,1.000000
multi_scaling_gallery_v3_decoder,zombie_bedtime_by_dan,150000,1.000000
multi_scaling_gallery_v3_decoder,no_name_yet_by_dustin_lane,150000,1.000000
multi_scaling_gallery_v3_decoder,Carnival_Shooter!,150000,1.000000
multi_scaling_gallery_v3_decoder,sokobee_simples_by_matteomenapace,150000,1.000000
multi_scaling_gallery_v3_decoder,shadow_by_unknown_author,150000,1.000000
multi_scaling_gallery_v3_decoder,my_game_by_calvin_mcnamara,150000,1.000000
multi_scaling_gallery_v3_decoder,neko_puzzle_by_increpare,150000,1.000000
multi_scaling_gallery_v3_decoder,el_laberinto_dorado_by_skyemoure,150000,1.000000
multi_scaling_gallery_v3_decoder,simple_block_pushing_game_by_maximyzer,150000,1.000000
multi_scaling_gallery_v3_decoder,snowman_game_by_yuna,150000,1.000000
multi_scaling_gallery_v3_decoder,build_a_snowman_v2.0_by_arthur_yi,150000,1.000000
multi_scaling_gallery_v3_decoder,constellation_by_jere_majava,150000,1.000000
multi_scaling_gallery_v3_decoder,drunkard_walk_by_unknown_author,150000,1.000000
multi_scaling_gallery_v3_decoder,tron_by_lorapel,150000,1.000000
multi_scaling_gallery_v3_decoder,spell_by_beekie18,150000,1.000000
multi_scaling_gallery_v3_decoder_sprites_eos,nekopuzzle,150000,1.000000
multi_scaling_gallery_v3_decoder_sprites_eos,notsnake,150000,1.000000
multi_scaling_gallery_v3_decoder_sprites_eos,blocks,150000,1.000000
multi_scaling_gallery_v3_decoder_sprites_eos,sokoban_basic,150000,1.000000
multi_scaling_gallery_v3_decoder_sprites_eos,Zen_Puzzle_Garden,150000,1.000000
multi_scaling_gallery_v3_decoder_sprites_eos,Travelling_salesman,150000,1.000000
multi_scaling_gallery_v3_decoder_sprites_eos,sumo,150000,1.000000
multi_scaling_gallery_v3_decoder_sprites_eos,the_undertaking,150000,1.000000
multi_scaling_gallery_v3_decoder_sprites_eos,wrappingrecipe,150000,1.000000
multi_scaling_gallery_v3_decoder_sprites_eos,Love_and_Pieces,150000,1.000000
multi_scaling_gallery_v3_decoder_sprites_eos,rigidfail1,150000,1.000000
multi_scaling_gallery_v3_decoder_sprites_eos,scriptcross,150000,1.000000
multi_scaling_gallery_v3_decoder_sprites_eos,randomrobots,150000,1.000000
multi_scaling_gallery_v3_decoder_sprites_eos,againexample,150000,1.000000
multi_scaling_gallery_v3_decoder_sprites_eos,naughtysprite,150000,1.000000
multi_scaling_gallery_v3_decoder_sprites_eos,twolittlecrates1,150000,1.000000
multi_scaling_gallery_v3_decoder_sprites_eos,rigid_11,150000,1.000000
multi_scaling_gallery_v3_decoder_sprites_eos,leftrightnpcs,150000,1.000000
multi_scaling_gallery_v3_decoder_sprites_eos,twolittlecrates2,150000,1.000000
multi_scaling_gallery_v3_decoder_sprites_eos,octat,150000,1.000000
multi_scaling_gallery_v3_decoder_sprites_eos,Some_lines_were_meant_to_be_crossed,150000,1.000000
multi_scaling_gallery_v3_decoder_sprites_eos,Pushing_It,150000,1.000000
multi_scaling_gallery_v3_decoder_sprites_eos,bell,_book,_and_candle_by_bagenzo,150000,1.000000
multi_scaling_gallery_v3_decoder_sprites_eos,zombie_bedtime_by_dan,150000,1.000000
multi_scaling_gallery_v3_decoder_sprites_eos,Carnival_Shooter!,150000,1.000000
multi_scaling_gallery_v3_decoder_sprites_eos,sokobee_simples_by_matteomenapace,150000,1.000000
multi_scaling_gallery_v3_decoder_sprites_eos,shadow_by_unknown_author,150000,1.000000
multi_scaling_gallery_v3_decoder_sprites_eos,neko_puzzle_by_increpare,150000,1.000000
multi_scaling_gallery_v3_decoder_sprites_eos,simple_block_pushing_game_by_maximyzer,150000,1.000000
multi_scaling_gallery_v3_decoder_sprites_eos,drunkard_walk_by_unknown_author,150000,1.000000
multi_scaling_gallery_v4_cond_match_s0,nekopuzzle,150000,1.000000
multi_scaling_gallery_v4_cond_match_s0,notsnake,150000,1.000000
multi_scaling_gallery_v4_cond_match_s0,blocks,150000,1.000000
multi_scaling_gallery_v4_cond_match_s0,sokoban_basic,150000,1.000000
multi_scaling_gallery_v4_cond_match_s0,Zen_Puzzle_Garden,150000,1.000000
multi_scaling_gallery_v4_cond_match_s0,sumo,150000,1.000000
multi_scaling_gallery_v4_cond_match_s0,the_undertaking,150000,1.000000
multi_scaling_gallery_v4_cond_match_s0,wrappingrecipe,150000,1.000000
multi_scaling_gallery_v4_cond_match_s0,Love_and_Pieces,150000,1.000000
multi_scaling_gallery_v4_cond_match_s0,rigidfail1,150000,1.000000
multi_scaling_gallery_v4_cond_match_s0,scriptcross,150000,1.000000
multi_scaling_gallery_v4_cond_match_s0,againexample,150000,1.000000
multi_scaling_gallery_v4_cond_match_s0,naughtysprite,150000,1.000000
multi_scaling_gallery_v4_cond_match_s0,twolittlecrates1,150000,1.000000
multi_scaling_gallery_v4_cond_match_s0,rigid_11,150000,1.000000
multi_scaling_gallery_v4_cond_match_s0,leftrightnpcs,150000,1.000000
multi_scaling_gallery_v4_cond_match_s0,twolittlecrates2,150000,1.000000
multi_scaling_gallery_v4_cond_match_s0,octat,150000,1.000000
multi_scaling_gallery_v4_cond_match_s0,Pushing_It,150000,1.000000
multi_scaling_gallery_v4_cond_match_s0,threat_level_midnight_by_vignesh,150000,1.000000
multi_scaling_gallery_v4_cond_match_s0,the_magic_broom_by_radiosoap,150000,1.000000
multi_scaling_gallery_v4_cond_match_s0,my_eyes!!!_by_explodedcoder,150000,1.000000
multi_scaling_gallery_v4_cond_match_s0,my_game_by_amanda_howell,150000,1.000000
multi_scaling_gallery_v4_cond_match_s0,super_mario_nazi_killer_by_koldo,150000,1.000000
multi_scaling_gallery_v4_cond_match_s0,prototype_1_by_caurso99,150000,1.000000
multi_scaling_gallery_v4_cond_match_s0,herding_cats!!!1!_by_docchewkie,150000,1.000000
multi_scaling_gallery_v4_cond_match_s0,sokobad_by_noacubestudio,150000,1.000000
multi_scaling_gallery_v4_cond_match_s0,block_pushing_game_tutorial_2-4_by_unknown_author,150000,1.000000
multi_scaling_gallery_v4_cond_match_s0,2to_by_yeah-and-no,150000,1.000000
multi_scaling_gallery_v4_cond_match_s0,neko_puzzle_by_increpare,150000,1.000000
multi_scaling_gallery_v4_cond_match_s0,no_forbidden_symbols_by_increpare,150000,1.000000
multi_scaling_gallery_v4_cond_match_s0,All_These_Damn_Crates,150000,1.000000
multi_scaling_gallery_v4_cond_match_s0,t-rex_hot_chocolate_by_therealeddawson,150000,1.000000
multi_scaling_gallery_v4_cond_match_s0,build_a_snowman_v1.0_by_kimchi2012,150000,1.000000
multi_scaling_gallery_v4_cond_match_s0,Carnival_Shooter!,150000,1.000000
multi_scaling_gallery_v4_cond_match_s0,minecraft_v1.0.1_by_coconana9010,150000,1.000000
multi_scaling_gallery_v4_cond_match_s0,my_game_by_dio7225,150000,1.000000
multi_scaling_gallery_v4_cond_match_s0,feed_the_cat_by_kim_cerna,150000,1.000000
multi_scaling_gallery_v4_cond_match_s0,herding_cats!_by_albert24082408,150000,1.000000
multi_scaling_gallery_v4_cond_match_s0,test_by_finn_coffey,150000,1.000000
multi_scaling_gallery_v4_cond_match_s0,simple_block_pushing_game_by_meddlingcactus,150000,1.000000
multi_scaling_gallery_v4_cond_match_s0,cat_making_friends_by_wfykitty,150000,1.000000
multi_scaling_gallery_v4_cond_match_s0,my_game_is_better_than_your_game_by_nahcirn,150000,1.000000
multi_scaling_gallery_v4_cond_match_s0,a_very_good_puzzle_by_nahcirn,150000,1.000000
multi_scaling_gallery_v4_cond_match_s0,testi_by_janisamuli,150000,1.000000
multi_scaling_gallery_v4_cond_match_s0,platformer_thing_by_thesalamaderboy,150000,1.000000
multi_scaling_gallery_v4_cond_match_s0,underpuzzle_by_pac2005,150000,1.000000
multi_scaling_gallery_v4_cond_match_s0,title_by_author,150000,1.000000
multi_scaling_gallery_v4_cond_match_s0,full_bloom_by_qwaffles,150000,1.000000
multi_scaling_gallery_v4_cond_match_s0,test_by_katelyn_delta,150000,1.000000
multi_scaling_gallery_v4_cond_match_s0,drunkard_walk_by_unknown_author,150000,1.000000
multi_scaling_gallery_v4_cond_match_s1,nekopuzzle,150000,1.000000
multi_scaling_gallery_v4_cond_match_s1,sokoban_match3,150000,1.000000
multi_scaling_gallery_v4_cond_match_s1,Zen_Puzzle_Garden,150000,1.000000
multi_scaling_gallery_v4_cond_match_s1,the_undertaking,150000,1.000000
multi_scaling_gallery_v4_cond_match_s1,wrappingrecipe,150000,1.000000
multi_scaling_gallery_v4_cond_match_s1,rigidfail1,150000,1.000000
multi_scaling_gallery_v4_cond_match_s1,scriptcross,150000,1.000000
multi_scaling_gallery_v4_cond_match_s1,Modality,150000,1.000000
multi_scaling_gallery_v4_cond_match_s1,againexample,150000,1.000000
multi_scaling_gallery_v4_cond_match_s1,naughtysprite,150000,1.000000
multi_scaling_gallery_v4_cond_match_s1,twolittlecrates1,150000,1.000000
multi_scaling_gallery_v4_cond_match_s1,rigid_11,150000,1.000000
multi_scaling_gallery_v4_cond_match_s1,leftrightnpcs,150000,1.000000
multi_scaling_gallery_v4_cond_match_s1,twolittlecrates3,150000,1.000000
multi_scaling_gallery_v4_cond_match_s1,octat,150000,1.000000
multi_scaling_gallery_v4_cond_match_s1,Pushing_It,150000,1.000000
multi_scaling_gallery_v4_cond_match_s1,cat_adventure_deluxe!_demo_by_testethetestcat,150000,1.000000
multi_scaling_gallery_v4_cond_match_s1,my_eyes!!!_by_explodedcoder,150000,1.000000
multi_scaling_gallery_v4_cond_match_s1,a_game_by_password69,150000,1.000000
multi_scaling_gallery_v4_cond_match_s1,bombero_en_acción_by_tevo66,150000,1.000000
multi_scaling_gallery_v4_cond_match_s1,displacement_by_oliverwebsim,150000,1.000000
multi_scaling_gallery_v4_cond_match_s1,bittle_bat_by_unknown_author,150000,1.000000
multi_scaling_gallery_v4_cond_match_s1,my_game_by_amanda_howell,150000,1.000000
multi_scaling_gallery_v4_cond_match_s1,super_mario_nazi_killer_by_koldo,150000,1.000000
multi_scaling_gallery_v4_cond_match_s1,the_far_away_danish_pastry_is_always_deliciouser_by_increpare_[variant_of_lexaloffles_neko_puzzle],150000,1.000000
multi_scaling_gallery_v4_cond_match_s1,prototype_1_by_caurso99,150000,1.000000
multi_scaling_gallery_v4_cond_match_s1,block_pushing_game_tutorial_2-4_by_unknown_author,150000,1.000000
multi_scaling_gallery_v4_cond_match_s1,2to_by_yeah-and-no,150000,1.000000
multi_scaling_gallery_v4_cond_match_s1,neko_puzzle_by_increpare,150000,1.000000
multi_scaling_gallery_v4_cond_match_s1,All_These_Damn_Crates,150000,1.000000
multi_scaling_gallery_v4_cond_match_s1,t-rex_hot_chocolate_by_therealeddawson,150000,1.000000
multi_scaling_gallery_v4_cond_match_s1,ambiguity_generalization_prototype_by_thebigfive-381,150000,1.000000
multi_scaling_gallery_v4_cond_match_s1,Bridge-toggle_Maze,150000,1.000000
multi_scaling_gallery_v4_cond_match_s1,Carnival_Shooter!,150000,1.000000
multi_scaling_gallery_v4_cond_match_s1,minecraft_v1.0.1_by_coconana9010,150000,1.000000
multi_scaling_gallery_v4_cond_match_s1,feed_the_cat_by_kim_cerna,150000,1.000000
multi_scaling_gallery_v4_cond_match_s1,herding_cats!_by_albert24082408,150000,1.000000
multi_scaling_gallery_v4_cond_match_s1,arregla_la_vereda_by_marcos-do,150000,1.000000
multi_scaling_gallery_v4_cond_match_s1,test_by_finn_coffey,150000,1.000000
multi_scaling_gallery_v4_cond_match_s1,simple_block_pushing_game_by_meddlingcactus,150000,1.000000
multi_scaling_gallery_v4_cond_match_s1,cat_making_friends_by_wfykitty,150000,1.000000
multi_scaling_gallery_v4_cond_match_s1,my_game_is_better_than_your_game_by_nahcirn,150000,1.000000
multi_scaling_gallery_v4_cond_match_s1,testi_by_janisamuli,150000,1.000000
multi_scaling_gallery_v4_cond_match_s1,underpuzzle_by_pac2005,150000,1.000000
multi_scaling_gallery_v4_cond_match_s1,title_by_author,150000,1.000000
multi_scaling_gallery_v4_cond_match_s1,full_bloom_by_qwaffles,150000,1.000000
multi_scaling_gallery_v4_cond_match_s1,test_by_katelyn_delta,150000,1.000000
multi_scaling_gallery_v4_cond_match_s1,drunkard_walk_by_unknown_author,150000,1.000000
multi_scaling_gallery_v4_decoder,nekopuzzle,120000,1.000000
multi_scaling_gallery_v4_decoder,notsnake,120000,1.000000
multi_scaling_gallery_v4_decoder,blocks,120000,1.000000
multi_scaling_gallery_v4_decoder,sokoban_basic,120000,1.000000
multi_scaling_gallery_v4_decoder,Zen_Puzzle_Garden,120000,1.000000
multi_scaling_gallery_v4_decoder,sumo,120000,1.000000
multi_scaling_gallery_v4_decoder,the_undertaking,120000,1.000000
multi_scaling_gallery_v4_decoder,wrappingrecipe,120000,1.000000
multi_scaling_gallery_v4_decoder,rigidfail1,120000,1.000000
multi_scaling_gallery_v4_decoder,againexample,120000,1.000000
multi_scaling_gallery_v4_decoder,naughtysprite,120000,1.000000
multi_scaling_gallery_v4_decoder,twolittlecrates1,120000,1.000000
multi_scaling_gallery_v4_decoder,leftrightnpcs,120000,1.000000
multi_scaling_gallery_v4_decoder,twolittlecrates2,120000,1.000000
multi_scaling_gallery_v4_decoder,octat,120000,1.000000
multi_scaling_gallery_v4_decoder,Pushing_It,120000,1.000000
multi_scaling_gallery_v4_decoder,Singleton_Traffic,120000,1.000000
multi_scaling_gallery_v4_decoder,super_mario_nazi_killer_by_koldo,120000,1.000000
multi_scaling_gallery_v4_decoder,the_far_away_danish_pastry_is_always_deliciouser_by_increpare_[variant_of_lexaloffles_neko_puzzle],120000,1.000000
multi_scaling_gallery_v4_decoder,sokobad_by_noacubestudio,120000,1.000000
multi_scaling_gallery_v4_decoder,2to_by_yeah-and-no,120000,1.000000
multi_scaling_gallery_v4_decoder,neko_puzzle_by_increpare,120000,1.000000
multi_scaling_gallery_v4_decoder,no_forbidden_symbols_by_increpare,120000,1.000000
multi_scaling_gallery_v4_decoder,Carnival_Shooter!,120000,1.000000
multi_scaling_gallery_v4_decoder,minecraft_v1.0.1_by_coconana9010,120000,1.000000
multi_scaling_gallery_v4_decoder,my_game_by_dio7225,120000,1.000000
multi_scaling_gallery_v4_decoder,feed_the_cat_by_kim_cerna,120000,1.000000
multi_scaling_gallery_v4_decoder,herding_cats!_by_albert24082408,120000,1.000000
multi_scaling_gallery_v4_decoder,test_by_finn_coffey,120000,1.000000
multi_scaling_gallery_v4_decoder,simple_block_pushing_game_by_meddlingcactus,120000,1.000000
multi_scaling_gallery_v4_decoder,cat_making_friends_by_wfykitty,120000,1.000000
multi_scaling_gallery_v4_decoder,my_game_is_better_than_your_game_by_nahcirn,120000,1.000000
multi_scaling_gallery_v4_decoder,a_very_good_puzzle_by_nahcirn,120000,1.000000
multi_scaling_gallery_v4_decoder,testi_by_janisamuli,120000,1.000000
multi_scaling_gallery_v4_decoder,platformer_thing_by_thesalamaderboy,120000,1.000000
multi_scaling_gallery_v4_decoder,underpuzzle_by_pac2005,120000,1.000000
multi_scaling_gallery_v4_decoder,title_by_author,120000,1.000000
multi_scaling_gallery_v4_decoder,test_by_katelyn_delta,120000,1.000000
multi_scaling_gallery_v4_decoder,drunkard_walk_by_unknown_author,120000,1.000000
multi_scaling_gallery_v4_decoder_sprites_eos,nekopuzzle,150000,1.000000
multi_scaling_gallery_v4_decoder_sprites_eos,notsnake,150000,1.000000
multi_scaling_gallery_v4_decoder_sprites_eos,blocks,150000,1.000000
multi_scaling_gallery_v4_decoder_sprites_eos,sokoban_basic,150000,1.000000
multi_scaling_gallery_v4_decoder_sprites_eos,sumo,150000,1.000000
multi_scaling_gallery_v4_decoder_sprites_eos,the_undertaking,150000,1.000000
multi_scaling_gallery_v4_decoder_sprites_eos,wrappingrecipe,150000,1.000000
multi_scaling_gallery_v4_decoder_sprites_eos,Love_and_Pieces,150000,1.000000
multi_scaling_gallery_v4_decoder_sprites_eos,rigidfail1,150000,1.000000
multi_scaling_gallery_v4_decoder_sprites_eos,scriptcross,150000,1.000000
multi_scaling_gallery_v4_decoder_sprites_eos,againexample,150000,1.000000
multi_scaling_gallery_v4_decoder_sprites_eos,naughtysprite,150000,1.000000
multi_scaling_gallery_v4_decoder_sprites_eos,twolittlecrates1,150000,1.000000
multi_scaling_gallery_v4_decoder_sprites_eos,rigid_11,150000,1.000000
multi_scaling_gallery_v4_decoder_sprites_eos,twolittlecrates2,150000,1.000000
multi_scaling_gallery_v4_decoder_sprites_eos,Pushing_It,150000,1.000000
multi_scaling_gallery_v4_decoder_sprites_eos,Singleton_Traffic,150000,1.000000
multi_scaling_gallery_v4_decoder_sprites_eos,the_magic_broom_by_radiosoap,150000,1.000000
multi_scaling_gallery_v4_decoder_sprites_eos,a_game_by_password69,150000,1.000000
multi_scaling_gallery_v4_decoder_sprites_eos,bombero_en_acción_by_tevo66,150000,1.000000
multi_scaling_gallery_v4_decoder_sprites_eos,my_game_by_amanda_howell,150000,1.000000
multi_scaling_gallery_v4_decoder_sprites_eos,super_mario_nazi_killer_by_koldo,150000,1.000000
multi_scaling_gallery_v4_decoder_sprites_eos,the_far_away_danish_pastry_is_always_deliciouser_by_increpare_[variant_of_lexaloffles_neko_puzzle],150000,1.000000
multi_scaling_gallery_v4_decoder_sprites_eos,prototype_1_by_caurso99,150000,1.000000
multi_scaling_gallery_v4_decoder_sprites_eos,herding_cats!!!1!_by_docchewkie,150000,1.000000
multi_scaling_gallery_v4_decoder_sprites_eos,2to_by_yeah-and-no,150000,1.000000
multi_scaling_gallery_v4_decoder_sprites_eos,neko_puzzle_by_increpare,150000,1.000000
multi_scaling_gallery_v4_decoder_sprites_eos,no_forbidden_symbols_by_increpare,150000,1.000000
multi_scaling_gallery_v4_decoder_sprites_eos,t-rex_hot_chocolate_by_therealeddawson,150000,1.000000
multi_scaling_gallery_v4_decoder_sprites_eos,the_poop_game_by_pontus_granstrom,150000,1.000000
multi_scaling_gallery_v4_decoder_sprites_eos,de+a+ch_by_razthepenguin,150000,1.000000
multi_scaling_gallery_v4_decoder_sprites_eos,build_a_snowman_v1.0_by_kimchi2012,150000,1.000000
multi_scaling_gallery_v4_decoder_sprites_eos,Carnival_Shooter!,150000,1.000000
multi_scaling_gallery_v4_decoder_sprites_eos,minecraft_v1.0.1_by_coconana9010,150000,1.000000
multi_scaling_gallery_v4_decoder_sprites_eos,my_game_by_dio7225,150000,1.000000
multi_scaling_gallery_v4_decoder_sprites_eos,feed_the_cat_by_kim_cerna,150000,1.000000
multi_scaling_gallery_v4_decoder_sprites_eos,maze_by_meena0303,150000,1.000000
multi_scaling_gallery_v4_decoder_sprites_eos,test_by_finn_coffey,150000,1.000000
multi_scaling_gallery_v4_decoder_sprites_eos,simple_block_pushing_game_by_meddlingcactus,150000,1.000000
multi_scaling_gallery_v4_decoder_sprites_eos,cat_making_friends_by_wfykitty,150000,1.000000
multi_scaling_gallery_v4_decoder_sprites_eos,my_game_is_better_than_your_game_by_nahcirn,150000,1.000000
multi_scaling_gallery_v4_decoder_sprites_eos,a_very_good_puzzle_by_nahcirn,150000,1.000000
multi_scaling_gallery_v4_decoder_sprites_eos,testi_by_janisamuli,150000,1.000000
multi_scaling_gallery_v4_decoder_sprites_eos,platformer_thing_by_thesalamaderboy,150000,1.000000
multi_scaling_gallery_v4_decoder_sprites_eos,underpuzzle_by_pac2005,150000,1.000000
multi_scaling_gallery_v4_decoder_sprites_eos,title_by_author,150000,1.000000
multi_scaling_gallery_v4_decoder_sprites_eos,full_bloom_by_qwaffles,150000,1.000000
multi_scaling_gallery_v4_decoder_sprites_eos,test_by_katelyn_delta,150000,1.000000
multi_scaling_gallery_v4_decoder_sprites_eos,drunkard_walk_by_unknown_author,150000,1.000000
multi_scaling_gallery_v4_uncond_match_s0,blocks,150000,1.000000
multi_scaling_gallery_v4_uncond_match_s0,sokoban_basic,150000,1.000000
multi_scaling_gallery_v4_uncond_match_s0,wrappingrecipe,150000,1.000000
multi_scaling_gallery_v4_uncond_match_s0,rigidfail1,150000,1.000000
multi_scaling_gallery_v4_uncond_match_s0,scriptcross,150000,1.000000
multi_scaling_gallery_v4_uncond_match_s0,againexample,150000,1.000000
multi_scaling_gallery_v4_uncond_match_s0,naughtysprite,150000,1.000000
multi_scaling_gallery_v4_uncond_match_s0,twolittlecrates1,150000,1.000000
multi_scaling_gallery_v4_uncond_match_s0,rigid_11,150000,1.000000
multi_scaling_gallery_v4_uncond_match_s0,leftrightnpcs,150000,1.000000
multi_scaling_gallery_v4_uncond_match_s0,twolittlecrates2,150000,1.000000
multi_scaling_gallery_v4_uncond_match_s0,octat,150000,1.000000
multi_scaling_gallery_v4_uncond_match_s0,Stairways,150000,1.000000
multi_scaling_gallery_v4_uncond_match_s0,Pushing_It,150000,1.000000
multi_scaling_gallery_v4_uncond_match_s0,Singleton_Traffic,150000,1.000000
multi_scaling_gallery_v4_uncond_match_s0,the_magic_broom_by_radiosoap,150000,1.000000
multi_scaling_gallery_v4_uncond_match_s0,my_game_by_amanda_howell,150000,1.000000
multi_scaling_gallery_v4_uncond_match_s0,super_mario_nazi_killer_by_koldo,150000,1.000000
multi_scaling_gallery_v4_uncond_match_s0,prototype_1_by_caurso99,150000,1.000000
multi_scaling_gallery_v4_uncond_match_s0,neko_puzzle_by_increpare,150000,1.000000
multi_scaling_gallery_v4_uncond_match_s0,the_poop_game_by_pontus_granstrom,150000,1.000000
multi_scaling_gallery_v4_uncond_match_s0,simple_block_pushing_game_by_mirage-xel,150000,1.000000
multi_scaling_gallery_v4_uncond_match_s0,Carnival_Shooter!,150000,1.000000
multi_scaling_gallery_v4_uncond_match_s0,minecraft_v1.0.1_by_coconana9010,150000,1.000000
multi_scaling_gallery_v4_uncond_match_s0,herding_cats!_by_albert24082408,150000,1.000000
multi_scaling_gallery_v4_uncond_match_s0,test_by_finn_coffey,150000,1.000000
multi_scaling_gallery_v4_uncond_match_s0,simple_block_pushing_game_by_meddlingcactus,150000,1.000000
multi_scaling_gallery_v4_uncond_match_s0,cat_making_friends_by_wfykitty,150000,1.000000
multi_scaling_gallery_v4_uncond_match_s0,a_very_good_puzzle_by_nahcirn,150000,1.000000
multi_scaling_gallery_v4_uncond_match_s0,testi_by_janisamuli,150000,1.000000
multi_scaling_gallery_v4_uncond_match_s0,platformer_thing_by_thesalamaderboy,150000,1.000000
multi_scaling_gallery_v4_uncond_match_s0,underpuzzle_by_pac2005,150000,1.000000
multi_scaling_gallery_v4_uncond_match_s0,title_by_author,150000,1.000000
multi_scaling_gallery_v4_uncond_match_s0,full_bloom_by_qwaffles,150000,1.000000
multi_scaling_gallery_v4_uncond_match_s0,test_by_katelyn_delta,150000,1.000000
multi_scaling_gallery_v4_uncond_match_s0,drunkard_walk_by_unknown_author,150000,1.000000
multi_scaling_gallery_v2_cond_match_s0,Multi-word_Dictionary_Game,150000,1.000000
multi_scaling_gallery_v2_cond_match_s1,notsnake,30000,1.000000
multi_scaling_gallery_v2_uncond_match_s0,Multi-word_Dictionary_Game,150000,1.000000
multi_scaling_gallery_v2_uncond_match_s1,twolittlecrates2,150000,1.000000
multi_scaling_gallery_v2_uncond_match_s1,octat,150000,1.000000
multi_scaling_gallery_v3,Multi-word_Dictionary_Game,150000,1.000000
multi_scaling_gallery_v3,the_art_of_cloning,150000,1.000000
multi_scaling_gallery_v3_decoder,Multi-word_Dictionary_Game,150000,1.000000
multi_scaling_gallery_v3_decoder,twolittlecrates3,150000,1.000000
multi_scaling_gallery_v3_decoder,the_art_of_cloning,150000,1.000000
multi_scaling_gallery_v3_decoder_sprites_eos,Multi-word_Dictionary_Game,150000,1.000000
multi_scaling_gallery_v3_decoder_sprites_eos,twolittlecrates3,150000,1.000000
multi_scaling_gallery_v4_cond_match_s0,Multi-word_Dictionary_Game,150000,1.000000
multi_scaling_gallery_v4_cond_match_s0,twolittlecrates3,150000,1.000000
multi_scaling_gallery_v4_cond_match_s1,notsnake,150000,1.000000
multi_scaling_gallery_v4_cond_match_s1,a_very_good_puzzle_by_nahcirn,150000,1.000000
multi_scaling_gallery_v4_decoder,twolittlecrates3,120000,1.000000
multi_scaling_gallery_v4_decoder_sprites_eos,twolittlecrates3,150000,1.000000
multi_scaling_gallery_v4_decoder_sprites_eos,the_art_of_cloning,150000,1.000000
multi_scaling_gallery_v4_uncond_match_s0,the_art_of_cloning,150000,1.000000
