{
  "model": "deepseek-r1",
  "game": "Travelling_salesman",
  "level": 2,
  "run": 4,
  "win": false,
  "action_sequence": [
    0,
    2,
    0,
    0,
    0,
    0,
    0,
    1,
    1,
    4,
    4,
    2,
    4,
    2,
    1,
    0,
    0,
    0,
    3,
    4,
    4,
    4,
    3,
    4,
    2,
    2,
    2,
    2,
    2,
    2,
    2,
    2,
    2,
    4,
    2,
    2,
    2,
    2,
    2,
    2,
    2,
    2,
    2,
    4,
    2,
    2,
    2,
    2,
    4,
    2
  ],
  "reward_sequence": [
    -0.009999999776482582,
    1.9900000095367432,
    -0.009999999776482582,
    -0.009999999776482582,
    -0.009999999776482582,
    -0.009999999776482582,
    -0.009999999776482582,
    0.9900000095367432,
    0.9900000095367432,
    -0.009999999776482582,
    -0.009999999776482582,
    0.9900000095367432,
    -0.009999999776482582,
    0.9900000095367432,
    0.9900000095367432,
    0.9900000095367432,
    0.9900000095367432,
    0.9900000095367432,
    0.9900000095367432,
    -0.009999999776482582,
    -0.009999999776482582,
    -0.009999999776482582,
    0.9900000095367432,
    -0.009999999776482582,
    -0.009999999776482582,
    -0.009999999776482582,
    -0.009999999776482582,
    -0.009999999776482582,
    -0.009999999776482582,
    -0.009999999776482582,
    -0.009999999776482582,
    -0.009999999776482582,
    -0.009999999776482582,
    -0.009999999776482582,
    -0.009999999776482582,
    -0.009999999776482582,
    -0.009999999776482582,
    -0.009999999776482582,
    -0.009999999776482582,
    -0.009999999776482582,
    -0.009999999776482582,
    -0.009999999776482582,
    -0.009999999776482582,
    -0.009999999776482582,
    -0.009999999776482582,
    -0.009999999776482582,
    -0.009999999776482582,
    -0.009999999776482582,
    -0.009999999776482582,
    -0.009999999776482582
  ],
  "initial_ascii": [
    "LEGEND:",
    "p: node, player",
    "-: hlink",
    "o: node",
    ".: background",
    "|: vlink",
    "",
    "MAP:",
    "p-o.o-o",
    "|.|.|.|",
    "o-o-o.o",
    "|.|...|",
    "o.o-o-o",
    "|.|.|.|",
    "o-o-o-o"
  ],
  "state_data": {
    "score": -4,
    "win": false,
    "step": 50
  },
  "heuristics": [
    -16.0,
    -14.0,
    -14.0,
    -14.0,
    -14.0,
    -14.0,
    -14.0,
    -13.0,
    -12.0,
    -12.0,
    -12.0,
    -11.0,
    -11.0,
    -10.0,
    -9.0,
    -8.0,
    -7.0,
    -6.0,
    -5.0,
    -5.0,
    -5.0,
    -5.0,
    -4.0,
    -4.0,
    -4.0,
    -4.0,
    -4.0,
    -4.0,
    -4.0,
    -4.0,
    -4.0,
    -4.0,
    -4.0,
    -4.0,
    -4.0,
    -4.0,
    -4.0,
    -4.0,
    -4.0,
    -4.0,
    -4.0,
    -4.0,
    -4.0,
    -4.0,
    -4.0,
    -4.0,
    -4.0,
    -4.0,
    -4.0,
    -4.0
  ],
  "final_ascii": [
    "LEGEND:",
    "\u1406: nodeseen",
    "\u2592: hlinkseen",
    ".: background",
    "o: node",
    "-: hlink",
    "|: vlink",
    "\u1b92: vlinkseen",
    "\u12f7: nodeseen, player",
    "",
    "MAP:",
    "\u1406\u2592\u1406.o-o",
    "|.\u1b92.|.|",
    "\u12f7-\u1406-o.o",
    "\u1b92.\u1b92...|",
    "\u1406.\u1406\u2592\u1406\u2592\u1406",
    "\u1b92.|.|.\u1b92",
    "\u1406\u2592\u1406\u2592\u1406\u2592\u1406"
  ]
}