{
  "model": "deepseek-r1",
  "game": "kettle",
  "level": 9,
  "run": 1,
  "win": false,
  "action_sequence": [
    2,
    2,
    0,
    2,
    1,
    3,
    1,
    2,
    2,
    0,
    2,
    1,
    2,
    0,
    0,
    2,
    2,
    2,
    2,
    2,
    2,
    0,
    2,
    2,
    1,
    2,
    2,
    2,
    2,
    2,
    2,
    2,
    2,
    2,
    2,
    2,
    2,
    2,
    2,
    0,
    2,
    2,
    2,
    2,
    2,
    2,
    2,
    2,
    2,
    2
  ],
  "reward_sequence": [
    5.989999771118164,
    4.989999771118164,
    5.989999771118164,
    -0.009999999776482582,
    5.989999771118164,
    4.989999771118164,
    3.990000009536743,
    -3.009999990463257,
    -3.009999990463257,
    0.9900000095367432,
    -0.009999999776482582,
    -0.009999999776482582,
    -0.009999999776482582,
    -0.009999999776482582,
    -0.009999999776482582,
    -0.009999999776482582,
    -0.009999999776482582,
    -0.009999999776482582,
    -0.009999999776482582,
    -0.009999999776482582,
    -0.009999999776482582,
    -0.009999999776482582,
    -0.009999999776482582,
    -0.009999999776482582,
    -0.009999999776482582,
    -0.009999999776482582,
    -0.009999999776482582,
    -0.009999999776482582,
    -0.009999999776482582,
    -0.009999999776482582,
    -0.009999999776482582,
    -0.009999999776482582,
    -0.009999999776482582,
    -0.009999999776482582,
    -0.009999999776482582,
    -0.009999999776482582,
    -0.009999999776482582,
    -0.009999999776482582,
    -0.009999999776482582,
    -0.009999999776482582,
    -0.009999999776482582,
    -0.009999999776482582,
    -0.009999999776482582,
    -0.009999999776482582,
    -0.009999999776482582,
    -0.009999999776482582,
    -0.009999999776482582,
    -0.009999999776482582,
    -0.009999999776482582,
    -0.009999999776482582
  ],
  "initial_ascii": [
    "LEGEND:",
    "#: wall",
    ".: background",
    "k: dpolice",
    "l: rpolice",
    "c: crate",
    "j: lpolice",
    "@: target, crate",
    "t: target",
    "i: upolice",
    "",
    "MAP:",
    "###############",
    "#.kkkkkkkkkk..#",
    "#.lccc.c...cj.#",
    "#.lc........j.#",
    "#.lc@t@tt...j.#",
    "#.lct@@@t...j.#",
    "#.l.@ttt@..cj.#",
    "#.lctt@@t..cj.#",
    "#.l.ttttt...j.#",
    "#.l.........j.#",
    "#.l........cj.#",
    "#.l...c.c.ccj.#",
    "#.iiiiiiiiii..#",
    "###############"
  ],
  "state_data": {
    "score": 11,
    "win": false,
    "step": 50
  },
  "heuristics": [
    -47.0,
    -42.0,
    -36.0,
    -36.0,
    -30.0,
    -25.0,
    -21.0,
    -24.0,
    -27.0,
    -26.0,
    -26.0,
    -26.0,
    -26.0,
    -26.0,
    -26.0,
    -26.0,
    -26.0,
    -26.0,
    -26.0,
    -26.0,
    -26.0,
    -26.0,
    -26.0,
    -26.0,
    -26.0,
    -26.0,
    -26.0,
    -26.0,
    -26.0,
    -26.0,
    -26.0,
    -26.0,
    -26.0,
    -26.0,
    -26.0,
    -26.0,
    -26.0,
    -26.0,
    -26.0,
    -26.0,
    -26.0,
    -26.0,
    -26.0,
    -26.0,
    -26.0,
    -26.0,
    -26.0,
    -26.0,
    -26.0,
    -26.0
  ],
  "final_ascii": [
    "LEGEND:",
    "#: wall",
    ".: background",
    "k: dpolice",
    "l: rpolice",
    "j: lpolice",
    "t: target",
    "\u0a13: target, rpolice",
    "@: target, crate",
    "c: crate",
    "i: upolice",
    "",
    "MAP:",
    "###############",
    "#.............#",
    "#...k...lj.k..#",
    "#...lkkkk.kj..#",
    "#...t\u0a13@@@kcj..#",
    "#.kktt\u0a13@@ccj..#",
    "#...t\u0a13@@@ccj..#",
    "#...tt\u0a13@@ccj..#",
    "#...ttt\u0a13@cj...#",
    "#......lccj...#",
    "#.....lccccj..#",
    "#.iiliiiiiij..#",
    "#...i......i..#",
    "###############"
  ]
}