{
  "model": "deepseek-r1",
  "game": "blocks",
  "level": 0,
  "run": 1,
  "win": false,
  "action_sequence": [
    2,
    2,
    2,
    2,
    2,
    2,
    2,
    2,
    2,
    2,
    4,
    1,
    4,
    0,
    2,
    3,
    3,
    4,
    3,
    2,
    2,
    2,
    2,
    2,
    1,
    4,
    0,
    2,
    1,
    3,
    3,
    1,
    1,
    1,
    0,
    2,
    0,
    1,
    2,
    3,
    4,
    1,
    3,
    1,
    3,
    1,
    3,
    1,
    3,
    2
  ],
  "reward_sequence": [
    1.9900000095367432,
    0.9900000095367432,
    -1.0099999904632568,
    -1.0099999904632568,
    0.9900000095367432,
    -1.0099999904632568,
    -0.009999999776482582,
    -0.009999999776482582,
    0.9900000095367432,
    1.9900000095367432,
    -0.009999999776482582,
    -1.0099999904632568,
    -0.009999999776482582,
    -1.0099999904632568,
    0.9900000095367432,
    0.9900000095367432,
    -0.009999999776482582,
    -0.009999999776482582,
    0.9900000095367432,
    -0.009999999776482582,
    0.9900000095367432,
    0.9900000095367432,
    0.9900000095367432,
    -1.0099999904632568,
    0.9900000095367432,
    -0.009999999776482582,
    -2.009999990463257,
    1.9900000095367432,
    1.9900000095367432,
    -2.009999990463257,
    -1.0099999904632568,
    0.9900000095367432,
    1.9900000095367432,
    0.9900000095367432,
    -1.0099999904632568,
    0.9900000095367432,
    -1.0099999904632568,
    -1.0099999904632568,
    1.9900000095367432,
    -0.009999999776482582,
    -0.009999999776482582,
    -0.009999999776482582,
    -0.009999999776482582,
    -0.009999999776482582,
    -0.009999999776482582,
    -0.009999999776482582,
    -0.009999999776482582,
    -0.009999999776482582,
    -0.009999999776482582,
    -1.0099999904632568
  ],
  "initial_ascii": [
    "LEGEND:",
    "w: wall",
    ".: background",
    "g: goal",
    "p: player",
    "",
    "MAP:",
    "wwwwwwwwwwwww",
    "w..gw...gw.pw",
    "w..ww...ww..w",
    "w..w..w..w..w",
    "w.p...w....gw",
    "ww..wwwwwwwww",
    "w.p........gw",
    "w..w..w.wwwww",
    "w..w.......pw",
    "w.pw..gwwwwww",
    "wwwwwwwwwwwww"
  ],
  "state_data": {
    "score": 2,
    "win": false,
    "step": 50
  },
  "heuristics": [
    -16.0,
    -15.0,
    -16.0,
    -17.0,
    -16.0,
    -17.0,
    -17.0,
    -17.0,
    -16.0,
    -14.0,
    -14.0,
    -15.0,
    -15.0,
    -16.0,
    -15.0,
    -14.0,
    -14.0,
    -14.0,
    -13.0,
    -13.0,
    -12.0,
    -11.0,
    -10.0,
    -11.0,
    -10.0,
    -10.0,
    -12.0,
    -10.0,
    -8.0,
    -10.0,
    -11.0,
    -10.0,
    -8.0,
    -7.0,
    -8.0,
    -7.0,
    -8.0,
    -9.0,
    -7.0,
    -7.0,
    -7.0,
    -7.0,
    -7.0,
    -7.0,
    -7.0,
    -7.0,
    -7.0,
    -7.0,
    -7.0,
    -8.0
  ],
  "final_ascii": [
    "LEGEND:",
    "w: wall",
    ".: background",
    "g: goal",
    "\u2240: goal, player",
    "p: player",
    "",
    "MAP:",
    "wwwwwwwwwwwww",
    "w..gw...\u2240w..w",
    "w..ww...ww..w",
    "w..w..w..w.pw",
    "w.....w....gw",
    "ww..wwwwwwwww",
    "w..........\u2240w",
    "w..w..w.wwwww",
    "w..w...p...pw",
    "w..w..gwwwwww",
    "wwwwwwwwwwwww"
  ]
}