{
  "model": "deepseek-r1",
  "game": "limerick",
  "level": 2,
  "run": 4,
  "win": false,
  "action_sequence": [
    2,
    2,
    2,
    4,
    3,
    0,
    3,
    3,
    3,
    3,
    0,
    3,
    4,
    0,
    3,
    4,
    4,
    4,
    3,
    4,
    4,
    0,
    3,
    3,
    3,
    3,
    0,
    4,
    4,
    3,
    4,
    4,
    4,
    4,
    4,
    0,
    4,
    4,
    0,
    0,
    4,
    0,
    0,
    3,
    3,
    3,
    3,
    4,
    4,
    4
  ],
  "reward_sequence": [
    0.9900000095367432,
    -0.009999999776482582,
    -1.0099999904632568,
    -0.009999999776482582,
    -0.009999999776482582,
    -0.009999999776482582,
    -0.009999999776482582,
    -0.009999999776482582,
    -0.009999999776482582,
    -0.009999999776482582,
    -0.009999999776482582,
    -0.009999999776482582,
    -0.009999999776482582,
    -0.009999999776482582,
    -0.009999999776482582,
    -0.009999999776482582,
    -0.009999999776482582,
    -0.009999999776482582,
    -0.009999999776482582,
    -0.009999999776482582,
    -0.009999999776482582,
    -0.009999999776482582,
    -0.009999999776482582,
    -0.009999999776482582,
    -0.009999999776482582,
    -0.009999999776482582,
    -0.009999999776482582,
    -0.009999999776482582,
    -0.009999999776482582,
    -0.009999999776482582,
    -0.009999999776482582,
    -0.009999999776482582,
    -0.009999999776482582,
    -0.009999999776482582,
    -0.009999999776482582,
    -0.009999999776482582,
    -0.009999999776482582,
    -0.009999999776482582,
    -0.009999999776482582,
    -0.009999999776482582,
    -0.009999999776482582,
    -0.009999999776482582,
    -0.009999999776482582,
    -0.009999999776482582,
    -0.009999999776482582,
    -0.009999999776482582,
    -0.009999999776482582,
    -0.009999999776482582,
    -0.009999999776482582,
    -0.009999999776482582
  ],
  "initial_ascii": [
    "LEGEND:",
    "#: wall",
    ".: background",
    "\u0452: playerbodyh",
    "p: playerhead1",
    "e: exit",
    "",
    "MAP:",
    "###################",
    "#........#........#",
    "#........#........#",
    "###.............###",
    "#.................#",
    "#.....\u0452p....e.....#",
    "#....###...###....#",
    "#..######.######..#",
    "#.......#.#.......#",
    "#.......###.......#",
    "###.............###",
    "#.................#",
    "#.................#",
    "######.......######",
    "###################"
  ],
  "state_data": {
    "score": 0,
    "win": false,
    "step": 50
  },
  "heuristics": [
    -5.0,
    -5.0,
    -6.0,
    -6.0,
    -6.0,
    -6.0,
    -6.0,
    -6.0,
    -6.0,
    -6.0,
    -6.0,
    -6.0,
    -6.0,
    -6.0,
    -6.0,
    -6.0,
    -6.0,
    -6.0,
    -6.0,
    -6.0,
    -6.0,
    -6.0,
    -6.0,
    -6.0,
    -6.0,
    -6.0,
    -6.0,
    -6.0,
    -6.0,
    -6.0,
    -6.0,
    -6.0,
    -6.0,
    -6.0,
    -6.0,
    -6.0,
    -6.0,
    -6.0,
    -6.0,
    -6.0,
    -6.0,
    -6.0,
    -6.0,
    -6.0,
    -6.0,
    -6.0,
    -6.0,
    -6.0,
    -6.0,
    -6.0
  ],
  "final_ascii": [
    "LEGEND:",
    "#: wall",
    ".: background",
    "\u0452: playerbodyh",
    "\u02de: playerbodyv",
    "e: exit",
    "p: playerhead1",
    "",
    "MAP:",
    "###################",
    "#........#........#",
    "#........#........#",
    "###.............###",
    "#.................#",
    "#.....\u0452\u0452\u02de...e.....#",
    "#....###\u0452\u02de.###....#",
    "#..######\u02de######..#",
    "#.......#p#.......#",
    "#.......###.......#",
    "###.............###",
    "#.................#",
    "#.................#",
    "######.......######",
    "###################"
  ]
}