{
  "model": "deepseek-r1",
  "game": "Travelling_salesman",
  "level": 3,
  "run": 2,
  "win": false,
  "action_sequence": [
    1,
    2,
    3,
    0,
    0,
    2,
    0,
    1,
    1,
    4,
    0,
    1,
    2,
    4,
    4,
    4,
    4,
    4,
    4,
    4,
    2,
    0,
    3,
    0,
    3,
    3,
    1,
    0,
    0,
    4,
    0,
    1,
    0,
    0,
    0,
    0,
    0,
    0,
    0,
    0,
    0,
    0,
    0,
    0,
    0,
    0,
    0,
    0,
    0,
    0
  ],
  "reward_sequence": [
    1.9900000095367432,
    0.9900000095367432,
    0.9900000095367432,
    -0.009999999776482582,
    -0.009999999776482582,
    0.9900000095367432,
    -0.009999999776482582,
    0.9900000095367432,
    0.9900000095367432,
    -0.009999999776482582,
    0.9900000095367432,
    0.9900000095367432,
    0.9900000095367432,
    -0.009999999776482582,
    -0.009999999776482582,
    -0.009999999776482582,
    -0.009999999776482582,
    -0.009999999776482582,
    -0.009999999776482582,
    -0.009999999776482582,
    0.9900000095367432,
    -0.009999999776482582,
    0.9900000095367432,
    -0.009999999776482582,
    0.9900000095367432,
    0.9900000095367432,
    -0.009999999776482582,
    -0.009999999776482582,
    -0.009999999776482582,
    -0.009999999776482582,
    -0.009999999776482582,
    -0.009999999776482582,
    -0.009999999776482582,
    -0.009999999776482582,
    -0.009999999776482582,
    -0.009999999776482582,
    -0.009999999776482582,
    -0.009999999776482582,
    -0.009999999776482582,
    -0.009999999776482582,
    -0.009999999776482582,
    -0.009999999776482582,
    -0.009999999776482582,
    -0.009999999776482582,
    -0.009999999776482582,
    -0.009999999776482582,
    -0.009999999776482582,
    -0.009999999776482582,
    -0.009999999776482582,
    -0.009999999776482582
  ],
  "initial_ascii": [
    "LEGEND:",
    "\u1959: nodeseen",
    "-: hlink",
    "o: node",
    "\u29e3: vlinkseen",
    ".: background",
    "|: vlink",
    "\u2653: nodeseen, player",
    "",
    "MAP:",
    "\u1959-o-o-o",
    "\u29e3.|.|.|",
    "\u2653-o.o.o",
    "|...|.|",
    "o-o-o-o",
    "|.|...|",
    "o-o-o-o"
  ],
  "state_data": {
    "score": -2,
    "win": false,
    "step": 50
  },
  "heuristics": [
    -14.0,
    -13.0,
    -12.0,
    -12.0,
    -12.0,
    -11.0,
    -11.0,
    -10.0,
    -9.0,
    -9.0,
    -8.0,
    -7.0,
    -6.0,
    -6.0,
    -6.0,
    -6.0,
    -6.0,
    -6.0,
    -6.0,
    -6.0,
    -5.0,
    -5.0,
    -4.0,
    -4.0,
    -3.0,
    -2.0,
    -2.0,
    -2.0,
    -2.0,
    -2.0,
    -2.0,
    -2.0,
    -2.0,
    -2.0,
    -2.0,
    -2.0,
    -2.0,
    -2.0,
    -2.0,
    -2.0,
    -2.0,
    -2.0,
    -2.0,
    -2.0,
    -2.0,
    -2.0,
    -2.0,
    -2.0,
    -2.0,
    -2.0
  ],
  "final_ascii": [
    "LEGEND:",
    "\u1959: nodeseen",
    "-: hlink",
    "\u0408: hlinkseen",
    "\u2653: nodeseen, player",
    "\u29e3: vlinkseen",
    ".: background",
    "|: vlink",
    "o: node",
    "",
    "MAP:",
    "\u1959-\u1959\u0408\u1959-\u2653",
    "\u29e3.\u29e3.\u29e3.\u29e3",
    "\u1959\u0408\u1959.\u1959.\u1959",
    "|...\u29e3.\u29e3",
    "o-\u1959\u0408\u1959-\u1959",
    "|.\u29e3...\u29e3",
    "o-\u1959\u0408\u1959\u0408\u1959"
  ]
}