{
  "model": "deepseek-r1",
  "game": "Take_Heart_Lass",
  "level": 6,
  "run": 1,
  "win": false,
  "action_sequence": [
    3,
    3,
    0,
    0,
    1,
    3,
    3,
    4,
    4,
    3,
    4,
    4,
    1,
    4,
    3,
    4,
    1,
    4,
    4,
    0,
    4,
    4,
    0,
    4,
    1,
    4,
    1,
    4,
    3,
    4,
    4,
    4,
    4,
    4,
    4,
    4,
    4,
    3,
    4,
    4,
    3,
    1,
    0,
    4,
    4,
    0,
    4,
    1,
    3,
    1
  ],
  "reward_sequence": [
    0.9900000095367432,
    0.9900000095367432,
    0.9900000095367432,
    -0.009999999776482582,
    -1.0099999904632568,
    0.9900000095367432,
    -0.009999999776482582,
    -0.009999999776482582,
    -0.009999999776482582,
    -0.009999999776482582,
    -0.009999999776482582,
    -0.009999999776482582,
    -0.009999999776482582,
    -0.009999999776482582,
    -0.009999999776482582,
    -0.009999999776482582,
    -0.009999999776482582,
    -0.009999999776482582,
    -0.009999999776482582,
    -0.009999999776482582,
    -0.009999999776482582,
    -0.009999999776482582,
    -0.009999999776482582,
    -0.009999999776482582,
    -0.009999999776482582,
    -0.009999999776482582,
    -0.009999999776482582,
    -0.009999999776482582,
    -0.009999999776482582,
    -0.009999999776482582,
    -0.009999999776482582,
    -0.009999999776482582,
    -0.009999999776482582,
    -0.009999999776482582,
    -0.009999999776482582,
    -0.009999999776482582,
    -0.009999999776482582,
    -0.009999999776482582,
    -0.009999999776482582,
    -0.009999999776482582,
    -0.009999999776482582,
    -0.009999999776482582,
    -0.009999999776482582,
    -0.009999999776482582,
    -0.009999999776482582,
    -0.009999999776482582,
    -0.009999999776482582,
    -0.009999999776482582,
    -0.009999999776482582,
    -0.009999999776482582
  ],
  "initial_ascii": [
    "LEGEND:",
    "#: wall",
    "\u2367: newdespairwall",
    ".: background",
    "o: target",
    "\u0905: newdespair",
    "z: altolddespair",
    "x: olddespair",
    "*: crate",
    "p: player",
    "",
    "MAP:",
    "#########\u2367#",
    "#...o..\u0905zx\u2367",
    "#.#.....#z#",
    "#...#.#..\u0905#",
    "#.........#",
    "#\u0905.**.**..#",
    "#z\u0905......p#",
    "\u2367xz\u0905......#",
    "#\u2367#########"
  ],
  "state_data": {
    "score": 0,
    "win": false,
    "step": 50
  },
  "heuristics": [
    -10.0,
    -9.0,
    -8.0,
    -8.0,
    -9.0,
    -8.0,
    -8.0,
    -8.0,
    -8.0,
    -8.0,
    -8.0,
    -8.0,
    -8.0,
    -8.0,
    -8.0,
    -8.0,
    -8.0,
    -8.0,
    -8.0,
    -8.0,
    -8.0,
    -8.0,
    -8.0,
    -8.0,
    -8.0,
    -8.0,
    -8.0,
    -8.0,
    -8.0,
    -8.0,
    -8.0,
    -8.0,
    -8.0,
    -8.0,
    -8.0,
    -8.0,
    -8.0,
    -8.0,
    -8.0,
    -8.0,
    -8.0,
    -8.0,
    -8.0,
    -8.0,
    -8.0,
    -8.0,
    -8.0,
    -8.0,
    -8.0,
    -8.0
  ],
  "final_ascii": [
    "LEGEND:",
    "\u0a13: despairwall",
    "x: olddespair",
    "z: altolddespair",
    ".: background",
    "o: target",
    "#: wall",
    "*: crate",
    "p: player",
    "",
    "MAP:",
    "\u0a13\u0a13\u0a13\u0a13\u0a13\u0a13\u0a13\u0a13\u0a13\u0a13\u0a13",
    "\u0a13xz.o.zxzx\u0a13",
    "\u0a13z#z.zxz#z\u0a13",
    "\u0a13xzx\u0a13x\u0a13xzx\u0a13",
    "\u0a13zx..z..xz\u0a13",
    "\u0a13x.**.**px\u0a13",
    "\u0a13zx..z..xz\u0a13",
    "\u0a13xzxzxzxzx\u0a13",
    "\u0a13\u0a13\u0a13\u0a13\u0a13\u0a13\u0a13\u0a13\u0a13\u0a13\u0a13"
  ]
}