{
  "model": "deepseek-r1",
  "game": "slidings",
  "level": 10,
  "run": 2,
  "win": true,
  "action_sequence": [
    1,
    3,
    1,
    3,
    1,
    4,
    2,
    2,
    2,
    2,
    2,
    4,
    3,
    2,
    1,
    0,
    2,
    0,
    1,
    2,
    0,
    2
  ],
  "reward_sequence": [
    -0.009999999776482582,
    -0.009999999776482582,
    -0.009999999776482582,
    -0.009999999776482582,
    -0.009999999776482582,
    -1.0099999904632568,
    -0.009999999776482582,
    -0.009999999776482582,
    -0.009999999776482582,
    -0.009999999776482582,
    -0.009999999776482582,
    0.9900000095367432,
    -0.009999999776482582,
    -0.009999999776482582,
    0.9900000095367432,
    -1.0099999904632568,
    0.9900000095367432,
    -1.0099999904632568,
    -0.009999999776482582,
    0.9900000095367432,
    -1.0099999904632568,
    3.990000009536743
  ],
  "initial_ascii": [
    "LEGEND:",
    "m: count",
    ".: background",
    "o: target",
    "#: wall",
    "a: balla",
    "p: player",
    "n: countend",
    "d: ballb, overwall",
    "e: ballc, overwall",
    "",
    "MAP:",
    "mmmmmmmm",
    "m......m",
    "m...o..m",
    "#ap...#n",
    "d######e"
  ],
  "state_data": {
    "score": 0,
    "win": true,
    "step": 22
  },
  "heuristics": [
    -3.0,
    -3.0,
    -3.0,
    -3.0,
    -3.0,
    -4.0,
    -4.0,
    -4.0,
    -4.0,
    -4.0,
    -4.0,
    -3.0,
    -3.0,
    -3.0,
    -2.0,
    -3.0,
    -2.0,
    -3.0,
    -3.0,
    -2.0,
    -3.0,
    0.0
  ],
  "final_ascii": [
    "LEGEND:",
    "#: wall",
    ".: background",
    "o: target",
    "\u1959: deadplayer",
    "a: balla",
    "d: ballb, overwall",
    "e: ballc, overwall",
    "",
    "MAP:",
    "########",
    "#......#",
    "#...o.\u1959#",
    "#a....##",
    "d######e"
  ]
}