{
  "model": "deepseek-r1",
  "game": "kettle",
  "level": 8,
  "run": 3,
  "win": false,
  "action_sequence": [
    1,
    1,
    3,
    1,
    3,
    1,
    2,
    3,
    3,
    1,
    2,
    3,
    3,
    3,
    3,
    0,
    4,
    3,
    3,
    3,
    3,
    0,
    2,
    3,
    3,
    3,
    2,
    3,
    3,
    2,
    3,
    1,
    3,
    3,
    3,
    2,
    2,
    3,
    3,
    3,
    3,
    2,
    3,
    0,
    0,
    3,
    0,
    2,
    4,
    2
  ],
  "reward_sequence": [
    4.989999771118164,
    4.989999771118164,
    4.989999771118164,
    -0.009999999776482582,
    3.990000009536743,
    -0.009999999776482582,
    3.990000009536743,
    -0.009999999776482582,
    -0.009999999776482582,
    -0.009999999776482582,
    -0.009999999776482582,
    0.9900000095367432,
    -0.009999999776482582,
    -0.009999999776482582,
    -0.009999999776482582,
    0.9900000095367432,
    -0.009999999776482582,
    -0.009999999776482582,
    -0.009999999776482582,
    -0.009999999776482582,
    -0.009999999776482582,
    -0.009999999776482582,
    -0.009999999776482582,
    -0.009999999776482582,
    -0.009999999776482582,
    -0.009999999776482582,
    -0.009999999776482582,
    -0.009999999776482582,
    -0.009999999776482582,
    -0.009999999776482582,
    -0.009999999776482582,
    -0.009999999776482582,
    -0.009999999776482582,
    -0.009999999776482582,
    -0.009999999776482582,
    -0.009999999776482582,
    -0.009999999776482582,
    -0.009999999776482582,
    -0.009999999776482582,
    -0.009999999776482582,
    -0.009999999776482582,
    -0.009999999776482582,
    -0.009999999776482582,
    -0.009999999776482582,
    -0.009999999776482582,
    -0.009999999776482582,
    -0.009999999776482582,
    -0.009999999776482582,
    -0.009999999776482582,
    -0.009999999776482582
  ],
  "initial_ascii": [
    "LEGEND:",
    "#: wall",
    ".: background",
    "l: rpolice",
    "k: dpolice",
    "j: lpolice",
    "c: crate",
    "t: target",
    "@: target, crate",
    "i: upolice",
    "",
    "MAP:",
    "###############",
    "#.............#",
    "#.............#",
    "#.lkkkkkkkkkj.#",
    "#.lc.cccc...j.#",
    "#.lccttttt..j.#",
    "#.lc.tt@tt.cj.#",
    "#.lc.tt@@t.cj.#",
    "#.l..@@tt@.cj.#",
    "#.l..t@t@t..j.#",
    "#.l.........j.#",
    "#.lc.c.c.c.cj.#",
    "#..iiiiiiiii..#",
    "###############"
  ],
  "state_data": {
    "score": 16,
    "win": false,
    "step": 50
  },
  "heuristics": [
    -34.0,
    -29.0,
    -24.0,
    -24.0,
    -20.0,
    -20.0,
    -16.0,
    -16.0,
    -16.0,
    -16.0,
    -16.0,
    -15.0,
    -15.0,
    -15.0,
    -15.0,
    -14.0,
    -14.0,
    -14.0,
    -14.0,
    -14.0,
    -14.0,
    -14.0,
    -14.0,
    -14.0,
    -14.0,
    -14.0,
    -14.0,
    -14.0,
    -14.0,
    -14.0,
    -14.0,
    -14.0,
    -14.0,
    -14.0,
    -14.0,
    -14.0,
    -14.0,
    -14.0,
    -14.0,
    -14.0,
    -14.0,
    -14.0,
    -14.0,
    -14.0,
    -14.0,
    -14.0,
    -14.0,
    -14.0,
    -14.0,
    -14.0
  ],
  "final_ascii": [
    "LEGEND:",
    "#: wall",
    ".: background",
    "l: rpolice",
    "j: lpolice",
    "k: dpolice",
    "t: target",
    "\u1433: target, dpolice",
    "c: crate",
    "@: target, crate",
    "i: upolice",
    "",
    "MAP:",
    "###############",
    "#.............#",
    "#.............#",
    "#........lj...#",
    "#........lj...#",
    "#.lk.tt\u1433tt.kj.#",
    "#.lck\u1433\u1433@\u1433\u1433cj..#",
    "#..lc@@@@@kcj.#",
    "#..lc@@@@@icj.#",
    "#..cl@@@@@ccj.#",
    "#.liiiiiii.ij.#",
    "#.......lj....#",
    "#.............#",
    "###############"
  ]
}