{
  "model": "deepseek-r1",
  "game": "Take_Heart_Lass",
  "level": 7,
  "run": 2,
  "win": false,
  "action_sequence": [
    4,
    4,
    4,
    0,
    2,
    4,
    0,
    1,
    4,
    2,
    3,
    2,
    2,
    2,
    4,
    1,
    4,
    4,
    0,
    1,
    0,
    0,
    0,
    3,
    1,
    4,
    0,
    3,
    0,
    0,
    0,
    0,
    1,
    1,
    2,
    3,
    2,
    0,
    2,
    0,
    2,
    1,
    2,
    2,
    0,
    2,
    2,
    2,
    2,
    0
  ],
  "reward_sequence": [
    -0.009999999776482582,
    -0.009999999776482582,
    -0.009999999776482582,
    -1.0099999904632568,
    0.9900000095367432,
    -0.009999999776482582,
    -1.0099999904632568,
    -1.0099999904632568,
    -0.009999999776482582,
    0.9900000095367432,
    0.9900000095367432,
    -1.0099999904632568,
    -1.0099999904632568,
    -1.0099999904632568,
    -0.009999999776482582,
    -0.009999999776482582,
    -0.009999999776482582,
    -0.009999999776482582,
    0.9900000095367432,
    -1.0099999904632568,
    0.9900000095367432,
    0.9900000095367432,
    -1.0099999904632568,
    0.9900000095367432,
    -1.0099999904632568,
    -0.009999999776482582,
    -1.0099999904632568,
    0.9900000095367432,
    -1.0099999904632568,
    -0.009999999776482582,
    -0.009999999776482582,
    -0.009999999776482582,
    -1.0099999904632568,
    -1.0099999904632568,
    -0.009999999776482582,
    -0.009999999776482582,
    -0.009999999776482582,
    -0.009999999776482582,
    -0.009999999776482582,
    -0.009999999776482582,
    -0.009999999776482582,
    -0.009999999776482582,
    -0.009999999776482582,
    -0.009999999776482582,
    -0.009999999776482582,
    -0.009999999776482582,
    -0.009999999776482582,
    -0.009999999776482582,
    -0.009999999776482582,
    -0.009999999776482582
  ],
  "initial_ascii": [
    "LEGEND:",
    "#: wall",
    ".: background",
    "o: target",
    "*: crate",
    "p: player",
    "\u1d0d: altnewdespair",
    "\u15ae: newdespairwall",
    "x: olddespair",
    "",
    "MAP:",
    "###########",
    "#....o....#",
    "#..#####..#",
    "#.#.....#.#",
    "#...*p*...#",
    "#....*....#",
    "#\u1d0d..###..\u1d0d#",
    "\u15aex\u1d0d.....\u1d0dx\u15ae",
    "#\u15ae#######\u15ae#"
  ],
  "state_data": {
    "score": 0,
    "win": false,
    "step": 50
  },
  "heuristics": [
    -3.0,
    -3.0,
    -3.0,
    -4.0,
    -3.0,
    -3.0,
    -4.0,
    -5.0,
    -5.0,
    -4.0,
    -3.0,
    -4.0,
    -5.0,
    -6.0,
    -6.0,
    -6.0,
    -6.0,
    -6.0,
    -5.0,
    -6.0,
    -5.0,
    -4.0,
    -5.0,
    -4.0,
    -5.0,
    -5.0,
    -6.0,
    -5.0,
    -6.0,
    -6.0,
    -6.0,
    -6.0,
    -7.0,
    -8.0,
    -8.0,
    -8.0,
    -8.0,
    -8.0,
    -8.0,
    -8.0,
    -8.0,
    -8.0,
    -8.0,
    -8.0,
    -8.0,
    -8.0,
    -8.0,
    -8.0,
    -8.0,
    -8.0
  ],
  "final_ascii": [
    "LEGEND:",
    "\u10bb: despairwall",
    "x: olddespair",
    "z: altolddespair",
    ".: background",
    "o: target",
    "*: crate",
    "p: player",
    "",
    "MAP:",
    "\u10bb\u10bb\u10bb\u10bb\u10bb\u10bb\u10bb\u10bb\u10bb\u10bb\u10bb",
    "\u10bbxzx.o.xzx\u10bb",
    "\u10bbzx\u10bb\u10bb\u10bb\u10bb\u10bbxz\u10bb",
    "\u10bbx\u10bb*.xzx\u10bb.\u10bb",
    "\u10bbzx.xzxz.*\u10bb",
    "\u10bbxzxzxzxz.\u10bb",
    "\u10bbzpz\u10bb\u10bb\u10bbzxz\u10bb",
    "\u10bb.*.zxzxzx\u10bb",
    "\u10bb\u10bb\u10bb\u10bb\u10bb\u10bb\u10bb\u10bb\u10bb\u10bb\u10bb"
  ]
}