{
  "model": "deepseek-r1",
  "game": "slidings",
  "level": 7,
  "run": 2,
  "win": true,
  "action_sequence": [
    4,
    2,
    3,
    4,
    2,
    4,
    3,
    4,
    4,
    4,
    4,
    4,
    0,
    0,
    4,
    4,
    3,
    3,
    3,
    4,
    4,
    0,
    0,
    4,
    4,
    3,
    4,
    2,
    4,
    1,
    3
  ],
  "reward_sequence": [
    0.9900000095367432,
    -0.009999999776482582,
    -0.009999999776482582,
    -1.0099999904632568,
    -0.009999999776482582,
    -0.009999999776482582,
    0.9900000095367432,
    -1.0099999904632568,
    0.9900000095367432,
    -1.0099999904632568,
    0.9900000095367432,
    -1.0099999904632568,
    1.9900000095367432,
    -0.009999999776482582,
    -1.0099999904632568,
    -1.0099999904632568,
    -0.009999999776482582,
    -0.009999999776482582,
    -0.009999999776482582,
    0.9900000095367432,
    0.9900000095367432,
    -0.009999999776482582,
    -0.009999999776482582,
    -1.0099999904632568,
    -1.0099999904632568,
    -0.009999999776482582,
    0.9900000095367432,
    -0.009999999776482582,
    0.9900000095367432,
    -1.0099999904632568,
    2.990000009536743
  ],
  "initial_ascii": [
    "LEGEND:",
    "#: wall",
    "m: count",
    "n: countend",
    ".: background",
    "c: ballc",
    "p: player",
    "o: target",
    "a: balla",
    "b: ballb",
    "",
    "MAP:",
    "#mmmmmn",
    "#....c#",
    "#p.o..#",
    "#a....#",
    "#.b...#",
    "#######"
  ],
  "state_data": {
    "score": 0,
    "win": true,
    "step": 31
  },
  "heuristics": [
    -2.0,
    -2.0,
    -2.0,
    -3.0,
    -3.0,
    -3.0,
    -2.0,
    -3.0,
    -2.0,
    -3.0,
    -2.0,
    -3.0,
    -1.0,
    -1.0,
    -2.0,
    -3.0,
    -3.0,
    -3.0,
    -3.0,
    -2.0,
    -1.0,
    -1.0,
    -1.0,
    -2.0,
    -3.0,
    -3.0,
    -2.0,
    -2.0,
    -1.0,
    -2.0,
    0.0
  ],
  "final_ascii": [
    "LEGEND:",
    "#: wall",
    ".: background",
    "c: ballc",
    "\u1959: deadplayer",
    "o: target",
    "a: balla",
    "b: ballb",
    "",
    "MAP:",
    "#######",
    "#.c\u1959..#",
    "#..o.a#",
    "#....b#",
    "#.....#",
    "#######"
  ]
}