{
  "model": "deepseek-r1",
  "game": "limerick",
  "level": 5,
  "run": 2,
  "win": false,
  "action_sequence": [
    3,
    3,
    3,
    3,
    0,
    0,
    3,
    0,
    4,
    4,
    4,
    4,
    4,
    4,
    4,
    3,
    0,
    4,
    4,
    4,
    4,
    4,
    4,
    4,
    4,
    4,
    3,
    4,
    4,
    1,
    4,
    4,
    4,
    3,
    3,
    4,
    4,
    4,
    4,
    4,
    4,
    4,
    0,
    2,
    4,
    4,
    4,
    4,
    4,
    4
  ],
  "reward_sequence": [
    0.9900000095367432,
    0.9900000095367432,
    0.9900000095367432,
    -0.009999999776482582,
    -0.009999999776482582,
    0.9900000095367432,
    0.9900000095367432,
    -2.009999990463257,
    -0.009999999776482582,
    -0.009999999776482582,
    -0.009999999776482582,
    -0.009999999776482582,
    -0.009999999776482582,
    -0.009999999776482582,
    -0.009999999776482582,
    -0.009999999776482582,
    -0.009999999776482582,
    -0.009999999776482582,
    -0.009999999776482582,
    -0.009999999776482582,
    -0.009999999776482582,
    -0.009999999776482582,
    -0.009999999776482582,
    -0.009999999776482582,
    -0.009999999776482582,
    -0.009999999776482582,
    -0.009999999776482582,
    -0.009999999776482582,
    -0.009999999776482582,
    -0.009999999776482582,
    -0.009999999776482582,
    -0.009999999776482582,
    -0.009999999776482582,
    -0.009999999776482582,
    -0.009999999776482582,
    -0.009999999776482582,
    -0.009999999776482582,
    -0.009999999776482582,
    -0.009999999776482582,
    -0.009999999776482582,
    -0.009999999776482582,
    -0.009999999776482582,
    -0.009999999776482582,
    -0.009999999776482582,
    -0.009999999776482582,
    -0.009999999776482582,
    -0.009999999776482582,
    -0.009999999776482582,
    -0.009999999776482582,
    -0.009999999776482582
  ],
  "initial_ascii": [
    "LEGEND:",
    "#: wall",
    ".: background",
    "e: exit",
    "\u14c6: playerhead2",
    "\u00e7: playerbodyv",
    "",
    "MAP:",
    "###################",
    "#..#.#....#..#....#",
    "#..#.#.e..#..######",
    "#########.#..#....#",
    "#....#..#.####....#",
    "#....#..#....######",
    "#########....#.#..#",
    "#....#..#....#.#..#",
    "#########.#########",
    "#....#....#..#....#",
    "######....#..#....#",
    "#.#..#....#########",
    "#.#..####\u14c6#..#..#.#",
    "#.#..#..#\u00e7#..#..#.#",
    "###################"
  ],
  "state_data": {
    "score": 0,
    "win": false,
    "step": 50
  },
  "heuristics": [
    -12.0,
    -11.0,
    -10.0,
    -10.0,
    -10.0,
    -9.0,
    -8.0,
    -10.0,
    -10.0,
    -10.0,
    -10.0,
    -10.0,
    -10.0,
    -10.0,
    -10.0,
    -10.0,
    -10.0,
    -10.0,
    -10.0,
    -10.0,
    -10.0,
    -10.0,
    -10.0,
    -10.0,
    -10.0,
    -10.0,
    -10.0,
    -10.0,
    -10.0,
    -10.0,
    -10.0,
    -10.0,
    -10.0,
    -10.0,
    -10.0,
    -10.0,
    -10.0,
    -10.0,
    -10.0,
    -10.0,
    -10.0,
    -10.0,
    -10.0,
    -10.0,
    -10.0,
    -10.0,
    -10.0,
    -10.0,
    -10.0,
    -10.0
  ],
  "final_ascii": [
    "LEGEND:",
    "#: wall",
    ".: background",
    "e: exit",
    "\u00e7: playerbodyv",
    "\u1d77: playerbodyh",
    "p: playerhead1",
    "",
    "MAP:",
    "###################",
    "#..#.#....#..#....#",
    "#..#.#.e..#..######",
    "#########.#..#....#",
    "#....#..#.####....#",
    "#....#..#....######",
    "#########....#.#..#",
    "#....#..#....#.#..#",
    "#########.#########",
    "#....#....#..#....#",
    "######\u00e7\u1d77\u00e7\u1d77#..#....#",
    "#.#..#p\u00e7\u1d77\u00e7#########",
    "#.#..####\u00e7#..#..#.#",
    "#.#..#..#\u00e7#..#..#.#",
    "###################"
  ]
}