{
  "model": "deepseek-r1",
  "game": "Travelling_salesman",
  "level": 5,
  "run": 1,
  "win": false,
  "action_sequence": [
    3,
    0,
    1,
    0,
    3,
    3,
    2,
    0,
    1,
    3,
    0,
    0,
    3,
    0,
    1,
    1,
    0,
    3,
    3,
    2,
    2,
    2,
    2,
    2,
    2,
    2,
    1,
    2,
    2,
    2,
    2,
    2,
    2,
    2,
    2,
    2,
    2,
    2,
    2,
    1,
    2,
    2,
    2,
    2,
    2,
    2,
    2,
    2,
    2,
    2
  ],
  "reward_sequence": [
    1.9900000095367432,
    0.9900000095367432,
    0.9900000095367432,
    0.9900000095367432,
    0.9900000095367432,
    0.9900000095367432,
    -0.009999999776482582,
    0.9900000095367432,
    0.9900000095367432,
    -0.009999999776482582,
    0.9900000095367432,
    0.9900000095367432,
    0.9900000095367432,
    0.9900000095367432,
    0.9900000095367432,
    0.9900000095367432,
    0.9900000095367432,
    0.9900000095367432,
    0.9900000095367432,
    -0.009999999776482582,
    -0.009999999776482582,
    -0.009999999776482582,
    -0.009999999776482582,
    -0.009999999776482582,
    -0.009999999776482582,
    -0.009999999776482582,
    -0.009999999776482582,
    -0.009999999776482582,
    -0.009999999776482582,
    -0.009999999776482582,
    -0.009999999776482582,
    -0.009999999776482582,
    -0.009999999776482582,
    -0.009999999776482582,
    -0.009999999776482582,
    -0.009999999776482582,
    -0.009999999776482582,
    -0.009999999776482582,
    -0.009999999776482582,
    -0.009999999776482582,
    -0.009999999776482582,
    -0.009999999776482582,
    -0.009999999776482582,
    -0.009999999776482582,
    -0.009999999776482582,
    -0.009999999776482582,
    -0.009999999776482582,
    -0.009999999776482582,
    -0.009999999776482582,
    -0.009999999776482582
  ],
  "initial_ascii": [
    "LEGEND:",
    "o: node",
    "-: hlink",
    ".: background",
    "|: vlink",
    "\u0e81: nodeseen, player",
    "\u0279: vlinkseen",
    "\u2240: nodeseen",
    "",
    "MAP:",
    "o-o-o-o.o-o.o-o",
    "|.|.|.|.|.|.|.|",
    "o.o.o-o-o-o-o-\u0e81",
    "|.|.|.....|.|.\u0279",
    "o-o-o.....o-o.\u2240"
  ],
  "state_data": {
    "score": -4,
    "win": false,
    "step": 50
  },
  "heuristics": [
    -20.0,
    -19.0,
    -18.0,
    -17.0,
    -16.0,
    -15.0,
    -15.0,
    -14.0,
    -13.0,
    -13.0,
    -12.0,
    -11.0,
    -10.0,
    -9.0,
    -8.0,
    -7.0,
    -6.0,
    -5.0,
    -4.0,
    -4.0,
    -4.0,
    -4.0,
    -4.0,
    -4.0,
    -4.0,
    -4.0,
    -4.0,
    -4.0,
    -4.0,
    -4.0,
    -4.0,
    -4.0,
    -4.0,
    -4.0,
    -4.0,
    -4.0,
    -4.0,
    -4.0,
    -4.0,
    -4.0,
    -4.0,
    -4.0,
    -4.0,
    -4.0,
    -4.0,
    -4.0,
    -4.0,
    -4.0,
    -4.0,
    -4.0
  ],
  "final_ascii": [
    "LEGEND:",
    "\u0e81: nodeseen, player",
    "-: hlink",
    "\u2240: nodeseen",
    "\u166a: hlinkseen",
    "o: node",
    ".: background",
    "\u0279: vlinkseen",
    "|: vlink",
    "",
    "MAP:",
    "\u0e81-\u2240\u166a\u2240-o.\u2240\u166a\u2240.o-o",
    "\u0279.\u0279.\u0279.|.\u0279.\u0279.|.|",
    "\u2240.\u2240.\u2240\u166a\u2240\u166a\u2240-\u2240-\u2240\u166a\u2240",
    "\u0279.\u0279.|.....\u0279.\u0279.\u0279",
    "\u2240\u166a\u2240-o.....\u2240\u166a\u2240.\u2240"
  ]
}