{
  "model": "deepseek-r1",
  "game": "atlas shrank",
  "level": 1,
  "run": 1,
  "win": false,
  "action_sequence": [
    2,
    3,
    4,
    4,
    3,
    4,
    4,
    3,
    4,
    3,
    3,
    3,
    2,
    3,
    4,
    3,
    3,
    2,
    2,
    2,
    0,
    3,
    3,
    3,
    3,
    3,
    3,
    3,
    3,
    3,
    4,
    2,
    2,
    4,
    4,
    2,
    3,
    3,
    3,
    3,
    3,
    3,
    3,
    3,
    0,
    1,
    3,
    3,
    3,
    3
  ],
  "reward_sequence": [
    0.9900000095367432,
    -0.009999999776482582,
    -0.009999999776482582,
    -0.009999999776482582,
    -0.009999999776482582,
    -0.009999999776482582,
    -0.009999999776482582,
    -0.009999999776482582,
    -0.009999999776482582,
    -0.009999999776482582,
    -0.009999999776482582,
    -0.009999999776482582,
    0.9900000095367432,
    -0.009999999776482582,
    -0.009999999776482582,
    -0.009999999776482582,
    -0.009999999776482582,
    0.9900000095367432,
    0.9900000095367432,
    0.9900000095367432,
    -1.0099999904632568,
    -0.009999999776482582,
    -0.009999999776482582,
    -0.009999999776482582,
    -0.009999999776482582,
    -0.009999999776482582,
    -0.009999999776482582,
    -0.009999999776482582,
    -0.009999999776482582,
    -0.009999999776482582,
    -0.009999999776482582,
    0.9900000095367432,
    0.9900000095367432,
    -0.009999999776482582,
    -0.009999999776482582,
    1.9900000095367432,
    -0.009999999776482582,
    -0.009999999776482582,
    -0.009999999776482582,
    -0.009999999776482582,
    -0.009999999776482582,
    -0.009999999776482582,
    -0.009999999776482582,
    -0.009999999776482582,
    -1.0099999904632568,
    -1.0099999904632568,
    -0.009999999776482582,
    -0.009999999776482582,
    -0.009999999776482582,
    -0.009999999776482582
  ],
  "initial_ascii": [
    "LEGEND:",
    "#: wallsolo",
    "\u2572: wallrl",
    "\u2367: wallud",
    ".: background",
    "o: exit",
    "\u0fbf: wallr",
    "\u0905: playerr",
    "*: crate, massive",
    "\u1f37: walld",
    "",
    "MAP:",
    "#\u2572\u2572\u2572\u2572\u2572\u2572\u2572\u2572\u2572\u2572\u2572\u2572\u2572#",
    "\u2367.............\u2367",
    "\u2367...........o.\u2367",
    "\u2367..........#\u2572\u2572\u0fbf",
    "\u2367..........\u2367..\u2367",
    "\u2367.\u0905.**...*.\u2367..\u2367",
    "#\u2572\u2572\u2572\u2572\u2572\u2572\u2572\u2572\u2572\u2572\u1f37\u2572\u2572#"
  ],
  "state_data": {
    "score": 0,
    "win": false,
    "step": 50
  },
  "heuristics": [
    -13.0,
    -13.0,
    -13.0,
    -13.0,
    -13.0,
    -13.0,
    -13.0,
    -13.0,
    -13.0,
    -13.0,
    -13.0,
    -13.0,
    -12.0,
    -12.0,
    -12.0,
    -12.0,
    -12.0,
    -11.0,
    -10.0,
    -9.0,
    -10.0,
    -10.0,
    -10.0,
    -10.0,
    -10.0,
    -10.0,
    -10.0,
    -10.0,
    -10.0,
    -10.0,
    -10.0,
    -9.0,
    -8.0,
    -8.0,
    -8.0,
    -6.0,
    -6.0,
    -6.0,
    -6.0,
    -6.0,
    -6.0,
    -6.0,
    -6.0,
    -6.0,
    -7.0,
    -8.0,
    -8.0,
    -8.0,
    -8.0,
    -8.0
  ],
  "final_ascii": [
    "LEGEND:",
    "#: wallsolo",
    "\u2572: wallrl",
    "\u2367: wallud",
    ".: background",
    "o: exit",
    "\u0fbf: wallr",
    "*: crate, massive",
    "\u00ae: playerl",
    "\u1f37: walld",
    "",
    "MAP:",
    "#\u2572\u2572\u2572\u2572\u2572\u2572\u2572\u2572\u2572\u2572\u2572\u2572\u2572#",
    "\u2367.............\u2367",
    "\u2367...........o.\u2367",
    "\u2367..........#\u2572\u2572\u0fbf",
    "\u2367..........\u2367..\u2367",
    "\u2367...*..\u00ae**.\u2367..\u2367",
    "#\u2572\u2572\u2572\u2572\u2572\u2572\u2572\u2572\u2572\u2572\u1f37\u2572\u2572#"
  ]
}