{
  "model": "deepseek-r1",
  "game": "Take_Heart_Lass",
  "level": 8,
  "run": 3,
  "win": true,
  "action_sequence": [
    1,
    1,
    1,
    0,
    2,
    0,
    0,
    1,
    1,
    1,
    0,
    4,
    0,
    1,
    1,
    1,
    1,
    4,
    4,
    1,
    1,
    0,
    4,
    0,
    4,
    3,
    3,
    3,
    1,
    1,
    1,
    3,
    4,
    1,
    3,
    0,
    1,
    2,
    3,
    1,
    0,
    2,
    3,
    0,
    0,
    1
  ],
  "reward_sequence": [
    0.9900000095367432,
    0.9900000095367432,
    0.9900000095367432,
    0.9900000095367432,
    -1.0099999904632568,
    -0.009999999776482582,
    0.9900000095367432,
    0.9900000095367432,
    0.9900000095367432,
    -0.009999999776482582,
    0.9900000095367432,
    -0.009999999776482582,
    0.9900000095367432,
    -0.009999999776482582,
    -0.009999999776482582,
    -0.009999999776482582,
    -0.009999999776482582,
    -0.009999999776482582,
    -0.009999999776482582,
    -0.009999999776482582,
    -0.009999999776482582,
    0.9900000095367432,
    -0.009999999776482582,
    0.9900000095367432,
    -0.009999999776482582,
    -1.0099999904632568,
    -1.0099999904632568,
    -1.0099999904632568,
    0.9900000095367432,
    0.9900000095367432,
    0.9900000095367432,
    -1.0099999904632568,
    -0.009999999776482582,
    0.9900000095367432,
    -1.0099999904632568,
    0.9900000095367432,
    0.9900000095367432,
    -1.0099999904632568,
    -1.0099999904632568,
    0.9900000095367432,
    0.9900000095367432,
    -1.0099999904632568,
    -1.0099999904632568,
    0.9900000095367432,
    0.9900000095367432,
    1.9900000095367432
  ],
  "initial_ascii": [
    "LEGEND:",
    "#: wall",
    ".: background",
    "6: newhope",
    "h: oldhope",
    "\u1a29: altnewdespair",
    "\u11b5: newdespairwall",
    "x: olddespair",
    "p: player",
    "z: altolddespair",
    "o: target",
    "",
    "MAP:",
    "###########",
    "#.......6h#",
    "#\u1a29.......6#",
    "\u11b5x\u1a29.....p.#",
    "#zx\u1a29......#",
    "\u11b5xzx\u1a29.....#",
    "#.xzx\u1a29....#",
    "#o.xzx\u1a29...#",
    "###\u11b5#\u11b5#####"
  ],
  "state_data": {
    "score": 1,
    "win": true,
    "step": 46
  },
  "heuristics": [
    -11.0,
    -10.0,
    -9.0,
    -8.0,
    -9.0,
    -9.0,
    -8.0,
    -7.0,
    -6.0,
    -6.0,
    -5.0,
    -5.0,
    -4.0,
    -4.0,
    -4.0,
    -4.0,
    -4.0,
    -4.0,
    -4.0,
    -4.0,
    -4.0,
    -3.0,
    -3.0,
    -2.0,
    -2.0,
    -3.0,
    -4.0,
    -5.0,
    -4.0,
    -3.0,
    -2.0,
    -3.0,
    -3.0,
    -2.0,
    -3.0,
    -2.0,
    -1.0,
    -2.0,
    -3.0,
    -2.0,
    -1.0,
    -2.0,
    -3.0,
    -2.0,
    -1.0,
    0.0
  ],
  "final_ascii": [
    "LEGEND:",
    "\u2a1a: despairwall",
    "#: wall",
    "h: oldhope",
    "\u0436: target, player",
    "",
    "MAP:",
    "\u2a1a##########",
    "#hhhhhhhhh#",
    "#hhhhhhhhh#",
    "#hhhhhhhhh#",
    "#hhhhhhhhh#",
    "#hhhhhhhhh#",
    "#hhhhhhhhh#",
    "\u2a1a\u0436hhhhhhhh#",
    "\u2a1a\u2a1a########\u2a1a"
  ]
}