{
  "model": "deepseek-r1",
  "game": "kettle",
  "level": 1,
  "run": 5,
  "win": false,
  "action_sequence": [
    2,
    2,
    4,
    2,
    2,
    1,
    2,
    3,
    3,
    3,
    0,
    3,
    3,
    2,
    3,
    2,
    3,
    2,
    0,
    3,
    2,
    1,
    0,
    0,
    1,
    3,
    3,
    0,
    0,
    0,
    0,
    0,
    0,
    3,
    2,
    0,
    3,
    0,
    3,
    1,
    3,
    3,
    0,
    3,
    0,
    0,
    4,
    0,
    1,
    0
  ],
  "reward_sequence": [
    -0.009999999776482582,
    -1.0099999904632568,
    -0.009999999776482582,
    -0.009999999776482582,
    -0.009999999776482582,
    -0.009999999776482582,
    -0.009999999776482582,
    0.9900000095367432,
    -0.009999999776482582,
    -0.009999999776482582,
    -0.009999999776482582,
    -0.009999999776482582,
    -0.009999999776482582,
    -0.009999999776482582,
    -0.009999999776482582,
    -0.009999999776482582,
    -0.009999999776482582,
    -0.009999999776482582,
    -0.009999999776482582,
    -0.009999999776482582,
    -0.009999999776482582,
    -0.009999999776482582,
    -0.009999999776482582,
    -0.009999999776482582,
    -0.009999999776482582,
    -0.009999999776482582,
    -0.009999999776482582,
    -0.009999999776482582,
    -0.009999999776482582,
    -0.009999999776482582,
    -0.009999999776482582,
    -0.009999999776482582,
    -0.009999999776482582,
    -0.009999999776482582,
    -0.009999999776482582,
    -0.009999999776482582,
    -0.009999999776482582,
    -0.009999999776482582,
    -0.009999999776482582,
    -0.009999999776482582,
    -0.009999999776482582,
    -0.009999999776482582,
    -0.009999999776482582,
    -0.009999999776482582,
    -0.009999999776482582,
    -0.009999999776482582,
    -0.009999999776482582,
    -0.009999999776482582,
    -0.009999999776482582,
    -0.009999999776482582
  ],
  "initial_ascii": [
    "LEGEND:",
    "#: wall",
    ".: background",
    "k: dpolice",
    "\u1636: target, rpolice",
    "@: target, crate",
    "j: lpolice",
    "t: target",
    "c: crate",
    "l: rpolice",
    "i: upolice",
    "",
    "MAP:",
    "###############",
    "#.............#",
    "#.............#",
    "#.....kkkk....#",
    "#.....\u1636@@.j...#",
    "#.....\u1636ttcj...#",
    "#.....\u1636@@cj...#",
    "#.....lcccj...#",
    "#.....iiii....#",
    "#.............#",
    "#.............#",
    "#.............#",
    "###############"
  ],
  "state_data": {
    "score": 4,
    "win": false,
    "step": 50
  },
  "heuristics": [
    -6.0,
    -7.0,
    -7.0,
    -7.0,
    -7.0,
    -7.0,
    -7.0,
    -6.0,
    -6.0,
    -6.0,
    -6.0,
    -6.0,
    -6.0,
    -6.0,
    -6.0,
    -6.0,
    -6.0,
    -6.0,
    -6.0,
    -6.0,
    -6.0,
    -6.0,
    -6.0,
    -6.0,
    -6.0,
    -6.0,
    -6.0,
    -6.0,
    -6.0,
    -6.0,
    -6.0,
    -6.0,
    -6.0,
    -6.0,
    -6.0,
    -6.0,
    -6.0,
    -6.0,
    -6.0,
    -6.0,
    -6.0,
    -6.0,
    -6.0,
    -6.0,
    -6.0,
    -6.0,
    -6.0,
    -6.0,
    -6.0,
    -6.0
  ],
  "final_ascii": [
    "LEGEND:",
    "#: wall",
    ".: background",
    "k: dpolice",
    "t: target",
    "\u1636: target, rpolice",
    "@: target, crate",
    "c: crate",
    "j: lpolice",
    "\u14f6: target, dpolice",
    "l: rpolice",
    "i: upolice",
    "",
    "MAP:",
    "###############",
    "#.............#",
    "#.............#",
    "#......kkk....#",
    "#.....t\u1636@cj...#",
    "#.....\u14f6@\u1636cj...#",
    "#.....\u1636@@cj...#",
    "#.....liccj...#",
    "#.....i.ii....#",
    "#.............#",
    "#.............#",
    "#.............#",
    "###############"
  ]
}