{
  "model": "deepseek-r1",
  "game": "Zen_Puzzle_Garden",
  "level": 3,
  "run": 4,
  "win": false,
  "action_sequence": [
    1,
    3,
    4,
    1,
    4,
    1,
    2,
    2,
    2,
    3,
    3,
    3,
    4,
    2,
    2,
    4,
    0,
    2,
    1,
    1,
    0,
    0,
    0,
    4,
    4,
    2,
    2,
    4,
    4,
    0,
    4,
    4,
    0,
    0,
    0,
    4,
    2,
    4,
    0,
    4,
    4,
    0,
    0,
    0,
    4,
    0,
    0,
    4,
    4,
    4
  ],
  "reward_sequence": [
    -0.009999999776482582,
    -0.009999999776482582,
    -0.009999999776482582,
    -0.009999999776482582,
    -0.009999999776482582,
    -0.009999999776482582,
    -0.009999999776482582,
    -0.009999999776482582,
    0.9900000095367432,
    0.9900000095367432,
    0.9900000095367432,
    0.9900000095367432,
    -0.009999999776482582,
    0.9900000095367432,
    0.9900000095367432,
    -0.009999999776482582,
    -0.009999999776482582,
    0.9900000095367432,
    0.9900000095367432,
    0.9900000095367432,
    0.9900000095367432,
    0.9900000095367432,
    -0.009999999776482582,
    -0.009999999776482582,
    -0.009999999776482582,
    -0.009999999776482582,
    -0.009999999776482582,
    -0.009999999776482582,
    -0.009999999776482582,
    -0.009999999776482582,
    -0.009999999776482582,
    -0.009999999776482582,
    -0.009999999776482582,
    -0.009999999776482582,
    -0.009999999776482582,
    -0.009999999776482582,
    -0.009999999776482582,
    -0.009999999776482582,
    -0.009999999776482582,
    -0.009999999776482582,
    -0.009999999776482582,
    -0.009999999776482582,
    -0.009999999776482582,
    -0.009999999776482582,
    -0.009999999776482582,
    -0.009999999776482582,
    -0.009999999776482582,
    -0.009999999776482582,
    -0.009999999776482582,
    -0.009999999776482582
  ],
  "initial_ascii": [
    "LEGEND:",
    ";: background",
    ".: unbrushedsand",
    "o: rock",
    "p: player",
    "",
    "MAP:",
    ";;;;;;;;;;;;",
    ";;;;;;;;;;;;",
    ";;;;;;;;;;;;",
    ";;;..oo..;;;",
    ";;;o....o;;;",
    ";;;..oo..;;;",
    ";p;o....o;;;",
    ";;;..oo..;;;",
    ";;;;;;;;;;;;",
    ";;;;;;;;;;;;",
    ";;;;;;;;;;;;"
  ],
  "state_data": {
    "score": -9,
    "win": false,
    "step": 50
  },
  "heuristics": [
    -20.0,
    -20.0,
    -20.0,
    -20.0,
    -20.0,
    -20.0,
    -20.0,
    -20.0,
    -19.0,
    -18.0,
    -17.0,
    -16.0,
    -16.0,
    -15.0,
    -14.0,
    -14.0,
    -14.0,
    -13.0,
    -12.0,
    -11.0,
    -10.0,
    -9.0,
    -9.0,
    -9.0,
    -9.0,
    -9.0,
    -9.0,
    -9.0,
    -9.0,
    -9.0,
    -9.0,
    -9.0,
    -9.0,
    -9.0,
    -9.0,
    -9.0,
    -9.0,
    -9.0,
    -9.0,
    -9.0,
    -9.0,
    -9.0,
    -9.0,
    -9.0,
    -9.0,
    -9.0,
    -9.0,
    -9.0,
    -9.0,
    -9.0
  ],
  "final_ascii": [
    "LEGEND:",
    ";: background",
    ".: unbrushedsand",
    "o: rock",
    "\u1787: hbrushedsand",
    "\u14f6: vbrushedsand",
    "\u1d5e: unbrushedsand, player",
    "",
    "MAP:",
    ";;;;;;;;;;;;",
    ";;;;;;;;;;;;",
    ";;;;;;;;;;;;",
    ";;;..oo..;;;",
    ";;;o\u1787\u1787\u1787\u14f6o;;;",
    ";;;.\u14f6oo\u14f6.;;;",
    ";;;o\u14f6\u1d5e\u1787\u1787o;;;",
    ";;;\u1787\u14f6oo..;;;",
    ";;;;;;;;;;;;",
    ";;;;;;;;;;;;",
    ";;;;;;;;;;;;"
  ]
}