{
  "model": "deepseek-r1",
  "game": "Zen_Puzzle_Garden",
  "level": 2,
  "run": 3,
  "win": false,
  "action_sequence": [
    1,
    1,
    2,
    2,
    3,
    3,
    4,
    3,
    2,
    4,
    3,
    4,
    4,
    2,
    3,
    2,
    3,
    2,
    1,
    2,
    3,
    1,
    1,
    2,
    1,
    3,
    2,
    2,
    1,
    3,
    2,
    0,
    1,
    3,
    4,
    1,
    4,
    1,
    4,
    4,
    0,
    4,
    0,
    1,
    0,
    4,
    4,
    1,
    0,
    1
  ],
  "reward_sequence": [
    -0.009999999776482582,
    -0.009999999776482582,
    -0.009999999776482582,
    -0.009999999776482582,
    0.9900000095367432,
    0.9900000095367432,
    -0.009999999776482582,
    0.9900000095367432,
    0.9900000095367432,
    -0.009999999776482582,
    0.9900000095367432,
    -0.009999999776482582,
    -0.009999999776482582,
    0.9900000095367432,
    0.9900000095367432,
    0.9900000095367432,
    0.9900000095367432,
    -0.009999999776482582,
    -0.009999999776482582,
    0.9900000095367432,
    0.9900000095367432,
    -0.009999999776482582,
    -0.009999999776482582,
    -0.009999999776482582,
    -0.009999999776482582,
    -0.009999999776482582,
    -0.009999999776482582,
    -0.009999999776482582,
    -0.009999999776482582,
    -0.009999999776482582,
    -0.009999999776482582,
    -0.009999999776482582,
    -0.009999999776482582,
    -0.009999999776482582,
    -0.009999999776482582,
    -0.009999999776482582,
    -0.009999999776482582,
    -0.009999999776482582,
    -0.009999999776482582,
    -0.009999999776482582,
    -0.009999999776482582,
    -0.009999999776482582,
    -0.009999999776482582,
    0.9900000095367432,
    0.9900000095367432,
    -0.009999999776482582,
    -0.009999999776482582,
    0.9900000095367432,
    0.9900000095367432,
    0.9900000095367432
  ],
  "initial_ascii": [
    "LEGEND:",
    ";: background",
    ".: unbrushedsand",
    "o: rock",
    "p: player",
    "",
    "MAP:",
    ";;;;;;;;;;;;",
    ";;;;;;;;;;;;",
    ";;;;;;;;;;;;",
    ";;;......;;;",
    ";;;...o..;;;",
    ";;;......;;;",
    ";;;.o....;;;",
    ";p;....o.;;;",
    ";;;......;;;",
    ";;;;;;;;;;;;",
    ";;;;;;;;;;;;",
    ";;;;;;;;;;;;"
  ],
  "state_data": {
    "score": -17,
    "win": false,
    "step": 50
  },
  "heuristics": [
    -33.0,
    -33.0,
    -33.0,
    -33.0,
    -32.0,
    -31.0,
    -31.0,
    -30.0,
    -29.0,
    -29.0,
    -28.0,
    -28.0,
    -28.0,
    -27.0,
    -26.0,
    -25.0,
    -24.0,
    -24.0,
    -24.0,
    -23.0,
    -22.0,
    -22.0,
    -22.0,
    -22.0,
    -22.0,
    -22.0,
    -22.0,
    -22.0,
    -22.0,
    -22.0,
    -22.0,
    -22.0,
    -22.0,
    -22.0,
    -22.0,
    -22.0,
    -22.0,
    -22.0,
    -22.0,
    -22.0,
    -22.0,
    -22.0,
    -22.0,
    -21.0,
    -20.0,
    -20.0,
    -20.0,
    -19.0,
    -18.0,
    -17.0
  ],
  "final_ascii": [
    "LEGEND:",
    ";: background",
    ".: unbrushedsand",
    "\u1959: hbrushedsand",
    "\u2a54: vbrushedsand",
    "o: rock",
    "\u0408: unbrushedsand, player",
    "",
    "MAP:",
    ";;;;;;;;;;;;",
    ";;;;;;;;;;;;",
    ";;;;;;;;;;;;",
    ";;;..\u1959\u2a54\u1959\u2a54;;;",
    ";;;.\u1959\u2a54o.\u2a54;;;",
    ";;;\u1959\u2a54..\u2a54\u1959;;;",
    ";;;\u2a54o.\u2a54\u1959.;;;",
    ";;;\u2a54..\u0408o.;;;",
    ";;;\u2a54.....;;;",
    ";;;;;;;;;;;;",
    ";;;;;;;;;;;;",
    ";;;;;;;;;;;;"
  ]
}