{
  "model": "deepseek-r1",
  "game": "Take_Heart_Lass",
  "level": 6,
  "run": 4,
  "win": false,
  "action_sequence": [
    3,
    1,
    3,
    0,
    0,
    3,
    3,
    4,
    3,
    3,
    0,
    2,
    2,
    0,
    1,
    1,
    1,
    2,
    2,
    0,
    1,
    0,
    2,
    1,
    1,
    2,
    1,
    2,
    2,
    4,
    1,
    0,
    1,
    1,
    2,
    4,
    0,
    1,
    3,
    0,
    0,
    0,
    1,
    1,
    1,
    2,
    3,
    1,
    1,
    2
  ],
  "reward_sequence": [
    0.9900000095367432,
    -1.0099999904632568,
    0.9900000095367432,
    0.9900000095367432,
    0.9900000095367432,
    0.9900000095367432,
    0.9900000095367432,
    -0.009999999776482582,
    0.9900000095367432,
    0.9900000095367432,
    -0.009999999776482582,
    -0.009999999776482582,
    -0.009999999776482582,
    -0.009999999776482582,
    -0.009999999776482582,
    -0.009999999776482582,
    -0.009999999776482582,
    -0.009999999776482582,
    -0.009999999776482582,
    -0.009999999776482582,
    -0.009999999776482582,
    -0.009999999776482582,
    -0.009999999776482582,
    -0.009999999776482582,
    -0.009999999776482582,
    -0.009999999776482582,
    -0.009999999776482582,
    -0.009999999776482582,
    -0.009999999776482582,
    -0.009999999776482582,
    -0.009999999776482582,
    -0.009999999776482582,
    -0.009999999776482582,
    -0.009999999776482582,
    -0.009999999776482582,
    -0.009999999776482582,
    -0.009999999776482582,
    -0.009999999776482582,
    -0.009999999776482582,
    -0.009999999776482582,
    -0.009999999776482582,
    -0.009999999776482582,
    -0.009999999776482582,
    -0.009999999776482582,
    -0.009999999776482582,
    -0.009999999776482582,
    -0.009999999776482582,
    -0.009999999776482582,
    -0.009999999776482582,
    -0.009999999776482582
  ],
  "initial_ascii": [
    "LEGEND:",
    "#: wall",
    "\u0c1a: newdespairwall",
    ".: background",
    "o: target",
    "\u14f6: newdespair",
    "z: altolddespair",
    "x: olddespair",
    "*: crate",
    "p: player",
    "",
    "MAP:",
    "#########\u0c1a#",
    "#...o..\u14f6zx\u0c1a",
    "#.#.....#z#",
    "#...#.#..\u14f6#",
    "#.........#",
    "#\u14f6.**.**..#",
    "#z\u14f6......p#",
    "\u0c1axz\u14f6......#",
    "#\u0c1a#########"
  ],
  "state_data": {
    "score": 0,
    "win": false,
    "step": 50
  },
  "heuristics": [
    -10.0,
    -11.0,
    -10.0,
    -9.0,
    -8.0,
    -7.0,
    -6.0,
    -6.0,
    -5.0,
    -4.0,
    -4.0,
    -4.0,
    -4.0,
    -4.0,
    -4.0,
    -4.0,
    -4.0,
    -4.0,
    -4.0,
    -4.0,
    -4.0,
    -4.0,
    -4.0,
    -4.0,
    -4.0,
    -4.0,
    -4.0,
    -4.0,
    -4.0,
    -4.0,
    -4.0,
    -4.0,
    -4.0,
    -4.0,
    -4.0,
    -4.0,
    -4.0,
    -4.0,
    -4.0,
    -4.0,
    -4.0,
    -4.0,
    -4.0,
    -4.0,
    -4.0,
    -4.0,
    -4.0,
    -4.0,
    -4.0,
    -4.0
  ],
  "final_ascii": [
    "LEGEND:",
    "\u1636: despairwall",
    "x: olddespair",
    "z: altolddespair",
    ".: background",
    "o: target",
    "*: crate",
    "#: wall",
    "p: player",
    "",
    "MAP:",
    "\u1636\u1636\u1636\u1636\u1636\u1636\u1636\u1636\u1636\u1636\u1636",
    "\u1636xz.o..*.x\u1636",
    "\u1636z#z.zxp#z\u1636",
    "\u1636xzx\u1636x\u1636xzx\u1636",
    "\u1636zx..z.zxz\u1636",
    "\u1636x.**.*.zx\u1636",
    "\u1636zx..z.zxz\u1636",
    "\u1636xzxzxzxzx\u1636",
    "\u1636\u1636\u1636\u1636\u1636\u1636\u1636\u1636\u1636\u1636\u1636"
  ]
}