{
  "model": "deepseek-r1",
  "game": "limerick",
  "level": 5,
  "run": 3,
  "win": false,
  "action_sequence": [
    0,
    2,
    2,
    2,
    3,
    3,
    3,
    3,
    3,
    3,
    0,
    0,
    3,
    3,
    2,
    2,
    3,
    2,
    2,
    1,
    2,
    0,
    2,
    3,
    3,
    3,
    2,
    2,
    3,
    3,
    1,
    2,
    1,
    2,
    3,
    0,
    0,
    1,
    4,
    2,
    0,
    0,
    2,
    4,
    3,
    4,
    2,
    2,
    4,
    0
  ],
  "reward_sequence": [
    -0.009999999776482582,
    -0.009999999776482582,
    -0.009999999776482582,
    -0.009999999776482582,
    0.9900000095367432,
    0.9900000095367432,
    0.9900000095367432,
    -0.009999999776482582,
    -0.009999999776482582,
    -0.009999999776482582,
    -0.009999999776482582,
    0.9900000095367432,
    0.9900000095367432,
    0.9900000095367432,
    -1.0099999904632568,
    -1.0099999904632568,
    0.9900000095367432,
    -0.009999999776482582,
    -0.009999999776482582,
    -0.009999999776482582,
    -0.009999999776482582,
    -0.009999999776482582,
    -0.009999999776482582,
    0.9900000095367432,
    0.9900000095367432,
    -0.009999999776482582,
    -2.009999990463257,
    -1.0099999904632568,
    0.9900000095367432,
    0.9900000095367432,
    -0.009999999776482582,
    -3.009999990463257,
    -0.009999999776482582,
    -0.009999999776482582,
    -0.009999999776482582,
    -0.009999999776482582,
    -0.009999999776482582,
    -0.009999999776482582,
    -0.009999999776482582,
    -0.009999999776482582,
    -0.009999999776482582,
    -0.009999999776482582,
    -0.009999999776482582,
    -0.009999999776482582,
    -0.009999999776482582,
    -0.009999999776482582,
    -0.009999999776482582,
    -0.009999999776482582,
    -0.009999999776482582,
    -0.009999999776482582
  ],
  "initial_ascii": [
    "LEGEND:",
    "#: wall",
    ".: background",
    "e: exit",
    "p: playerhead1",
    "",
    "MAP:",
    "###################",
    "#..#.#....#..#....#",
    "#..#.#.e..#..######",
    "#########.#..#....#",
    "#....#..#.####....#",
    "#....#..#....######",
    "#########....#.#..#",
    "#....#..#....#.#..#",
    "#########.#########",
    "#....#....#..#....#",
    "######....#..#....#",
    "#.#..#....#########",
    "#.#..####.#..#..#.#",
    "#.#..#..#p#..#..#.#",
    "###################"
  ],
  "state_data": {
    "score": 0,
    "win": false,
    "step": 50
  },
  "heuristics": [
    -13.0,
    -13.0,
    -13.0,
    -13.0,
    -12.0,
    -11.0,
    -10.0,
    -10.0,
    -10.0,
    -10.0,
    -10.0,
    -9.0,
    -8.0,
    -7.0,
    -8.0,
    -9.0,
    -8.0,
    -8.0,
    -8.0,
    -8.0,
    -8.0,
    -8.0,
    -8.0,
    -7.0,
    -6.0,
    -6.0,
    -8.0,
    -9.0,
    -8.0,
    -7.0,
    -7.0,
    -10.0,
    -10.0,
    -10.0,
    -10.0,
    -10.0,
    -10.0,
    -10.0,
    -10.0,
    -10.0,
    -10.0,
    -10.0,
    -10.0,
    -10.0,
    -10.0,
    -10.0,
    -10.0,
    -10.0,
    -10.0,
    -10.0
  ],
  "final_ascii": [
    "LEGEND:",
    "#: wall",
    ".: background",
    "e: exit",
    "\u1959: playerbodyh",
    "\u2a54: playerbodyv",
    "p: playerhead1",
    "",
    "MAP:",
    "###################",
    "#..#.#....#..#....#",
    "#..#.#.e..#..######",
    "#########.#..#....#",
    "#....#..#.####....#",
    "#....#..#..\u1959\u2a54######",
    "#########\u1959\u2a54\u2a54\u2a54#.#..#",
    "#....#..#\u2a54\u1959\u2a54p#.#..#",
    "#########\u2a54#########",
    "#....#.\u1959\u1959\u2a54#..#....#",
    "######.\u2a54\u2a54\u1959#..#....#",
    "#.#..#.\u2a54\u1959\u2a54#########",
    "#.#..####\u2a54#..#..#.#",
    "#.#..#..#\u2a54#..#..#.#",
    "###################"
  ]
}