{
  "model": "deepseek-r1",
  "game": "Zen_Puzzle_Garden",
  "level": 0,
  "run": 3,
  "win": false,
  "action_sequence": [
    1,
    1,
    1,
    1,
    1,
    1,
    1,
    4,
    4,
    1,
    3,
    0,
    0,
    0,
    0,
    0,
    3,
    1,
    4,
    0,
    3,
    0,
    4,
    4,
    4,
    4,
    4,
    2,
    3,
    2,
    2,
    3,
    3,
    1,
    2,
    3,
    4,
    3,
    3,
    3,
    4,
    4,
    2,
    1,
    3,
    2,
    1,
    3,
    4,
    1
  ],
  "reward_sequence": [
    -0.009999999776482582,
    -0.009999999776482582,
    -0.009999999776482582,
    -0.009999999776482582,
    -0.009999999776482582,
    -0.009999999776482582,
    -0.009999999776482582,
    -0.009999999776482582,
    -0.009999999776482582,
    -0.009999999776482582,
    -0.009999999776482582,
    -0.009999999776482582,
    -0.009999999776482582,
    -0.009999999776482582,
    -0.009999999776482582,
    -0.009999999776482582,
    -0.009999999776482582,
    -0.009999999776482582,
    -0.009999999776482582,
    -0.009999999776482582,
    -0.009999999776482582,
    -0.009999999776482582,
    -0.009999999776482582,
    -0.009999999776482582,
    -0.009999999776482582,
    -0.009999999776482582,
    -0.009999999776482582,
    -0.009999999776482582,
    -0.009999999776482582,
    -0.009999999776482582,
    -0.009999999776482582,
    0.9900000095367432,
    0.9900000095367432,
    -0.009999999776482582,
    0.9900000095367432,
    0.9900000095367432,
    -0.009999999776482582,
    0.9900000095367432,
    0.9900000095367432,
    0.9900000095367432,
    -0.009999999776482582,
    -0.009999999776482582,
    -0.009999999776482582,
    -0.009999999776482582,
    0.9900000095367432,
    -0.009999999776482582,
    -0.009999999776482582,
    0.9900000095367432,
    -0.009999999776482582,
    -0.009999999776482582
  ],
  "initial_ascii": [
    "LEGEND:",
    ";: background",
    ".: unbrushedsand",
    "o: rock",
    "p: player",
    "",
    "MAP:",
    ";;;;;;;;;;;;",
    ";;;;;;;;;;;;",
    ";;;;;;;;;;;;",
    ";;;......;;;",
    ";;;......;;;",
    ";;;......;;;",
    ";;;..oo..;;;",
    ";p;......;;;",
    ";;;......;;;",
    ";;;;;;;;;;;;",
    ";;;;;;;;;;;;",
    ";;;;;;;;;;;;"
  ],
  "state_data": {
    "score": -25,
    "win": false,
    "step": 50
  },
  "heuristics": [
    -34.0,
    -34.0,
    -34.0,
    -34.0,
    -34.0,
    -34.0,
    -34.0,
    -34.0,
    -34.0,
    -34.0,
    -34.0,
    -34.0,
    -34.0,
    -34.0,
    -34.0,
    -34.0,
    -34.0,
    -34.0,
    -34.0,
    -34.0,
    -34.0,
    -34.0,
    -34.0,
    -34.0,
    -34.0,
    -34.0,
    -34.0,
    -34.0,
    -34.0,
    -34.0,
    -34.0,
    -33.0,
    -32.0,
    -32.0,
    -31.0,
    -30.0,
    -30.0,
    -29.0,
    -28.0,
    -27.0,
    -27.0,
    -27.0,
    -27.0,
    -27.0,
    -26.0,
    -26.0,
    -26.0,
    -25.0,
    -25.0,
    -25.0
  ],
  "final_ascii": [
    "LEGEND:",
    ";: background",
    "p: player",
    ".: unbrushedsand",
    "\u2a54: vbrushedsand",
    "\u1959: hbrushedsand",
    "o: rock",
    "",
    "MAP:",
    ";;;;;;;;;;;;",
    ";;;;;;;;;;;;",
    ";;;;;;p;;;;;",
    ";;;.\u2a54\u2a54\u2a54..;;;",
    ";;;.\u2a54....;;;",
    ";;;.\u2a54....;;;",
    ";;;\u1959\u2a54oo..;;;",
    ";;;\u2a54.....;;;",
    ";;;\u2a54.....;;;",
    ";;;;;;;;;;;;",
    ";;;;;;;;;;;;",
    ";;;;;;;;;;;;"
  ]
}