{
  "model": "deepseek-r1",
  "game": "Take_Heart_Lass",
  "level": 11,
  "run": 4,
  "win": false,
  "action_sequence": [
    2,
    3,
    1,
    0,
    1,
    3,
    3,
    2,
    0,
    2,
    1,
    1,
    4,
    1,
    2,
    2,
    0,
    2,
    2,
    3,
    3,
    3,
    2,
    0,
    1,
    3,
    2,
    4,
    4,
    3,
    1,
    1,
    3,
    3,
    0,
    0,
    2,
    0,
    0,
    0,
    0,
    2,
    2,
    0,
    3,
    3,
    3,
    2,
    3,
    2
  ],
  "reward_sequence": [
    -1.0099999904632568,
    0.9900000095367432,
    -1.0099999904632568,
    0.9900000095367432,
    -0.009999999776482582,
    -0.009999999776482582,
    -0.009999999776482582,
    -1.0099999904632568,
    0.9900000095367432,
    -1.0099999904632568,
    -1.0099999904632568,
    -1.0099999904632568,
    -0.009999999776482582,
    -1.0099999904632568,
    -1.0099999904632568,
    -1.0099999904632568,
    -0.009999999776482582,
    -1.0099999904632568,
    -1.0099999904632568,
    0.9900000095367432,
    0.9900000095367432,
    -0.009999999776482582,
    -1.0099999904632568,
    0.9900000095367432,
    -1.0099999904632568,
    0.9900000095367432,
    -1.0099999904632568,
    -0.009999999776482582,
    -0.009999999776482582,
    0.9900000095367432,
    -1.0099999904632568,
    -1.0099999904632568,
    0.9900000095367432,
    0.9900000095367432,
    -0.009999999776482582,
    -0.009999999776482582,
    -1.0099999904632568,
    0.9900000095367432,
    -0.009999999776482582,
    -0.009999999776482582,
    -0.009999999776482582,
    -1.0099999904632568,
    -0.009999999776482582,
    0.9900000095367432,
    0.9900000095367432,
    0.9900000095367432,
    0.9900000095367432,
    -0.009999999776482582,
    -0.009999999776482582,
    -0.009999999776482582
  ],
  "initial_ascii": [
    "LEGEND:",
    "#: wall",
    ".: background",
    "*: crate",
    "h: oldhope",
    "o: target",
    "\u1787: newhope",
    "\u14f6: newdespair",
    "p: player",
    "z: altolddespair",
    "x: olddespair",
    "\u0c1a: newdespairwall",
    "",
    "MAP:",
    "##################",
    "#..*.#h#o........#",
    "#...*.\u1787#######.#.#",
    "#.##.#########.#*#",
    "#\u1787#.....*...\u14f6#.#.#",
    "#h#...#..p.#z.*h*#",
    "###...#.#*##\u14f6..#.#",
    "#...##z\u14f6....#*.xz#",
    "#.*...\u14f6...*...xzx\u0c1a",
    "\u0c1ax...#.*....\u0c1axzxz#",
    "#\u0c1a###########\u0c1a#\u0c1a##"
  ],
  "state_data": {
    "score": 0,
    "win": false,
    "step": 50
  },
  "heuristics": [
    -5.0,
    -4.0,
    -5.0,
    -4.0,
    -4.0,
    -4.0,
    -4.0,
    -5.0,
    -4.0,
    -5.0,
    -6.0,
    -7.0,
    -7.0,
    -8.0,
    -9.0,
    -10.0,
    -10.0,
    -11.0,
    -12.0,
    -11.0,
    -10.0,
    -10.0,
    -11.0,
    -10.0,
    -11.0,
    -10.0,
    -11.0,
    -11.0,
    -11.0,
    -10.0,
    -11.0,
    -12.0,
    -11.0,
    -10.0,
    -10.0,
    -10.0,
    -11.0,
    -10.0,
    -10.0,
    -10.0,
    -10.0,
    -11.0,
    -11.0,
    -10.0,
    -9.0,
    -8.0,
    -7.0,
    -7.0,
    -7.0,
    -7.0
  ],
  "final_ascii": [
    "LEGEND:",
    "#: wall",
    "\u1636: despairwall",
    "h: oldhope",
    "*: crate",
    ".: background",
    "o: target",
    "\u164f: oldhope, player",
    "",
    "MAP:",
    "#######\u1636\u1636\u1636\u1636\u1636\u1636\u1636\u1636\u1636\u1636\u1636",
    "#hh*.#h#o.....*..\u1636",
    "#hhh*hh#\u1636\u1636\u1636\u1636\u1636#\u164f#.\u1636",
    "#h##h###\u1636#####h#*\u1636",
    "#h#hhhhh*hhhh#h#.\u1636",
    "#h#hhh#hhhh#h*hh*\u1636",
    "\u1636##hhh#h#h##hhh#h#",
    "#hhh##hhhhhh#hhhh#",
    "#h*hhhhhhhhhhh*hh#",
    "#hhhh#h*h*hh#hhhh#",
    "\u1636####\u1636#\u1636#\u1636##\u1636####\u1636"
  ]
}