{
  "model": "deepseek-r1",
  "game": "Travelling_salesman",
  "level": 5,
  "run": 2,
  "win": false,
  "action_sequence": [
    3,
    0,
    0,
    0,
    0,
    0,
    3,
    1,
    0,
    0,
    1,
    1,
    2,
    4,
    2,
    4,
    4,
    4,
    4,
    4,
    4,
    0,
    4,
    0,
    4,
    4,
    3,
    0,
    4,
    4,
    4,
    0,
    4,
    4,
    1,
    0,
    4,
    3,
    4,
    4,
    4,
    3,
    0,
    3,
    4,
    0,
    3,
    0,
    4,
    4
  ],
  "reward_sequence": [
    1.9900000095367432,
    0.9900000095367432,
    0.9900000095367432,
    0.9900000095367432,
    0.9900000095367432,
    0.9900000095367432,
    0.9900000095367432,
    -0.009999999776482582,
    0.9900000095367432,
    0.9900000095367432,
    0.9900000095367432,
    0.9900000095367432,
    0.9900000095367432,
    -0.009999999776482582,
    0.9900000095367432,
    -0.009999999776482582,
    -0.009999999776482582,
    -0.009999999776482582,
    -0.009999999776482582,
    -0.009999999776482582,
    -0.009999999776482582,
    -0.009999999776482582,
    -0.009999999776482582,
    -0.009999999776482582,
    -0.009999999776482582,
    -0.009999999776482582,
    -0.009999999776482582,
    -0.009999999776482582,
    -0.009999999776482582,
    -0.009999999776482582,
    -0.009999999776482582,
    -0.009999999776482582,
    -0.009999999776482582,
    -0.009999999776482582,
    -0.009999999776482582,
    -0.009999999776482582,
    -0.009999999776482582,
    -0.009999999776482582,
    -0.009999999776482582,
    -0.009999999776482582,
    -0.009999999776482582,
    -0.009999999776482582,
    -0.009999999776482582,
    -0.009999999776482582,
    -0.009999999776482582,
    -0.009999999776482582,
    -0.009999999776482582,
    -0.009999999776482582,
    -0.009999999776482582,
    -0.009999999776482582
  ],
  "initial_ascii": [
    "LEGEND:",
    "o: node",
    "-: hlink",
    ".: background",
    "|: vlink",
    "\u2653: nodeseen, player",
    "\u29e3: vlinkseen",
    "\u1959: nodeseen",
    "",
    "MAP:",
    "o-o-o-o.o-o.o-o",
    "|.|.|.|.|.|.|.|",
    "o.o.o-o-o-o-o-\u2653",
    "|.|.|.....|.|.\u29e3",
    "o-o-o.....o-o.\u1959"
  ],
  "state_data": {
    "score": -8,
    "win": false,
    "step": 50
  },
  "heuristics": [
    -20.0,
    -19.0,
    -18.0,
    -17.0,
    -16.0,
    -15.0,
    -14.0,
    -14.0,
    -13.0,
    -12.0,
    -11.0,
    -10.0,
    -9.0,
    -9.0,
    -8.0,
    -8.0,
    -8.0,
    -8.0,
    -8.0,
    -8.0,
    -8.0,
    -8.0,
    -8.0,
    -8.0,
    -8.0,
    -8.0,
    -8.0,
    -8.0,
    -8.0,
    -8.0,
    -8.0,
    -8.0,
    -8.0,
    -8.0,
    -8.0,
    -8.0,
    -8.0,
    -8.0,
    -8.0,
    -8.0,
    -8.0,
    -8.0,
    -8.0,
    -8.0,
    -8.0,
    -8.0,
    -8.0,
    -8.0,
    -8.0,
    -8.0
  ],
  "final_ascii": [
    "LEGEND:",
    "\u1959: nodeseen",
    "\u0408: hlinkseen",
    "-: hlink",
    "o: node",
    ".: background",
    "\u29e3: vlinkseen",
    "|: vlink",
    "\u2653: nodeseen, player",
    "",
    "MAP:",
    "\u1959\u0408\u1959\u0408\u1959-o.o-o.o-o",
    "\u29e3.|.\u29e3.|.|.|.|.|",
    "\u1959.o.\u1959\u0408\u1959\u0408\u1959\u0408\u1959\u0408\u1959\u0408\u1959",
    "\u29e3.|.|.....|.|.\u29e3",
    "\u1959\u0408\u1959\u0408\u2653.....o-o.\u1959"
  ]
}