{
  "model": "deepseek-r1",
  "game": "kettle",
  "level": 9,
  "run": 2,
  "win": false,
  "action_sequence": [
    2,
    2,
    0,
    2,
    1,
    1,
    1,
    2,
    0,
    2,
    2,
    2,
    2,
    0,
    3,
    0,
    0,
    0,
    0,
    2,
    1,
    2,
    0,
    2,
    0,
    2,
    2,
    0,
    0,
    0,
    2,
    2,
    3,
    2,
    0,
    2,
    0,
    2,
    0,
    2,
    2,
    2,
    2,
    2,
    0,
    2,
    2,
    2,
    2,
    0
  ],
  "reward_sequence": [
    5.989999771118164,
    4.989999771118164,
    5.989999771118164,
    -0.009999999776482582,
    5.989999771118164,
    3.990000009536743,
    -2.009999990463257,
    -3.009999990463257,
    2.990000009536743,
    -1.0099999904632568,
    -0.009999999776482582,
    -1.0099999904632568,
    -0.009999999776482582,
    -0.009999999776482582,
    0.9900000095367432,
    -0.009999999776482582,
    -0.009999999776482582,
    -0.009999999776482582,
    -0.009999999776482582,
    -0.009999999776482582,
    -1.0099999904632568,
    -0.009999999776482582,
    -0.009999999776482582,
    -0.009999999776482582,
    -0.009999999776482582,
    -0.009999999776482582,
    -0.009999999776482582,
    -0.009999999776482582,
    -0.009999999776482582,
    -0.009999999776482582,
    -0.009999999776482582,
    -0.009999999776482582,
    0.9900000095367432,
    -0.009999999776482582,
    -0.009999999776482582,
    -0.009999999776482582,
    -0.009999999776482582,
    -0.009999999776482582,
    -0.009999999776482582,
    -0.009999999776482582,
    -0.009999999776482582,
    -0.009999999776482582,
    -0.009999999776482582,
    -0.009999999776482582,
    -0.009999999776482582,
    -0.009999999776482582,
    -0.009999999776482582,
    -0.009999999776482582,
    -0.009999999776482582,
    -0.009999999776482582
  ],
  "initial_ascii": [
    "LEGEND:",
    "#: wall",
    ".: background",
    "k: dpolice",
    "l: rpolice",
    "c: crate",
    "j: lpolice",
    "@: target, crate",
    "t: target",
    "i: upolice",
    "",
    "MAP:",
    "###############",
    "#.kkkkkkkkkk..#",
    "#.lccc.c...cj.#",
    "#.lc........j.#",
    "#.lc@t@tt...j.#",
    "#.lct@@@t...j.#",
    "#.l.@ttt@..cj.#",
    "#.lctt@@t..cj.#",
    "#.l.ttttt...j.#",
    "#.l.........j.#",
    "#.l........cj.#",
    "#.l...c.c.ccj.#",
    "#.iiiiiiiiii..#",
    "###############"
  ],
  "state_data": {
    "score": 10,
    "win": false,
    "step": 50
  },
  "heuristics": [
    -47.0,
    -42.0,
    -36.0,
    -36.0,
    -30.0,
    -26.0,
    -28.0,
    -31.0,
    -28.0,
    -29.0,
    -29.0,
    -30.0,
    -30.0,
    -30.0,
    -29.0,
    -29.0,
    -29.0,
    -29.0,
    -29.0,
    -29.0,
    -30.0,
    -30.0,
    -30.0,
    -30.0,
    -30.0,
    -30.0,
    -30.0,
    -30.0,
    -30.0,
    -30.0,
    -30.0,
    -30.0,
    -29.0,
    -29.0,
    -29.0,
    -29.0,
    -29.0,
    -29.0,
    -29.0,
    -29.0,
    -29.0,
    -29.0,
    -29.0,
    -29.0,
    -29.0,
    -29.0,
    -29.0,
    -29.0,
    -29.0,
    -29.0
  ],
  "final_ascii": [
    "LEGEND:",
    "#: wall",
    ".: background",
    "k: dpolice",
    "l: rpolice",
    "j: lpolice",
    "\u10bb: target, rpolice",
    "\u062d: target, dpolice",
    "t: target",
    "@: target, crate",
    "c: crate",
    "i: upolice",
    "",
    "MAP:",
    "###############",
    "#.............#",
    "#...k....ljk..#",
    "#........lj...#",
    "#...\u10bb\u062d\u062dt\u062dkkj..#",
    "#.kkt\u10bb@\u062d@ccj..#",
    "#...t\u10bb@@@ccj..#",
    "#...t\u10bb@@@ccj..#",
    "#...tt\u10bb@@cj...#",
    "#.....cclcj...#",
    "#.iii.ilccji..#",
    "#.....lcccj...#",
    "#....i.iiii...#",
    "###############"
  ]
}