{
  "model": "deepseek-r1",
  "game": "atlas shrank",
  "level": 11,
  "run": 1,
  "win": false,
  "action_sequence": [
    3,
    2,
    4,
    3,
    2,
    2,
    3,
    3,
    4,
    0,
    3,
    3,
    3,
    3,
    4,
    2,
    0,
    3,
    0,
    0,
    4,
    4,
    2,
    0,
    4,
    4,
    2,
    0,
    4,
    3,
    4,
    2,
    2,
    2,
    3,
    3,
    3,
    0,
    2,
    3,
    2,
    0,
    1,
    0,
    0,
    3,
    4,
    4,
    2,
    2
  ],
  "reward_sequence": [
    -0.009999999776482582,
    0.9900000095367432,
    -0.009999999776482582,
    -0.009999999776482582,
    0.9900000095367432,
    1.9900000095367432,
    -0.009999999776482582,
    -0.009999999776482582,
    -0.009999999776482582,
    -1.0099999904632568,
    -1.0099999904632568,
    -0.009999999776482582,
    -0.009999999776482582,
    -0.009999999776482582,
    -0.009999999776482582,
    1.9900000095367432,
    -1.0099999904632568,
    -1.0099999904632568,
    -1.0099999904632568,
    -1.0099999904632568,
    -0.009999999776482582,
    -0.009999999776482582,
    0.9900000095367432,
    -1.0099999904632568,
    -0.009999999776482582,
    -0.009999999776482582,
    0.9900000095367432,
    -1.0099999904632568,
    -0.009999999776482582,
    -0.009999999776482582,
    -0.009999999776482582,
    0.9900000095367432,
    0.9900000095367432,
    1.9900000095367432,
    -0.009999999776482582,
    -0.009999999776482582,
    -0.009999999776482582,
    -1.0099999904632568,
    -1.0099999904632568,
    -0.009999999776482582,
    1.9900000095367432,
    -1.0099999904632568,
    -1.0099999904632568,
    -1.0099999904632568,
    -1.0099999904632568,
    -0.009999999776482582,
    -0.009999999776482582,
    -0.009999999776482582,
    0.9900000095367432,
    0.9900000095367432
  ],
  "initial_ascii": [
    "LEGEND:",
    ".: background",
    "#: wallsolo",
    "\u22a4: wallrl",
    "*: crate, massive",
    "\u15ae: wallud",
    "t: switch",
    "\u1c7f: wallr",
    "o: exit",
    "\u16ab: walld",
    "x: door",
    "\u04c9: wallm",
    "\u28d0: walll",
    "p: players",
    "",
    "MAP:",
    ".................#\u22a4\u22a4\u22a4\u22a4\u22a4\u22a4\u22a4\u22a4\u22a4\u22a4#*#.#.##",
    ".................\u15ae..*........*.....\u15ae",
    ".................\u15ae.t#\u22a4#....*#\u22a4\u22a4\u22a4\u22a4\u22a4\u22a4\u1c7f",
    "#................#.....*...#o......\u15ae",
    "\u15ae.....................#\u22a4\u22a4\u22a4\u22a4\u16ab\u22a4\u22a4\u22a4#...\u15ae",
    "\u15ae....................#.....**.....*\u15ae",
    "\u15ae................##.#....#\u22a4#x#\u22a4\u22a4\u22a4\u22a4\u22a4\u1c7f",
    "\u15ae...............#\u04c9\u1c7f.\u15ae*.......*.....\u15ae",
    "\u15ae.........*..#\u22a4\u22a4\u16ab\u16ab\u16ab\u22a4\u16ab\u22a4\u22a4\u22a4\u22a4\u22a4\u22a4#x#\u22a4#...\u15ae",
    "\u28d0#....p..**................*......*\u15ae",
    "#\u16ab\u22a4\u22a4\u22a4\u22a4\u22a4\u22a4\u22a4\u22a4\u22a4\u22a4\u22a4\u22a4\u22a4\u22a4\u22a4\u22a4\u22a4\u22a4\u22a4\u22a4\u22a4\u22a4\u22a4\u22a4\u22a4#x#\u22a4\u22a4\u22a4\u22a4\u22a4#",
    "...................................."
  ],
  "state_data": {
    "score": 0,
    "win": false,
    "step": 50
  },
  "heuristics": [
    -28.0,
    -27.0,
    -27.0,
    -27.0,
    -26.0,
    -24.0,
    -24.0,
    -24.0,
    -24.0,
    -25.0,
    -26.0,
    -26.0,
    -26.0,
    -26.0,
    -26.0,
    -24.0,
    -25.0,
    -26.0,
    -27.0,
    -28.0,
    -28.0,
    -28.0,
    -27.0,
    -28.0,
    -28.0,
    -28.0,
    -27.0,
    -28.0,
    -28.0,
    -28.0,
    -28.0,
    -27.0,
    -26.0,
    -24.0,
    -24.0,
    -24.0,
    -24.0,
    -25.0,
    -26.0,
    -26.0,
    -24.0,
    -25.0,
    -26.0,
    -27.0,
    -28.0,
    -28.0,
    -28.0,
    -28.0,
    -27.0,
    -26.0
  ],
  "final_ascii": [
    "LEGEND:",
    ".: background",
    "#: wallsolo",
    "\u22a4: wallrl",
    "*: crate, massive",
    "\u15ae: wallud",
    "t: switch",
    "\u1c7f: wallr",
    "o: exit",
    "\u16ab: walld",
    "x: door",
    "\u04c9: wallm",
    "\u28d0: walll",
    "\u062d: playerr",
    "",
    "MAP:",
    ".................#\u22a4\u22a4\u22a4\u22a4\u22a4\u22a4\u22a4\u22a4\u22a4\u22a4#*#.#.##",
    ".................\u15ae..*........*.....\u15ae",
    ".................\u15ae.t#\u22a4#....*#\u22a4\u22a4\u22a4\u22a4\u22a4\u22a4\u1c7f",
    "#................#.....*...#o......\u15ae",
    "\u15ae.....................#\u22a4\u22a4\u22a4\u22a4\u16ab\u22a4\u22a4\u22a4#...\u15ae",
    "\u15ae....................#.....**.....*\u15ae",
    "\u15ae................##.#....#\u22a4#x#\u22a4\u22a4\u22a4\u22a4\u22a4\u1c7f",
    "\u15ae...............#\u04c9\u1c7f.\u15ae*.......*.....\u15ae",
    "\u15ae............#\u22a4\u22a4\u16ab\u16ab\u16ab\u22a4\u16ab\u22a4\u22a4\u22a4\u22a4\u22a4\u22a4#x#\u22a4#...\u15ae",
    "\u28d0#...*..\u062d**................*......*\u15ae",
    "#\u16ab\u22a4\u22a4\u22a4\u22a4\u22a4\u22a4\u22a4\u22a4\u22a4\u22a4\u22a4\u22a4\u22a4\u22a4\u22a4\u22a4\u22a4\u22a4\u22a4\u22a4\u22a4\u22a4\u22a4\u22a4\u22a4#x#\u22a4\u22a4\u22a4\u22a4\u22a4#",
    "...................................."
  ]
}