{
  "model": "deepseek-r1",
  "game": "kettle",
  "level": 7,
  "run": 4,
  "win": false,
  "action_sequence": [
    0,
    2,
    0,
    0,
    3,
    1,
    1,
    1,
    2,
    3,
    1,
    0,
    0,
    1,
    3,
    1,
    3,
    0,
    1,
    1,
    1,
    2,
    1,
    0,
    2,
    1,
    2,
    3,
    0,
    2,
    2,
    3,
    2,
    2,
    1,
    1,
    3,
    3,
    3,
    0,
    3,
    1,
    3,
    1,
    1,
    1,
    3,
    0,
    2,
    2
  ],
  "reward_sequence": [
    4.989999771118164,
    4.989999771118164,
    3.990000009536743,
    -0.009999999776482582,
    2.990000009536743,
    1.9900000095367432,
    -1.0099999904632568,
    -0.009999999776482582,
    -0.009999999776482582,
    -0.009999999776482582,
    -0.009999999776482582,
    -0.009999999776482582,
    -0.009999999776482582,
    -0.009999999776482582,
    -0.009999999776482582,
    -0.009999999776482582,
    -0.009999999776482582,
    -0.009999999776482582,
    -0.009999999776482582,
    -0.009999999776482582,
    -0.009999999776482582,
    -0.009999999776482582,
    -0.009999999776482582,
    -0.009999999776482582,
    -0.009999999776482582,
    -0.009999999776482582,
    -0.009999999776482582,
    -0.009999999776482582,
    -0.009999999776482582,
    -0.009999999776482582,
    -0.009999999776482582,
    -0.009999999776482582,
    -0.009999999776482582,
    -0.009999999776482582,
    -0.009999999776482582,
    -0.009999999776482582,
    -0.009999999776482582,
    -0.009999999776482582,
    -0.009999999776482582,
    -0.009999999776482582,
    -0.009999999776482582,
    -0.009999999776482582,
    -0.009999999776482582,
    -0.009999999776482582,
    -0.009999999776482582,
    -0.009999999776482582,
    -0.009999999776482582,
    -0.009999999776482582,
    -0.009999999776482582,
    -0.009999999776482582
  ],
  "initial_ascii": [
    "LEGEND:",
    "#: wall",
    ".: background",
    "k: dpolice",
    "l: rpolice",
    "c: crate",
    "j: lpolice",
    "t: target",
    "@: target, crate",
    "i: upolice",
    "",
    "MAP:",
    "###############",
    "#.............#",
    "#..kkkkkkkk...#",
    "#.lccccc..j...#",
    "#.lct@@ttcj...#",
    "#.l.t@t@tcj...#",
    "#.lc@@tttcj...#",
    "#.lct@tt@cj...#",
    "#.l.tt@@t.j...#",
    "#.l.......j...#",
    "#.lc..cc..j...#",
    "#..iiiiiiii...#",
    "###############"
  ],
  "state_data": {
    "score": 18,
    "win": false,
    "step": 50
  },
  "heuristics": [
    -20.0,
    -15.0,
    -11.0,
    -11.0,
    -8.0,
    -6.0,
    -7.0,
    -7.0,
    -7.0,
    -7.0,
    -7.0,
    -7.0,
    -7.0,
    -7.0,
    -7.0,
    -7.0,
    -7.0,
    -7.0,
    -7.0,
    -7.0,
    -7.0,
    -7.0,
    -7.0,
    -7.0,
    -7.0,
    -7.0,
    -7.0,
    -7.0,
    -7.0,
    -7.0,
    -7.0,
    -7.0,
    -7.0,
    -7.0,
    -7.0,
    -7.0,
    -7.0,
    -7.0,
    -7.0,
    -7.0,
    -7.0,
    -7.0,
    -7.0,
    -7.0,
    -7.0,
    -7.0,
    -7.0,
    -7.0,
    -7.0,
    -7.0
  ],
  "final_ascii": [
    "LEGEND:",
    "#: wall",
    ".: background",
    "k: dpolice",
    "l: rpolice",
    "c: crate",
    "j: lpolice",
    "\u1589: target, dpolice",
    "@: target, crate",
    "\u11cb: target, lpolice",
    "i: upolice",
    "",
    "MAP:",
    "###############",
    "#.............#",
    "#.....kkk.....#",
    "#..klcccj.....#",
    "#..l\u1589\u1589@@\u11cb.....#",
    "#..l@@@@\u11cb.....#",
    "#..l@@@@\u11cbk....#",
    "#..l@@@@\u11cbik...#",
    "#..l@@@@\u11cb.i...#",
    "#..lccccj.....#",
    "#..liiiij.....#",
    "#..i....i.....#",
    "###############"
  ]
}