{
  "model": "deepseek-r1",
  "game": "limerick",
  "level": 4,
  "run": 1,
  "win": false,
  "action_sequence": [
    2,
    2,
    2,
    2,
    2,
    3,
    4,
    4,
    3,
    3,
    4,
    3,
    3,
    4,
    4,
    4,
    4,
    4,
    4,
    4,
    4,
    3,
    4,
    3,
    3,
    3,
    4,
    3,
    4,
    3,
    3,
    4,
    3,
    3,
    4,
    3,
    3,
    3,
    4,
    3,
    4,
    4,
    3,
    4,
    4,
    3,
    3,
    3,
    4,
    4
  ],
  "reward_sequence": [
    0.9900000095367432,
    0.9900000095367432,
    0.9900000095367432,
    0.9900000095367432,
    -0.009999999776482582,
    -0.009999999776482582,
    -0.009999999776482582,
    -0.009999999776482582,
    -0.009999999776482582,
    -0.009999999776482582,
    -0.009999999776482582,
    -0.009999999776482582,
    -0.009999999776482582,
    -0.009999999776482582,
    -0.009999999776482582,
    -0.009999999776482582,
    -0.009999999776482582,
    -0.009999999776482582,
    -0.009999999776482582,
    -0.009999999776482582,
    -0.009999999776482582,
    -0.009999999776482582,
    -0.009999999776482582,
    -0.009999999776482582,
    -0.009999999776482582,
    -0.009999999776482582,
    -0.009999999776482582,
    -0.009999999776482582,
    -0.009999999776482582,
    -0.009999999776482582,
    -0.009999999776482582,
    -0.009999999776482582,
    -0.009999999776482582,
    -0.009999999776482582,
    -0.009999999776482582,
    -0.009999999776482582,
    -0.009999999776482582,
    -0.009999999776482582,
    -0.009999999776482582,
    -0.009999999776482582,
    -0.009999999776482582,
    -0.009999999776482582,
    -0.009999999776482582,
    -0.009999999776482582,
    -0.009999999776482582,
    -0.009999999776482582,
    -0.009999999776482582,
    -0.009999999776482582,
    -0.009999999776482582,
    -0.009999999776482582
  ],
  "initial_ascii": [
    "LEGEND:",
    "#: wall",
    ".: background",
    "c: crate",
    "\u2240: playerbodyh",
    "p: playerhead1",
    "e: exit",
    "",
    "MAP:",
    "###################",
    "#.................#",
    "#.................#",
    "#.................#",
    "#...c........c....#",
    "#..###......###...#",
    "#.................#",
    "#...\u2240p.......e....#",
    "#########.##.#.####",
    "###################",
    "#.................#",
    "#.................#",
    "#.................#",
    "###################"
  ],
  "state_data": {
    "score": 0,
    "win": false,
    "step": 50
  },
  "heuristics": [
    -8.0,
    -7.0,
    -6.0,
    -5.0,
    -5.0,
    -5.0,
    -5.0,
    -5.0,
    -5.0,
    -5.0,
    -5.0,
    -5.0,
    -5.0,
    -5.0,
    -5.0,
    -5.0,
    -5.0,
    -5.0,
    -5.0,
    -5.0,
    -5.0,
    -5.0,
    -5.0,
    -5.0,
    -5.0,
    -5.0,
    -5.0,
    -5.0,
    -5.0,
    -5.0,
    -5.0,
    -5.0,
    -5.0,
    -5.0,
    -5.0,
    -5.0,
    -5.0,
    -5.0,
    -5.0,
    -5.0,
    -5.0,
    -5.0,
    -5.0,
    -5.0,
    -5.0,
    -5.0,
    -5.0,
    -5.0,
    -5.0,
    -5.0
  ],
  "final_ascii": [
    "LEGEND:",
    "#: wall",
    ".: background",
    "c: crate",
    "\u2240: playerbodyh",
    "\u28f1: playerbodyv",
    "e: exit",
    "p: playerhead1",
    "",
    "MAP:",
    "###################",
    "#.................#",
    "#.................#",
    "#.................#",
    "#...c........c....#",
    "#..###......###...#",
    "#.................#",
    "#...\u2240\u2240\u2240\u2240\u2240\u28f1...e....#",
    "#########p##.#.####",
    "###################",
    "#.................#",
    "#.................#",
    "#.................#",
    "###################"
  ]
}