{
  "model": "deepseek-r1",
  "game": "Zen_Puzzle_Garden",
  "level": 0,
  "run": 2,
  "win": false,
  "action_sequence": [
    1,
    0,
    0,
    0,
    4,
    2,
    1,
    1,
    1,
    1,
    1,
    1,
    1,
    1,
    4,
    4,
    1,
    3,
    4,
    2,
    4,
    2,
    3,
    3,
    3,
    3,
    3,
    2,
    2,
    2,
    3,
    2,
    1,
    1,
    1,
    4,
    2,
    0,
    3,
    0,
    3,
    3,
    3,
    3,
    0,
    1,
    0,
    3,
    4,
    2
  ],
  "reward_sequence": [
    -0.009999999776482582,
    -0.009999999776482582,
    -0.009999999776482582,
    -0.009999999776482582,
    -0.009999999776482582,
    -0.009999999776482582,
    -0.009999999776482582,
    -0.009999999776482582,
    -0.009999999776482582,
    -0.009999999776482582,
    -0.009999999776482582,
    -0.009999999776482582,
    -0.009999999776482582,
    -0.009999999776482582,
    -0.009999999776482582,
    -0.009999999776482582,
    -0.009999999776482582,
    -0.009999999776482582,
    -0.009999999776482582,
    -0.009999999776482582,
    -0.009999999776482582,
    -0.009999999776482582,
    -0.009999999776482582,
    -0.009999999776482582,
    0.9900000095367432,
    0.9900000095367432,
    0.9900000095367432,
    0.9900000095367432,
    0.9900000095367432,
    0.9900000095367432,
    0.9900000095367432,
    0.9900000095367432,
    0.9900000095367432,
    0.9900000095367432,
    0.9900000095367432,
    -0.009999999776482582,
    0.9900000095367432,
    -0.009999999776482582,
    0.9900000095367432,
    -0.009999999776482582,
    0.9900000095367432,
    0.9900000095367432,
    0.9900000095367432,
    0.9900000095367432,
    -0.009999999776482582,
    -0.009999999776482582,
    0.9900000095367432,
    0.9900000095367432,
    -0.009999999776482582,
    -0.009999999776482582
  ],
  "initial_ascii": [
    "LEGEND:",
    ";: background",
    ".: unbrushedsand",
    "o: rock",
    "p: player",
    "",
    "MAP:",
    ";;;;;;;;;;;;",
    ";;;;;;;;;;;;",
    ";;;;;;;;;;;;",
    ";;;......;;;",
    ";;;......;;;",
    ";;;......;;;",
    ";;;..oo..;;;",
    ";p;......;;;",
    ";;;......;;;",
    ";;;;;;;;;;;;",
    ";;;;;;;;;;;;",
    ";;;;;;;;;;;;"
  ],
  "state_data": {
    "score": -15,
    "win": false,
    "step": 50
  },
  "heuristics": [
    -34.0,
    -34.0,
    -34.0,
    -34.0,
    -34.0,
    -34.0,
    -34.0,
    -34.0,
    -34.0,
    -34.0,
    -34.0,
    -34.0,
    -34.0,
    -34.0,
    -34.0,
    -34.0,
    -34.0,
    -34.0,
    -34.0,
    -34.0,
    -34.0,
    -34.0,
    -34.0,
    -34.0,
    -33.0,
    -32.0,
    -31.0,
    -30.0,
    -29.0,
    -28.0,
    -27.0,
    -26.0,
    -25.0,
    -24.0,
    -23.0,
    -23.0,
    -22.0,
    -22.0,
    -21.0,
    -21.0,
    -20.0,
    -19.0,
    -18.0,
    -17.0,
    -17.0,
    -17.0,
    -16.0,
    -15.0,
    -15.0,
    -15.0
  ],
  "final_ascii": [
    "LEGEND:",
    ";: background",
    "p: player",
    ".: unbrushedsand",
    "\u1433: vbrushedsand",
    "6: hbrushedsand",
    "o: rock",
    "",
    "MAP:",
    ";;;;;;;;;;;;",
    ";;;;;;;;;;;;",
    ";;;;;;;p;;;;",
    ";;;...\u14336\u1433;;;",
    ";;;...6\u1433\u1433;;;",
    ";;;666\u1433\u1433\u1433;;;",
    ";;;\u1433.oo\u1433\u1433;;;",
    ";;;\u1433...6\u1433;;;",
    ";;;\u1433.....;;;",
    ";;;;;;;;;;;;",
    ";;;;;;;;;;;;",
    ";;;;;;;;;;;;"
  ]
}