{
  "model": "deepseek-r1",
  "game": "Take_Heart_Lass",
  "level": 3,
  "run": 4,
  "win": false,
  "action_sequence": [
    1,
    0,
    4,
    0,
    0,
    1,
    0,
    0,
    3,
    2,
    0,
    2,
    2,
    2,
    1,
    1,
    1,
    1,
    4,
    1,
    1,
    4,
    4,
    2,
    1,
    1,
    1,
    1,
    1,
    2,
    3,
    1,
    1,
    4,
    1,
    3,
    4,
    2,
    4,
    1,
    0,
    4,
    1,
    2,
    1,
    3,
    1,
    2,
    3,
    2
  ],
  "reward_sequence": [
    0.9900000095367432,
    0.9900000095367432,
    -0.009999999776482582,
    0.9900000095367432,
    0.9900000095367432,
    0.9900000095367432,
    0.9900000095367432,
    0.9900000095367432,
    -1.0099999904632568,
    -1.0099999904632568,
    -0.009999999776482582,
    -1.0099999904632568,
    -1.0099999904632568,
    -1.0099999904632568,
    -0.009999999776482582,
    -0.009999999776482582,
    -0.009999999776482582,
    -0.009999999776482582,
    -0.009999999776482582,
    -0.009999999776482582,
    -0.009999999776482582,
    -0.009999999776482582,
    -0.009999999776482582,
    -0.009999999776482582,
    -0.009999999776482582,
    -0.009999999776482582,
    -0.009999999776482582,
    -0.009999999776482582,
    -0.009999999776482582,
    -0.009999999776482582,
    -0.009999999776482582,
    -0.009999999776482582,
    -0.009999999776482582,
    -0.009999999776482582,
    -0.009999999776482582,
    -0.009999999776482582,
    -0.009999999776482582,
    -0.009999999776482582,
    -0.009999999776482582,
    -0.009999999776482582,
    -0.009999999776482582,
    -0.009999999776482582,
    -0.009999999776482582,
    -0.009999999776482582,
    -0.009999999776482582,
    -0.009999999776482582,
    -0.009999999776482582,
    -0.009999999776482582,
    -0.009999999776482582,
    -0.009999999776482582
  ],
  "initial_ascii": [
    "LEGEND:",
    "#: wall",
    "\u1070: newdespairwall",
    ".: background",
    "z: altolddespair",
    "x: olddespair",
    "\u1589: newdespair",
    "*: crate",
    "p: player",
    "o: target",
    "",
    "MAP:",
    "####\u1070###",
    "#.#zx\u1070.#",
    "#..\u1589.*p#",
    "#......#",
    "#o#*.#.#",
    "########"
  ],
  "state_data": {
    "score": 0,
    "win": false,
    "step": 50
  },
  "heuristics": [
    -7.0,
    -6.0,
    -6.0,
    -5.0,
    -4.0,
    -3.0,
    -2.0,
    -1.0,
    -2.0,
    -3.0,
    -3.0,
    -4.0,
    -5.0,
    -6.0,
    -6.0,
    -6.0,
    -6.0,
    -6.0,
    -6.0,
    -6.0,
    -6.0,
    -6.0,
    -6.0,
    -6.0,
    -6.0,
    -6.0,
    -6.0,
    -6.0,
    -6.0,
    -6.0,
    -6.0,
    -6.0,
    -6.0,
    -6.0,
    -6.0,
    -6.0,
    -6.0,
    -6.0,
    -6.0,
    -6.0,
    -6.0,
    -6.0,
    -6.0,
    -6.0,
    -6.0,
    -6.0,
    -6.0,
    -6.0,
    -6.0,
    -6.0
  ],
  "final_ascii": [
    "LEGEND:",
    "\u1997: despairwall",
    "z: altolddespair",
    "x: olddespair",
    ".: background",
    "p: player",
    "*: crate",
    "o: target",
    "",
    "MAP:",
    "\u1997\u1997\u1997\u1997\u1997\u1997\u1997\u1997",
    "\u1997z\u1997zx\u1997.\u1997",
    "\u1997xzxzp*\u1997",
    "\u1997.x.xz.\u1997",
    "\u1997o\u1997*.\u1997z\u1997",
    "\u1997\u1997\u1997\u1997\u1997\u1997\u1997\u1997"
  ]
}