{
  "model": "deepseek-r1",
  "game": "Travelling_salesman",
  "level": 10,
  "run": 4,
  "win": false,
  "action_sequence": [
    0,
    1,
    0,
    0,
    0,
    3,
    0,
    3,
    4,
    4,
    4,
    4,
    4,
    3,
    3,
    0,
    0,
    2,
    0,
    1,
    2,
    1,
    4,
    2,
    3,
    2,
    2,
    2,
    2,
    2,
    2,
    2,
    3,
    0,
    0,
    1,
    4,
    0,
    0,
    0,
    1,
    0,
    0,
    0,
    0,
    0,
    1,
    0,
    1,
    1
  ],
  "reward_sequence": [
    -0.009999999776482582,
    -0.009999999776482582,
    -0.009999999776482582,
    -0.009999999776482582,
    -0.009999999776482582,
    1.9900000095367432,
    -0.009999999776482582,
    0.9900000095367432,
    -0.009999999776482582,
    -0.009999999776482582,
    -0.009999999776482582,
    -0.009999999776482582,
    -0.009999999776482582,
    0.9900000095367432,
    0.9900000095367432,
    -0.009999999776482582,
    -0.009999999776482582,
    0.9900000095367432,
    -0.009999999776482582,
    0.9900000095367432,
    0.9900000095367432,
    0.9900000095367432,
    -0.009999999776482582,
    0.9900000095367432,
    0.9900000095367432,
    0.9900000095367432,
    -0.009999999776482582,
    -0.009999999776482582,
    -0.009999999776482582,
    -0.009999999776482582,
    -0.009999999776482582,
    -0.009999999776482582,
    0.9900000095367432,
    0.9900000095367432,
    0.9900000095367432,
    -0.009999999776482582,
    -0.009999999776482582,
    -0.009999999776482582,
    -0.009999999776482582,
    -0.009999999776482582,
    -0.009999999776482582,
    -0.009999999776482582,
    -0.009999999776482582,
    -0.009999999776482582,
    -0.009999999776482582,
    -0.009999999776482582,
    -0.009999999776482582,
    -0.009999999776482582,
    -0.009999999776482582,
    -0.009999999776482582
  ],
  "initial_ascii": [
    "LEGEND:",
    "o: node",
    "-: hlink",
    ".: background",
    "|: vlink",
    "p: node, player",
    "",
    "MAP:",
    "o-o.o-o-o",
    "|.|.|...|",
    "o.o-o-o-o",
    "|.|.|.|..",
    "o-o-o-o-o",
    "|...|...|",
    "o-o.o-o-o",
    "|.|.|.|.|",
    "p-o-o.o-o"
  ],
  "state_data": {
    "score": -10,
    "win": false,
    "step": 50
  },
  "heuristics": [
    -25.0,
    -25.0,
    -25.0,
    -25.0,
    -25.0,
    -23.0,
    -23.0,
    -22.0,
    -22.0,
    -22.0,
    -22.0,
    -22.0,
    -22.0,
    -21.0,
    -20.0,
    -20.0,
    -20.0,
    -19.0,
    -19.0,
    -18.0,
    -17.0,
    -16.0,
    -16.0,
    -15.0,
    -14.0,
    -13.0,
    -13.0,
    -13.0,
    -13.0,
    -13.0,
    -13.0,
    -13.0,
    -12.0,
    -11.0,
    -10.0,
    -10.0,
    -10.0,
    -10.0,
    -10.0,
    -10.0,
    -10.0,
    -10.0,
    -10.0,
    -10.0,
    -10.0,
    -10.0,
    -10.0,
    -10.0,
    -10.0,
    -10.0
  ],
  "final_ascii": [
    "LEGEND:",
    "\u1406: nodeseen",
    "\u2592: hlinkseen",
    ".: background",
    "\u12f7: nodeseen, player",
    "\u1b92: vlinkseen",
    "|: vlink",
    "-: hlink",
    "o: node",
    "",
    "MAP:",
    "\u1406\u2592\u1406.\u12f7\u2592\u1406\u2592\u1406",
    "\u1b92.\u1b92.|...\u1b92",
    "\u1406.\u1406\u2592\u1406-\u1406\u2592\u1406",
    "\u1b92.|.\u1b92.\u1b92..",
    "\u1406-o-\u1406\u2592\u1406-o",
    "\u1b92...|...|",
    "\u1406-o.o-o-o",
    "\u1b92.|.|.|.|",
    "\u1406-o-o.o-o"
  ]
}