{
  "model": "deepseek-r1",
  "game": "Take_Heart_Lass",
  "level": 5,
  "run": 3,
  "win": false,
  "action_sequence": [
    3,
    3,
    2,
    3,
    4,
    3,
    3,
    3,
    2,
    1,
    1,
    1,
    1,
    0,
    1,
    1,
    1,
    1,
    0,
    1,
    1,
    1,
    2,
    1,
    1,
    1,
    1,
    0,
    4,
    0,
    0,
    1,
    1,
    3,
    3,
    0,
    4,
    2,
    2,
    0,
    4,
    4,
    1,
    4,
    4,
    3,
    1,
    3,
    4,
    1
  ],
  "reward_sequence": [
    0.9900000095367432,
    0.9900000095367432,
    -1.0099999904632568,
    0.9900000095367432,
    -0.009999999776482582,
    0.9900000095367432,
    0.9900000095367432,
    0.9900000095367432,
    -1.0099999904632568,
    -0.009999999776482582,
    -0.009999999776482582,
    -0.009999999776482582,
    -0.009999999776482582,
    -0.009999999776482582,
    -0.009999999776482582,
    -0.009999999776482582,
    -0.009999999776482582,
    -0.009999999776482582,
    -0.009999999776482582,
    -0.009999999776482582,
    -0.009999999776482582,
    -0.009999999776482582,
    -1.0099999904632568,
    -1.0099999904632568,
    -1.0099999904632568,
    -1.0099999904632568,
    -1.0099999904632568,
    0.9900000095367432,
    -0.009999999776482582,
    0.9900000095367432,
    0.9900000095367432,
    -1.0099999904632568,
    -1.0099999904632568,
    0.9900000095367432,
    0.9900000095367432,
    0.9900000095367432,
    -0.009999999776482582,
    -0.009999999776482582,
    -0.009999999776482582,
    0.9900000095367432,
    -0.009999999776482582,
    -0.009999999776482582,
    -1.0099999904632568,
    -0.009999999776482582,
    -0.009999999776482582,
    0.9900000095367432,
    -1.0099999904632568,
    0.9900000095367432,
    -0.009999999776482582,
    -1.0099999904632568
  ],
  "initial_ascii": [
    "LEGEND:",
    "#: wall",
    "o: target",
    ".: background",
    "*: crate",
    "\u1a29: altnewdespair",
    "p: player",
    "\u11b5: newdespairwall",
    "x: olddespair",
    "z: altolddespair",
    "\u1433: newdespair",
    "",
    "MAP:",
    "###########",
    "#o........#",
    "####.##.#.#",
    "#.....*.#.#",
    "#.#.###.#.#",
    "#.#....*..#",
    "#\u1a29#*.#p##.#",
    "\u11b5x\u11b5....#z\u1433#",
    "#\u11b5#########"
  ],
  "state_data": {
    "score": 0,
    "win": false,
    "step": 50
  },
  "heuristics": [
    -10.0,
    -9.0,
    -10.0,
    -9.0,
    -9.0,
    -8.0,
    -7.0,
    -6.0,
    -7.0,
    -7.0,
    -7.0,
    -7.0,
    -7.0,
    -7.0,
    -7.0,
    -7.0,
    -7.0,
    -7.0,
    -7.0,
    -7.0,
    -7.0,
    -7.0,
    -8.0,
    -9.0,
    -10.0,
    -11.0,
    -12.0,
    -11.0,
    -11.0,
    -10.0,
    -9.0,
    -10.0,
    -11.0,
    -10.0,
    -9.0,
    -8.0,
    -8.0,
    -8.0,
    -8.0,
    -7.0,
    -7.0,
    -7.0,
    -8.0,
    -8.0,
    -8.0,
    -7.0,
    -8.0,
    -7.0,
    -7.0,
    -8.0
  ],
  "final_ascii": [
    "LEGEND:",
    "\u2a1a: despairwall",
    "o: target",
    ".: background",
    "x: olddespair",
    "z: altolddespair",
    "*: crate",
    "p: player",
    "",
    "MAP:",
    "\u2a1a\u2a1a\u2a1a\u2a1a\u2a1a\u2a1a\u2a1a\u2a1a\u2a1a\u2a1a\u2a1a",
    "\u2a1ao.xzxzxzx\u2a1a",
    "\u2a1a\u2a1a\u2a1a\u2a1ax\u2a1a\u2a1az\u2a1az\u2a1a",
    "\u2a1axzxz.*.\u2a1ax\u2a1a",
    "\u2a1az\u2a1a.\u2a1a\u2a1a\u2a1az\u2a1az\u2a1a",
    "\u2a1ax\u2a1a*.xzxzx\u2a1a",
    "\u2a1az\u2a1a*p\u2a1ax\u2a1a\u2a1az\u2a1a",
    "\u2a1ax\u2a1a.zxz\u2a1azx\u2a1a",
    "\u2a1a\u2a1a\u2a1a\u2a1a\u2a1a\u2a1a\u2a1a\u2a1a\u2a1a\u2a1a\u2a1a"
  ]
}