{
  "model": "deepseek-r1",
  "game": "Travelling_salesman",
  "level": 0,
  "run": 2,
  "win": true,
  "action_sequence": [
    1,
    0,
    1,
    0,
    3,
    3,
    2
  ],
  "reward_sequence": [
    1.9900000095367432,
    0.9900000095367432,
    0.9900000095367432,
    0.9900000095367432,
    0.9900000095367432,
    0.9900000095367432,
    1.9900000095367432
  ],
  "initial_ascii": [
    "LEGEND:",
    "o: node",
    "-: hlink",
    "\u1959: nodeseen",
    "|: vlink",
    ".: background",
    "\u29e3: vlinkseen",
    "\u2653: nodeseen, player",
    "",
    "MAP:",
    "o-o-\u1959",
    "|...\u29e3",
    "o-o-\u2653",
    "|.|..",
    "o-o.."
  ],
  "state_data": {
    "score": 0,
    "win": true,
    "step": 7
  },
  "heuristics": [
    -6.0,
    -5.0,
    -4.0,
    -3.0,
    -2.0,
    -1.0,
    0.0
  ],
  "final_ascii": [
    "LEGEND:",
    "\u1959: nodeseen",
    "\u0408: hlinkseen",
    "\u2653: nodeseen, player",
    "-: hlink",
    "\u29e3: vlinkseen",
    ".: background",
    "",
    "MAP:",
    "\u1959\u0408\u2653-\u1959",
    "\u29e3...\u29e3",
    "\u1959-\u1959\u0408\u1959",
    "\u29e3.\u29e3..",
    "\u1959\u0408\u1959.."
  ]
}