{
  "model": "deepseek-r1",
  "game": "Travelling_salesman",
  "level": 2,
  "run": 1,
  "win": false,
  "action_sequence": [
    1,
    2,
    3,
    1,
    1,
    1,
    1,
    1,
    1,
    1,
    1,
    1,
    1,
    1,
    1,
    1,
    1,
    1,
    1,
    1,
    1,
    1,
    1,
    1,
    1,
    1,
    1,
    0,
    1,
    1,
    1,
    1,
    1,
    1,
    1,
    1,
    1,
    1,
    1,
    1,
    1,
    1,
    1,
    1,
    1,
    1,
    1,
    1,
    1,
    1
  ],
  "reward_sequence": [
    1.9900000095367432,
    0.9900000095367432,
    0.9900000095367432,
    -0.009999999776482582,
    -0.009999999776482582,
    -0.009999999776482582,
    -0.009999999776482582,
    -0.009999999776482582,
    -0.009999999776482582,
    -0.009999999776482582,
    -0.009999999776482582,
    -0.009999999776482582,
    -0.009999999776482582,
    -0.009999999776482582,
    -0.009999999776482582,
    -0.009999999776482582,
    -0.009999999776482582,
    -0.009999999776482582,
    -0.009999999776482582,
    -0.009999999776482582,
    -0.009999999776482582,
    -0.009999999776482582,
    -0.009999999776482582,
    -0.009999999776482582,
    -0.009999999776482582,
    -0.009999999776482582,
    -0.009999999776482582,
    -0.009999999776482582,
    -0.009999999776482582,
    -0.009999999776482582,
    -0.009999999776482582,
    -0.009999999776482582,
    -0.009999999776482582,
    -0.009999999776482582,
    -0.009999999776482582,
    -0.009999999776482582,
    -0.009999999776482582,
    -0.009999999776482582,
    -0.009999999776482582,
    -0.009999999776482582,
    -0.009999999776482582,
    -0.009999999776482582,
    -0.009999999776482582,
    -0.009999999776482582,
    -0.009999999776482582,
    -0.009999999776482582,
    -0.009999999776482582,
    -0.009999999776482582,
    -0.009999999776482582,
    -0.009999999776482582
  ],
  "initial_ascii": [
    "LEGEND:",
    "\u2240: nodeseen",
    "-: hlink",
    "o: node",
    ".: background",
    "\u0279: vlinkseen",
    "|: vlink",
    "\u0e81: nodeseen, player",
    "",
    "MAP:",
    "\u2240-o.o-o",
    "\u0279.|.|.|",
    "\u0e81-o-o.o",
    "|.|...|",
    "o.o-o-o",
    "|.|.|.|",
    "o-o-o-o"
  ],
  "state_data": {
    "score": -12,
    "win": false,
    "step": 50
  },
  "heuristics": [
    -14.0,
    -13.0,
    -12.0,
    -12.0,
    -12.0,
    -12.0,
    -12.0,
    -12.0,
    -12.0,
    -12.0,
    -12.0,
    -12.0,
    -12.0,
    -12.0,
    -12.0,
    -12.0,
    -12.0,
    -12.0,
    -12.0,
    -12.0,
    -12.0,
    -12.0,
    -12.0,
    -12.0,
    -12.0,
    -12.0,
    -12.0,
    -12.0,
    -12.0,
    -12.0,
    -12.0,
    -12.0,
    -12.0,
    -12.0,
    -12.0,
    -12.0,
    -12.0,
    -12.0,
    -12.0,
    -12.0,
    -12.0,
    -12.0,
    -12.0,
    -12.0,
    -12.0,
    -12.0,
    -12.0,
    -12.0,
    -12.0,
    -12.0
  ],
  "final_ascii": [
    "LEGEND:",
    "\u2240: nodeseen",
    "-: hlink",
    "\u0e81: nodeseen, player",
    ".: background",
    "o: node",
    "\u0279: vlinkseen",
    "|: vlink",
    "\u166a: hlinkseen",
    "",
    "MAP:",
    "\u2240-\u0e81.o-o",
    "\u0279.\u0279.|.|",
    "\u2240\u166a\u2240-o.o",
    "|.|...|",
    "o.o-o-o",
    "|.|.|.|",
    "o-o-o-o"
  ]
}