{
  "model": "deepseek-r1",
  "game": "limerick",
  "level": 6,
  "run": 3,
  "win": false,
  "action_sequence": [
    3,
    3,
    2,
    4,
    4,
    4,
    2,
    3,
    2,
    0,
    2,
    3,
    4,
    2,
    0,
    4,
    4,
    3,
    2,
    0,
    4,
    4,
    3,
    3,
    2,
    2,
    3,
    3,
    4,
    2,
    0,
    4,
    3,
    4,
    3,
    3,
    4,
    3,
    3,
    3,
    2,
    4,
    2,
    4,
    3,
    4,
    2,
    4,
    0,
    4
  ],
  "reward_sequence": [
    -1.0099999904632568,
    -1.0099999904632568,
    2.990000009536743,
    -0.009999999776482582,
    -0.009999999776482582,
    -0.009999999776482582,
    0.9900000095367432,
    -1.0099999904632568,
    1.9900000095367432,
    -0.009999999776482582,
    0.9900000095367432,
    -1.0099999904632568,
    -0.009999999776482582,
    -0.009999999776482582,
    -0.009999999776482582,
    -0.009999999776482582,
    -0.009999999776482582,
    -1.0099999904632568,
    0.9900000095367432,
    -0.009999999776482582,
    -0.009999999776482582,
    -0.009999999776482582,
    -1.0099999904632568,
    -1.0099999904632568,
    4.989999771118164,
    0.9900000095367432,
    -1.0099999904632568,
    -1.0099999904632568,
    -0.009999999776482582,
    2.990000009536743,
    -0.009999999776482582,
    -0.009999999776482582,
    -0.009999999776482582,
    -0.009999999776482582,
    -0.009999999776482582,
    -0.009999999776482582,
    -0.009999999776482582,
    -0.009999999776482582,
    -0.009999999776482582,
    -0.009999999776482582,
    -0.009999999776482582,
    -0.009999999776482582,
    -0.009999999776482582,
    -0.009999999776482582,
    -0.009999999776482582,
    -0.009999999776482582,
    -0.009999999776482582,
    -0.009999999776482582,
    -0.009999999776482582,
    -0.009999999776482582
  ],
  "initial_ascii": [
    "LEGEND:",
    "#: wall",
    ".: background",
    "c: crate",
    "\u0408: playerhead2",
    "\u2a54: playerbodyv",
    "e: exit",
    "",
    "MAP:",
    "###################",
    "#.................#",
    "#...............c.#",
    "#............####.#",
    "#.................#",
    "#..\u0408....#...#.#...#",
    "#..\u2a54....#...#.#e..#",
    "#.###############.#",
    "#.###############.#",
    "#.#...#...#...#...#",
    "#...#...#...#...#.#",
    "###################",
    "#.................#",
    "#.................#",
    "###################"
  ],
  "state_data": {
    "score": 0,
    "win": false,
    "step": 50
  },
  "heuristics": [
    -13.0,
    -14.0,
    -11.0,
    -11.0,
    -11.0,
    -11.0,
    -10.0,
    -11.0,
    -9.0,
    -9.0,
    -8.0,
    -9.0,
    -9.0,
    -9.0,
    -9.0,
    -9.0,
    -9.0,
    -10.0,
    -9.0,
    -9.0,
    -9.0,
    -9.0,
    -10.0,
    -11.0,
    -6.0,
    -5.0,
    -6.0,
    -7.0,
    -7.0,
    -4.0,
    -4.0,
    -4.0,
    -4.0,
    -4.0,
    -4.0,
    -4.0,
    -4.0,
    -4.0,
    -4.0,
    -4.0,
    -4.0,
    -4.0,
    -4.0,
    -4.0,
    -4.0,
    -4.0,
    -4.0,
    -4.0,
    -4.0,
    -4.0
  ],
  "final_ascii": [
    "LEGEND:",
    "#: wall",
    ".: background",
    "\u1959: playerbodyh",
    "\u2a54: playerbodyv",
    "c: crate",
    "p: playerhead1",
    "e: exit",
    "",
    "MAP:",
    "###################",
    "#.................#",
    "#.......\u1959\u2a54......c.#",
    "#.......\u2a54\u2a54...####.#",
    "#..\u1959\u2a54..\u1959\u2a54\u2a54\u1959\u2a54......#",
    "#..\u2a54\u2a54\u1959\u2a54\u2a54#\u2a54\u2a54\u2a54#.#...#",
    "#..\u2a54\u1959\u2a54\u1959\u2a54#\u1959\u2a54p#.#e..#",
    "#.###############.#",
    "#.###############.#",
    "#.#...#...#...#...#",
    "#...#...#...#...#.#",
    "###################",
    "#.................#",
    "#.................#",
    "###################"
  ]
}