{
  "model": "deepseek-r1",
  "game": "kettle",
  "level": 6,
  "run": 3,
  "win": false,
  "action_sequence": [
    0,
    1,
    1,
    2,
    0,
    2,
    3,
    1,
    1,
    2,
    3,
    4,
    2,
    3,
    3,
    2,
    3,
    2,
    2,
    2,
    1,
    2,
    2,
    2,
    0,
    1,
    2,
    2,
    0,
    2,
    3,
    3,
    0,
    0,
    2,
    2,
    3,
    2,
    3,
    3,
    0,
    0,
    2,
    0,
    0,
    3,
    2,
    0,
    2,
    2
  ],
  "reward_sequence": [
    3.990000009536743,
    2.990000009536743,
    -0.009999999776482582,
    3.990000009536743,
    2.990000009536743,
    -0.009999999776482582,
    2.990000009536743,
    -0.009999999776482582,
    -0.009999999776482582,
    -0.009999999776482582,
    -0.009999999776482582,
    -0.009999999776482582,
    -0.009999999776482582,
    -0.009999999776482582,
    -0.009999999776482582,
    -0.009999999776482582,
    -0.009999999776482582,
    -0.009999999776482582,
    -0.009999999776482582,
    -0.009999999776482582,
    -0.009999999776482582,
    -0.009999999776482582,
    -0.009999999776482582,
    -0.009999999776482582,
    -0.009999999776482582,
    -0.009999999776482582,
    -0.009999999776482582,
    -0.009999999776482582,
    -0.009999999776482582,
    -0.009999999776482582,
    -0.009999999776482582,
    -0.009999999776482582,
    -0.009999999776482582,
    -0.009999999776482582,
    -0.009999999776482582,
    -0.009999999776482582,
    -0.009999999776482582,
    -0.009999999776482582,
    -0.009999999776482582,
    -0.009999999776482582,
    -0.009999999776482582,
    -0.009999999776482582,
    -0.009999999776482582,
    -0.009999999776482582,
    -0.009999999776482582,
    -0.009999999776482582,
    -0.009999999776482582,
    -0.009999999776482582,
    -0.009999999776482582,
    -0.009999999776482582
  ],
  "initial_ascii": [
    "LEGEND:",
    "#: wall",
    ".: background",
    "k: dpolice",
    "l: rpolice",
    "c: crate",
    "j: lpolice",
    "t: target",
    "@: target, crate",
    "i: upolice",
    "",
    "MAP:",
    "###############",
    "#.............#",
    "#...kkkkkkk...#",
    "#..l..cc.cj...#",
    "#..l.tttt.j...#",
    "#..lc@t@t.j...#",
    "#..lcttttcj...#",
    "#..l.@@tt.j...#",
    "#..lc....cj...#",
    "#..lcc.c.cj...#",
    "#...iiiiiii...#",
    "#.............#",
    "###############"
  ],
  "state_data": {
    "score": 10,
    "win": false,
    "step": 50
  },
  "heuristics": [
    -21.0,
    -18.0,
    -18.0,
    -14.0,
    -11.0,
    -11.0,
    -8.0,
    -8.0,
    -8.0,
    -8.0,
    -8.0,
    -8.0,
    -8.0,
    -8.0,
    -8.0,
    -8.0,
    -8.0,
    -8.0,
    -8.0,
    -8.0,
    -8.0,
    -8.0,
    -8.0,
    -8.0,
    -8.0,
    -8.0,
    -8.0,
    -8.0,
    -8.0,
    -8.0,
    -8.0,
    -8.0,
    -8.0,
    -8.0,
    -8.0,
    -8.0,
    -8.0,
    -8.0,
    -8.0,
    -8.0,
    -8.0,
    -8.0,
    -8.0,
    -8.0,
    -8.0,
    -8.0,
    -8.0,
    -8.0,
    -8.0,
    -8.0
  ],
  "final_ascii": [
    "LEGEND:",
    "#: wall",
    ".: background",
    "l: rpolice",
    "j: lpolice",
    "k: dpolice",
    "\u1433: target, dpolice",
    "@: target, crate",
    "c: crate",
    "\u2a1a: target, rpolice",
    "i: upolice",
    "",
    "MAP:",
    "###############",
    "#.............#",
    "#.............#",
    "#.......ljk...#",
    "#..lk\u1433\u1433\u1433\u1433kj...#",
    "#...l@@@@cj...#",
    "#....\u2a1a@@@ji...#",
    "#....\u2a1a@@@j....#",
    "#....lcccj....#",
    "#...lcciij....#",
    "#...iii..i....#",
    "#.............#",
    "###############"
  ]
}