{
  "model": "deepseek-r1",
  "game": "atlas shrank",
  "level": 11,
  "run": 3,
  "win": false,
  "action_sequence": [
    2,
    3,
    1,
    4,
    3,
    3,
    3,
    2,
    3,
    0,
    3,
    2,
    0,
    3,
    3,
    2,
    3,
    4,
    2,
    3,
    0,
    4,
    2,
    3,
    0,
    4,
    2,
    0,
    3,
    2,
    3,
    3,
    3,
    3,
    0,
    3,
    4,
    2,
    2,
    3,
    3,
    0,
    3,
    3,
    3,
    3,
    4,
    2,
    2,
    3
  ],
  "reward_sequence": [
    0.9900000095367432,
    -0.009999999776482582,
    -0.009999999776482582,
    -0.009999999776482582,
    -0.009999999776482582,
    -0.009999999776482582,
    -0.009999999776482582,
    0.9900000095367432,
    -0.009999999776482582,
    -1.0099999904632568,
    -0.009999999776482582,
    0.9900000095367432,
    -1.0099999904632568,
    -0.009999999776482582,
    -0.009999999776482582,
    0.9900000095367432,
    -0.009999999776482582,
    -0.009999999776482582,
    0.9900000095367432,
    -0.009999999776482582,
    -1.0099999904632568,
    -0.009999999776482582,
    0.9900000095367432,
    -0.009999999776482582,
    -1.0099999904632568,
    -0.009999999776482582,
    0.9900000095367432,
    -1.0099999904632568,
    -0.009999999776482582,
    0.9900000095367432,
    -0.009999999776482582,
    -0.009999999776482582,
    -0.009999999776482582,
    -0.009999999776482582,
    -1.0099999904632568,
    -0.009999999776482582,
    -0.009999999776482582,
    0.9900000095367432,
    1.9900000095367432,
    -0.009999999776482582,
    -0.009999999776482582,
    -1.0099999904632568,
    -1.0099999904632568,
    -0.009999999776482582,
    -0.009999999776482582,
    -0.009999999776482582,
    -0.009999999776482582,
    1.9900000095367432,
    0.9900000095367432,
    -0.009999999776482582
  ],
  "initial_ascii": [
    "LEGEND:",
    ".: background",
    "#: wallsolo",
    "\u204b: wallrl",
    "*: crate, massive",
    "\u1070: wallud",
    "t: switch",
    "\u27ca: wallr",
    "o: exit",
    "\u08a0: walld",
    "x: door",
    "\u2680: wallm",
    "\u1869: walll",
    "\u1589: playerr",
    "",
    "MAP:",
    ".................#\u204b\u204b\u204b\u204b\u204b\u204b\u204b\u204b\u204b\u204b#*#.#.##",
    ".................\u1070..*........*.....\u1070",
    ".................\u1070.t#\u204b#....*#\u204b\u204b\u204b\u204b\u204b\u204b\u27ca",
    "#................#.....*...#o......\u1070",
    "\u1070.....................#\u204b\u204b\u204b\u204b\u08a0\u204b\u204b\u204b#...\u1070",
    "\u1070....................#.....**.....*\u1070",
    "\u1070................##.#....#\u204b#x#\u204b\u204b\u204b\u204b\u204b\u27ca",
    "\u1070...............#\u2680\u27ca.\u1070*.......*.....\u1070",
    "\u1070.........*..#\u204b\u204b\u08a0\u08a0\u08a0\u204b\u08a0\u204b\u204b\u204b\u204b\u204b\u204b#x#\u204b#...\u1070",
    "\u1869#.....\u1589.**................*......*\u1070",
    "#\u08a0\u204b\u204b\u204b\u204b\u204b\u204b\u204b\u204b\u204b\u204b\u204b\u204b\u204b\u204b\u204b\u204b\u204b\u204b\u204b\u204b\u204b\u204b\u204b\u204b\u204b#x#\u204b\u204b\u204b\u204b\u204b#",
    "...................................."
  ],
  "state_data": {
    "score": 0,
    "win": false,
    "step": 50
  },
  "heuristics": [
    -27.0,
    -27.0,
    -27.0,
    -27.0,
    -27.0,
    -27.0,
    -27.0,
    -26.0,
    -26.0,
    -27.0,
    -27.0,
    -26.0,
    -27.0,
    -27.0,
    -27.0,
    -26.0,
    -26.0,
    -26.0,
    -25.0,
    -25.0,
    -26.0,
    -26.0,
    -25.0,
    -25.0,
    -26.0,
    -26.0,
    -25.0,
    -26.0,
    -26.0,
    -25.0,
    -25.0,
    -25.0,
    -25.0,
    -25.0,
    -26.0,
    -26.0,
    -26.0,
    -25.0,
    -23.0,
    -23.0,
    -23.0,
    -24.0,
    -25.0,
    -25.0,
    -25.0,
    -25.0,
    -25.0,
    -23.0,
    -22.0,
    -22.0
  ],
  "final_ascii": [
    "LEGEND:",
    ".: background",
    "#: wallsolo",
    "\u204b: wallrl",
    "*: crate, massive",
    "\u1070: wallud",
    "t: switch",
    "\u27ca: wallr",
    "o: exit",
    "\u08a0: walld",
    "x: door",
    "\u2680: wallm",
    "\u1589: playerr",
    "\u1869: walll",
    "",
    "MAP:",
    ".................#\u204b\u204b\u204b\u204b\u204b\u204b\u204b\u204b\u204b\u204b#*#.#.##",
    ".................\u1070..*........*.....\u1070",
    ".................\u1070.t#\u204b#....*#\u204b\u204b\u204b\u204b\u204b\u204b\u27ca",
    "#................#.....*...#o......\u1070",
    "\u1070.....................#\u204b\u204b\u204b\u204b\u08a0\u204b\u204b\u204b#...\u1070",
    "\u1070....................#.....**.....*\u1070",
    "\u1070................##.#....#\u204b#x#\u204b\u204b\u204b\u204b\u204b\u27ca",
    "\u1070...............#\u2680\u27ca.\u1070*.......*.....\u1070",
    "\u1070..........\u1589.#\u204b\u204b\u08a0\u08a0\u08a0\u204b\u08a0\u204b\u204b\u204b\u204b\u204b\u204b#x#\u204b#...\u1070",
    "\u1869#.....*..**...............*......*\u1070",
    "#\u08a0\u204b\u204b\u204b\u204b\u204b\u204b\u204b\u204b\u204b\u204b\u204b\u204b\u204b\u204b\u204b\u204b\u204b\u204b\u204b\u204b\u204b\u204b\u204b\u204b\u204b#x#\u204b\u204b\u204b\u204b\u204b#",
    "...................................."
  ]
}