{
  "model": "deepseek-r1",
  "game": "atlas shrank",
  "level": 4,
  "run": 4,
  "win": false,
  "action_sequence": [
    2,
    3,
    2,
    2,
    4,
    4,
    2,
    4,
    3,
    0,
    2,
    3,
    4,
    2,
    2,
    0,
    2,
    4,
    2,
    4,
    4,
    2,
    0,
    3,
    3,
    0,
    2,
    2,
    2,
    0,
    2,
    3,
    3,
    2,
    0,
    2,
    3,
    0,
    0,
    2,
    3,
    4,
    2,
    4,
    2,
    2,
    2,
    2,
    1,
    3
  ],
  "reward_sequence": [
    0.9900000095367432,
    -0.009999999776482582,
    0.9900000095367432,
    -0.009999999776482582,
    -0.009999999776482582,
    -0.009999999776482582,
    -0.009999999776482582,
    -0.009999999776482582,
    -0.009999999776482582,
    -1.0099999904632568,
    0.9900000095367432,
    -0.009999999776482582,
    -0.009999999776482582,
    -0.009999999776482582,
    -0.009999999776482582,
    -1.0099999904632568,
    0.9900000095367432,
    -0.009999999776482582,
    -0.009999999776482582,
    -0.009999999776482582,
    -0.009999999776482582,
    -0.009999999776482582,
    -1.0099999904632568,
    -0.009999999776482582,
    -0.009999999776482582,
    -1.0099999904632568,
    0.9900000095367432,
    0.9900000095367432,
    -0.009999999776482582,
    -1.0099999904632568,
    0.9900000095367432,
    -0.009999999776482582,
    -0.009999999776482582,
    -0.009999999776482582,
    -1.0099999904632568,
    0.9900000095367432,
    -0.009999999776482582,
    -1.0099999904632568,
    -1.0099999904632568,
    0.9900000095367432,
    -0.009999999776482582,
    -0.009999999776482582,
    0.9900000095367432,
    -0.009999999776482582,
    -0.009999999776482582,
    -0.009999999776482582,
    -0.009999999776482582,
    -0.009999999776482582,
    -0.009999999776482582,
    -0.009999999776482582
  ],
  "initial_ascii": [
    "LEGEND:",
    "*: crate, massive",
    "#: wallsolo",
    "\u1f61: wallu",
    "\u2686: wallrl",
    "\u1944: wallr",
    ".: background",
    "\u1ec8: wallud",
    "\u169c: walll",
    "o: exit",
    "\u12f6: wallm",
    "\u213f: walld",
    "x: door",
    "\u2a8d: playerr",
    "t: switch",
    "",
    "MAP:",
    "*#\u1f61\u1f61\u2686#*#\u1f61\u2686\u2686\u2686\u1f61\u2686\u2686\u2686\u2686#",
    "#*#\u1944.##.#...#....\u1ec8",
    "\u169c#.#..\u1ec8..........\u1ec8",
    "\u1ec8.....#*........o\u1ec8",
    "\u1ec8......#\u2686#.....#\u1f61\u1944",
    "\u1ec8.........#....\u169c\u12f6\u1944",
    "\u1ec8......*..*....\u169c\u12f6\u1944",
    "\u1ec8....#\u2686\u2686\u2686\u2686\u2686\u2686\u2686\u2686\u2686\u213f\u213f\u1944",
    "\u1ec8...#............\u1ec8",
    "\u1ec8**..............\u1ec8",
    "#\u2686\u2686\u2686#...#\u1f61\u1f61\u1f61\u1f61\u1f61\u1f61\u1f61\u1f61\u1944",
    "****.#..#\u12f6\u12f6\u12f6\u12f6\u12f6\u12f6\u12f6\u12f6\u1944",
    "****..#..#\u213f\u213f\u12f6\u12f6\u12f6\u12f6\u12f6\u1944",
    "****...#....#\u213f\u213f\u213f\u213f\u1944",
    "****....#.......*\u1ec8",
    "*#\u2686#....\u169c#......*\u1ec8",
    "*.....#\u1f61\u12f6\u12f6#...#\u1f61\u1f61\u1944",
    "#......#\u213f#....\u169c\u12f6\u12f6\u1944",
    "*.......x..#\u1f61\u1f61\u12f6\u12f6\u12f6\u1944",
    "##.#....x.#\u12f6\u12f6\u12f6\u12f6\u12f6\u12f6\u1944",
    "..\u2a8d*.*ttx#\u12f6\u12f6\u12f6\u12f6\u12f6\u12f6\u12f6\u1944",
    "#\u2686\u2686\u2686\u2686\u2686\u2686\u2686\u2686\u213f\u213f\u213f\u213f\u213f\u213f\u213f\u213f#"
  ],
  "state_data": {
    "score": 0,
    "win": false,
    "step": 50
  },
  "heuristics": [
    -31.0,
    -31.0,
    -30.0,
    -30.0,
    -30.0,
    -30.0,
    -30.0,
    -30.0,
    -30.0,
    -31.0,
    -30.0,
    -30.0,
    -30.0,
    -30.0,
    -30.0,
    -31.0,
    -30.0,
    -30.0,
    -30.0,
    -30.0,
    -30.0,
    -30.0,
    -31.0,
    -31.0,
    -31.0,
    -32.0,
    -31.0,
    -30.0,
    -30.0,
    -31.0,
    -30.0,
    -30.0,
    -30.0,
    -30.0,
    -31.0,
    -30.0,
    -30.0,
    -31.0,
    -32.0,
    -31.0,
    -31.0,
    -31.0,
    -30.0,
    -30.0,
    -30.0,
    -30.0,
    -30.0,
    -30.0,
    -30.0,
    -30.0
  ],
  "final_ascii": [
    "LEGEND:",
    "*: crate, massive",
    "#: wallsolo",
    "\u1f61: wallu",
    "\u2686: wallrl",
    "\u1944: wallr",
    ".: background",
    "\u1ec8: wallud",
    "\u169c: walll",
    "o: exit",
    "\u12f6: wallm",
    "\u213f: walld",
    "x: door",
    "\u2a8d: playerr",
    "t: switch",
    "",
    "MAP:",
    "*#\u1f61\u1f61\u2686#*#\u1f61\u2686\u2686\u2686\u1f61\u2686\u2686\u2686\u2686#",
    "#*#\u1944.##.#...#....\u1ec8",
    "\u169c#.#..\u1ec8..........\u1ec8",
    "\u1ec8.....#*........o\u1ec8",
    "\u1ec8......#\u2686#.....#\u1f61\u1944",
    "\u1ec8.........#....\u169c\u12f6\u1944",
    "\u1ec8......*..*....\u169c\u12f6\u1944",
    "\u1ec8....#\u2686\u2686\u2686\u2686\u2686\u2686\u2686\u2686\u2686\u213f\u213f\u1944",
    "\u1ec8...#............\u1ec8",
    "\u1ec8**..............\u1ec8",
    "#\u2686\u2686\u2686#...#\u1f61\u1f61\u1f61\u1f61\u1f61\u1f61\u1f61\u1f61\u1944",
    "****.#..#\u12f6\u12f6\u12f6\u12f6\u12f6\u12f6\u12f6\u12f6\u1944",
    "****..#..#\u213f\u213f\u12f6\u12f6\u12f6\u12f6\u12f6\u1944",
    "****...#....#\u213f\u213f\u213f\u213f\u1944",
    "****....#.......*\u1ec8",
    "*#\u2686#....\u169c#......*\u1ec8",
    "*.....#\u1f61\u12f6\u12f6#...#\u1f61\u1f61\u1944",
    "#......#\u213f#....\u169c\u12f6\u12f6\u1944",
    "*.......x..#\u1f61\u1f61\u12f6\u12f6\u12f6\u1944",
    "##.#....x.#\u12f6\u12f6\u12f6\u12f6\u12f6\u12f6\u1944",
    "...\u2a8d**ttx#\u12f6\u12f6\u12f6\u12f6\u12f6\u12f6\u12f6\u1944",
    "#\u2686\u2686\u2686\u2686\u2686\u2686\u2686\u2686\u213f\u213f\u213f\u213f\u213f\u213f\u213f\u213f#"
  ]
}