{
  "model": "deepseek-r1",
  "game": "Zen_Puzzle_Garden",
  "level": 1,
  "run": 2,
  "win": false,
  "action_sequence": [
    1,
    1,
    1,
    3,
    1,
    1,
    4,
    1,
    4,
    4,
    1,
    4,
    1,
    1,
    1,
    1,
    1,
    1,
    1,
    1,
    0,
    0,
    0,
    3,
    0,
    3,
    3,
    0,
    4,
    0,
    0,
    0,
    0,
    0,
    4,
    4,
    0,
    4,
    4,
    4,
    4,
    4,
    0,
    4,
    0,
    2,
    1,
    1,
    1,
    1
  ],
  "reward_sequence": [
    -0.009999999776482582,
    -0.009999999776482582,
    -0.009999999776482582,
    -0.009999999776482582,
    -0.009999999776482582,
    -0.009999999776482582,
    -0.009999999776482582,
    -0.009999999776482582,
    -0.009999999776482582,
    -0.009999999776482582,
    -0.009999999776482582,
    -0.009999999776482582,
    -0.009999999776482582,
    -0.009999999776482582,
    -0.009999999776482582,
    -0.009999999776482582,
    -0.009999999776482582,
    -0.009999999776482582,
    -0.009999999776482582,
    -0.009999999776482582,
    -0.009999999776482582,
    -0.009999999776482582,
    -0.009999999776482582,
    -0.009999999776482582,
    -0.009999999776482582,
    -0.009999999776482582,
    -0.009999999776482582,
    -0.009999999776482582,
    -0.009999999776482582,
    -0.009999999776482582,
    -0.009999999776482582,
    -0.009999999776482582,
    -0.009999999776482582,
    -0.009999999776482582,
    -0.009999999776482582,
    -0.009999999776482582,
    -0.009999999776482582,
    -0.009999999776482582,
    -0.009999999776482582,
    -0.009999999776482582,
    -0.009999999776482582,
    -0.009999999776482582,
    -0.009999999776482582,
    -0.009999999776482582,
    -0.009999999776482582,
    -0.009999999776482582,
    -0.009999999776482582,
    -0.009999999776482582,
    -0.009999999776482582,
    -0.009999999776482582
  ],
  "initial_ascii": [
    "LEGEND:",
    ";: background",
    ".: unbrushedsand",
    "o: rock",
    "p: player",
    "",
    "MAP:",
    ";;;;;;;;;;;;",
    ";;;;;;;;;;;;",
    ";;;;;;;;;;;;",
    ";;;......;;;",
    ";;;....o.;;;",
    ";;;......;;;",
    ";;;..o...;;;",
    ";p;......;;;",
    ";;;......;;;",
    ";;;;;;;;;;;;",
    ";;;;;;;;;;;;",
    ";;;;;;;;;;;;"
  ],
  "state_data": {
    "score": -34,
    "win": false,
    "step": 50
  },
  "heuristics": [
    -34.0,
    -34.0,
    -34.0,
    -34.0,
    -34.0,
    -34.0,
    -34.0,
    -34.0,
    -34.0,
    -34.0,
    -34.0,
    -34.0,
    -34.0,
    -34.0,
    -34.0,
    -34.0,
    -34.0,
    -34.0,
    -34.0,
    -34.0,
    -34.0,
    -34.0,
    -34.0,
    -34.0,
    -34.0,
    -34.0,
    -34.0,
    -34.0,
    -34.0,
    -34.0,
    -34.0,
    -34.0,
    -34.0,
    -34.0,
    -34.0,
    -34.0,
    -34.0,
    -34.0,
    -34.0,
    -34.0,
    -34.0,
    -34.0,
    -34.0,
    -34.0,
    -34.0,
    -34.0,
    -34.0,
    -34.0,
    -34.0,
    -34.0
  ],
  "final_ascii": [
    "LEGEND:",
    ";: background",
    ".: unbrushedsand",
    "o: rock",
    "p: player",
    "",
    "MAP:",
    ";;;;;;;;;;;;",
    ";;;;;;;;;;;;",
    ";;;;;;;;;;;;",
    ";;;......;;;",
    ";;;....o.;;;",
    ";;;......;;;",
    ";;;..o...;;;",
    ";;;......;;;",
    ";;;......;;;",
    ";;;;;;;;;;;;",
    ";;;;;;;;;;;;",
    ";p;;;;;;;;;;"
  ]
}