{
  "model": "deepseek-r1",
  "game": "Travelling_salesman",
  "level": 10,
  "run": 1,
  "win": false,
  "action_sequence": [
    3,
    3,
    3,
    3,
    2,
    1,
    2,
    1,
    2,
    2,
    1,
    1,
    0,
    3,
    0,
    1,
    0,
    0,
    3,
    0,
    0,
    0,
    0,
    0,
    0,
    0,
    1,
    1,
    0,
    0,
    0,
    0,
    0,
    0,
    0,
    3,
    0,
    0,
    0,
    0,
    0,
    0,
    0,
    0,
    4,
    1,
    0,
    0,
    0,
    1
  ],
  "reward_sequence": [
    1.9900000095367432,
    0.9900000095367432,
    0.9900000095367432,
    0.9900000095367432,
    0.9900000095367432,
    0.9900000095367432,
    0.9900000095367432,
    0.9900000095367432,
    0.9900000095367432,
    0.9900000095367432,
    0.9900000095367432,
    0.9900000095367432,
    0.9900000095367432,
    0.9900000095367432,
    0.9900000095367432,
    0.9900000095367432,
    0.9900000095367432,
    -0.009999999776482582,
    0.9900000095367432,
    -0.009999999776482582,
    -0.009999999776482582,
    -0.009999999776482582,
    -0.009999999776482582,
    -0.009999999776482582,
    -0.009999999776482582,
    -0.009999999776482582,
    -0.009999999776482582,
    -0.009999999776482582,
    -0.009999999776482582,
    -0.009999999776482582,
    -0.009999999776482582,
    -0.009999999776482582,
    -0.009999999776482582,
    -0.009999999776482582,
    -0.009999999776482582,
    -0.009999999776482582,
    -0.009999999776482582,
    -0.009999999776482582,
    -0.009999999776482582,
    -0.009999999776482582,
    -0.009999999776482582,
    -0.009999999776482582,
    -0.009999999776482582,
    -0.009999999776482582,
    -0.009999999776482582,
    -0.009999999776482582,
    -0.009999999776482582,
    -0.009999999776482582,
    -0.009999999776482582,
    -0.009999999776482582
  ],
  "initial_ascii": [
    "LEGEND:",
    "o: node",
    "-: hlink",
    ".: background",
    "|: vlink",
    "\u0e81: nodeseen, player",
    "\u0279: vlinkseen",
    "\u2240: nodeseen",
    "",
    "MAP:",
    "o-o.o-o-o",
    "|.|.|...|",
    "o.o-o-o-o",
    "|.|.|.|..",
    "o-o-o-o-o",
    "|...|...|",
    "\u0e81-o.o-o-o",
    "\u0279.|.|.|.|",
    "\u2240-o-o.o-o"
  ],
  "state_data": {
    "score": -6,
    "win": false,
    "step": 50
  },
  "heuristics": [
    -23.0,
    -22.0,
    -21.0,
    -20.0,
    -19.0,
    -18.0,
    -17.0,
    -16.0,
    -15.0,
    -14.0,
    -13.0,
    -12.0,
    -11.0,
    -10.0,
    -9.0,
    -8.0,
    -7.0,
    -7.0,
    -6.0,
    -6.0,
    -6.0,
    -6.0,
    -6.0,
    -6.0,
    -6.0,
    -6.0,
    -6.0,
    -6.0,
    -6.0,
    -6.0,
    -6.0,
    -6.0,
    -6.0,
    -6.0,
    -6.0,
    -6.0,
    -6.0,
    -6.0,
    -6.0,
    -6.0,
    -6.0,
    -6.0,
    -6.0,
    -6.0,
    -6.0,
    -6.0,
    -6.0,
    -6.0,
    -6.0,
    -6.0
  ],
  "final_ascii": [
    "LEGEND:",
    "\u2240: nodeseen",
    "\u166a: hlinkseen",
    ".: background",
    "o: node",
    "-: hlink",
    "\u0279: vlinkseen",
    "|: vlink",
    "\u0e81: nodeseen, player",
    "",
    "MAP:",
    "\u2240\u166a\u2240.o-o-o",
    "\u0279.\u0279.|...|",
    "\u2240.\u2240\u166a\u2240-o-o",
    "\u0279.|.\u0279.|..",
    "\u2240-o-\u2240\u166a\u2240\u166a\u2240",
    "\u0279...|...\u0279",
    "\u2240-\u0e81.\u2240\u166a\u2240-\u2240",
    "\u0279.\u0279.\u0279.\u0279.\u0279",
    "\u2240-\u2240\u166a\u2240.\u2240\u166a\u2240"
  ]
}