{
  "model": "deepseek-r1",
  "game": "slidings",
  "level": 6,
  "run": 1,
  "win": false,
  "action_sequence": [
    4,
    1,
    3,
    4,
    4,
    1,
    4,
    3,
    4,
    3,
    4,
    1,
    4,
    4,
    4,
    4,
    4,
    4,
    4,
    3,
    4,
    4,
    4,
    4,
    4,
    4,
    3,
    4,
    4,
    4,
    4,
    4,
    1,
    4,
    3,
    4,
    4,
    4,
    4,
    4,
    4,
    3,
    3,
    4,
    4,
    4,
    3,
    4,
    4,
    1
  ],
  "reward_sequence": [
    -1.0099999904632568,
    -3.009999990463257,
    2.990000009536743,
    -1.0099999904632568,
    1.9900000095367432,
    -0.009999999776482582,
    -1.0099999904632568,
    -0.009999999776482582,
    -1.0099999904632568,
    0.9900000095367432,
    0.9900000095367432,
    -0.009999999776482582,
    -1.0099999904632568,
    -0.009999999776482582,
    0.9900000095367432,
    -1.0099999904632568,
    -0.009999999776482582,
    0.9900000095367432,
    -1.0099999904632568,
    -0.009999999776482582,
    -0.009999999776482582,
    0.9900000095367432,
    -1.0099999904632568,
    -0.009999999776482582,
    0.9900000095367432,
    -1.0099999904632568,
    -0.009999999776482582,
    -0.009999999776482582,
    0.9900000095367432,
    -1.0099999904632568,
    -0.009999999776482582,
    0.9900000095367432,
    -0.009999999776482582,
    -1.0099999904632568,
    -0.009999999776482582,
    -0.009999999776482582,
    0.9900000095367432,
    -1.0099999904632568,
    -0.009999999776482582,
    0.9900000095367432,
    -1.0099999904632568,
    -0.009999999776482582,
    -0.009999999776482582,
    -0.009999999776482582,
    0.9900000095367432,
    -1.0099999904632568,
    -0.009999999776482582,
    -0.009999999776482582,
    0.9900000095367432,
    -0.009999999776482582
  ],
  "initial_ascii": [
    "LEGEND:",
    "#: wall",
    "m: count",
    ".: background",
    "o: target",
    "c: ballc",
    "p: player",
    "a: balla",
    "n: countend",
    "d: ballb, overwall",
    "",
    "MAP:",
    "#mmmmmmm",
    "#.o.#c.m",
    "#...#pan",
    "#......#",
    "#...#..#",
    "#...#..#",
    "#######d"
  ],
  "state_data": {
    "score": 0,
    "win": false,
    "step": 50
  },
  "heuristics": [
    -4.0,
    -7.0,
    -4.0,
    -5.0,
    -3.0,
    -3.0,
    -4.0,
    -4.0,
    -5.0,
    -4.0,
    -3.0,
    -3.0,
    -4.0,
    -4.0,
    -3.0,
    -4.0,
    -4.0,
    -3.0,
    -4.0,
    -4.0,
    -4.0,
    -3.0,
    -4.0,
    -4.0,
    -3.0,
    -4.0,
    -4.0,
    -4.0,
    -3.0,
    -4.0,
    -4.0,
    -3.0,
    -3.0,
    -4.0,
    -4.0,
    -4.0,
    -3.0,
    -4.0,
    -4.0,
    -3.0,
    -4.0,
    -4.0,
    -4.0,
    -4.0,
    -3.0,
    -4.0,
    -4.0,
    -4.0,
    -3.0,
    -3.0
  ],
  "final_ascii": [
    "LEGEND:",
    "#: wall",
    "m: count",
    "n: countend",
    ".: background",
    "o: target",
    "p: player",
    "b: ballb",
    "a: balla",
    "e: ballc, overwall",
    "",
    "MAP:",
    "#mmmmmn#",
    "#.o.#pb#",
    "#...#a.#",
    "#......#",
    "#...#..#",
    "#...#..#",
    "#######e"
  ]
}