{
  "model": "deepseek-r1",
  "game": "limerick",
  "level": 8,
  "run": 3,
  "win": false,
  "action_sequence": [
    3,
    3,
    2,
    3,
    2,
    3,
    3,
    0,
    4,
    3,
    4,
    1,
    2,
    4,
    1,
    1,
    4,
    2,
    4,
    4,
    0,
    4,
    4,
    1,
    2,
    4,
    4,
    1,
    4,
    3,
    1,
    2,
    4,
    3,
    4,
    4,
    4,
    1,
    4,
    3,
    3,
    4,
    2,
    2,
    2,
    3,
    2,
    3,
    4,
    3
  ],
  "reward_sequence": [
    0.9900000095367432,
    0.9900000095367432,
    -0.009999999776482582,
    0.9900000095367432,
    0.9900000095367432,
    0.9900000095367432,
    0.9900000095367432,
    -2.009999990463257,
    -0.009999999776482582,
    -0.009999999776482582,
    -0.009999999776482582,
    -0.009999999776482582,
    -0.009999999776482582,
    -0.009999999776482582,
    -0.009999999776482582,
    -0.009999999776482582,
    -0.009999999776482582,
    -0.009999999776482582,
    -0.009999999776482582,
    -0.009999999776482582,
    -0.009999999776482582,
    -0.009999999776482582,
    -0.009999999776482582,
    -0.009999999776482582,
    -0.009999999776482582,
    -0.009999999776482582,
    -0.009999999776482582,
    -0.009999999776482582,
    -0.009999999776482582,
    -0.009999999776482582,
    -0.009999999776482582,
    -0.009999999776482582,
    -0.009999999776482582,
    -0.009999999776482582,
    -0.009999999776482582,
    -0.009999999776482582,
    -0.009999999776482582,
    -0.009999999776482582,
    -0.009999999776482582,
    -0.009999999776482582,
    -0.009999999776482582,
    -0.009999999776482582,
    -0.009999999776482582,
    -0.009999999776482582,
    -0.009999999776482582,
    -0.009999999776482582,
    -0.009999999776482582,
    -0.009999999776482582,
    -0.009999999776482582,
    -0.009999999776482582
  ],
  "initial_ascii": [
    "LEGEND:",
    "#: wall",
    ".: background",
    "c: crate",
    "e: exit",
    "\u0408: playerhead2",
    "\u2a54: playerbodyv",
    "",
    "MAP:",
    "###################",
    "#.................#",
    "#...c.............#",
    "#...c.............#",
    "#...c.............#",
    "#...ccc...........#",
    "#...ccc.c.........#",
    "#..cccc.cc.......e#",
    "#..cccc.cc.......c#",
    "#..ccccccc.....c.c#",
    "#..ccccccc...c.c.c#",
    "#.ccccccccc..c.c.c#",
    "#\u0408ccccccccc..c.c.c#",
    "#\u2a54cccccccccccc.ccc#",
    "###################"
  ],
  "state_data": {
    "score": 0,
    "win": false,
    "step": 50
  },
  "heuristics": [
    -21.0,
    -20.0,
    -20.0,
    -19.0,
    -18.0,
    -17.0,
    -16.0,
    -18.0,
    -18.0,
    -18.0,
    -18.0,
    -18.0,
    -18.0,
    -18.0,
    -18.0,
    -18.0,
    -18.0,
    -18.0,
    -18.0,
    -18.0,
    -18.0,
    -18.0,
    -18.0,
    -18.0,
    -18.0,
    -18.0,
    -18.0,
    -18.0,
    -18.0,
    -18.0,
    -18.0,
    -18.0,
    -18.0,
    -18.0,
    -18.0,
    -18.0,
    -18.0,
    -18.0,
    -18.0,
    -18.0,
    -18.0,
    -18.0,
    -18.0,
    -18.0,
    -18.0,
    -18.0,
    -18.0,
    -18.0,
    -18.0,
    -18.0
  ],
  "final_ascii": [
    "LEGEND:",
    "#: wall",
    ".: background",
    "c: crate",
    "e: exit",
    "\u2a54: playerbodyv",
    "\u1959: playerbodyh",
    "p: playerhead1",
    "",
    "MAP:",
    "###################",
    "#.................#",
    "#...c.............#",
    "#...c.............#",
    "#...c.............#",
    "#...ccc...........#",
    "#...ccc.c.........#",
    "#..cccc.cc.......e#",
    "#\u2a54\u1959cccc.cc.......c#",
    "#p\u2a54ccccccc.....c.c#",
    "#\u1959\u2a54ccccccc...c.c.c#",
    "#\u2a54ccccccccc..c.c.c#",
    "#\u2a54ccccccccc..c.c.c#",
    "#\u2a54cccccccccccc.ccc#",
    "###################"
  ]
}