{
  "model": "deepseek-r1",
  "game": "Zen_Puzzle_Garden",
  "level": 1,
  "run": 1,
  "win": false,
  "action_sequence": [
    1,
    1,
    2,
    2,
    2,
    2,
    2,
    2,
    2,
    3,
    0,
    0,
    0,
    0,
    3,
    3,
    2,
    2,
    3,
    3,
    2,
    2,
    1,
    1,
    1,
    0,
    3,
    4,
    0,
    0,
    0,
    1,
    1,
    1,
    1,
    0,
    1,
    4,
    1,
    4,
    1,
    0,
    0,
    1,
    1,
    4,
    4,
    1,
    1,
    1
  ],
  "reward_sequence": [
    -0.009999999776482582,
    -0.009999999776482582,
    -0.009999999776482582,
    -0.009999999776482582,
    0.9900000095367432,
    0.9900000095367432,
    0.9900000095367432,
    0.9900000095367432,
    0.9900000095367432,
    0.9900000095367432,
    0.9900000095367432,
    0.9900000095367432,
    0.9900000095367432,
    0.9900000095367432,
    0.9900000095367432,
    0.9900000095367432,
    0.9900000095367432,
    0.9900000095367432,
    0.9900000095367432,
    0.9900000095367432,
    0.9900000095367432,
    0.9900000095367432,
    0.9900000095367432,
    0.9900000095367432,
    0.9900000095367432,
    0.9900000095367432,
    0.9900000095367432,
    -0.009999999776482582,
    -0.009999999776482582,
    -0.009999999776482582,
    -0.009999999776482582,
    -0.009999999776482582,
    -0.009999999776482582,
    -0.009999999776482582,
    -0.009999999776482582,
    -0.009999999776482582,
    -0.009999999776482582,
    -0.009999999776482582,
    -0.009999999776482582,
    -0.009999999776482582,
    -0.009999999776482582,
    -0.009999999776482582,
    -0.009999999776482582,
    -0.009999999776482582,
    -0.009999999776482582,
    -0.009999999776482582,
    -0.009999999776482582,
    -0.009999999776482582,
    -0.009999999776482582,
    -0.009999999776482582
  ],
  "initial_ascii": [
    "LEGEND:",
    ";: background",
    ".: unbrushedsand",
    "o: rock",
    "p: player",
    "",
    "MAP:",
    ";;;;;;;;;;;;",
    ";;;;;;;;;;;;",
    ";;;;;;;;;;;;",
    ";;;......;;;",
    ";;;....o.;;;",
    ";;;......;;;",
    ";;;..o...;;;",
    ";p;......;;;",
    ";;;......;;;",
    ";;;;;;;;;;;;",
    ";;;;;;;;;;;;",
    ";;;;;;;;;;;;"
  ],
  "state_data": {
    "score": -11,
    "win": false,
    "step": 50
  },
  "heuristics": [
    -34.0,
    -34.0,
    -34.0,
    -34.0,
    -33.0,
    -32.0,
    -31.0,
    -30.0,
    -29.0,
    -28.0,
    -27.0,
    -26.0,
    -25.0,
    -24.0,
    -23.0,
    -22.0,
    -21.0,
    -20.0,
    -19.0,
    -18.0,
    -17.0,
    -16.0,
    -15.0,
    -14.0,
    -13.0,
    -12.0,
    -11.0,
    -11.0,
    -11.0,
    -11.0,
    -11.0,
    -11.0,
    -11.0,
    -11.0,
    -11.0,
    -11.0,
    -11.0,
    -11.0,
    -11.0,
    -11.0,
    -11.0,
    -11.0,
    -11.0,
    -11.0,
    -11.0,
    -11.0,
    -11.0,
    -11.0,
    -11.0,
    -11.0
  ],
  "final_ascii": [
    "LEGEND:",
    ";: background",
    ".: unbrushedsand",
    "\u2240: hbrushedsand",
    "\u28f1: vbrushedsand",
    "o: rock",
    "\u166a: unbrushedsand, player",
    "",
    "MAP:",
    ";;;;;;;;;;;;",
    ";;;;;;;;;;;;",
    ";;;;;;;;;;;;",
    ";;;...\u2240\u2240\u28f1;;;",
    ";;;...\u28f1o\u28f1;;;",
    ";;;.\u2240\u2240\u28f1\u166a\u28f1;;;",
    ";;;.\u28f1o.\u28f1\u2240;;;",
    ";;;.\u28f1\u2240\u2240\u2240\u2240;;;",
    ";;;\u2240\u2240\u2240\u2240\u2240\u28f1;;;",
    ";;;;;;;;;;;;",
    ";;;;;;;;;;;;",
    ";;;;;;;;;;;;"
  ]
}