{
  "model": "deepseek-r1",
  "game": "Take_Heart_Lass",
  "level": 8,
  "run": 2,
  "win": true,
  "action_sequence": [
    1,
    3,
    0,
    1,
    1,
    1,
    1,
    1,
    4,
    1,
    4,
    0,
    1,
    1,
    1,
    0,
    1,
    1,
    1,
    1,
    0,
    0,
    3,
    1,
    3,
    1,
    0,
    0
  ],
  "reward_sequence": [
    0.9900000095367432,
    -1.0099999904632568,
    0.9900000095367432,
    0.9900000095367432,
    0.9900000095367432,
    -0.009999999776482582,
    0.9900000095367432,
    0.9900000095367432,
    -0.009999999776482582,
    0.9900000095367432,
    -0.009999999776482582,
    0.9900000095367432,
    -0.009999999776482582,
    -0.009999999776482582,
    -0.009999999776482582,
    0.9900000095367432,
    -0.009999999776482582,
    -0.009999999776482582,
    -0.009999999776482582,
    -0.009999999776482582,
    0.9900000095367432,
    0.9900000095367432,
    -1.0099999904632568,
    0.9900000095367432,
    -1.0099999904632568,
    0.9900000095367432,
    0.9900000095367432,
    1.9900000095367432
  ],
  "initial_ascii": [
    "LEGEND:",
    "#: wall",
    ".: background",
    "\u039d: newhope",
    "h: oldhope",
    "\u1d0d: altnewdespair",
    "\u15ae: newdespairwall",
    "x: olddespair",
    "p: player",
    "z: altolddespair",
    "o: target",
    "",
    "MAP:",
    "###########",
    "#.......\u039dh#",
    "#\u1d0d.......\u039d#",
    "\u15aex\u1d0d.....p.#",
    "#zx\u1d0d......#",
    "\u15aexzx\u1d0d.....#",
    "#.xzx\u1d0d....#",
    "#o.xzx\u1d0d...#",
    "###\u15ae#\u15ae#####"
  ],
  "state_data": {
    "score": 1,
    "win": true,
    "step": 28
  },
  "heuristics": [
    -11.0,
    -12.0,
    -11.0,
    -10.0,
    -9.0,
    -9.0,
    -8.0,
    -7.0,
    -7.0,
    -6.0,
    -6.0,
    -5.0,
    -5.0,
    -5.0,
    -5.0,
    -4.0,
    -4.0,
    -4.0,
    -4.0,
    -4.0,
    -3.0,
    -2.0,
    -3.0,
    -2.0,
    -3.0,
    -2.0,
    -1.0,
    0.0
  ],
  "final_ascii": [
    "LEGEND:",
    "\u10bb: despairwall",
    "#: wall",
    "h: oldhope",
    "\u22a4: target, player",
    "",
    "MAP:",
    "\u10bb##########",
    "#hhhhhhhhh#",
    "#hhhhhhhhh#",
    "#hhhhhhhhh#",
    "#hhhhhhhhh#",
    "#hhhhhhhhh#",
    "#hhhhhhhhh#",
    "\u10bb\u22a4hhhhhhhh#",
    "\u10bb\u10bb########\u10bb"
  ]
}