{
  "model": "deepseek-r1",
  "game": "limerick",
  "level": 6,
  "run": 4,
  "win": false,
  "action_sequence": [
    3,
    2,
    2,
    4,
    3,
    3,
    2,
    0,
    2,
    3,
    3,
    4,
    2,
    2,
    0,
    2,
    3,
    3,
    2,
    4,
    4,
    3,
    3,
    0,
    0,
    3,
    3,
    1,
    4,
    3,
    4,
    4,
    2,
    0,
    4,
    3,
    2,
    0,
    3,
    0,
    4,
    0,
    3,
    3,
    4,
    4,
    4,
    4,
    4,
    3
  ],
  "reward_sequence": [
    -1.0099999904632568,
    1.9900000095367432,
    0.9900000095367432,
    -0.009999999776482582,
    -1.0099999904632568,
    -1.0099999904632568,
    2.990000009536743,
    -0.009999999776482582,
    0.9900000095367432,
    -1.0099999904632568,
    -1.0099999904632568,
    -0.009999999776482582,
    0.9900000095367432,
    2.990000009536743,
    -0.009999999776482582,
    0.9900000095367432,
    -1.0099999904632568,
    -1.0099999904632568,
    2.990000009536743,
    -0.009999999776482582,
    -0.009999999776482582,
    -0.009999999776482582,
    -0.009999999776482582,
    -0.009999999776482582,
    -0.009999999776482582,
    -0.009999999776482582,
    -0.009999999776482582,
    -0.009999999776482582,
    -0.009999999776482582,
    -0.009999999776482582,
    -0.009999999776482582,
    -0.009999999776482582,
    -0.009999999776482582,
    -0.009999999776482582,
    -0.009999999776482582,
    -0.009999999776482582,
    -0.009999999776482582,
    -0.009999999776482582,
    -0.009999999776482582,
    -0.009999999776482582,
    -0.009999999776482582,
    -0.009999999776482582,
    -0.009999999776482582,
    -0.009999999776482582,
    -0.009999999776482582,
    -0.009999999776482582,
    -0.009999999776482582,
    -0.009999999776482582,
    -0.009999999776482582,
    -0.009999999776482582
  ],
  "initial_ascii": [
    "LEGEND:",
    "#: wall",
    ".: background",
    "c: crate",
    "\u2a1c: playerhead2",
    "\u02de: playerbodyv",
    "e: exit",
    "",
    "MAP:",
    "###################",
    "#.................#",
    "#...............c.#",
    "#............####.#",
    "#.................#",
    "#..\u2a1c....#...#.#...#",
    "#..\u02de....#...#.#e..#",
    "#.###############.#",
    "#.###############.#",
    "#.#...#...#...#...#",
    "#...#...#...#...#.#",
    "###################",
    "#.................#",
    "#.................#",
    "###################"
  ],
  "state_data": {
    "score": 0,
    "win": false,
    "step": 50
  },
  "heuristics": [
    -13.0,
    -11.0,
    -10.0,
    -10.0,
    -11.0,
    -12.0,
    -9.0,
    -9.0,
    -8.0,
    -9.0,
    -10.0,
    -10.0,
    -9.0,
    -6.0,
    -6.0,
    -5.0,
    -6.0,
    -7.0,
    -4.0,
    -4.0,
    -4.0,
    -4.0,
    -4.0,
    -4.0,
    -4.0,
    -4.0,
    -4.0,
    -4.0,
    -4.0,
    -4.0,
    -4.0,
    -4.0,
    -4.0,
    -4.0,
    -4.0,
    -4.0,
    -4.0,
    -4.0,
    -4.0,
    -4.0,
    -4.0,
    -4.0,
    -4.0,
    -4.0,
    -4.0,
    -4.0,
    -4.0,
    -4.0,
    -4.0,
    -4.0
  ],
  "final_ascii": [
    "LEGEND:",
    "#: wall",
    ".: background",
    "c: crate",
    "\u0452: playerbodyh",
    "\u02de: playerbodyv",
    "p: playerhead1",
    "e: exit",
    "",
    "MAP:",
    "###################",
    "#.................#",
    "#...............c.#",
    "#............####.#",
    "#....\u0452\u02de\u0452\u0452\u02de\u0452\u02de......#",
    "#..\u0452\u02de\u02de\u02de\u02de#\u02de\u02de\u02de#.#...#",
    "#..\u02de\u0452\u02de\u0452\u02de#\u0452\u02dep#.#e..#",
    "#.###############.#",
    "#.###############.#",
    "#.#...#...#...#...#",
    "#...#...#...#...#.#",
    "###################",
    "#.................#",
    "#.................#",
    "###################"
  ]
}