{
  "model": "deepseek-r1",
  "game": "atlas shrank",
  "level": 6,
  "run": 4,
  "win": false,
  "action_sequence": [
    2,
    2,
    2,
    2,
    2,
    2,
    2,
    2,
    0,
    0,
    0,
    1,
    2,
    2,
    2,
    0,
    0,
    0,
    1,
    0,
    2,
    1,
    1,
    1,
    1,
    1,
    2,
    0,
    1,
    1,
    0,
    2,
    0,
    0,
    2,
    2,
    2,
    4,
    0,
    1,
    2,
    0,
    0,
    2,
    0,
    2,
    0,
    2,
    4,
    0
  ],
  "reward_sequence": [
    0.9900000095367432,
    0.9900000095367432,
    -0.009999999776482582,
    -0.009999999776482582,
    -0.009999999776482582,
    -0.009999999776482582,
    -0.009999999776482582,
    -0.009999999776482582,
    -1.0099999904632568,
    -1.0099999904632568,
    -2.009999990463257,
    0.9900000095367432,
    0.9900000095367432,
    0.9900000095367432,
    0.9900000095367432,
    -1.0099999904632568,
    -1.0099999904632568,
    -1.0099999904632568,
    -0.009999999776482582,
    -1.0099999904632568,
    0.9900000095367432,
    -0.009999999776482582,
    -0.009999999776482582,
    -0.009999999776482582,
    -0.009999999776482582,
    -0.009999999776482582,
    0.9900000095367432,
    -1.0099999904632568,
    -0.009999999776482582,
    -0.009999999776482582,
    -1.0099999904632568,
    0.9900000095367432,
    -1.0099999904632568,
    -1.0099999904632568,
    0.9900000095367432,
    0.9900000095367432,
    0.9900000095367432,
    -0.009999999776482582,
    -1.0099999904632568,
    -0.009999999776482582,
    0.9900000095367432,
    -1.0099999904632568,
    -1.0099999904632568,
    0.9900000095367432,
    -1.0099999904632568,
    0.9900000095367432,
    -1.0099999904632568,
    0.9900000095367432,
    -0.009999999776482582,
    -1.0099999904632568
  ],
  "initial_ascii": [
    "LEGEND:",
    "#: wallsolo",
    "\u2686: wallrl",
    "\u1ec8: wallud",
    ".: background",
    "*: crate, massive",
    "@: crate, switch, massive",
    "t: switch",
    "\u2a8d: playerr",
    "x: door",
    "\u1944: wallr",
    "\u169c: walll",
    "\u213f: walld",
    "\u12f6: wallm",
    "\u1f61: wallu",
    "o: exit",
    "",
    "MAP:",
    "#\u2686\u2686\u2686\u2686\u2686\u2686\u2686\u2686\u2686\u2686\u2686\u2686\u2686\u2686\u2686\u2686#",
    "\u1ec8............*...\u1ec8",
    "\u1ec8..@......*.t@.\u2a8d.\u1ec8",
    "\u1ec8xxx#xxxxxxxxxxx#\u1944",
    "\u1ec8.#.\u1ec8...........\u169c\u1944",
    "\u1ec8.\u1ec8.\u1ec8.#.#.#.#.#.\u169c\u1944",
    "\u1ec8.#.\u1ec8.\u1ec8.\u1ec8.\u1ec8.\u1ec8.\u1ec8.\u169c\u1944",
    "\u1ec8...#\u2686\u213f\u2686\u213f\u2686\u213f\u2686#.#\u2686\u213f\u1944",
    "\u169c#....*x.....*...\u1ec8",
    "\u169c\u12f6#...##....#\u1f61#.o\u1ec8",
    "#\u213f\u213f\u2686\u2686\u2686\u213f\u213f\u2686\u2686\u2686\u2686\u213f\u213f\u213f\u2686\u2686#"
  ],
  "state_data": {
    "score": 0,
    "win": false,
    "step": 50
  },
  "heuristics": [
    -8.0,
    -7.0,
    -7.0,
    -7.0,
    -7.0,
    -7.0,
    -7.0,
    -7.0,
    -8.0,
    -9.0,
    -11.0,
    -10.0,
    -9.0,
    -8.0,
    -7.0,
    -8.0,
    -9.0,
    -10.0,
    -10.0,
    -11.0,
    -10.0,
    -10.0,
    -10.0,
    -10.0,
    -10.0,
    -10.0,
    -9.0,
    -10.0,
    -10.0,
    -10.0,
    -11.0,
    -10.0,
    -11.0,
    -12.0,
    -11.0,
    -10.0,
    -9.0,
    -9.0,
    -10.0,
    -10.0,
    -9.0,
    -10.0,
    -11.0,
    -10.0,
    -11.0,
    -10.0,
    -11.0,
    -10.0,
    -10.0,
    -11.0
  ],
  "final_ascii": [
    "LEGEND:",
    "#: wallsolo",
    "\u2686: wallrl",
    "\u1ec8: wallud",
    ".: background",
    "t: switch",
    "\u0191: playerl, switch",
    "x: door",
    "\u1944: wallr",
    "*: crate, massive",
    "\u169c: walll",
    "\u213f: walld",
    "\u12f6: wallm",
    "\u1f61: wallu",
    "o: exit",
    "",
    "MAP:",
    "#\u2686\u2686\u2686\u2686\u2686\u2686\u2686\u2686\u2686\u2686\u2686\u2686\u2686\u2686\u2686\u2686#",
    "\u1ec8................\u1ec8",
    "\u1ec8..t........\u0191t...\u1ec8",
    "\u1ec8xxx#xxxxxxxxxxx#\u1944",
    "\u1ec8.#.\u1ec8.....*.*...\u169c\u1944",
    "\u1ec8.\u1ec8.\u1ec8.#.#.#.#.#.\u169c\u1944",
    "\u1ec8.#.\u1ec8.\u1ec8.\u1ec8.\u1ec8.\u1ec8.\u1ec8.\u169c\u1944",
    "\u1ec8...#\u2686\u213f\u2686\u213f\u2686\u213f\u2686#*#\u2686\u213f\u1944",
    "\u169c#....*x.....*...\u1ec8",
    "\u169c\u12f6#*..##....#\u1f61#.o\u1ec8",
    "#\u213f\u213f\u2686\u2686\u2686\u213f\u213f\u2686\u2686\u2686\u2686\u213f\u213f\u213f\u2686\u2686#"
  ]
}