{
  "model": "deepseek-r1",
  "game": "Take_Heart_Lass",
  "level": 10,
  "run": 2,
  "win": false,
  "action_sequence": [
    3,
    2,
    2,
    0,
    2,
    2,
    2,
    3,
    2,
    2,
    0,
    0,
    3,
    0,
    1,
    0,
    3,
    0,
    1,
    3,
    0,
    0,
    3,
    1,
    3,
    0,
    3,
    3,
    3,
    3,
    0,
    1,
    4,
    3,
    1,
    4,
    3,
    3,
    0,
    0,
    3,
    3,
    1,
    0,
    0,
    3,
    0,
    0,
    3,
    0
  ],
  "reward_sequence": [
    -1.0099999904632568,
    0.9900000095367432,
    0.9900000095367432,
    -1.0099999904632568,
    0.9900000095367432,
    0.9900000095367432,
    0.9900000095367432,
    -0.009999999776482582,
    0.9900000095367432,
    0.9900000095367432,
    -0.009999999776482582,
    -0.009999999776482582,
    -0.009999999776482582,
    -0.009999999776482582,
    -0.009999999776482582,
    -0.009999999776482582,
    -0.009999999776482582,
    -0.009999999776482582,
    -0.009999999776482582,
    -0.009999999776482582,
    -0.009999999776482582,
    -0.009999999776482582,
    -0.009999999776482582,
    -0.009999999776482582,
    -0.009999999776482582,
    -0.009999999776482582,
    -0.009999999776482582,
    -0.009999999776482582,
    -0.009999999776482582,
    -0.009999999776482582,
    -0.009999999776482582,
    -0.009999999776482582,
    -0.009999999776482582,
    -0.009999999776482582,
    -0.009999999776482582,
    -0.009999999776482582,
    -0.009999999776482582,
    -0.009999999776482582,
    -0.009999999776482582,
    -0.009999999776482582,
    -0.009999999776482582,
    -0.009999999776482582,
    -0.009999999776482582,
    -0.009999999776482582,
    -0.009999999776482582,
    -0.009999999776482582,
    -0.009999999776482582,
    -0.009999999776482582,
    -0.009999999776482582,
    -0.009999999776482582
  ],
  "initial_ascii": [
    "LEGEND:",
    "#: wall",
    "\u11b5: newdespairwall",
    ".: background",
    "\u1433: newdespair",
    "z: altolddespair",
    "x: olddespair",
    "p: player",
    "*: crate",
    "o: target",
    "h: oldhope",
    "6: newhope",
    "",
    "MAP:",
    "########\u11b5#\u11b5#",
    "#.....\u1433zxzx\u11b5",
    "#.##.##.\u11b5#\u11b5#",
    "#..p...*...#",
    "#.*..#.#.#o#",
    "#...*.*.*#.#",
    "####.###...#",
    "#h6........#",
    "############"
  ],
  "state_data": {
    "score": 0,
    "win": false,
    "step": 50
  },
  "heuristics": [
    -8.0,
    -7.0,
    -6.0,
    -7.0,
    -6.0,
    -5.0,
    -4.0,
    -4.0,
    -3.0,
    -2.0,
    -2.0,
    -2.0,
    -2.0,
    -2.0,
    -2.0,
    -2.0,
    -2.0,
    -2.0,
    -2.0,
    -2.0,
    -2.0,
    -2.0,
    -2.0,
    -2.0,
    -2.0,
    -2.0,
    -2.0,
    -2.0,
    -2.0,
    -2.0,
    -2.0,
    -2.0,
    -2.0,
    -2.0,
    -2.0,
    -2.0,
    -2.0,
    -2.0,
    -2.0,
    -2.0,
    -2.0,
    -2.0,
    -2.0,
    -2.0,
    -2.0,
    -2.0,
    -2.0,
    -2.0,
    -2.0,
    -2.0
  ],
  "final_ascii": [
    "LEGEND:",
    "\u2a1a: despairwall",
    "z: altolddespair",
    "x: olddespair",
    ".: background",
    "p: player",
    "*: crate",
    "#: wall",
    "o: target",
    "h: oldhope",
    "",
    "MAP:",
    "\u2a1a\u2a1a\u2a1a\u2a1a\u2a1a\u2a1a\u2a1a\u2a1a\u2a1a\u2a1a\u2a1a\u2a1a",
    "\u2a1azxzxzxzxzx\u2a1a",
    "\u2a1ax\u2a1a\u2a1az\u2a1a\u2a1ax\u2a1a\u2a1a\u2a1a\u2a1a",
    "\u2a1az.zxzxzxp*\u2a1a",
    "\u2a1a.*..#.#.#o\u2a1a",
    "\u2a1a...*.*.*#h#",
    "\u2a1a###h###hhh#",
    "#hhhhhhhhhh#",
    "###########\u2a1a"
  ]
}