{
  "model": "deepseek-r1",
  "game": "sokoban_match3",
  "level": 0,
  "run": 3,
  "win": false,
  "action_sequence": [
    1,
    2,
    1,
    4,
    2,
    2,
    0,
    2,
    2,
    3,
    4,
    4,
    1,
    4,
    3,
    0,
    4,
    4,
    3,
    0,
    3,
    2,
    3,
    1,
    1,
    3,
    0,
    0,
    1,
    3,
    1,
    1,
    2,
    4,
    4,
    2,
    2,
    0,
    3,
    3,
    2,
    0,
    2,
    1,
    3,
    0,
    3,
    1,
    2,
    1
  ],
  "reward_sequence": [
    -0.009999999776482582,
    -0.009999999776482582,
    -0.009999999776482582,
    -0.009999999776482582,
    -0.009999999776482582,
    -0.009999999776482582,
    -0.009999999776482582,
    -0.009999999776482582,
    -0.009999999776482582,
    0.9900000095367432,
    -0.009999999776482582,
    -0.009999999776482582,
    -0.009999999776482582,
    -0.009999999776482582,
    -0.009999999776482582,
    -0.009999999776482582,
    -0.009999999776482582,
    -0.009999999776482582,
    -0.009999999776482582,
    -0.009999999776482582,
    -0.009999999776482582,
    -0.009999999776482582,
    -0.009999999776482582,
    -0.009999999776482582,
    -0.009999999776482582,
    -0.009999999776482582,
    -0.009999999776482582,
    -0.009999999776482582,
    -0.009999999776482582,
    -0.009999999776482582,
    -0.009999999776482582,
    -0.009999999776482582,
    -0.009999999776482582,
    -0.009999999776482582,
    -0.009999999776482582,
    -7.010000228881836,
    -0.009999999776482582,
    -0.009999999776482582,
    -0.009999999776482582,
    -0.009999999776482582,
    -0.009999999776482582,
    -0.009999999776482582,
    -0.009999999776482582,
    -0.009999999776482582,
    -0.009999999776482582,
    -0.009999999776482582,
    -0.009999999776482582,
    -0.009999999776482582,
    -0.009999999776482582,
    -0.009999999776482582
  ],
  "initial_ascii": [
    "LEGEND:",
    "#: wall",
    ".: background",
    "*: crate",
    "@: target, crate",
    "o: target",
    "p: player",
    "",
    "MAP:",
    "#########",
    "#.......#",
    "#.*.*.@.#",
    "#.....o.#",
    "#.p.*.*.#",
    "#.......#",
    "#########"
  ],
  "state_data": {
    "score": 0,
    "win": false,
    "step": 50
  },
  "heuristics": [
    -1.0,
    -1.0,
    -1.0,
    -1.0,
    -1.0,
    -1.0,
    -1.0,
    -1.0,
    -1.0,
    0.0,
    0.0,
    0.0,
    0.0,
    0.0,
    0.0,
    0.0,
    0.0,
    0.0,
    0.0,
    0.0,
    0.0,
    0.0,
    0.0,
    0.0,
    0.0,
    0.0,
    0.0,
    0.0,
    0.0,
    0.0,
    0.0,
    0.0,
    0.0,
    0.0,
    0.0,
    -7.0,
    -7.0,
    -7.0,
    -7.0,
    -7.0,
    -7.0,
    -7.0,
    -7.0,
    -7.0,
    -7.0,
    -7.0,
    -7.0,
    -7.0,
    -7.0,
    -7.0
  ],
  "final_ascii": [
    "LEGEND:",
    "#: wall",
    ".: background",
    "*: crate",
    "o: target",
    "\u1959: target, player",
    "",
    "MAP:",
    "#########",
    "#...*...#",
    "#.*...o.#",
    "#.....\u1959.#",
    "#.......#",
    "#.......#",
    "#########"
  ]
}