{
  "model": "deepseek-r1",
  "game": "Take_Heart_Lass",
  "level": 11,
  "run": 2,
  "win": false,
  "action_sequence": [
    3,
    0,
    2,
    3,
    3,
    3,
    3,
    3,
    3,
    2,
    3,
    1,
    1,
    1,
    2,
    0,
    2,
    0,
    1,
    2,
    2,
    1,
    0,
    2,
    3,
    1,
    0,
    2,
    3,
    1,
    0,
    0,
    2,
    4,
    3,
    3,
    3,
    2,
    4,
    3,
    3,
    3,
    4,
    0,
    4,
    4,
    3,
    4,
    4,
    3
  ],
  "reward_sequence": [
    -0.009999999776482582,
    -1.0099999904632568,
    0.9900000095367432,
    -0.009999999776482582,
    -0.009999999776482582,
    -0.009999999776482582,
    -0.009999999776482582,
    -0.009999999776482582,
    -0.009999999776482582,
    -1.0099999904632568,
    0.9900000095367432,
    -1.0099999904632568,
    -1.0099999904632568,
    -1.0099999904632568,
    -1.0099999904632568,
    0.9900000095367432,
    -1.0099999904632568,
    0.9900000095367432,
    -1.0099999904632568,
    -1.0099999904632568,
    -1.0099999904632568,
    -1.0099999904632568,
    0.9900000095367432,
    -1.0099999904632568,
    0.9900000095367432,
    -1.0099999904632568,
    0.9900000095367432,
    -1.0099999904632568,
    0.9900000095367432,
    -1.0099999904632568,
    0.9900000095367432,
    0.9900000095367432,
    -0.009999999776482582,
    -0.009999999776482582,
    -0.009999999776482582,
    -0.009999999776482582,
    -0.009999999776482582,
    -0.009999999776482582,
    -0.009999999776482582,
    -0.009999999776482582,
    -0.009999999776482582,
    -0.009999999776482582,
    -0.009999999776482582,
    -0.009999999776482582,
    -0.009999999776482582,
    -0.009999999776482582,
    -0.009999999776482582,
    -0.009999999776482582,
    -0.009999999776482582,
    -0.009999999776482582
  ],
  "initial_ascii": [
    "LEGEND:",
    "#: wall",
    ".: background",
    "*: crate",
    "h: oldhope",
    "o: target",
    "6: newhope",
    "\u1433: newdespair",
    "p: player",
    "z: altolddespair",
    "x: olddespair",
    "\u11b5: newdespairwall",
    "",
    "MAP:",
    "##################",
    "#..*.#h#o........#",
    "#...*.6#######.#.#",
    "#.##.#########.#*#",
    "#6#.....*...\u1433#.#.#",
    "#h#...#.p..#z.*h*#",
    "###...#.#*##\u1433..#.#",
    "#...##z\u1433....#*.xz#",
    "#.*...\u1433...*...xzx\u11b5",
    "\u11b5x...#.*....\u11b5xzxz#",
    "#\u11b5###########\u11b5#\u11b5##"
  ],
  "state_data": {
    "score": 0,
    "win": false,
    "step": 50
  },
  "heuristics": [
    -4.0,
    -5.0,
    -4.0,
    -4.0,
    -4.0,
    -4.0,
    -4.0,
    -4.0,
    -4.0,
    -5.0,
    -4.0,
    -5.0,
    -6.0,
    -7.0,
    -8.0,
    -7.0,
    -8.0,
    -7.0,
    -8.0,
    -9.0,
    -10.0,
    -11.0,
    -10.0,
    -11.0,
    -10.0,
    -11.0,
    -10.0,
    -11.0,
    -10.0,
    -11.0,
    -10.0,
    -9.0,
    -9.0,
    -9.0,
    -9.0,
    -9.0,
    -9.0,
    -9.0,
    -9.0,
    -9.0,
    -9.0,
    -9.0,
    -9.0,
    -9.0,
    -9.0,
    -9.0,
    -9.0,
    -9.0,
    -9.0,
    -9.0
  ],
  "final_ascii": [
    "LEGEND:",
    "#: wall",
    "\u2a1a: despairwall",
    "h: oldhope",
    "*: crate",
    ".: background",
    "o: target",
    "x: olddespair",
    "z: altolddespair",
    "p: player",
    "",
    "MAP:",
    "#######\u2a1a\u2a1a\u2a1a\u2a1a\u2a1a\u2a1a\u2a1a\u2a1a\u2a1a\u2a1a\u2a1a",
    "#hh*.#h#o........\u2a1a",
    "#hhh*hh#\u2a1a\u2a1a\u2a1a\u2a1a\u2a1a\u2a1a.#.\u2a1a",
    "#h##.##\u2a1a\u2a1a\u2a1a\u2a1a\u2a1a\u2a1a\u2a1a.#*\u2a1a",
    "#h#.....*.xzx\u2a1a.#.\u2a1a",
    "#h#...\u2a1ax.xz\u2a1az.*h*\u2a1a",
    "\u2a1a##...\u2a1az#z\u2a1a\u2a1ax..#.\u2a1a",
    "\u2a1a...\u2a1a\u2a1azxzxzx\u2a1a*.xz\u2a1a",
    "\u2a1a.*.xzx..zx.*.xzx\u2a1a",
    "\u2a1ax.xz\u2a1a.**pzx\u2a1axzxz\u2a1a",
    "\u2a1a\u2a1a\u2a1a\u2a1a\u2a1a\u2a1a\u2a1a\u2a1a\u2a1a\u2a1a\u2a1a\u2a1a\u2a1a\u2a1a\u2a1a\u2a1a\u2a1a\u2a1a"
  ]
}