{
  "model": "deepseek-r1",
  "game": "limerick",
  "level": 3,
  "run": 1,
  "win": false,
  "action_sequence": [
    3,
    3,
    2,
    2,
    2,
    2,
    2,
    3,
    0,
    3,
    3,
    3,
    0,
    0,
    3,
    4,
    3,
    0,
    3,
    2,
    3,
    3,
    3,
    0,
    0,
    3,
    3,
    0,
    0,
    3,
    0,
    0,
    3,
    0,
    4,
    2,
    2,
    4,
    3,
    3,
    2,
    4,
    4,
    4,
    3,
    3,
    3,
    4,
    3,
    2
  ],
  "reward_sequence": [
    0.9900000095367432,
    0.9900000095367432,
    -3.009999990463257,
    -1.0099999904632568,
    -1.0099999904632568,
    -1.0099999904632568,
    -1.0099999904632568,
    0.9900000095367432,
    0.9900000095367432,
    0.9900000095367432,
    0.9900000095367432,
    0.9900000095367432,
    -2.009999990463257,
    0.9900000095367432,
    0.9900000095367432,
    -0.009999999776482582,
    0.9900000095367432,
    0.9900000095367432,
    0.9900000095367432,
    -1.0099999904632568,
    0.9900000095367432,
    0.9900000095367432,
    0.9900000095367432,
    -1.0099999904632568,
    -1.0099999904632568,
    -0.009999999776482582,
    -0.009999999776482582,
    -4.010000228881836,
    -1.0099999904632568,
    0.9900000095367432,
    -2.009999990463257,
    -1.0099999904632568,
    0.9900000095367432,
    -2.009999990463257,
    -0.009999999776482582,
    -0.009999999776482582,
    -0.009999999776482582,
    -0.009999999776482582,
    -0.009999999776482582,
    -0.009999999776482582,
    -0.009999999776482582,
    -0.009999999776482582,
    -0.009999999776482582,
    -0.009999999776482582,
    -0.009999999776482582,
    -0.009999999776482582,
    -0.009999999776482582,
    -0.009999999776482582,
    -0.009999999776482582,
    -0.009999999776482582
  ],
  "initial_ascii": [
    "LEGEND:",
    "#: wall",
    ".: background",
    "e: exit",
    "\u166a: playerhead2",
    "\u28f1: playerbodyv",
    "",
    "MAP:",
    "###################",
    "#..#...........#..#",
    "#..#.....e.....#..#",
    "#..#....###....#..#",
    "#..#...........#..#",
    "#..#...........#..#",
    "#..#...........#..#",
    "#..#...........#..#",
    "#..#...........#..#",
    "#..#...........#..#",
    "#..#...........#..#",
    "#..#...........#..#",
    "#..#.....\u166a.....#..#",
    "#..#.....\u28f1.....#..#",
    "###################"
  ],
  "state_data": {
    "score": 0,
    "win": false,
    "step": 50
  },
  "heuristics": [
    -10.0,
    -9.0,
    -12.0,
    -13.0,
    -14.0,
    -15.0,
    -16.0,
    -15.0,
    -14.0,
    -13.0,
    -12.0,
    -11.0,
    -13.0,
    -12.0,
    -11.0,
    -11.0,
    -10.0,
    -9.0,
    -8.0,
    -9.0,
    -8.0,
    -7.0,
    -6.0,
    -7.0,
    -8.0,
    -8.0,
    -8.0,
    -12.0,
    -13.0,
    -12.0,
    -14.0,
    -15.0,
    -14.0,
    -16.0,
    -16.0,
    -16.0,
    -16.0,
    -16.0,
    -16.0,
    -16.0,
    -16.0,
    -16.0,
    -16.0,
    -16.0,
    -16.0,
    -16.0,
    -16.0,
    -16.0,
    -16.0,
    -16.0
  ],
  "final_ascii": [
    "LEGEND:",
    "#: wall",
    ".: background",
    "e: exit",
    "\u28f1: playerbodyv",
    "\u2240: playerbodyh",
    "p: playerhead1",
    "",
    "MAP:",
    "###################",
    "#..#...........#..#",
    "#..#.....e.....#..#",
    "#..#....###....#..#",
    "#..#...........#..#",
    "#..#...........#..#",
    "#..#......\u28f1\u2240...#..#",
    "#..#......\u28f1\u28f1...#..#",
    "#..#.....\u28f1\u2240\u28f1...#..#",
    "#..#.....\u28f1\u2240\u28f1\u28f1\u2240.#..#",
    "#..#....\u28f1\u2240\u28f1\u2240\u28f1\u28f1.#..#",
    "#..#....\u28f1\u2240\u28f1\u28f1\u28f1\u28f1.#..#",
    "#..#\u28f1\u2240\u28f1\u2240\u28f1\u28f1\u28f1\u28f1\u2240\u28f1\u2240#..#",
    "#..#p\u28f1\u2240\u28f1\u2240\u28f1\u2240\u2240\u2240\u2240\u28f1#..#",
    "###################"
  ]
}