{
  "model": "deepseek-r1",
  "game": "kettle",
  "level": 0,
  "run": 2,
  "win": false,
  "action_sequence": [
    2,
    2,
    0,
    1,
    0,
    1,
    0,
    2,
    1,
    2,
    3,
    0,
    1,
    3,
    2,
    2,
    2,
    2,
    1,
    1,
    2,
    3,
    1,
    3,
    0,
    3,
    3,
    1,
    3,
    0,
    3,
    2,
    3,
    1,
    0,
    0,
    2,
    3,
    3,
    3,
    2,
    2,
    2,
    2,
    0,
    2,
    3,
    2,
    2,
    0
  ],
  "reward_sequence": [
    1.9900000095367432,
    -0.009999999776482582,
    0.9900000095367432,
    0.9900000095367432,
    -0.009999999776482582,
    -0.009999999776482582,
    -0.009999999776482582,
    -0.009999999776482582,
    -0.009999999776482582,
    -0.009999999776482582,
    -0.009999999776482582,
    -0.009999999776482582,
    -0.009999999776482582,
    -0.009999999776482582,
    -0.009999999776482582,
    -0.009999999776482582,
    -0.009999999776482582,
    -0.009999999776482582,
    -0.009999999776482582,
    -0.009999999776482582,
    -0.009999999776482582,
    -0.009999999776482582,
    -0.009999999776482582,
    -0.009999999776482582,
    -0.009999999776482582,
    -0.009999999776482582,
    -0.009999999776482582,
    -0.009999999776482582,
    -0.009999999776482582,
    -0.009999999776482582,
    -0.009999999776482582,
    -0.009999999776482582,
    -0.009999999776482582,
    -0.009999999776482582,
    -0.009999999776482582,
    -0.009999999776482582,
    -0.009999999776482582,
    -0.009999999776482582,
    -0.009999999776482582,
    -0.009999999776482582,
    -0.009999999776482582,
    -0.009999999776482582,
    -0.009999999776482582,
    -0.009999999776482582,
    -0.009999999776482582,
    -0.009999999776482582,
    -0.009999999776482582,
    -0.009999999776482582,
    -0.009999999776482582,
    -0.009999999776482582
  ],
  "initial_ascii": [
    "LEGEND:",
    "#: wall",
    ".: background",
    "k: dpolice",
    "l: rpolice",
    "c: crate",
    "j: lpolice",
    "t: target",
    "@: target, crate",
    "i: upolice",
    "",
    "MAP:",
    "###############",
    "#.............#",
    "#.............#",
    "#.....kkkk....#",
    "#.....l..cj...#",
    "#.....ltt.j...#",
    "#.....l@t.j...#",
    "#.....lc.cj...#",
    "#.....iiii....#",
    "#.............#",
    "#.............#",
    "#.............#",
    "###############"
  ],
  "state_data": {
    "score": 2,
    "win": false,
    "step": 50
  },
  "heuristics": [
    -5.0,
    -5.0,
    -4.0,
    -3.0,
    -3.0,
    -3.0,
    -3.0,
    -3.0,
    -3.0,
    -3.0,
    -3.0,
    -3.0,
    -3.0,
    -3.0,
    -3.0,
    -3.0,
    -3.0,
    -3.0,
    -3.0,
    -3.0,
    -3.0,
    -3.0,
    -3.0,
    -3.0,
    -3.0,
    -3.0,
    -3.0,
    -3.0,
    -3.0,
    -3.0,
    -3.0,
    -3.0,
    -3.0,
    -3.0,
    -3.0,
    -3.0,
    -3.0,
    -3.0,
    -3.0,
    -3.0,
    -3.0,
    -3.0,
    -3.0,
    -3.0,
    -3.0,
    -3.0,
    -3.0,
    -3.0,
    -3.0,
    -3.0
  ],
  "final_ascii": [
    "LEGEND:",
    "#: wall",
    ".: background",
    "k: dpolice",
    "l: rpolice",
    "j: lpolice",
    "\u10bb: target, rpolice",
    "@: target, crate",
    "i: upolice",
    "c: crate",
    "",
    "MAP:",
    "###############",
    "#.............#",
    "#.............#",
    "#......k.k....#",
    "#......lkj....#",
    "#......\u10bb@j....#",
    "#.....k\u10bb@j....#",
    "#.....ilccj...#",
    "#......iii....#",
    "#.............#",
    "#.............#",
    "#.............#",
    "###############"
  ]
}