{
  "model": "deepseek-r1",
  "game": "sokoban_match3",
  "level": 0,
  "run": 2,
  "win": false,
  "action_sequence": [
    1,
    2,
    2,
    3,
    1,
    1,
    2,
    2,
    3,
    0,
    3,
    1,
    0,
    3,
    3,
    1,
    3,
    1,
    1,
    0,
    0,
    3,
    3,
    2,
    3,
    2,
    2,
    0,
    1,
    3,
    0,
    1,
    1,
    1,
    3,
    0,
    1,
    1,
    3,
    1,
    0,
    3,
    3,
    3,
    2,
    2,
    3,
    1,
    3,
    1
  ],
  "reward_sequence": [
    -0.009999999776482582,
    -0.009999999776482582,
    -0.009999999776482582,
    -0.009999999776482582,
    -0.009999999776482582,
    -0.009999999776482582,
    -0.009999999776482582,
    -0.009999999776482582,
    0.9900000095367432,
    -0.009999999776482582,
    -0.009999999776482582,
    -0.009999999776482582,
    -0.009999999776482582,
    -0.009999999776482582,
    -0.009999999776482582,
    -0.009999999776482582,
    -0.009999999776482582,
    -0.009999999776482582,
    -0.009999999776482582,
    -0.009999999776482582,
    -0.009999999776482582,
    -0.009999999776482582,
    -0.009999999776482582,
    -0.009999999776482582,
    -0.009999999776482582,
    -0.009999999776482582,
    -11.010000228881836,
    -0.009999999776482582,
    -0.009999999776482582,
    -0.009999999776482582,
    -0.009999999776482582,
    -0.009999999776482582,
    -0.009999999776482582,
    -0.009999999776482582,
    -0.009999999776482582,
    -0.009999999776482582,
    -0.009999999776482582,
    -0.009999999776482582,
    -0.009999999776482582,
    -0.009999999776482582,
    -0.009999999776482582,
    0.9900000095367432,
    -1.0099999904632568,
    -0.009999999776482582,
    -0.009999999776482582,
    -0.009999999776482582,
    -0.009999999776482582,
    -0.009999999776482582,
    -0.009999999776482582,
    -0.009999999776482582
  ],
  "initial_ascii": [
    "LEGEND:",
    "#: wall",
    ".: background",
    "*: crate",
    "@: target, crate",
    "o: target",
    "p: player",
    "",
    "MAP:",
    "#########",
    "#.......#",
    "#.*.*.@.#",
    "#.....o.#",
    "#.p.*.*.#",
    "#.......#",
    "#########"
  ],
  "state_data": {
    "score": 0,
    "win": false,
    "step": 50
  },
  "heuristics": [
    -1.0,
    -1.0,
    -1.0,
    -1.0,
    -1.0,
    -1.0,
    -1.0,
    -1.0,
    0.0,
    0.0,
    0.0,
    0.0,
    0.0,
    0.0,
    0.0,
    0.0,
    0.0,
    0.0,
    0.0,
    0.0,
    0.0,
    0.0,
    0.0,
    0.0,
    0.0,
    0.0,
    -11.0,
    -11.0,
    -11.0,
    -11.0,
    -11.0,
    -11.0,
    -11.0,
    -11.0,
    -11.0,
    -11.0,
    -11.0,
    -11.0,
    -11.0,
    -11.0,
    -11.0,
    -10.0,
    -11.0,
    -11.0,
    -11.0,
    -11.0,
    -11.0,
    -11.0,
    -11.0,
    -11.0
  ],
  "final_ascii": [
    "LEGEND:",
    "#: wall",
    "*: crate",
    ".: background",
    "p: player",
    "o: target",
    "",
    "MAP:",
    "#########",
    "#**.....#",
    "#..p..o.#",
    "#.....o.#",
    "#.......#",
    "#.......#",
    "#########"
  ]
}