{
  "model": "deepseek-r1",
  "game": "limerick",
  "level": 3,
  "run": 2,
  "win": false,
  "action_sequence": [
    3,
    2,
    2,
    2,
    4,
    2,
    3,
    3,
    0,
    0,
    3,
    3,
    3,
    0,
    0,
    3,
    3,
    3,
    3,
    3,
    3,
    2,
    2,
    3,
    0,
    3,
    2,
    2,
    3,
    2,
    2,
    0,
    4,
    0,
    3,
    4,
    4,
    3,
    3,
    0,
    4,
    4,
    4,
    0,
    3,
    3,
    3,
    3,
    3,
    3
  ],
  "reward_sequence": [
    0.9900000095367432,
    -2.009999990463257,
    -1.0099999904632568,
    -1.0099999904632568,
    -0.009999999776482582,
    -1.0099999904632568,
    0.9900000095367432,
    0.9900000095367432,
    -0.009999999776482582,
    0.9900000095367432,
    0.9900000095367432,
    0.9900000095367432,
    0.9900000095367432,
    -1.0099999904632568,
    0.9900000095367432,
    0.9900000095367432,
    0.9900000095367432,
    0.9900000095367432,
    -0.009999999776482582,
    -0.009999999776482582,
    -0.009999999776482582,
    -1.0099999904632568,
    -1.0099999904632568,
    0.9900000095367432,
    0.9900000095367432,
    0.9900000095367432,
    -1.0099999904632568,
    -5.010000228881836,
    -0.009999999776482582,
    -1.0099999904632568,
    -4.010000228881836,
    -0.009999999776482582,
    -0.009999999776482582,
    -0.009999999776482582,
    -0.009999999776482582,
    -0.009999999776482582,
    -0.009999999776482582,
    -0.009999999776482582,
    -0.009999999776482582,
    -0.009999999776482582,
    -0.009999999776482582,
    -0.009999999776482582,
    -0.009999999776482582,
    -0.009999999776482582,
    -0.009999999776482582,
    -0.009999999776482582,
    -0.009999999776482582,
    -0.009999999776482582,
    -0.009999999776482582,
    -0.009999999776482582
  ],
  "initial_ascii": [
    "LEGEND:",
    "#: wall",
    ".: background",
    "e: exit",
    "\u14c6: playerhead2",
    "\u00e7: playerbodyv",
    "",
    "MAP:",
    "###################",
    "#..#...........#..#",
    "#..#.....e.....#..#",
    "#..#....###....#..#",
    "#..#...........#..#",
    "#..#...........#..#",
    "#..#...........#..#",
    "#..#...........#..#",
    "#..#...........#..#",
    "#..#...........#..#",
    "#..#...........#..#",
    "#..#...........#..#",
    "#..#.....\u14c6.....#..#",
    "#..#.....\u00e7.....#..#",
    "###################"
  ],
  "state_data": {
    "score": 0,
    "win": false,
    "step": 50
  },
  "heuristics": [
    -10.0,
    -12.0,
    -13.0,
    -14.0,
    -14.0,
    -15.0,
    -14.0,
    -13.0,
    -13.0,
    -12.0,
    -11.0,
    -10.0,
    -9.0,
    -10.0,
    -9.0,
    -8.0,
    -7.0,
    -6.0,
    -6.0,
    -6.0,
    -6.0,
    -7.0,
    -8.0,
    -7.0,
    -6.0,
    -5.0,
    -6.0,
    -11.0,
    -11.0,
    -12.0,
    -16.0,
    -16.0,
    -16.0,
    -16.0,
    -16.0,
    -16.0,
    -16.0,
    -16.0,
    -16.0,
    -16.0,
    -16.0,
    -16.0,
    -16.0,
    -16.0,
    -16.0,
    -16.0,
    -16.0,
    -16.0,
    -16.0,
    -16.0
  ],
  "final_ascii": [
    "LEGEND:",
    "#: wall",
    ".: background",
    "e: exit",
    "\u1d77: playerbodyh",
    "\u00e7: playerbodyv",
    "p: playerhead1",
    "",
    "MAP:",
    "###################",
    "#..#...........#..#",
    "#..#.....e.....#..#",
    "#..#....###....#..#",
    "#..#...........#..#",
    "#..#...........#..#",
    "#..#......\u1d77\u1d77\u00e7..#..#",
    "#..#......\u00e7\u1d77\u00e7..#..#",
    "#..#.....\u1d77\u1d77\u00e7\u00e7..#..#",
    "#..#.....\u00e7\u00e7\u1d77\u00e7..#..#",
    "#..#.....\u00e7\u00e7\u00e7\u1d77\u1d77\u00e7#..#",
    "#..#.....\u00e7\u1d77\u00e7\u00e7\u1d77\u00e7#..#",
    "#..#.....\u1d77\u00e7\u00e7\u1d77\u00e7\u00e7#..#",
    "#..#.....\u00e7\u1d77\u1d77\u1d77\u00e7p#..#",
    "###################"
  ]
}