{
  "model": "deepseek-r1",
  "game": "blocks",
  "level": 0,
  "run": 2,
  "win": false,
  "action_sequence": [
    2,
    3,
    1,
    3,
    1,
    1,
    2,
    1,
    2,
    2,
    2,
    2,
    2,
    2,
    2,
    2,
    3,
    1,
    3,
    1,
    0,
    2,
    3,
    1,
    0,
    2,
    0,
    2,
    3,
    1,
    0,
    2,
    0,
    4,
    4,
    4,
    4,
    4,
    2,
    3,
    0,
    2,
    1,
    3,
    1,
    3,
    1,
    3,
    0,
    2
  ],
  "reward_sequence": [
    1.9900000095367432,
    -0.009999999776482582,
    -0.009999999776482582,
    -0.009999999776482582,
    -0.009999999776482582,
    -1.0099999904632568,
    0.9900000095367432,
    -1.0099999904632568,
    -1.0099999904632568,
    -1.0099999904632568,
    -0.009999999776482582,
    -1.0099999904632568,
    0.9900000095367432,
    -1.0099999904632568,
    0.9900000095367432,
    0.9900000095367432,
    -0.009999999776482582,
    -0.009999999776482582,
    -0.009999999776482582,
    -0.009999999776482582,
    -3.009999990463257,
    2.990000009536743,
    -0.009999999776482582,
    -0.009999999776482582,
    -3.009999990463257,
    2.990000009536743,
    -3.009999990463257,
    2.990000009536743,
    -0.009999999776482582,
    -0.009999999776482582,
    -3.009999990463257,
    2.990000009536743,
    -3.009999990463257,
    -0.009999999776482582,
    -0.009999999776482582,
    -0.009999999776482582,
    -0.009999999776482582,
    -0.009999999776482582,
    2.990000009536743,
    -0.009999999776482582,
    -2.009999990463257,
    1.9900000095367432,
    -0.009999999776482582,
    -0.009999999776482582,
    -0.009999999776482582,
    -0.009999999776482582,
    -0.009999999776482582,
    -0.009999999776482582,
    -2.009999990463257,
    1.9900000095367432
  ],
  "initial_ascii": [
    "LEGEND:",
    "w: wall",
    ".: background",
    "g: goal",
    "p: player",
    "",
    "MAP:",
    "wwwwwwwwwwwww",
    "w..gw...gw.pw",
    "w..ww...ww..w",
    "w..w..w..w..w",
    "w.p...w....gw",
    "ww..wwwwwwwww",
    "w.p........gw",
    "w..w..w.wwwww",
    "w..w.......pw",
    "w.pw..gwwwwww",
    "wwwwwwwwwwwww"
  ],
  "state_data": {
    "score": 1,
    "win": false,
    "step": 50
  },
  "heuristics": [
    -16.0,
    -16.0,
    -16.0,
    -16.0,
    -16.0,
    -17.0,
    -16.0,
    -17.0,
    -18.0,
    -19.0,
    -19.0,
    -20.0,
    -19.0,
    -20.0,
    -19.0,
    -18.0,
    -18.0,
    -18.0,
    -18.0,
    -18.0,
    -21.0,
    -18.0,
    -18.0,
    -18.0,
    -21.0,
    -18.0,
    -21.0,
    -18.0,
    -18.0,
    -18.0,
    -21.0,
    -18.0,
    -21.0,
    -21.0,
    -21.0,
    -21.0,
    -21.0,
    -21.0,
    -18.0,
    -18.0,
    -20.0,
    -18.0,
    -18.0,
    -18.0,
    -18.0,
    -18.0,
    -18.0,
    -18.0,
    -20.0,
    -18.0
  ],
  "final_ascii": [
    "LEGEND:",
    "w: wall",
    ".: background",
    "g: goal",
    "p: player",
    "\u1d77: goal, player",
    "",
    "MAP:",
    "wwwwwwwwwwwww",
    "w..gw...gw..w",
    "w..ww...ww..w",
    "w..w..w..w.pw",
    "w.....w....gw",
    "ww..wwwwwwwww",
    "w..........\u1d77w",
    "w.pw..w.wwwww",
    "w.pw.......pw",
    "w..w..gwwwwww",
    "wwwwwwwwwwwww"
  ]
}