{
  "model": "deepseek-r1",
  "game": "slidings",
  "level": 6,
  "run": 4,
  "win": true,
  "action_sequence": [
    1,
    1,
    3,
    4,
    1,
    4,
    0,
    1,
    3,
    1,
    3,
    4,
    1,
    2,
    1,
    3
  ],
  "reward_sequence": [
    -0.009999999776482582,
    -0.009999999776482582,
    -0.009999999776482582,
    -1.0099999904632568,
    -3.009999990463257,
    1.9900000095367432,
    0.9900000095367432,
    -2.009999990463257,
    1.9900000095367432,
    -2.009999990463257,
    1.9900000095367432,
    0.9900000095367432,
    -0.009999999776482582,
    -1.0099999904632568,
    -4.010000228881836,
    8.989999771118164
  ],
  "initial_ascii": [
    "LEGEND:",
    "#: wall",
    "m: count",
    ".: background",
    "o: target",
    "p: player",
    "a: balla",
    "b: ballb",
    "n: countend",
    "e: ballc, overwall",
    "",
    "MAP:",
    "#mmmmmmm",
    "#.o.#p.m",
    "#...#abn",
    "#......#",
    "#...#..#",
    "#...#..#",
    "#######e"
  ],
  "state_data": {
    "score": 0,
    "win": true,
    "step": 16
  },
  "heuristics": [
    -3.0,
    -3.0,
    -3.0,
    -4.0,
    -7.0,
    -5.0,
    -4.0,
    -6.0,
    -4.0,
    -6.0,
    -4.0,
    -3.0,
    -3.0,
    -4.0,
    -8.0,
    0.0
  ],
  "final_ascii": [
    "LEGEND:",
    "#: wall",
    ".: background",
    "o: target",
    "\u1406: deadplayer",
    "b: ballb",
    "a: balla",
    "e: ballc, overwall",
    "",
    "MAP:",
    "########",
    "#.o.#.\u1406#",
    "#...#b.#",
    "#......#",
    "#...#..#",
    "#...#a.#",
    "#######e"
  ]
}