{
  "model": "deepseek-r1",
  "game": "Travelling_salesman",
  "level": 1,
  "run": 4,
  "win": false,
  "action_sequence": [
    3,
    0,
    0,
    0,
    0,
    1,
    2,
    2,
    1,
    4,
    4,
    2,
    2,
    4,
    4,
    4,
    4,
    4,
    1,
    4,
    4,
    4,
    4,
    4,
    4,
    4,
    4,
    2,
    0,
    0,
    0,
    3,
    4,
    4,
    4,
    4,
    4,
    4,
    2,
    4,
    4,
    3,
    2,
    3,
    0,
    0,
    0,
    0,
    0,
    0
  ],
  "reward_sequence": [
    1.9900000095367432,
    0.9900000095367432,
    -0.009999999776482582,
    -0.009999999776482582,
    -0.009999999776482582,
    0.9900000095367432,
    -0.009999999776482582,
    -0.009999999776482582,
    0.9900000095367432,
    -0.009999999776482582,
    -0.009999999776482582,
    0.9900000095367432,
    0.9900000095367432,
    -0.009999999776482582,
    -0.009999999776482582,
    -0.009999999776482582,
    -0.009999999776482582,
    -0.009999999776482582,
    0.9900000095367432,
    -0.009999999776482582,
    -0.009999999776482582,
    -0.009999999776482582,
    -0.009999999776482582,
    -0.009999999776482582,
    -0.009999999776482582,
    -0.009999999776482582,
    -0.009999999776482582,
    0.9900000095367432,
    -0.009999999776482582,
    -0.009999999776482582,
    -0.009999999776482582,
    0.9900000095367432,
    -0.009999999776482582,
    -0.009999999776482582,
    -0.009999999776482582,
    -0.009999999776482582,
    -0.009999999776482582,
    -0.009999999776482582,
    -0.009999999776482582,
    -0.009999999776482582,
    -0.009999999776482582,
    0.9900000095367432,
    -0.009999999776482582,
    0.9900000095367432,
    0.9900000095367432,
    -0.009999999776482582,
    -0.009999999776482582,
    -0.009999999776482582,
    -0.009999999776482582,
    -0.009999999776482582
  ],
  "initial_ascii": [
    "LEGEND:",
    "o: node",
    "-: hlink",
    "\u12f7: nodeseen, player",
    "|: vlink",
    ".: background",
    "\u1b92: vlinkseen",
    "\u1406: nodeseen",
    "",
    "MAP:",
    "o-\u12f7-o-o",
    "|.\u1b92...|",
    "o.\u1406-o-o",
    "|.|...|",
    "o-o-o-o",
    "|...|.|",
    "o-o-o-o"
  ],
  "state_data": {
    "score": -3,
    "win": false,
    "step": 50
  },
  "heuristics": [
    -14.0,
    -13.0,
    -13.0,
    -13.0,
    -13.0,
    -12.0,
    -12.0,
    -12.0,
    -11.0,
    -11.0,
    -11.0,
    -10.0,
    -9.0,
    -9.0,
    -9.0,
    -9.0,
    -9.0,
    -9.0,
    -8.0,
    -8.0,
    -8.0,
    -8.0,
    -8.0,
    -8.0,
    -8.0,
    -8.0,
    -8.0,
    -7.0,
    -7.0,
    -7.0,
    -7.0,
    -6.0,
    -6.0,
    -6.0,
    -6.0,
    -6.0,
    -6.0,
    -6.0,
    -6.0,
    -6.0,
    -6.0,
    -5.0,
    -5.0,
    -4.0,
    -3.0,
    -3.0,
    -3.0,
    -3.0,
    -3.0,
    -3.0
  ],
  "final_ascii": [
    "LEGEND:",
    "\u1406: nodeseen",
    "\u2592: hlinkseen",
    "-: hlink",
    "\u12f7: nodeseen, player",
    "\u1b92: vlinkseen",
    ".: background",
    "o: node",
    "|: vlink",
    "",
    "MAP:",
    "\u1406\u2592\u1406-\u12f7\u2592\u1406",
    "\u1b92.\u1b92...\u1b92",
    "\u1406.\u1406-o-\u1406",
    "\u1b92.|...\u1b92",
    "\u1406\u2592\u1406\u2592\u1406-\u1406",
    "|...\u1b92.\u1b92",
    "o-o-\u1406\u2592\u1406"
  ]
}