{
  "model": "deepseek-r1",
  "game": "kettle",
  "level": 7,
  "run": 1,
  "win": false,
  "action_sequence": [
    2,
    2,
    0,
    2,
    2,
    0,
    1,
    2,
    3,
    2,
    1,
    2,
    2,
    2,
    2,
    2,
    0,
    2,
    2,
    2,
    2,
    1,
    0,
    0,
    2,
    2,
    1,
    2,
    2,
    2,
    2,
    1,
    2,
    0,
    2,
    2,
    2,
    2,
    2,
    2,
    0,
    1,
    2,
    2,
    1,
    1,
    2,
    2,
    0,
    0
  ],
  "reward_sequence": [
    4.989999771118164,
    -1.0099999904632568,
    4.989999771118164,
    -0.009999999776482582,
    -1.0099999904632568,
    -0.009999999776482582,
    -0.009999999776482582,
    -0.009999999776482582,
    -0.009999999776482582,
    -0.009999999776482582,
    -0.009999999776482582,
    -0.009999999776482582,
    -0.009999999776482582,
    -0.009999999776482582,
    -0.009999999776482582,
    -0.009999999776482582,
    -0.009999999776482582,
    -0.009999999776482582,
    -0.009999999776482582,
    -0.009999999776482582,
    -0.009999999776482582,
    -0.009999999776482582,
    -0.009999999776482582,
    -0.009999999776482582,
    -0.009999999776482582,
    -0.009999999776482582,
    -0.009999999776482582,
    -0.009999999776482582,
    -0.009999999776482582,
    -0.009999999776482582,
    -0.009999999776482582,
    -0.009999999776482582,
    -0.009999999776482582,
    -0.009999999776482582,
    -0.009999999776482582,
    -0.009999999776482582,
    -0.009999999776482582,
    -0.009999999776482582,
    -0.009999999776482582,
    -0.009999999776482582,
    -0.009999999776482582,
    -0.009999999776482582,
    -0.009999999776482582,
    -0.009999999776482582,
    -0.009999999776482582,
    -0.009999999776482582,
    -0.009999999776482582,
    -0.009999999776482582,
    -0.009999999776482582,
    -0.009999999776482582
  ],
  "initial_ascii": [
    "LEGEND:",
    "#: wall",
    ".: background",
    "k: dpolice",
    "l: rpolice",
    "c: crate",
    "j: lpolice",
    "@: target, crate",
    "t: target",
    "i: upolice",
    "",
    "MAP:",
    "###############",
    "#.............#",
    "#..kkkkkkkk...#",
    "#..lccccc..j..#",
    "#..l@@@tt.cj..#",
    "#..lt@t@t.cj..#",
    "#..l@@@tt.cj..#",
    "#..l@@tttccj..#",
    "#..ltt@@t..j..#",
    "#..l.......j..#",
    "#..lc.cc...j..#",
    "#..iiiiiiii...#",
    "###############"
  ],
  "state_data": {
    "score": 13,
    "win": false,
    "step": 50
  },
  "heuristics": [
    -20.0,
    -21.0,
    -16.0,
    -16.0,
    -17.0,
    -17.0,
    -17.0,
    -17.0,
    -17.0,
    -17.0,
    -17.0,
    -17.0,
    -17.0,
    -17.0,
    -17.0,
    -17.0,
    -17.0,
    -17.0,
    -17.0,
    -17.0,
    -17.0,
    -17.0,
    -17.0,
    -17.0,
    -17.0,
    -17.0,
    -17.0,
    -17.0,
    -17.0,
    -17.0,
    -17.0,
    -17.0,
    -17.0,
    -17.0,
    -17.0,
    -17.0,
    -17.0,
    -17.0,
    -17.0,
    -17.0,
    -17.0,
    -17.0,
    -17.0,
    -17.0,
    -17.0,
    -17.0,
    -17.0,
    -17.0,
    -17.0,
    -17.0
  ],
  "final_ascii": [
    "LEGEND:",
    "#: wall",
    ".: background",
    "k: dpolice",
    "l: rpolice",
    "c: crate",
    "j: lpolice",
    "t: target",
    "\u0a13: target, rpolice",
    "@: target, crate",
    "i: upolice",
    "",
    "MAP:",
    "###############",
    "#.............#",
    "#...kkk..kk...#",
    "#...lcckkcj...#",
    "#...t\u0a13@@@cj...#",
    "#...tt\u0a13@@cj...#",
    "#...t\u0a13@@@cj...#",
    "#...t\u0a13@@@cj...#",
    "#...tt\u0a13@@j....#",
    "#..k..lccj....#",
    "#..iiilcccj...#",
    "#.....iiiii...#",
    "###############"
  ]
}