{
  "model": "deepseek-r1",
  "game": "slidings",
  "level": 7,
  "run": 3,
  "win": true,
  "action_sequence": [
    4,
    4,
    3,
    2,
    4,
    3,
    1,
    4,
    1,
    4,
    2,
    2,
    0
  ],
  "reward_sequence": [
    0.9900000095367432,
    -1.0099999904632568,
    -0.009999999776482582,
    -0.009999999776482582,
    -0.009999999776482582,
    0.9900000095367432,
    -1.0099999904632568,
    -0.009999999776482582,
    0.9900000095367432,
    -0.009999999776482582,
    0.9900000095367432,
    -0.009999999776482582,
    1.9900000095367432
  ],
  "initial_ascii": [
    "LEGEND:",
    "#: wall",
    "m: count",
    "n: countend",
    ".: background",
    "c: ballc",
    "p: player",
    "o: target",
    "a: balla",
    "b: ballb",
    "",
    "MAP:",
    "#mmmmmn",
    "#....c#",
    "#p.o..#",
    "#a....#",
    "#.b...#",
    "#######"
  ],
  "state_data": {
    "score": 0,
    "win": true,
    "step": 13
  },
  "heuristics": [
    -2.0,
    -3.0,
    -3.0,
    -3.0,
    -3.0,
    -2.0,
    -3.0,
    -3.0,
    -2.0,
    -2.0,
    -1.0,
    -1.0,
    0.0
  ],
  "final_ascii": [
    "LEGEND:",
    "#: wall",
    ".: background",
    "\u1959: deadplayer",
    "o: target",
    "c: ballc",
    "a: balla",
    "b: ballb",
    "",
    "MAP:",
    "#######",
    "#.....#",
    "#\u1959.o.c#",
    "#....a#",
    "#.b...#",
    "#######"
  ]
}